source,source_note,frozen_axis_id,cancer,axis_display_label,compound_representative_name,target_gene_symbol,tf_gene_symbol,hit_type,drug_name,median_response_value_lower_is_more_sensitive,unweighted_sensitivity_score,weighted_support_score,n_rows,n_cell_lines,matched_target_annotation
CTRP,CTRPv2 complete matrix output; lower response values interpreted as higher sensitivity,COAD_AXIS_034,COAD,Quercetin | CDK1/MYB,Quercetin,CDK1,MYB,target_class,Dinaciclib,5.33015688680595,0.9972426470588235,0.8476562499999999,48,48,CDK1:|:CDK2:|:CDK5:|:CDK9
CTRP,CTRPv2 complete matrix output; lower response values interpreted as higher sensitivity,COAD_AXIS_034,COAD,Quercetin | CDK1/MYB,Quercetin,CDK1,MYB,target_class,Alvocidib,7.979519400799754,0.9678308823529411,0.82265625,48,48,CDK:|:CDK1:|:CDK2:|:CDK4:|:CDK5:|:CDK6:|:CDK7:|:CDK8:|:CDK9:|:EGFR:|:PYGM
CTRP,CTRPv2 complete matrix output; lower response values interpreted as higher sensitivity,COAD_AXIS_034,COAD,Quercetin | CDK1/MYB,Quercetin,CDK1,MYB,target_class,PHA-793887,11.983,0.7527573529411764,0.6398437499999999,48,48,CDK1:|:CDK2:|:CDK4:|:CDK5:|:CDK7:|:CDK9
CTRP,CTRPv2 complete matrix output; lower response values interpreted as higher sensitivity,COAD_AXIS_034,COAD,Quercetin | CDK1/MYB,Quercetin,CDK1,MYB,target_class,PF-573228,12.76614472444775,0.6387867647058824,0.54296875,48,48,CDK1:|:CDK2:|:CDK7:|:GSK3B:|:IKBKB:|:PTK2
CTRP,CTRPv2 complete matrix output; lower response values interpreted as higher sensitivity,COAD_AXIS_034,COAD,Quercetin | CDK1/MYB,Quercetin,CDK1,MYB,target_class,N9-Isopropyl-olomoucine,12.955,0.6130514705882353,0.52109375,48,48,CCNB1:|:CDK1:|:CDK5:|:CDK5R1
CTRP,CTRPv2 complete matrix output; lower response values interpreted as higher sensitivity,COAD_AXIS_034,COAD,Quercetin | CDK1/MYB,Quercetin,CDK1,MYB,target_class,CHIR-99021,14.1795,0.3943014705882353,0.33515625,48,48,CDK1:|:GSK3A:|:GSK3B:|:MAPK1
CTRP,CTRPv2 complete matrix output; lower response values interpreted as higher sensitivity,COAD_AXIS_037,COAD,Stepholidine | DRD1/HR,Stepholidine,DRD1,HR,target_class,Prochlorperazine,13.440995080435751,0.5431985294117647,0.46171875,48,48,DRD1:|:DRD2:|:DRD3:|:DRD4
CTRP,CTRPv2 complete matrix output; lower response values interpreted as higher sensitivity,COAD_AXIS_029,COAD,Physovenine | ACHE/TBP,Physovenine,ACHE,TBP,target_class,PRIMA-1,12.79299479543715,0.6369485294117647,0.54140625,48,48,ACHE:|:TP53
CTRP,CTRPv2 complete matrix output; lower response values interpreted as higher sensitivity,COAD_AXIS_001,COAD,Physovenine | ACHE/TFAP2A,Physovenine,ACHE,TFAP2A,target_class,PRIMA-1,12.79299479543715,0.6369485294117647,0.54140625,48,48,ACHE:|:TP53
CTRP,CTRPv2 complete matrix output; lower response values interpreted as higher sensitivity,COAD_AXIS_050,COAD,Isocorypalmine | DRD1/HR,Isocorypalmine,DRD1,HR,target_class,Prochlorperazine,13.440995080435751,0.5431985294117647,0.46171875,48,48,DRD1:|:DRD2:|:DRD3:|:DRD4
CTRP,CTRPv2 complete matrix output; lower response values interpreted as higher sensitivity,COAD_AXIS_043,COAD,Quercetin | ACHE/TBP,Quercetin,ACHE,TBP,target_class,PRIMA-1,12.79299479543715,0.6369485294117647,0.54140625,48,48,ACHE:|:TP53
CTRP,CTRPv2 complete matrix output; lower response values interpreted as higher sensitivity,COAD_AXIS_049,COAD,Tanshinone iia | ACHE/TBP,Tanshinone iia,ACHE,TBP,target_class,PRIMA-1,12.79299479543715,0.6369485294117647,0.54140625,48,48,ACHE:|:TP53
CTRP,CTRPv2 complete matrix output; lower response values interpreted as higher sensitivity,COAD_AXIS_016,COAD,Stepholidine | DRD1/TFAP2A,Stepholidine,DRD1,TFAP2A,target_class,Prochlorperazine,13.440995080435751,0.5431985294117647,0.46171875,48,48,DRD1:|:DRD2:|:DRD3:|:DRD4
CTRP,CTRPv2 complete matrix output; lower response values interpreted as higher sensitivity,COAD_AXIS_011,COAD,Physovenine | ACHE/HR,Physovenine,ACHE,HR,target_class,PRIMA-1,12.79299479543715,0.6369485294117647,0.54140625,48,48,ACHE:|:TP53
CTRP,CTRPv2 complete matrix output; lower response values interpreted as higher sensitivity,COAD_AXIS_064,COAD,"methyl (E)-2-[(2S,3Z,12bS)-3-ethylidene-2,4,6,7,12,12b-hexahydro-1H-indolo[3,2-h]quinolizin-2-yl]-3-methoxyprop-2-enoate | ACHE/TBP","methyl (E)-2-[(2S,3Z,12bS)-3-ethylidene-2,4,6,7,12,12b-hexahydro-1H-indolo[3,2-h]quinolizin-2-yl]-3-methoxyprop-2-enoate",ACHE,TBP,target_class,PRIMA-1,12.79299479543715,0.6369485294117647,0.54140625,48,48,ACHE:|:TP53
CTRP,CTRPv2 complete matrix output; lower response values interpreted as higher sensitivity,COAD_AXIS_061,COAD,Angustidine | ACHE/TBP,Angustidine,ACHE,TBP,target_class,PRIMA-1,12.79299479543715,0.6369485294117647,0.54140625,48,48,ACHE:|:TP53
CTRP,CTRPv2 complete matrix output; lower response values interpreted as higher sensitivity,COAD_AXIS_065,COAD,Kaempferol | ACHE/TBP,Kaempferol,ACHE,TBP,target_class,PRIMA-1,12.79299479543715,0.6369485294117647,0.54140625,48,48,ACHE:|:TP53
CTRP,CTRPv2 complete matrix output; lower response values interpreted as higher sensitivity,COAD_AXIS_060,COAD,Marmesinin | ACHE/TBP,Marmesinin,ACHE,TBP,target_class,PRIMA-1,12.79299479543715,0.6369485294117647,0.54140625,48,48,ACHE:|:TP53
CTRP,CTRPv2 complete matrix output; lower response values interpreted as higher sensitivity,COAD_AXIS_063,COAD,Decursin | ACHE/TBP,Decursin,ACHE,TBP,target_class,PRIMA-1,12.79299479543715,0.6369485294117647,0.54140625,48,48,ACHE:|:TP53
CTRP,CTRPv2 complete matrix output; lower response values interpreted as higher sensitivity,COAD_AXIS_062,COAD,Corydalmine | ACHE/TBP,Corydalmine,ACHE,TBP,target_class,PRIMA-1,12.79299479543715,0.6369485294117647,0.54140625,48,48,ACHE:|:TP53
CTRP,CTRPv2 complete matrix output; lower response values interpreted as higher sensitivity,COAD_AXIS_003,COAD,Quercetin | ACHE/TFAP2A,Quercetin,ACHE,TFAP2A,target_class,PRIMA-1,12.79299479543715,0.6369485294117647,0.54140625,48,48,ACHE:|:TP53
CTRP,CTRPv2 complete matrix output; lower response values interpreted as higher sensitivity,COAD_AXIS_071,COAD,Dihydrosanguinarine | ACHE/TBP,Dihydrosanguinarine,ACHE,TBP,target_class,PRIMA-1,12.79299479543715,0.6369485294117647,0.54140625,48,48,ACHE:|:TP53
CTRP,CTRPv2 complete matrix output; lower response values interpreted as higher sensitivity,COAD_AXIS_070,COAD,Pectolinarigenin | ACHE/TBP,Pectolinarigenin,ACHE,TBP,target_class,PRIMA-1,12.79299479543715,0.6369485294117647,0.54140625,48,48,ACHE:|:TP53
CTRP,CTRPv2 complete matrix output; lower response values interpreted as higher sensitivity,COAD_AXIS_072,COAD,Deltoin | ACHE/TBP,Deltoin,ACHE,TBP,target_class,PRIMA-1,12.79299479543715,0.6369485294117647,0.54140625,48,48,ACHE:|:TP53
CTRP,CTRPv2 complete matrix output; lower response values interpreted as higher sensitivity,COAD_AXIS_018,COAD,Physovenine | ACHE/MYC,Physovenine,ACHE,MYC,target_class,PRIMA-1,12.79299479543715,0.6369485294117647,0.54140625,48,48,ACHE:|:TP53
CTRP,CTRPv2 complete matrix output; lower response values interpreted as higher sensitivity,COAD_AXIS_004,COAD,Tanshinone iia | ACHE/TFAP2A,Tanshinone iia,ACHE,TFAP2A,target_class,PRIMA-1,12.79299479543715,0.6369485294117647,0.54140625,48,48,ACHE:|:TP53
CTRP,CTRPv2 complete matrix output; lower response values interpreted as higher sensitivity,COAD_AXIS_021,COAD,Isocorypalmine | DRD1/TFAP2A,Isocorypalmine,DRD1,TFAP2A,target_class,Prochlorperazine,13.440995080435751,0.5431985294117647,0.46171875,48,48,DRD1:|:DRD2:|:DRD3:|:DRD4
CTRP,CTRPv2 complete matrix output; lower response values interpreted as higher sensitivity,COAD_AXIS_073,COAD,Artemisinin | CYP2B6/FOXM1,Artemisinin,CYP2B6,FOXM1,target_class,Cyclophosphamide,14.89434552971915,0.109375,0.09296875,48,48,Alkylating agent:|:CYP2A6:|:CYP2B6:|:CYP2C18:|:CYP2C19:|:CYP2C8:|:CYP2C9:|:CYP2D6:|:CYP3A4:|:CYP3A5:|:CYP3A7
CTRP,CTRPv2 complete matrix output; lower response values interpreted as higher sensitivity,COAD_AXIS_073,COAD,Artemisinin | CYP2B6/FOXM1,Artemisinin,CYP2B6,FOXM1,target_class,Ifosfamide,14.975999999999999,0.08180147058823528,0.06953124999999999,48,48,CYP2A6:|:CYP2B6:|:CYP2C18:|:CYP2C19:|:CYP2C8:|:CYP2C9:|:CYP3A4:|:CYP3A5:|:CYP3A7:|:PTGS1
CTRP,CTRPv2 complete matrix output; lower response values interpreted as higher sensitivity,COAD_AXIS_006,COAD,"methyl (E)-2-[(2S,3Z,12bS)-3-ethylidene-2,4,6,7,12,12b-hexahydro-1H-indolo[3,2-h]quinolizin-2-yl]-3-methoxyprop-2-enoate | ACHE/TFAP2A","methyl (E)-2-[(2S,3Z,12bS)-3-ethylidene-2,4,6,7,12,12b-hexahydro-1H-indolo[3,2-h]quinolizin-2-yl]-3-methoxyprop-2-enoate",ACHE,TFAP2A,target_class,PRIMA-1,12.79299479543715,0.6369485294117647,0.54140625,48,48,ACHE:|:TP53
CTRP,CTRPv2 complete matrix output; lower response values interpreted as higher sensitivity,COAD_AXIS_010,COAD,Kaempferol | ACHE/TFAP2A,Kaempferol,ACHE,TFAP2A,target_class,PRIMA-1,12.79299479543715,0.6369485294117647,0.54140625,48,48,ACHE:|:TP53
CTRP,CTRPv2 complete matrix output; lower response values interpreted as higher sensitivity,COAD_AXIS_009,COAD,Angustidine | ACHE/TFAP2A,Angustidine,ACHE,TFAP2A,target_class,PRIMA-1,12.79299479543715,0.6369485294117647,0.54140625,48,48,ACHE:|:TP53
CTRP,CTRPv2 complete matrix output; lower response values interpreted as higher sensitivity,COAD_AXIS_007,COAD,Marmesinin | ACHE/TFAP2A,Marmesinin,ACHE,TFAP2A,target_class,PRIMA-1,12.79299479543715,0.6369485294117647,0.54140625,48,48,ACHE:|:TP53
CTRP,CTRPv2 complete matrix output; lower response values interpreted as higher sensitivity,COAD_AXIS_005,COAD,Decursin | ACHE/TFAP2A,Decursin,ACHE,TFAP2A,target_class,PRIMA-1,12.79299479543715,0.6369485294117647,0.54140625,48,48,ACHE:|:TP53
CTRP,CTRPv2 complete matrix output; lower response values interpreted as higher sensitivity,COAD_AXIS_008,COAD,Corydalmine | ACHE/TFAP2A,Corydalmine,ACHE,TFAP2A,target_class,PRIMA-1,12.79299479543715,0.6369485294117647,0.54140625,48,48,ACHE:|:TP53
CTRP,CTRPv2 complete matrix output; lower response values interpreted as higher sensitivity,COAD_AXIS_013,COAD,Deltoin | ACHE/TFAP2A,Deltoin,ACHE,TFAP2A,target_class,PRIMA-1,12.79299479543715,0.6369485294117647,0.54140625,48,48,ACHE:|:TP53
CTRP,CTRPv2 complete matrix output; lower response values interpreted as higher sensitivity,COAD_AXIS_014,COAD,Pectolinarigenin | ACHE/TFAP2A,Pectolinarigenin,ACHE,TFAP2A,target_class,PRIMA-1,12.79299479543715,0.6369485294117647,0.54140625,48,48,ACHE:|:TP53
CTRP,CTRPv2 complete matrix output; lower response values interpreted as higher sensitivity,COAD_AXIS_012,COAD,Dihydrosanguinarine | ACHE/TFAP2A,Dihydrosanguinarine,ACHE,TFAP2A,target_class,PRIMA-1,12.79299479543715,0.6369485294117647,0.54140625,48,48,ACHE:|:TP53
CTRP,CTRPv2 complete matrix output; lower response values interpreted as higher sensitivity,COAD_AXIS_019,COAD,Quercetin | ACHE/HR,Quercetin,ACHE,HR,target_class,PRIMA-1,12.79299479543715,0.6369485294117647,0.54140625,48,48,ACHE:|:TP53
CTRP,CTRPv2 complete matrix output; lower response values interpreted as higher sensitivity,COAD_AXIS_040,COAD,Tetrahydropalmatine | DRD1/TFAP2A,Tetrahydropalmatine,DRD1,TFAP2A,target_class,Prochlorperazine,13.440995080435751,0.5431985294117647,0.46171875,48,48,DRD1:|:DRD2:|:DRD3:|:DRD4
CTRP,CTRPv2 complete matrix output; lower response values interpreted as higher sensitivity,COAD_AXIS_036,COAD,Quercetin | ACHE/MYC,Quercetin,ACHE,MYC,target_class,PRIMA-1,12.79299479543715,0.6369485294117647,0.54140625,48,48,ACHE:|:TP53
CTRP,CTRPv2 complete matrix output; lower response values interpreted as higher sensitivity,COAD_AXIS_020,COAD,Tanshinone iia | ACHE/HR,Tanshinone iia,ACHE,HR,target_class,PRIMA-1,12.79299479543715,0.6369485294117647,0.54140625,48,48,ACHE:|:TP53
CTRP,CTRPv2 complete matrix output; lower response values interpreted as higher sensitivity,COAD_AXIS_044,COAD,(S)-Canadine | DRD1/TFAP2A,(S)-Canadine,DRD1,TFAP2A,target_class,Prochlorperazine,13.440995080435751,0.5431985294117647,0.46171875,48,48,DRD1:|:DRD2:|:DRD3:|:DRD4
CTRP,CTRPv2 complete matrix output; lower response values interpreted as higher sensitivity,COAD_AXIS_026,COAD,Decursin | ACHE/HR,Decursin,ACHE,HR,target_class,PRIMA-1,12.79299479543715,0.6369485294117647,0.54140625,48,48,ACHE:|:TP53
CTRP,CTRPv2 complete matrix output; lower response values interpreted as higher sensitivity,COAD_AXIS_025,COAD,Angustidine | ACHE/HR,Angustidine,ACHE,HR,target_class,PRIMA-1,12.79299479543715,0.6369485294117647,0.54140625,48,48,ACHE:|:TP53
CTRP,CTRPv2 complete matrix output; lower response values interpreted as higher sensitivity,COAD_AXIS_023,COAD,Corydalmine | ACHE/HR,Corydalmine,ACHE,HR,target_class,PRIMA-1,12.79299479543715,0.6369485294117647,0.54140625,48,48,ACHE:|:TP53
CTRP,CTRPv2 complete matrix output; lower response values interpreted as higher sensitivity,COAD_AXIS_024,COAD,"methyl (E)-2-[(2S,3Z,12bS)-3-ethylidene-2,4,6,7,12,12b-hexahydro-1H-indolo[3,2-h]quinolizin-2-yl]-3-methoxyprop-2-enoate | ACHE/HR","methyl (E)-2-[(2S,3Z,12bS)-3-ethylidene-2,4,6,7,12,12b-hexahydro-1H-indolo[3,2-h]quinolizin-2-yl]-3-methoxyprop-2-enoate",ACHE,HR,target_class,PRIMA-1,12.79299479543715,0.6369485294117647,0.54140625,48,48,ACHE:|:TP53
CTRP,CTRPv2 complete matrix output; lower response values interpreted as higher sensitivity,COAD_AXIS_028,COAD,Kaempferol | ACHE/HR,Kaempferol,ACHE,HR,target_class,PRIMA-1,12.79299479543715,0.6369485294117647,0.54140625,48,48,ACHE:|:TP53
CTRP,CTRPv2 complete matrix output; lower response values interpreted as higher sensitivity,COAD_AXIS_027,COAD,Marmesinin | ACHE/HR,Marmesinin,ACHE,HR,target_class,PRIMA-1,12.79299479543715,0.6369485294117647,0.54140625,48,48,ACHE:|:TP53
CTRP,CTRPv2 complete matrix output; lower response values interpreted as higher sensitivity,COAD_AXIS_035,COAD,Physostigmine | ACHE/TFAP2A,Physostigmine,ACHE,TFAP2A,target_class,PRIMA-1,12.79299479543715,0.6369485294117647,0.54140625,48,48,ACHE:|:TP53
CTRP,CTRPv2 complete matrix output; lower response values interpreted as higher sensitivity,COAD_AXIS_030,COAD,Physostigmine | ACHE/HR,Physostigmine,ACHE,HR,target_class,PRIMA-1,12.79299479543715,0.6369485294117647,0.54140625,48,48,ACHE:|:TP53
CTRP,CTRPv2 complete matrix output; lower response values interpreted as higher sensitivity,COAD_AXIS_031,COAD,Deltoin | ACHE/HR,Deltoin,ACHE,HR,target_class,PRIMA-1,12.79299479543715,0.6369485294117647,0.54140625,48,48,ACHE:|:TP53
CTRP,CTRPv2 complete matrix output; lower response values interpreted as higher sensitivity,COAD_AXIS_033,COAD,Dihydrosanguinarine | ACHE/HR,Dihydrosanguinarine,ACHE,HR,target_class,PRIMA-1,12.79299479543715,0.6369485294117647,0.54140625,48,48,ACHE:|:TP53
CTRP,CTRPv2 complete matrix output; lower response values interpreted as higher sensitivity,COAD_AXIS_032,COAD,Pectolinarigenin | ACHE/HR,Pectolinarigenin,ACHE,HR,target_class,PRIMA-1,12.79299479543715,0.6369485294117647,0.54140625,48,48,ACHE:|:TP53
CTRP,CTRPv2 complete matrix output; lower response values interpreted as higher sensitivity,COAD_AXIS_048,COAD,Tanshinone iia | ACHE/MYC,Tanshinone iia,ACHE,MYC,target_class,PRIMA-1,12.79299479543715,0.6369485294117647,0.54140625,48,48,ACHE:|:TP53
CTRP,CTRPv2 complete matrix output; lower response values interpreted as higher sensitivity,COAD_AXIS_051,COAD,(S)-Scoulerine | DRD1/TFAP2A,(S)-Scoulerine,DRD1,TFAP2A,target_class,Prochlorperazine,13.440995080435751,0.5431985294117647,0.46171875,48,48,DRD1:|:DRD2:|:DRD3:|:DRD4
CTRP,CTRPv2 complete matrix output; lower response values interpreted as higher sensitivity,COAD_AXIS_053,COAD,Decursin | ACHE/MYC,Decursin,ACHE,MYC,target_class,PRIMA-1,12.79299479543715,0.6369485294117647,0.54140625,48,48,ACHE:|:TP53
CTRP,CTRPv2 complete matrix output; lower response values interpreted as higher sensitivity,COAD_AXIS_066,COAD,"(13aS)-2,3,10-trimethoxy-6,8,13,13a-tetrahydro-5H-isoquinolino[2,1-b]isoquinolin-9-ol | DRD1/TFAP2A","(13aS)-2,3,10-trimethoxy-6,8,13,13a-tetrahydro-5H-isoquinolino[2,1-b]isoquinolin-9-ol",DRD1,TFAP2A,target_class,Prochlorperazine,13.440995080435751,0.5431985294117647,0.46171875,48,48,DRD1:|:DRD2:|:DRD3:|:DRD4
CTRP,CTRPv2 complete matrix output; lower response values interpreted as higher sensitivity,COAD_AXIS_057,COAD,Corydalmine | ACHE/MYC,Corydalmine,ACHE,MYC,target_class,PRIMA-1,12.79299479543715,0.6369485294117647,0.54140625,48,48,ACHE:|:TP53
CTRP,CTRPv2 complete matrix output; lower response values interpreted as higher sensitivity,COAD_AXIS_055,COAD,Angustidine | ACHE/MYC,Angustidine,ACHE,MYC,target_class,PRIMA-1,12.79299479543715,0.6369485294117647,0.54140625,48,48,ACHE:|:TP53
CTRP,CTRPv2 complete matrix output; lower response values interpreted as higher sensitivity,COAD_AXIS_052,COAD,Marmesinin | ACHE/MYC,Marmesinin,ACHE,MYC,target_class,PRIMA-1,12.79299479543715,0.6369485294117647,0.54140625,48,48,ACHE:|:TP53
CTRP,CTRPv2 complete matrix output; lower response values interpreted as higher sensitivity,COAD_AXIS_056,COAD,Kaempferol | ACHE/MYC,Kaempferol,ACHE,MYC,target_class,PRIMA-1,12.79299479543715,0.6369485294117647,0.54140625,48,48,ACHE:|:TP53
CTRP,CTRPv2 complete matrix output; lower response values interpreted as higher sensitivity,COAD_AXIS_054,COAD,"methyl (E)-2-[(2S,3Z,12bS)-3-ethylidene-2,4,6,7,12,12b-hexahydro-1H-indolo[3,2-h]quinolizin-2-yl]-3-methoxyprop-2-enoate | ACHE/MYC","methyl (E)-2-[(2S,3Z,12bS)-3-ethylidene-2,4,6,7,12,12b-hexahydro-1H-indolo[3,2-h]quinolizin-2-yl]-3-methoxyprop-2-enoate",ACHE,MYC,target_class,PRIMA-1,12.79299479543715,0.6369485294117647,0.54140625,48,48,ACHE:|:TP53
CTRP,CTRPv2 complete matrix output; lower response values interpreted as higher sensitivity,COAD_AXIS_069,COAD,Pectolinarigenin | ACHE/MYC,Pectolinarigenin,ACHE,MYC,target_class,PRIMA-1,12.79299479543715,0.6369485294117647,0.54140625,48,48,ACHE:|:TP53
CTRP,CTRPv2 complete matrix output; lower response values interpreted as higher sensitivity,COAD_AXIS_067,COAD,Deltoin | ACHE/MYC,Deltoin,ACHE,MYC,target_class,PRIMA-1,12.79299479543715,0.6369485294117647,0.54140625,48,48,ACHE:|:TP53
CTRP,CTRPv2 complete matrix output; lower response values interpreted as higher sensitivity,COAD_AXIS_045,COAD,2-epigalanthamine | ACHE/TFAP2A,2-epigalanthamine,ACHE,TFAP2A,target_class,PRIMA-1,12.79299479543715,0.6369485294117647,0.54140625,48,48,ACHE:|:TP53
CTRP,CTRPv2 complete matrix output; lower response values interpreted as higher sensitivity,COAD_AXIS_041,COAD,2-epigalanthamine | ACHE/HR,2-epigalanthamine,ACHE,HR,target_class,PRIMA-1,12.79299479543715,0.6369485294117647,0.54140625,48,48,ACHE:|:TP53
CTRP,CTRPv2 complete matrix output; lower response values interpreted as higher sensitivity,COAD_AXIS_068,COAD,Dihydrosanguinarine | ACHE/MYC,Dihydrosanguinarine,ACHE,MYC,target_class,PRIMA-1,12.79299479543715,0.6369485294117647,0.54140625,48,48,ACHE:|:TP53
CTRP,CTRPv2 complete matrix output; lower response values interpreted as higher sensitivity,COAD_AXIS_046,COAD,(-)-huperzine a | ACHE/TFAP2A,(-)-huperzine a,ACHE,TFAP2A,target_class,PRIMA-1,12.79299479543715,0.6369485294117647,0.54140625,48,48,ACHE:|:TP53
CTRP,CTRPv2 complete matrix output; lower response values interpreted as higher sensitivity,COAD_AXIS_042,COAD,(-)-huperzine a | ACHE/HR,(-)-huperzine a,ACHE,HR,target_class,PRIMA-1,12.79299479543715,0.6369485294117647,0.54140625,48,48,ACHE:|:TP53
CTRP,CTRPv2 complete matrix output; lower response values interpreted as higher sensitivity,COAD_AXIS_058,COAD,Physovenine | ACHE/JUN,Physovenine,ACHE,JUN,target_class,PRIMA-1,12.79299479543715,0.6369485294117647,0.54140625,48,48,ACHE:|:TP53
CTRP,CTRPv2 complete matrix output; lower response values interpreted as higher sensitivity,COAD_AXIS_015,COAD,Quercetin | CDK1/KLF5,Quercetin,CDK1,KLF5,target_class,Dinaciclib,5.33015688680595,0.9972426470588235,0.8476562499999999,48,48,CDK1:|:CDK2:|:CDK5:|:CDK9
CTRP,CTRPv2 complete matrix output; lower response values interpreted as higher sensitivity,COAD_AXIS_015,COAD,Quercetin | CDK1/KLF5,Quercetin,CDK1,KLF5,target_class,Alvocidib,7.979519400799754,0.9678308823529411,0.82265625,48,48,CDK:|:CDK1:|:CDK2:|:CDK4:|:CDK5:|:CDK6:|:CDK7:|:CDK8:|:CDK9:|:EGFR:|:PYGM
CTRP,CTRPv2 complete matrix output; lower response values interpreted as higher sensitivity,COAD_AXIS_015,COAD,Quercetin | CDK1/KLF5,Quercetin,CDK1,KLF5,target_class,PHA-793887,11.983,0.7527573529411764,0.6398437499999999,48,48,CDK1:|:CDK2:|:CDK4:|:CDK5:|:CDK7:|:CDK9
CTRP,CTRPv2 complete matrix output; lower response values interpreted as higher sensitivity,COAD_AXIS_015,COAD,Quercetin | CDK1/KLF5,Quercetin,CDK1,KLF5,target_class,PF-573228,12.76614472444775,0.6387867647058824,0.54296875,48,48,CDK1:|:CDK2:|:CDK7:|:GSK3B:|:IKBKB:|:PTK2
CTRP,CTRPv2 complete matrix output; lower response values interpreted as higher sensitivity,COAD_AXIS_015,COAD,Quercetin | CDK1/KLF5,Quercetin,CDK1,KLF5,target_class,N9-Isopropyl-olomoucine,12.955,0.6130514705882353,0.52109375,48,48,CCNB1:|:CDK1:|:CDK5:|:CDK5R1
CTRP,CTRPv2 complete matrix output; lower response values interpreted as higher sensitivity,COAD_AXIS_015,COAD,Quercetin | CDK1/KLF5,Quercetin,CDK1,KLF5,target_class,CHIR-99021,14.1795,0.3943014705882353,0.33515625,48,48,CDK1:|:GSK3A:|:GSK3B:|:MAPK1
CTRP,CTRPv2 complete matrix output; lower response values interpreted as higher sensitivity,COAD_AXIS_015,COAD,Quercetin | CDK1/KLF5,Quercetin,CDK1,KLF5,tf_or_regulator_class,CID-5951923,15.0,0.05514705882352944,0.035845588235294136,48,48,KLF5
CTRP,CTRPv2 complete matrix output; lower response values interpreted as higher sensitivity,COAD_AXIS_092,COAD,Physostigmine | ACHE/MYC,Physostigmine,ACHE,MYC,target_class,PRIMA-1,12.79299479543715,0.6369485294117647,0.54140625,48,48,ACHE:|:TP53
CTRP,CTRPv2 complete matrix output; lower response values interpreted as higher sensitivity,COAD_AXIS_093,COAD,Physovenine | ACHE/TP53,Physovenine,ACHE,TP53,target_class,PRIMA-1,12.79299479543715,0.6369485294117647,0.54140625,48,48,ACHE:|:TP53
CTRP,CTRPv2 complete matrix output; lower response values interpreted as higher sensitivity,COAD_AXIS_093,COAD,Physovenine | ACHE/TP53,Physovenine,ACHE,TP53,tf_or_regulator_class,SCH-529074,12.584380078598251,0.6792279411764706,0.44149816176470585,48,48,TP53
CTRP,CTRPv2 complete matrix output; lower response values interpreted as higher sensitivity,COAD_AXIS_093,COAD,Physovenine | ACHE/TP53,Physovenine,ACHE,TP53,tf_or_regulator_class,PRIMA-1,12.79299479543715,0.6369485294117647,0.4140165441176471,48,48,ACHE:|:TP53
CTRP,CTRPv2 complete matrix output; lower response values interpreted as higher sensitivity,COAD_AXIS_093,COAD,Physovenine | ACHE/TP53,Physovenine,ACHE,TP53,tf_or_regulator_class,RITA,13.150500000000001,0.5799632352941176,0.3769761029411765,48,48,MDM2:|:TP53
CTRP,CTRPv2 complete matrix output; lower response values interpreted as higher sensitivity,COAD_AXIS_093,COAD,Physovenine | ACHE/TP53,Physovenine,ACHE,TP53,tf_or_regulator_class,Nutlin-3,13.4402120463293,0.5450367647058824,0.35427389705882356,48,48,MDM2:|:TP53
CTRP,CTRPv2 complete matrix output; lower response values interpreted as higher sensitivity,COAD_AXIS_093,COAD,Physovenine | ACHE/TP53,Physovenine,ACHE,TP53,tf_or_regulator_class,NSC19630,14.064336687086751,0.42371323529411764,0.27541360294117645,48,48,TP53:|:WRN
CTRP,CTRPv2 complete matrix output; lower response values interpreted as higher sensitivity,COAD_AXIS_093,COAD,Physovenine | ACHE/TP53,Physovenine,ACHE,TP53,tf_or_regulator_class,Pifithrin,14.347,0.3446691176470589,0.22403492647058829,48,48,TP53
CTRP,CTRPv2 complete matrix output; lower response values interpreted as higher sensitivity,COAD_AXIS_093,COAD,Physovenine | ACHE/TP53,Physovenine,ACHE,TP53,tf_or_regulator_class,Pifithrin-mu,14.472999999999999,0.3005514705882353,0.19535845588235293,48,48,HSPA1A:|:HSPA1B:|:HSPA1L:|:TP53
CTRP,CTRPv2 complete matrix output; lower response values interpreted as higher sensitivity,COAD_AXIS_093,COAD,Physovenine | ACHE/TP53,Physovenine,ACHE,TP53,tf_or_regulator_class,PRIMA-1-Met,14.585486964915098,0.2619485294117647,0.17026654411764708,48,48,TP53:|:TP53 activation
CTRP,CTRPv2 complete matrix output; lower response values interpreted as higher sensitivity,COAD_AXIS_093,COAD,Physovenine | ACHE/TP53,Physovenine,ACHE,TP53,tf_or_regulator_class,SJ-172550,15.0,0.05514705882352944,0.035845588235294136,48,48,MDM2:|:MDM4:|:TP53
CTRP,CTRPv2 complete matrix output; lower response values interpreted as higher sensitivity,COAD_AXIS_085,COAD,Berberine chloride | ACHE/TFAP2A,Berberine chloride,ACHE,TFAP2A,target_class,PRIMA-1,12.79299479543715,0.6369485294117647,0.54140625,48,48,ACHE:|:TP53
CTRP,CTRPv2 complete matrix output; lower response values interpreted as higher sensitivity,COAD_AXIS_084,COAD,Berberine | ACHE/TFAP2A,Berberine,ACHE,TFAP2A,target_class,PRIMA-1,12.79299479543715,0.6369485294117647,0.54140625,48,48,ACHE:|:TP53
CTRP,CTRPv2 complete matrix output; lower response values interpreted as higher sensitivity,COAD_AXIS_078,COAD,Berberine chloride | ACHE/HR,Berberine chloride,ACHE,HR,target_class,PRIMA-1,12.79299479543715,0.6369485294117647,0.54140625,48,48,ACHE:|:TP53
CTRP,CTRPv2 complete matrix output; lower response values interpreted as higher sensitivity,COAD_AXIS_079,COAD,Berberine | ACHE/HR,Berberine,ACHE,HR,target_class,PRIMA-1,12.79299479543715,0.6369485294117647,0.54140625,48,48,ACHE:|:TP53
CTRP,CTRPv2 complete matrix output; lower response values interpreted as higher sensitivity,COAD_AXIS_087,COAD,Quercetin | ACHE/JUN,Quercetin,ACHE,JUN,target_class,PRIMA-1,12.79299479543715,0.6369485294117647,0.54140625,48,48,ACHE:|:TP53
CTRP,CTRPv2 complete matrix output; lower response values interpreted as higher sensitivity,COAD_AXIS_094,COAD,Tanshinone iia | ACHE/JUN,Tanshinone iia,ACHE,JUN,target_class,PRIMA-1,12.79299479543715,0.6369485294117647,0.54140625,48,48,ACHE:|:TP53
CTRP,CTRPv2 complete matrix output; lower response values interpreted as higher sensitivity,COAD_AXIS_099,COAD,Decursin | ACHE/JUN,Decursin,ACHE,JUN,target_class,PRIMA-1,12.79299479543715,0.6369485294117647,0.54140625,48,48,ACHE:|:TP53
CTRP,CTRPv2 complete matrix output; lower response values interpreted as higher sensitivity,COAD_AXIS_097,COAD,Marmesinin | ACHE/JUN,Marmesinin,ACHE,JUN,target_class,PRIMA-1,12.79299479543715,0.6369485294117647,0.54140625,48,48,ACHE:|:TP53
CTRP,CTRPv2 complete matrix output; lower response values interpreted as higher sensitivity,COAD_AXIS_096,COAD,"methyl (E)-2-[(2S,3Z,12bS)-3-ethylidene-2,4,6,7,12,12b-hexahydro-1H-indolo[3,2-h]quinolizin-2-yl]-3-methoxyprop-2-enoate | ACHE/JUN","methyl (E)-2-[(2S,3Z,12bS)-3-ethylidene-2,4,6,7,12,12b-hexahydro-1H-indolo[3,2-h]quinolizin-2-yl]-3-methoxyprop-2-enoate",ACHE,JUN,target_class,PRIMA-1,12.79299479543715,0.6369485294117647,0.54140625,48,48,ACHE:|:TP53
CTRP,CTRPv2 complete matrix output; lower response values interpreted as higher sensitivity,COAD_AXIS_098,COAD,Corydalmine | ACHE/JUN,Corydalmine,ACHE,JUN,target_class,PRIMA-1,12.79299479543715,0.6369485294117647,0.54140625,48,48,ACHE:|:TP53
CTRP,CTRPv2 complete matrix output; lower response values interpreted as higher sensitivity,COAD_AXIS_100,COAD,Angustidine | ACHE/JUN,Angustidine,ACHE,JUN,target_class,PRIMA-1,12.79299479543715,0.6369485294117647,0.54140625,48,48,ACHE:|:TP53
CTRP,CTRPv2 complete matrix output; lower response values interpreted as higher sensitivity,COAD_AXIS_038,COAD,Quercetin | CDK1/MYBL2,Quercetin,CDK1,MYBL2,target_class,Dinaciclib,5.33015688680595,0.9972426470588235,0.8476562499999999,48,48,CDK1:|:CDK2:|:CDK5:|:CDK9
CTRP,CTRPv2 complete matrix output; lower response values interpreted as higher sensitivity,COAD_AXIS_038,COAD,Quercetin | CDK1/MYBL2,Quercetin,CDK1,MYBL2,target_class,Alvocidib,7.979519400799754,0.9678308823529411,0.82265625,48,48,CDK:|:CDK1:|:CDK2:|:CDK4:|:CDK5:|:CDK6:|:CDK7:|:CDK8:|:CDK9:|:EGFR:|:PYGM
CTRP,CTRPv2 complete matrix output; lower response values interpreted as higher sensitivity,COAD_AXIS_038,COAD,Quercetin | CDK1/MYBL2,Quercetin,CDK1,MYBL2,target_class,PHA-793887,11.983,0.7527573529411764,0.6398437499999999,48,48,CDK1:|:CDK2:|:CDK4:|:CDK5:|:CDK7:|:CDK9
CTRP,CTRPv2 complete matrix output; lower response values interpreted as higher sensitivity,COAD_AXIS_038,COAD,Quercetin | CDK1/MYBL2,Quercetin,CDK1,MYBL2,target_class,PF-573228,12.76614472444775,0.6387867647058824,0.54296875,48,48,CDK1:|:CDK2:|:CDK7:|:GSK3B:|:IKBKB:|:PTK2
CTRP,CTRPv2 complete matrix output; lower response values interpreted as higher sensitivity,COAD_AXIS_038,COAD,Quercetin | CDK1/MYBL2,Quercetin,CDK1,MYBL2,target_class,N9-Isopropyl-olomoucine,12.955,0.6130514705882353,0.52109375,48,48,CCNB1:|:CDK1:|:CDK5:|:CDK5R1
CTRP,CTRPv2 complete matrix output; lower response values interpreted as higher sensitivity,COAD_AXIS_038,COAD,Quercetin | CDK1/MYBL2,Quercetin,CDK1,MYBL2,target_class,CHIR-99021,14.1795,0.3943014705882353,0.33515625,48,48,CDK1:|:GSK3A:|:GSK3B:|:MAPK1
CTRP,CTRPv2 complete matrix output; lower response values interpreted as higher sensitivity,COAD_AXIS_039,COAD,Quercetin | CDK1/E2F1,Quercetin,CDK1,E2F1,target_class,Dinaciclib,5.33015688680595,0.9972426470588235,0.8476562499999999,48,48,CDK1:|:CDK2:|:CDK5:|:CDK9
CTRP,CTRPv2 complete matrix output; lower response values interpreted as higher sensitivity,COAD_AXIS_039,COAD,Quercetin | CDK1/E2F1,Quercetin,CDK1,E2F1,target_class,Alvocidib,7.979519400799754,0.9678308823529411,0.82265625,48,48,CDK:|:CDK1:|:CDK2:|:CDK4:|:CDK5:|:CDK6:|:CDK7:|:CDK8:|:CDK9:|:EGFR:|:PYGM
CTRP,CTRPv2 complete matrix output; lower response values interpreted as higher sensitivity,COAD_AXIS_039,COAD,Quercetin | CDK1/E2F1,Quercetin,CDK1,E2F1,target_class,PHA-793887,11.983,0.7527573529411764,0.6398437499999999,48,48,CDK1:|:CDK2:|:CDK4:|:CDK5:|:CDK7:|:CDK9
CTRP,CTRPv2 complete matrix output; lower response values interpreted as higher sensitivity,COAD_AXIS_039,COAD,Quercetin | CDK1/E2F1,Quercetin,CDK1,E2F1,target_class,PF-573228,12.76614472444775,0.6387867647058824,0.54296875,48,48,CDK1:|:CDK2:|:CDK7:|:GSK3B:|:IKBKB:|:PTK2
CTRP,CTRPv2 complete matrix output; lower response values interpreted as higher sensitivity,COAD_AXIS_039,COAD,Quercetin | CDK1/E2F1,Quercetin,CDK1,E2F1,target_class,N9-Isopropyl-olomoucine,12.955,0.6130514705882353,0.52109375,48,48,CCNB1:|:CDK1:|:CDK5:|:CDK5R1
CTRP,CTRPv2 complete matrix output; lower response values interpreted as higher sensitivity,COAD_AXIS_039,COAD,Quercetin | CDK1/E2F1,Quercetin,CDK1,E2F1,target_class,CHIR-99021,14.1795,0.3943014705882353,0.33515625,48,48,CDK1:|:GSK3A:|:GSK3B:|:MAPK1
CTRP,CTRPv2 complete matrix output; lower response values interpreted as higher sensitivity,COAD_AXIS_002,COAD,Physovenine | ACHE/AP1,Physovenine,ACHE,AP1,target_class,PRIMA-1,12.79299479543715,0.6369485294117647,0.54140625,48,48,ACHE:|:TP53
CTRP,CTRPv2 complete matrix output; lower response values interpreted as higher sensitivity,COAD_AXIS_077,COAD,Indirubin | CDK1/MYBL2,Indirubin,CDK1,MYBL2,target_class,Dinaciclib,5.33015688680595,0.9972426470588235,0.8476562499999999,48,48,CDK1:|:CDK2:|:CDK5:|:CDK9
CTRP,CTRPv2 complete matrix output; lower response values interpreted as higher sensitivity,COAD_AXIS_077,COAD,Indirubin | CDK1/MYBL2,Indirubin,CDK1,MYBL2,target_class,Alvocidib,7.979519400799754,0.9678308823529411,0.82265625,48,48,CDK:|:CDK1:|:CDK2:|:CDK4:|:CDK5:|:CDK6:|:CDK7:|:CDK8:|:CDK9:|:EGFR:|:PYGM
CTRP,CTRPv2 complete matrix output; lower response values interpreted as higher sensitivity,COAD_AXIS_077,COAD,Indirubin | CDK1/MYBL2,Indirubin,CDK1,MYBL2,target_class,PHA-793887,11.983,0.7527573529411764,0.6398437499999999,48,48,CDK1:|:CDK2:|:CDK4:|:CDK5:|:CDK7:|:CDK9
CTRP,CTRPv2 complete matrix output; lower response values interpreted as higher sensitivity,COAD_AXIS_077,COAD,Indirubin | CDK1/MYBL2,Indirubin,CDK1,MYBL2,target_class,PF-573228,12.76614472444775,0.6387867647058824,0.54296875,48,48,CDK1:|:CDK2:|:CDK7:|:GSK3B:|:IKBKB:|:PTK2
CTRP,CTRPv2 complete matrix output; lower response values interpreted as higher sensitivity,COAD_AXIS_077,COAD,Indirubin | CDK1/MYBL2,Indirubin,CDK1,MYBL2,target_class,N9-Isopropyl-olomoucine,12.955,0.6130514705882353,0.52109375,48,48,CCNB1:|:CDK1:|:CDK5:|:CDK5R1
CTRP,CTRPv2 complete matrix output; lower response values interpreted as higher sensitivity,COAD_AXIS_077,COAD,Indirubin | CDK1/MYBL2,Indirubin,CDK1,MYBL2,target_class,CHIR-99021,14.1795,0.3943014705882353,0.33515625,48,48,CDK1:|:GSK3A:|:GSK3B:|:MAPK1
CTRP,CTRPv2 complete matrix output; lower response values interpreted as higher sensitivity,COAD_AXIS_091,COAD,Rutaecarpine | PTGS2/ETV4,Rutaecarpine,PTGS2,ETV4,target_class,Curcumin,11.73,0.7803308823529411,0.6632812499999999,48,48,APP:|:CA1:|:CA12:|:CA14:|:CA2:|:CA4:|:CA6:|:CA9:|:CYP3A4:|:DNMT3B:|:EP300:|:MMP13:|:MMP9:|:NOS2:|:PTGS1:|:PTGS2:|:XDH
CTRP,CTRPv2 complete matrix output; lower response values interpreted as higher sensitivity,COAD_AXIS_091,COAD,Rutaecarpine | PTGS2/ETV4,Rutaecarpine,PTGS2,ETV4,target_class,Valdecoxib,12.85942779724395,0.6259191176470589,0.5320312500000001,48,48,CA12:|:PTGS2
CTRP,CTRPv2 complete matrix output; lower response values interpreted as higher sensitivity,COAD_AXIS_091,COAD,Rutaecarpine | PTGS2/ETV4,Rutaecarpine,PTGS2,ETV4,target_class,Thalidomide,14.57370340890875,0.2693014705882353,0.22890624999999998,48,48,CRBN:|:FGFR2:|:NFKB1:|:ORM1:|:ORM2:|:PTGS2:|:TNF
CTRP,CTRPv2 complete matrix output; lower response values interpreted as higher sensitivity,COAD_AXIS_095,COAD,Triptolide | PTGS2/ETV4,Triptolide,PTGS2,ETV4,direct_compound,Triptolide,11.9015,0.7637867647058824,0.7637867647058824,48,48,RELA
CTRP,CTRPv2 complete matrix output; lower response values interpreted as higher sensitivity,COAD_AXIS_095,COAD,Triptolide | PTGS2/ETV4,Triptolide,PTGS2,ETV4,target_class,Curcumin,11.73,0.7803308823529411,0.6632812499999999,48,48,APP:|:CA1:|:CA12:|:CA14:|:CA2:|:CA4:|:CA6:|:CA9:|:CYP3A4:|:DNMT3B:|:EP300:|:MMP13:|:MMP9:|:NOS2:|:PTGS1:|:PTGS2:|:XDH
CTRP,CTRPv2 complete matrix output; lower response values interpreted as higher sensitivity,COAD_AXIS_095,COAD,Triptolide | PTGS2/ETV4,Triptolide,PTGS2,ETV4,target_class,Valdecoxib,12.85942779724395,0.6259191176470589,0.5320312500000001,48,48,CA12:|:PTGS2
CTRP,CTRPv2 complete matrix output; lower response values interpreted as higher sensitivity,COAD_AXIS_095,COAD,Triptolide | PTGS2/ETV4,Triptolide,PTGS2,ETV4,target_class,Thalidomide,14.57370340890875,0.2693014705882353,0.22890624999999998,48,48,CRBN:|:FGFR2:|:NFKB1:|:ORM1:|:ORM2:|:PTGS2:|:TNF
CTRP,CTRPv2 complete matrix output; lower response values interpreted as higher sensitivity,COAD_AXIS_090,COAD,Quercetin | CDK1/E2F1,Quercetin,CDK1,E2F1,target_class,Dinaciclib,5.33015688680595,0.9972426470588235,0.8476562499999999,48,48,CDK1:|:CDK2:|:CDK5:|:CDK9
CTRP,CTRPv2 complete matrix output; lower response values interpreted as higher sensitivity,COAD_AXIS_090,COAD,Quercetin | CDK1/E2F1,Quercetin,CDK1,E2F1,target_class,Alvocidib,7.979519400799754,0.9678308823529411,0.82265625,48,48,CDK:|:CDK1:|:CDK2:|:CDK4:|:CDK5:|:CDK6:|:CDK7:|:CDK8:|:CDK9:|:EGFR:|:PYGM
CTRP,CTRPv2 complete matrix output; lower response values interpreted as higher sensitivity,COAD_AXIS_090,COAD,Quercetin | CDK1/E2F1,Quercetin,CDK1,E2F1,target_class,PHA-793887,11.983,0.7527573529411764,0.6398437499999999,48,48,CDK1:|:CDK2:|:CDK4:|:CDK5:|:CDK7:|:CDK9
CTRP,CTRPv2 complete matrix output; lower response values interpreted as higher sensitivity,COAD_AXIS_090,COAD,Quercetin | CDK1/E2F1,Quercetin,CDK1,E2F1,target_class,PF-573228,12.76614472444775,0.6387867647058824,0.54296875,48,48,CDK1:|:CDK2:|:CDK7:|:GSK3B:|:IKBKB:|:PTK2
CTRP,CTRPv2 complete matrix output; lower response values interpreted as higher sensitivity,COAD_AXIS_090,COAD,Quercetin | CDK1/E2F1,Quercetin,CDK1,E2F1,target_class,N9-Isopropyl-olomoucine,12.955,0.6130514705882353,0.52109375,48,48,CCNB1:|:CDK1:|:CDK5:|:CDK5R1
CTRP,CTRPv2 complete matrix output; lower response values interpreted as higher sensitivity,COAD_AXIS_090,COAD,Quercetin | CDK1/E2F1,Quercetin,CDK1,E2F1,target_class,CHIR-99021,14.1795,0.3943014705882353,0.33515625,48,48,CDK1:|:GSK3A:|:GSK3B:|:MAPK1
CTRP,CTRPv2 complete matrix output; lower response values interpreted as higher sensitivity,COAD_AXIS_181,COAD,"3,5-dihydroxy-2-(4-hydroxyphenyl)chromone | PPARG/ETV4","3,5-dihydroxy-2-(4-hydroxyphenyl)chromone",PPARG,ETV4,target_class,Bardoxolone methyl,8.70105,0.953125,0.81015625,48,48,PPARG:|:STAT3
CTRP,CTRPv2 complete matrix output; lower response values interpreted as higher sensitivity,COAD_AXIS_173,COAD,Psi-Baptigenin | PPARG/ETV4,Psi-Baptigenin,PPARG,ETV4,target_class,Bardoxolone methyl,8.70105,0.953125,0.81015625,48,48,PPARG:|:STAT3
CTRP,CTRPv2 complete matrix output; lower response values interpreted as higher sensitivity,COAD_AXIS_182,COAD,Galangin | PPARG/ETV4,Galangin,PPARG,ETV4,target_class,Bardoxolone methyl,8.70105,0.953125,0.81015625,48,48,PPARG:|:STAT3
CTRP,CTRPv2 complete matrix output; lower response values interpreted as higher sensitivity,COAD_AXIS_150,COAD,Artemisinin | CYP2B6/CEBPA,Artemisinin,CYP2B6,CEBPA,target_class,Cyclophosphamide,14.89434552971915,0.109375,0.09296875,48,48,Alkylating agent:|:CYP2A6:|:CYP2B6:|:CYP2C18:|:CYP2C19:|:CYP2C8:|:CYP2C9:|:CYP2D6:|:CYP3A4:|:CYP3A5:|:CYP3A7
CTRP,CTRPv2 complete matrix output; lower response values interpreted as higher sensitivity,COAD_AXIS_150,COAD,Artemisinin | CYP2B6/CEBPA,Artemisinin,CYP2B6,CEBPA,target_class,Ifosfamide,14.975999999999999,0.08180147058823528,0.06953124999999999,48,48,CYP2A6:|:CYP2B6:|:CYP2C18:|:CYP2C19:|:CYP2C8:|:CYP2C9:|:CYP3A4:|:CYP3A5:|:CYP3A7:|:PTGS1
CTRP,CTRPv2 complete matrix output; lower response values interpreted as higher sensitivity,COAD_AXIS_113,COAD,Artemisinin | CYP2B6/CEBPG,Artemisinin,CYP2B6,CEBPG,target_class,Cyclophosphamide,14.89434552971915,0.109375,0.09296875,48,48,Alkylating agent:|:CYP2A6:|:CYP2B6:|:CYP2C18:|:CYP2C19:|:CYP2C8:|:CYP2C9:|:CYP2D6:|:CYP3A4:|:CYP3A5:|:CYP3A7
CTRP,CTRPv2 complete matrix output; lower response values interpreted as higher sensitivity,COAD_AXIS_113,COAD,Artemisinin | CYP2B6/CEBPG,Artemisinin,CYP2B6,CEBPG,target_class,Ifosfamide,14.975999999999999,0.08180147058823528,0.06953124999999999,48,48,CYP2A6:|:CYP2B6:|:CYP2C18:|:CYP2C19:|:CYP2C8:|:CYP2C9:|:CYP3A4:|:CYP3A5:|:CYP3A7:|:PTGS1
CTRP,CTRPv2 complete matrix output; lower response values interpreted as higher sensitivity,COAD_AXIS_168,COAD,Psi-Baptigenin | PPARG/CEBPG,Psi-Baptigenin,PPARG,CEBPG,target_class,Bardoxolone methyl,8.70105,0.953125,0.81015625,48,48,PPARG:|:STAT3
CTRP,CTRPv2 complete matrix output; lower response values interpreted as higher sensitivity,COAD_AXIS_176,COAD,Galangin | PPARG/CEBPG,Galangin,PPARG,CEBPG,target_class,Bardoxolone methyl,8.70105,0.953125,0.81015625,48,48,PPARG:|:STAT3
CTRP,CTRPv2 complete matrix output; lower response values interpreted as higher sensitivity,COAD_AXIS_197,COAD,Quercetin | PPARG/CEBPG,Quercetin,PPARG,CEBPG,target_class,Bardoxolone methyl,8.70105,0.953125,0.81015625,48,48,PPARG:|:STAT3
CTRP,CTRPv2 complete matrix output; lower response values interpreted as higher sensitivity,COAD_AXIS_175,COAD,"3,5-dihydroxy-2-(4-hydroxyphenyl)chromone | PPARG/CEBPG","3,5-dihydroxy-2-(4-hydroxyphenyl)chromone",PPARG,CEBPG,target_class,Bardoxolone methyl,8.70105,0.953125,0.81015625,48,48,PPARG:|:STAT3
CTRP,CTRPv2 complete matrix output; lower response values interpreted as higher sensitivity,COAD_AXIS_198,COAD,Kaempferol | PPARG/CEBPG,Kaempferol,PPARG,CEBPG,target_class,Bardoxolone methyl,8.70105,0.953125,0.81015625,48,48,PPARG:|:STAT3
CTRP,CTRPv2 complete matrix output; lower response values interpreted as higher sensitivity,COAD_AXIS_160,COAD,Quercetin | XDH/CEBPG,Quercetin,XDH,CEBPG,target_class,Curcumin,11.73,0.7803308823529411,0.6632812499999999,48,48,APP:|:CA1:|:CA12:|:CA14:|:CA2:|:CA4:|:CA6:|:CA9:|:CYP3A4:|:DNMT3B:|:EP300:|:MMP13:|:MMP9:|:NOS2:|:PTGS1:|:PTGS2:|:XDH
CTRP,CTRPv2 complete matrix output; lower response values interpreted as higher sensitivity,COAD_AXIS_167,COAD,Luteolin | XDH/CEBPG,Luteolin,XDH,CEBPG,target_class,Curcumin,11.73,0.7803308823529411,0.6632812499999999,48,48,APP:|:CA1:|:CA12:|:CA14:|:CA2:|:CA4:|:CA6:|:CA9:|:CYP3A4:|:DNMT3B:|:EP300:|:MMP13:|:MMP9:|:NOS2:|:PTGS1:|:PTGS2:|:XDH
CTRP,CTRPv2 complete matrix output; lower response values interpreted as higher sensitivity,COAD_AXIS_178,COAD,"3,5-dihydroxy-2-(4-hydroxyphenyl)chromone | PPARG/DDIT3","3,5-dihydroxy-2-(4-hydroxyphenyl)chromone",PPARG,DDIT3,target_class,Bardoxolone methyl,8.70105,0.953125,0.81015625,48,48,PPARG:|:STAT3
CTRP,CTRPv2 complete matrix output; lower response values interpreted as higher sensitivity,COAD_AXIS_179,COAD,Galangin | PPARG/DDIT3,Galangin,PPARG,DDIT3,target_class,Bardoxolone methyl,8.70105,0.953125,0.81015625,48,48,PPARG:|:STAT3
CTRP,CTRPv2 complete matrix output; lower response values interpreted as higher sensitivity,COAD_AXIS_174,COAD,Psi-Baptigenin | PPARG/DDIT3,Psi-Baptigenin,PPARG,DDIT3,target_class,Bardoxolone methyl,8.70105,0.953125,0.81015625,48,48,PPARG:|:STAT3
CTRP,CTRPv2 complete matrix output; lower response values interpreted as higher sensitivity,COAD_AXIS_141,COAD,Glycyrrhiza flavonol a | ACHE/HR,Glycyrrhiza flavonol a,ACHE,HR,target_class,PRIMA-1,12.79299479543715,0.6369485294117647,0.54140625,48,48,ACHE:|:TP53
CTRP,CTRPv2 complete matrix output; lower response values interpreted as higher sensitivity,COAD_AXIS_131,COAD,"3,5-dihydroxy-2-(4-hydroxyphenyl)chromone | ACHE/HR","3,5-dihydroxy-2-(4-hydroxyphenyl)chromone",ACHE,HR,target_class,PRIMA-1,12.79299479543715,0.6369485294117647,0.54140625,48,48,ACHE:|:TP53
CTRP,CTRPv2 complete matrix output; lower response values interpreted as higher sensitivity,COAD_AXIS_124,COAD,"(6S)-6-hydroxy-1-methyl-6-methylol-8,9-dihydro-7H-naphtho[8,7-g]benzofuran-10,11-quinone | ACHE/HR","(6S)-6-hydroxy-1-methyl-6-methylol-8,9-dihydro-7H-naphtho[8,7-g]benzofuran-10,11-quinone",ACHE,HR,target_class,PRIMA-1,12.79299479543715,0.6369485294117647,0.54140625,48,48,ACHE:|:TP53
CTRP,CTRPv2 complete matrix output; lower response values interpreted as higher sensitivity,COAD_AXIS_137,COAD,"5-(1-methoxyethyl)-2,6-dihydroxy-1,7-dimethyl-9,10-dihydrophenanthrene | ACHE/HR","5-(1-methoxyethyl)-2,6-dihydroxy-1,7-dimethyl-9,10-dihydrophenanthrene",ACHE,HR,target_class,PRIMA-1,12.79299479543715,0.6369485294117647,0.54140625,48,48,ACHE:|:TP53
CTRP,CTRPv2 complete matrix output; lower response values interpreted as higher sensitivity,COAD_AXIS_127,COAD,"Quercetin tetramethyl(3',4',5,7) ether | ACHE/HR","Quercetin tetramethyl(3',4',5,7) ether",ACHE,HR,target_class,PRIMA-1,12.79299479543715,0.6369485294117647,0.54140625,48,48,ACHE:|:TP53
CTRP,CTRPv2 complete matrix output; lower response values interpreted as higher sensitivity,COAD_AXIS_142,COAD,Ibogain | ACHE/HR,Ibogain,ACHE,HR,target_class,PRIMA-1,12.79299479543715,0.6369485294117647,0.54140625,48,48,ACHE:|:TP53
CTRP,CTRPv2 complete matrix output; lower response values interpreted as higher sensitivity,COAD_AXIS_138,COAD,Xyloidone | ACHE/HR,Xyloidone,ACHE,HR,target_class,PRIMA-1,12.79299479543715,0.6369485294117647,0.54140625,48,48,ACHE:|:TP53
CTRP,CTRPv2 complete matrix output; lower response values interpreted as higher sensitivity,COAD_AXIS_130,COAD,Sumatrol | ACHE/HR,Sumatrol,ACHE,HR,target_class,PRIMA-1,12.79299479543715,0.6369485294117647,0.54140625,48,48,ACHE:|:TP53
CTRP,CTRPv2 complete matrix output; lower response values interpreted as higher sensitivity,COAD_AXIS_125,COAD,Anhydroicaritin | ACHE/HR,Anhydroicaritin,ACHE,HR,target_class,PRIMA-1,12.79299479543715,0.6369485294117647,0.54140625,48,48,ACHE:|:TP53
CTRP,CTRPv2 complete matrix output; lower response values interpreted as higher sensitivity,COAD_AXIS_121,COAD,isodihydrofutoquinol a | ACHE/HR,isodihydrofutoquinol a,ACHE,HR,target_class,PRIMA-1,12.79299479543715,0.6369485294117647,0.54140625,48,48,ACHE:|:TP53
CTRP,CTRPv2 complete matrix output; lower response values interpreted as higher sensitivity,COAD_AXIS_135,COAD,Dihydrocorynantheine | ACHE/HR,Dihydrocorynantheine,ACHE,HR,target_class,PRIMA-1,12.79299479543715,0.6369485294117647,0.54140625,48,48,ACHE:|:TP53
CTRP,CTRPv2 complete matrix output; lower response values interpreted as higher sensitivity,COAD_AXIS_132,COAD,Glabridin | ACHE/HR,Glabridin,ACHE,HR,target_class,PRIMA-1,12.79299479543715,0.6369485294117647,0.54140625,48,48,ACHE:|:TP53
CTRP,CTRPv2 complete matrix output; lower response values interpreted as higher sensitivity,COAD_AXIS_126,COAD,7-Methoxy-2-methyl isoflavone | ACHE/HR,7-Methoxy-2-methyl isoflavone,ACHE,HR,target_class,PRIMA-1,12.79299479543715,0.6369485294117647,0.54140625,48,48,ACHE:|:TP53
CTRP,CTRPv2 complete matrix output; lower response values interpreted as higher sensitivity,COAD_AXIS_123,COAD,Dinatin | ACHE/HR,Dinatin,ACHE,HR,target_class,PRIMA-1,12.79299479543715,0.6369485294117647,0.54140625,48,48,ACHE:|:TP53
CTRP,CTRPv2 complete matrix output; lower response values interpreted as higher sensitivity,COAD_AXIS_122,COAD,Noscapine | ACHE/HR,Noscapine,ACHE,HR,target_class,PRIMA-1,12.79299479543715,0.6369485294117647,0.54140625,48,48,ACHE:|:TP53
CTRP,CTRPv2 complete matrix output; lower response values interpreted as higher sensitivity,COAD_AXIS_129,COAD,Salvilenone | ACHE/HR,Salvilenone,ACHE,HR,target_class,PRIMA-1,12.79299479543715,0.6369485294117647,0.54140625,48,48,ACHE:|:TP53
CTRP,CTRPv2 complete matrix output; lower response values interpreted as higher sensitivity,COAD_AXIS_139,COAD,Luteanin | ACHE/HR,Luteanin,ACHE,HR,target_class,PRIMA-1,12.79299479543715,0.6369485294117647,0.54140625,48,48,ACHE:|:TP53
CTRP,CTRPv2 complete matrix output; lower response values interpreted as higher sensitivity,COAD_AXIS_134,COAD,Isocryptanshinone | ACHE/HR,Isocryptanshinone,ACHE,HR,target_class,PRIMA-1,12.79299479543715,0.6369485294117647,0.54140625,48,48,ACHE:|:TP53
CTRP,CTRPv2 complete matrix output; lower response values interpreted as higher sensitivity,COAD_AXIS_133,COAD,Gancaonin A | ACHE/HR,Gancaonin A,ACHE,HR,target_class,PRIMA-1,12.79299479543715,0.6369485294117647,0.54140625,48,48,ACHE:|:TP53
CTRP,CTRPv2 complete matrix output; lower response values interpreted as higher sensitivity,COAD_AXIS_136,COAD,Pisatin | ACHE/HR,Pisatin,ACHE,HR,target_class,PRIMA-1,12.79299479543715,0.6369485294117647,0.54140625,48,48,ACHE:|:TP53
CTRP,CTRPv2 complete matrix output; lower response values interpreted as higher sensitivity,COAD_AXIS_128,COAD,Rhynchophylline | ACHE/HR,Rhynchophylline,ACHE,HR,target_class,PRIMA-1,12.79299479543715,0.6369485294117647,0.54140625,48,48,ACHE:|:TP53
CTRP,CTRPv2 complete matrix output; lower response values interpreted as higher sensitivity,COAD_AXIS_140,COAD,Zizyphusine | ACHE/HR,Zizyphusine,ACHE,HR,target_class,PRIMA-1,12.79299479543715,0.6369485294117647,0.54140625,48,48,ACHE:|:TP53
CTRP,CTRPv2 complete matrix output; lower response values interpreted as higher sensitivity,COAD_AXIS_107,COAD,Alpha-lipoic acid | ACHE/TFAP2A,Alpha-lipoic acid,ACHE,TFAP2A,target_class,PRIMA-1,12.79299479543715,0.6369485294117647,0.54140625,48,48,ACHE:|:TP53
CTRP,CTRPv2 complete matrix output; lower response values interpreted as higher sensitivity,COAD_AXIS_116,COAD,"1,2-dimethylbenzene | ACHE/TFAP2A","1,2-dimethylbenzene",ACHE,TFAP2A,target_class,PRIMA-1,12.79299479543715,0.6369485294117647,0.54140625,48,48,ACHE:|:TP53
CTRP,CTRPv2 complete matrix output; lower response values interpreted as higher sensitivity,COAD_AXIS_118,COAD,Pcr | ACHE/TFAP2A,Pcr,ACHE,TFAP2A,target_class,PRIMA-1,12.79299479543715,0.6369485294117647,0.54140625,48,48,ACHE:|:TP53
CTRP,CTRPv2 complete matrix output; lower response values interpreted as higher sensitivity,COAD_AXIS_117,COAD,M-xylene | ACHE/TFAP2A,M-xylene,ACHE,TFAP2A,target_class,PRIMA-1,12.79299479543715,0.6369485294117647,0.54140625,48,48,ACHE:|:TP53
CTRP,CTRPv2 complete matrix output; lower response values interpreted as higher sensitivity,COAD_AXIS_119,COAD,Toluene | ACHE/TFAP2A,Toluene,ACHE,TFAP2A,target_class,PRIMA-1,12.79299479543715,0.6369485294117647,0.54140625,48,48,ACHE:|:TP53
CTRP,CTRPv2 complete matrix output; lower response values interpreted as higher sensitivity,COAD_AXIS_114,COAD,Dihydrotanshinoneⅰ | ACHE/TFAP2A,Dihydrotanshinoneⅰ,ACHE,TFAP2A,target_class,PRIMA-1,12.79299479543715,0.6369485294117647,0.54140625,48,48,ACHE:|:TP53
CTRP,CTRPv2 complete matrix output; lower response values interpreted as higher sensitivity,COAD_AXIS_120,COAD,Glabranin | ACHE/TFAP2A,Glabranin,ACHE,TFAP2A,target_class,PRIMA-1,12.79299479543715,0.6369485294117647,0.54140625,48,48,ACHE:|:TP53
CTRP,CTRPv2 complete matrix output; lower response values interpreted as higher sensitivity,COAD_AXIS_108,COAD,Alpha-lipoic acid | ACHE/HR,Alpha-lipoic acid,ACHE,HR,target_class,PRIMA-1,12.79299479543715,0.6369485294117647,0.54140625,48,48,ACHE:|:TP53
CTRP,CTRPv2 complete matrix output; lower response values interpreted as higher sensitivity,COAD_AXIS_171,COAD,Physovenine | ACHE/JUN,Physovenine,ACHE,JUN,target_class,PRIMA-1,12.79299479543715,0.6369485294117647,0.54140625,48,48,ACHE:|:TP53
CTRP,CTRPv2 complete matrix output; lower response values interpreted as higher sensitivity,COAD_AXIS_145,COAD,Indirubin | CDK1/E2F1,Indirubin,CDK1,E2F1,target_class,Dinaciclib,5.33015688680595,0.9972426470588235,0.8476562499999999,48,48,CDK1:|:CDK2:|:CDK5:|:CDK9
CTRP,CTRPv2 complete matrix output; lower response values interpreted as higher sensitivity,COAD_AXIS_145,COAD,Indirubin | CDK1/E2F1,Indirubin,CDK1,E2F1,target_class,Alvocidib,7.979519400799754,0.9678308823529411,0.82265625,48,48,CDK:|:CDK1:|:CDK2:|:CDK4:|:CDK5:|:CDK6:|:CDK7:|:CDK8:|:CDK9:|:EGFR:|:PYGM
CTRP,CTRPv2 complete matrix output; lower response values interpreted as higher sensitivity,COAD_AXIS_145,COAD,Indirubin | CDK1/E2F1,Indirubin,CDK1,E2F1,target_class,PHA-793887,11.983,0.7527573529411764,0.6398437499999999,48,48,CDK1:|:CDK2:|:CDK4:|:CDK5:|:CDK7:|:CDK9
CTRP,CTRPv2 complete matrix output; lower response values interpreted as higher sensitivity,COAD_AXIS_145,COAD,Indirubin | CDK1/E2F1,Indirubin,CDK1,E2F1,target_class,PF-573228,12.76614472444775,0.6387867647058824,0.54296875,48,48,CDK1:|:CDK2:|:CDK7:|:GSK3B:|:IKBKB:|:PTK2
CTRP,CTRPv2 complete matrix output; lower response values interpreted as higher sensitivity,COAD_AXIS_145,COAD,Indirubin | CDK1/E2F1,Indirubin,CDK1,E2F1,target_class,N9-Isopropyl-olomoucine,12.955,0.6130514705882353,0.52109375,48,48,CCNB1:|:CDK1:|:CDK5:|:CDK5R1
CTRP,CTRPv2 complete matrix output; lower response values interpreted as higher sensitivity,COAD_AXIS_145,COAD,Indirubin | CDK1/E2F1,Indirubin,CDK1,E2F1,target_class,CHIR-99021,14.1795,0.3943014705882353,0.33515625,48,48,CDK1:|:GSK3A:|:GSK3B:|:MAPK1
CTRP,CTRPv2 complete matrix output; lower response values interpreted as higher sensitivity,COAD_AXIS_143,COAD,Physovenine | ACHE/MYC,Physovenine,ACHE,MYC,target_class,PRIMA-1,12.79299479543715,0.6369485294117647,0.54140625,48,48,ACHE:|:TP53
CTRP,CTRPv2 complete matrix output; lower response values interpreted as higher sensitivity,COAD_AXIS_157,COAD,Baicalein | CDK1/E2F1,Baicalein,CDK1,E2F1,target_class,Dinaciclib,5.33015688680595,0.9972426470588235,0.8476562499999999,48,48,CDK1:|:CDK2:|:CDK5:|:CDK9
CTRP,CTRPv2 complete matrix output; lower response values interpreted as higher sensitivity,COAD_AXIS_157,COAD,Baicalein | CDK1/E2F1,Baicalein,CDK1,E2F1,target_class,Alvocidib,7.979519400799754,0.9678308823529411,0.82265625,48,48,CDK:|:CDK1:|:CDK2:|:CDK4:|:CDK5:|:CDK6:|:CDK7:|:CDK8:|:CDK9:|:EGFR:|:PYGM
CTRP,CTRPv2 complete matrix output; lower response values interpreted as higher sensitivity,COAD_AXIS_157,COAD,Baicalein | CDK1/E2F1,Baicalein,CDK1,E2F1,target_class,PHA-793887,11.983,0.7527573529411764,0.6398437499999999,48,48,CDK1:|:CDK2:|:CDK4:|:CDK5:|:CDK7:|:CDK9
CTRP,CTRPv2 complete matrix output; lower response values interpreted as higher sensitivity,COAD_AXIS_157,COAD,Baicalein | CDK1/E2F1,Baicalein,CDK1,E2F1,target_class,PF-573228,12.76614472444775,0.6387867647058824,0.54296875,48,48,CDK1:|:CDK2:|:CDK7:|:GSK3B:|:IKBKB:|:PTK2
CTRP,CTRPv2 complete matrix output; lower response values interpreted as higher sensitivity,COAD_AXIS_157,COAD,Baicalein | CDK1/E2F1,Baicalein,CDK1,E2F1,target_class,N9-Isopropyl-olomoucine,12.955,0.6130514705882353,0.52109375,48,48,CCNB1:|:CDK1:|:CDK5:|:CDK5R1
CTRP,CTRPv2 complete matrix output; lower response values interpreted as higher sensitivity,COAD_AXIS_157,COAD,Baicalein | CDK1/E2F1,Baicalein,CDK1,E2F1,target_class,CHIR-99021,14.1795,0.3943014705882353,0.33515625,48,48,CDK1:|:GSK3A:|:GSK3B:|:MAPK1
CTRP,CTRPv2 complete matrix output; lower response values interpreted as higher sensitivity,COAD_AXIS_148,COAD,Quercetin | CDK1/MYC,Quercetin,CDK1,MYC,target_class,Dinaciclib,5.33015688680595,0.9972426470588235,0.8476562499999999,48,48,CDK1:|:CDK2:|:CDK5:|:CDK9
CTRP,CTRPv2 complete matrix output; lower response values interpreted as higher sensitivity,COAD_AXIS_148,COAD,Quercetin | CDK1/MYC,Quercetin,CDK1,MYC,target_class,Alvocidib,7.979519400799754,0.9678308823529411,0.82265625,48,48,CDK:|:CDK1:|:CDK2:|:CDK4:|:CDK5:|:CDK6:|:CDK7:|:CDK8:|:CDK9:|:EGFR:|:PYGM
CTRP,CTRPv2 complete matrix output; lower response values interpreted as higher sensitivity,COAD_AXIS_148,COAD,Quercetin | CDK1/MYC,Quercetin,CDK1,MYC,target_class,PHA-793887,11.983,0.7527573529411764,0.6398437499999999,48,48,CDK1:|:CDK2:|:CDK4:|:CDK5:|:CDK7:|:CDK9
CTRP,CTRPv2 complete matrix output; lower response values interpreted as higher sensitivity,COAD_AXIS_148,COAD,Quercetin | CDK1/MYC,Quercetin,CDK1,MYC,target_class,PF-573228,12.76614472444775,0.6387867647058824,0.54296875,48,48,CDK1:|:CDK2:|:CDK7:|:GSK3B:|:IKBKB:|:PTK2
CTRP,CTRPv2 complete matrix output; lower response values interpreted as higher sensitivity,COAD_AXIS_148,COAD,Quercetin | CDK1/MYC,Quercetin,CDK1,MYC,target_class,N9-Isopropyl-olomoucine,12.955,0.6130514705882353,0.52109375,48,48,CCNB1:|:CDK1:|:CDK5:|:CDK5R1
CTRP,CTRPv2 complete matrix output; lower response values interpreted as higher sensitivity,COAD_AXIS_148,COAD,Quercetin | CDK1/MYC,Quercetin,CDK1,MYC,target_class,CHIR-99021,14.1795,0.3943014705882353,0.33515625,48,48,CDK1:|:GSK3A:|:GSK3B:|:MAPK1
CTRP,CTRPv2 complete matrix output; lower response values interpreted as higher sensitivity,COAD_AXIS_149,COAD,Physovenine | ACHE/SSRP1,Physovenine,ACHE,SSRP1,target_class,PRIMA-1,12.79299479543715,0.6369485294117647,0.54140625,48,48,ACHE:|:TP53
CTRP,CTRPv2 complete matrix output; lower response values interpreted as higher sensitivity,COAD_AXIS_190,COAD,Quercetin | ACHE/SSRP1,Quercetin,ACHE,SSRP1,target_class,PRIMA-1,12.79299479543715,0.6369485294117647,0.54140625,48,48,ACHE:|:TP53
CTRP,CTRPv2 complete matrix output; lower response values interpreted as higher sensitivity,COAD_AXIS_177,COAD,Quercetin | CDK1/E2F4,Quercetin,CDK1,E2F4,target_class,Dinaciclib,5.33015688680595,0.9972426470588235,0.8476562499999999,48,48,CDK1:|:CDK2:|:CDK5:|:CDK9
CTRP,CTRPv2 complete matrix output; lower response values interpreted as higher sensitivity,COAD_AXIS_177,COAD,Quercetin | CDK1/E2F4,Quercetin,CDK1,E2F4,target_class,Alvocidib,7.979519400799754,0.9678308823529411,0.82265625,48,48,CDK:|:CDK1:|:CDK2:|:CDK4:|:CDK5:|:CDK6:|:CDK7:|:CDK8:|:CDK9:|:EGFR:|:PYGM
CTRP,CTRPv2 complete matrix output; lower response values interpreted as higher sensitivity,COAD_AXIS_177,COAD,Quercetin | CDK1/E2F4,Quercetin,CDK1,E2F4,target_class,PHA-793887,11.983,0.7527573529411764,0.6398437499999999,48,48,CDK1:|:CDK2:|:CDK4:|:CDK5:|:CDK7:|:CDK9
CTRP,CTRPv2 complete matrix output; lower response values interpreted as higher sensitivity,COAD_AXIS_177,COAD,Quercetin | CDK1/E2F4,Quercetin,CDK1,E2F4,target_class,PF-573228,12.76614472444775,0.6387867647058824,0.54296875,48,48,CDK1:|:CDK2:|:CDK7:|:GSK3B:|:IKBKB:|:PTK2
CTRP,CTRPv2 complete matrix output; lower response values interpreted as higher sensitivity,COAD_AXIS_177,COAD,Quercetin | CDK1/E2F4,Quercetin,CDK1,E2F4,target_class,N9-Isopropyl-olomoucine,12.955,0.6130514705882353,0.52109375,48,48,CCNB1:|:CDK1:|:CDK5:|:CDK5R1
CTRP,CTRPv2 complete matrix output; lower response values interpreted as higher sensitivity,COAD_AXIS_177,COAD,Quercetin | CDK1/E2F4,Quercetin,CDK1,E2F4,target_class,CHIR-99021,14.1795,0.3943014705882353,0.33515625,48,48,CDK1:|:GSK3A:|:GSK3B:|:MAPK1
CTRP,CTRPv2 complete matrix output; lower response values interpreted as higher sensitivity,COAD_AXIS_104,COAD,Deltoin | ACHE/JUN,Deltoin,ACHE,JUN,target_class,PRIMA-1,12.79299479543715,0.6369485294117647,0.54140625,48,48,ACHE:|:TP53
CTRP,CTRPv2 complete matrix output; lower response values interpreted as higher sensitivity,COAD_AXIS_105,COAD,Dihydrosanguinarine | ACHE/JUN,Dihydrosanguinarine,ACHE,JUN,target_class,PRIMA-1,12.79299479543715,0.6369485294117647,0.54140625,48,48,ACHE:|:TP53
CTRP,CTRPv2 complete matrix output; lower response values interpreted as higher sensitivity,COAD_AXIS_103,COAD,Pectolinarigenin | ACHE/JUN,Pectolinarigenin,ACHE,JUN,target_class,PRIMA-1,12.79299479543715,0.6369485294117647,0.54140625,48,48,ACHE:|:TP53
CTRP,CTRPv2 complete matrix output; lower response values interpreted as higher sensitivity,COAD_AXIS_101,COAD,Kaempferol | ACHE/JUN,Kaempferol,ACHE,JUN,target_class,PRIMA-1,12.79299479543715,0.6369485294117647,0.54140625,48,48,ACHE:|:TP53
CTRP,CTRPv2 complete matrix output; lower response values interpreted as higher sensitivity,COAD_AXIS_112,COAD,2-epigalanthamine | ACHE/JUN,2-epigalanthamine,ACHE,JUN,target_class,PRIMA-1,12.79299479543715,0.6369485294117647,0.54140625,48,48,ACHE:|:TP53
CTRP,CTRPv2 complete matrix output; lower response values interpreted as higher sensitivity,COAD_AXIS_102,COAD,Physostigmine | ACHE/JUN,Physostigmine,ACHE,JUN,target_class,PRIMA-1,12.79299479543715,0.6369485294117647,0.54140625,48,48,ACHE:|:TP53
CTRP,CTRPv2 complete matrix output; lower response values interpreted as higher sensitivity,COAD_AXIS_111,COAD,(-)-huperzine a | ACHE/JUN,(-)-huperzine a,ACHE,JUN,target_class,PRIMA-1,12.79299479543715,0.6369485294117647,0.54140625,48,48,ACHE:|:TP53
CTRP,CTRPv2 complete matrix output; lower response values interpreted as higher sensitivity,COAD_AXIS_146,COAD,Quercetin | ACHE/MYC,Quercetin,ACHE,MYC,target_class,PRIMA-1,12.79299479543715,0.6369485294117647,0.54140625,48,48,ACHE:|:TP53
CTRP,CTRPv2 complete matrix output; lower response values interpreted as higher sensitivity,COAD_AXIS_165,COAD,Berberine | ACHE/JUN,Berberine,ACHE,JUN,target_class,PRIMA-1,12.79299479543715,0.6369485294117647,0.54140625,48,48,ACHE:|:TP53
CTRP,CTRPv2 complete matrix output; lower response values interpreted as higher sensitivity,COAD_AXIS_164,COAD,Berberine chloride | ACHE/JUN,Berberine chloride,ACHE,JUN,target_class,PRIMA-1,12.79299479543715,0.6369485294117647,0.54140625,48,48,ACHE:|:TP53
CTRP,CTRPv2 complete matrix output; lower response values interpreted as higher sensitivity,COAD_AXIS_184,COAD,Kaempferol | ACHE/MYC,Kaempferol,ACHE,MYC,target_class,PRIMA-1,12.79299479543715,0.6369485294117647,0.54140625,48,48,ACHE:|:TP53
CTRP,CTRPv2 complete matrix output; lower response values interpreted as higher sensitivity,COAD_AXIS_188,COAD,Decursin | ACHE/MYC,Decursin,ACHE,MYC,target_class,PRIMA-1,12.79299479543715,0.6369485294117647,0.54140625,48,48,ACHE:|:TP53
CTRP,CTRPv2 complete matrix output; lower response values interpreted as higher sensitivity,COAD_AXIS_189,COAD,Angustidine | ACHE/MYC,Angustidine,ACHE,MYC,target_class,PRIMA-1,12.79299479543715,0.6369485294117647,0.54140625,48,48,ACHE:|:TP53
CTRP,CTRPv2 complete matrix output; lower response values interpreted as higher sensitivity,COAD_AXIS_187,COAD,"methyl (E)-2-[(2S,3Z,12bS)-3-ethylidene-2,4,6,7,12,12b-hexahydro-1H-indolo[3,2-h]quinolizin-2-yl]-3-methoxyprop-2-enoate | ACHE/MYC","methyl (E)-2-[(2S,3Z,12bS)-3-ethylidene-2,4,6,7,12,12b-hexahydro-1H-indolo[3,2-h]quinolizin-2-yl]-3-methoxyprop-2-enoate",ACHE,MYC,target_class,PRIMA-1,12.79299479543715,0.6369485294117647,0.54140625,48,48,ACHE:|:TP53
CTRP,CTRPv2 complete matrix output; lower response values interpreted as higher sensitivity,COAD_AXIS_185,COAD,Corydalmine | ACHE/MYC,Corydalmine,ACHE,MYC,target_class,PRIMA-1,12.79299479543715,0.6369485294117647,0.54140625,48,48,ACHE:|:TP53
CTRP,CTRPv2 complete matrix output; lower response values interpreted as higher sensitivity,COAD_AXIS_186,COAD,Marmesinin | ACHE/MYC,Marmesinin,ACHE,MYC,target_class,PRIMA-1,12.79299479543715,0.6369485294117647,0.54140625,48,48,ACHE:|:TP53
CTRP,CTRPv2 complete matrix output; lower response values interpreted as higher sensitivity,COAD_AXIS_169,COAD,Tanshinone iia | ACHE/MYC,Tanshinone iia,ACHE,MYC,target_class,PRIMA-1,12.79299479543715,0.6369485294117647,0.54140625,48,48,ACHE:|:TP53
CTRP,CTRPv2 complete matrix output; lower response values interpreted as higher sensitivity,COAD_AXIS_194,COAD,Corydalmine | ACHE/SP1,Corydalmine,ACHE,SP1,target_class,PRIMA-1,12.79299479543715,0.6369485294117647,0.54140625,48,48,ACHE:|:TP53
CTRP,CTRPv2 complete matrix output; lower response values interpreted as higher sensitivity,COAD_AXIS_158,COAD,Quercetin | ACHE/SP1,Quercetin,ACHE,SP1,target_class,PRIMA-1,12.79299479543715,0.6369485294117647,0.54140625,48,48,ACHE:|:TP53
CTRP,CTRPv2 complete matrix output; lower response values interpreted as higher sensitivity,COAD_AXIS_110,COAD,Physovenine | ACHE/SP1,Physovenine,ACHE,SP1,target_class,PRIMA-1,12.79299479543715,0.6369485294117647,0.54140625,48,48,ACHE:|:TP53
CTRP,CTRPv2 complete matrix output; lower response values interpreted as higher sensitivity,COAD_AXIS_172,COAD,Tanshinone iia | ACHE/SP1,Tanshinone iia,ACHE,SP1,target_class,PRIMA-1,12.79299479543715,0.6369485294117647,0.54140625,48,48,ACHE:|:TP53
CTRP,CTRPv2 complete matrix output; lower response values interpreted as higher sensitivity,COAD_AXIS_200,COAD,Pectolinarigenin | ACHE/SP1,Pectolinarigenin,ACHE,SP1,target_class,PRIMA-1,12.79299479543715,0.6369485294117647,0.54140625,48,48,ACHE:|:TP53
CTRP,CTRPv2 complete matrix output; lower response values interpreted as higher sensitivity,COAD_AXIS_195,COAD,Marmesinin | ACHE/SP1,Marmesinin,ACHE,SP1,target_class,PRIMA-1,12.79299479543715,0.6369485294117647,0.54140625,48,48,ACHE:|:TP53
CTRP,CTRPv2 complete matrix output; lower response values interpreted as higher sensitivity,COAD_AXIS_191,COAD,"methyl (E)-2-[(2S,3Z,12bS)-3-ethylidene-2,4,6,7,12,12b-hexahydro-1H-indolo[3,2-h]quinolizin-2-yl]-3-methoxyprop-2-enoate | ACHE/SP1","methyl (E)-2-[(2S,3Z,12bS)-3-ethylidene-2,4,6,7,12,12b-hexahydro-1H-indolo[3,2-h]quinolizin-2-yl]-3-methoxyprop-2-enoate",ACHE,SP1,target_class,PRIMA-1,12.79299479543715,0.6369485294117647,0.54140625,48,48,ACHE:|:TP53
CTRP,CTRPv2 complete matrix output; lower response values interpreted as higher sensitivity,COAD_AXIS_192,COAD,Angustidine | ACHE/SP1,Angustidine,ACHE,SP1,target_class,PRIMA-1,12.79299479543715,0.6369485294117647,0.54140625,48,48,ACHE:|:TP53
CTRP,CTRPv2 complete matrix output; lower response values interpreted as higher sensitivity,COAD_AXIS_193,COAD,Decursin | ACHE/SP1,Decursin,ACHE,SP1,target_class,PRIMA-1,12.79299479543715,0.6369485294117647,0.54140625,48,48,ACHE:|:TP53
CTRP,CTRPv2 complete matrix output; lower response values interpreted as higher sensitivity,COAD_AXIS_196,COAD,Kaempferol | ACHE/SP1,Kaempferol,ACHE,SP1,target_class,PRIMA-1,12.79299479543715,0.6369485294117647,0.54140625,48,48,ACHE:|:TP53
CTRP,CTRPv2 complete matrix output; lower response values interpreted as higher sensitivity,COAD_AXIS_144,COAD,Physovenine | ACHE/MYC,Physovenine,ACHE,MYC,target_class,PRIMA-1,12.79299479543715,0.6369485294117647,0.54140625,48,48,ACHE:|:TP53
CTRP,CTRPv2 complete matrix output; lower response values interpreted as higher sensitivity,COAD_AXIS_152,COAD,Quercetin | ACHE/TP53,Quercetin,ACHE,TP53,target_class,PRIMA-1,12.79299479543715,0.6369485294117647,0.54140625,48,48,ACHE:|:TP53
CTRP,CTRPv2 complete matrix output; lower response values interpreted as higher sensitivity,COAD_AXIS_152,COAD,Quercetin | ACHE/TP53,Quercetin,ACHE,TP53,tf_or_regulator_class,SCH-529074,12.584380078598251,0.6792279411764706,0.44149816176470585,48,48,TP53
CTRP,CTRPv2 complete matrix output; lower response values interpreted as higher sensitivity,COAD_AXIS_152,COAD,Quercetin | ACHE/TP53,Quercetin,ACHE,TP53,tf_or_regulator_class,PRIMA-1,12.79299479543715,0.6369485294117647,0.4140165441176471,48,48,ACHE:|:TP53
CTRP,CTRPv2 complete matrix output; lower response values interpreted as higher sensitivity,COAD_AXIS_152,COAD,Quercetin | ACHE/TP53,Quercetin,ACHE,TP53,tf_or_regulator_class,RITA,13.150500000000001,0.5799632352941176,0.3769761029411765,48,48,MDM2:|:TP53
CTRP,CTRPv2 complete matrix output; lower response values interpreted as higher sensitivity,COAD_AXIS_152,COAD,Quercetin | ACHE/TP53,Quercetin,ACHE,TP53,tf_or_regulator_class,Nutlin-3,13.4402120463293,0.5450367647058824,0.35427389705882356,48,48,MDM2:|:TP53
CTRP,CTRPv2 complete matrix output; lower response values interpreted as higher sensitivity,COAD_AXIS_152,COAD,Quercetin | ACHE/TP53,Quercetin,ACHE,TP53,tf_or_regulator_class,NSC19630,14.064336687086751,0.42371323529411764,0.27541360294117645,48,48,TP53:|:WRN
CTRP,CTRPv2 complete matrix output; lower response values interpreted as higher sensitivity,COAD_AXIS_152,COAD,Quercetin | ACHE/TP53,Quercetin,ACHE,TP53,tf_or_regulator_class,Pifithrin,14.347,0.3446691176470589,0.22403492647058829,48,48,TP53
CTRP,CTRPv2 complete matrix output; lower response values interpreted as higher sensitivity,COAD_AXIS_152,COAD,Quercetin | ACHE/TP53,Quercetin,ACHE,TP53,tf_or_regulator_class,Pifithrin-mu,14.472999999999999,0.3005514705882353,0.19535845588235293,48,48,HSPA1A:|:HSPA1B:|:HSPA1L:|:TP53
CTRP,CTRPv2 complete matrix output; lower response values interpreted as higher sensitivity,COAD_AXIS_152,COAD,Quercetin | ACHE/TP53,Quercetin,ACHE,TP53,tf_or_regulator_class,PRIMA-1-Met,14.585486964915098,0.2619485294117647,0.17026654411764708,48,48,TP53:|:TP53 activation
CTRP,CTRPv2 complete matrix output; lower response values interpreted as higher sensitivity,COAD_AXIS_152,COAD,Quercetin | ACHE/TP53,Quercetin,ACHE,TP53,tf_or_regulator_class,SJ-172550,15.0,0.05514705882352944,0.035845588235294136,48,48,MDM2:|:MDM4:|:TP53
CTRP,CTRPv2 complete matrix output; lower response values interpreted as higher sensitivity,COAD_AXIS_183,COAD,Tanshinone iia | ACHE/TP53,Tanshinone iia,ACHE,TP53,target_class,PRIMA-1,12.79299479543715,0.6369485294117647,0.54140625,48,48,ACHE:|:TP53
CTRP,CTRPv2 complete matrix output; lower response values interpreted as higher sensitivity,COAD_AXIS_183,COAD,Tanshinone iia | ACHE/TP53,Tanshinone iia,ACHE,TP53,tf_or_regulator_class,SCH-529074,12.584380078598251,0.6792279411764706,0.44149816176470585,48,48,TP53
CTRP,CTRPv2 complete matrix output; lower response values interpreted as higher sensitivity,COAD_AXIS_183,COAD,Tanshinone iia | ACHE/TP53,Tanshinone iia,ACHE,TP53,tf_or_regulator_class,PRIMA-1,12.79299479543715,0.6369485294117647,0.4140165441176471,48,48,ACHE:|:TP53
CTRP,CTRPv2 complete matrix output; lower response values interpreted as higher sensitivity,COAD_AXIS_183,COAD,Tanshinone iia | ACHE/TP53,Tanshinone iia,ACHE,TP53,tf_or_regulator_class,RITA,13.150500000000001,0.5799632352941176,0.3769761029411765,48,48,MDM2:|:TP53
CTRP,CTRPv2 complete matrix output; lower response values interpreted as higher sensitivity,COAD_AXIS_183,COAD,Tanshinone iia | ACHE/TP53,Tanshinone iia,ACHE,TP53,tf_or_regulator_class,Nutlin-3,13.4402120463293,0.5450367647058824,0.35427389705882356,48,48,MDM2:|:TP53
CTRP,CTRPv2 complete matrix output; lower response values interpreted as higher sensitivity,COAD_AXIS_183,COAD,Tanshinone iia | ACHE/TP53,Tanshinone iia,ACHE,TP53,tf_or_regulator_class,NSC19630,14.064336687086751,0.42371323529411764,0.27541360294117645,48,48,TP53:|:WRN
CTRP,CTRPv2 complete matrix output; lower response values interpreted as higher sensitivity,COAD_AXIS_183,COAD,Tanshinone iia | ACHE/TP53,Tanshinone iia,ACHE,TP53,tf_or_regulator_class,Pifithrin,14.347,0.3446691176470589,0.22403492647058829,48,48,TP53
CTRP,CTRPv2 complete matrix output; lower response values interpreted as higher sensitivity,COAD_AXIS_183,COAD,Tanshinone iia | ACHE/TP53,Tanshinone iia,ACHE,TP53,tf_or_regulator_class,Pifithrin-mu,14.472999999999999,0.3005514705882353,0.19535845588235293,48,48,HSPA1A:|:HSPA1B:|:HSPA1L:|:TP53
CTRP,CTRPv2 complete matrix output; lower response values interpreted as higher sensitivity,COAD_AXIS_183,COAD,Tanshinone iia | ACHE/TP53,Tanshinone iia,ACHE,TP53,tf_or_regulator_class,PRIMA-1-Met,14.585486964915098,0.2619485294117647,0.17026654411764708,48,48,TP53:|:TP53 activation
CTRP,CTRPv2 complete matrix output; lower response values interpreted as higher sensitivity,COAD_AXIS_183,COAD,Tanshinone iia | ACHE/TP53,Tanshinone iia,ACHE,TP53,tf_or_regulator_class,SJ-172550,15.0,0.05514705882352944,0.035845588235294136,48,48,MDM2:|:MDM4:|:TP53
CTRP,CTRPv2 complete matrix output; lower response values interpreted as higher sensitivity,COAD_AXIS_180,COAD,Hyperforin | NR1I2/CDX2,Hyperforin,NR1I2,CDX2,direct_compound,Hyperforin,13.761,0.4806985294117647,0.4806985294117647,48,48,TRPC6
CTRP,CTRPv2 complete matrix output; lower response values interpreted as higher sensitivity,COAD_AXIS_180,COAD,Hyperforin | NR1I2/CDX2,Hyperforin,NR1I2,CDX2,target_class,Docetaxel,7.589311062381276,0.9751838235294118,0.82890625,48,48,BCL2:|:MAP2:|:MAP4:|:MAPT:|:Microtubule stabiliser:|:NR1I2:|:TUBB:|:TUBB1
CTRP,CTRPv2 complete matrix output; lower response values interpreted as higher sensitivity,COAD_AXIS_180,COAD,Hyperforin | NR1I2/CDX2,Hyperforin,NR1I2,CDX2,target_class,Paclitaxel,8.6036,0.9549632352941176,0.8117187499999999,48,48,BCL2:|:MAP2:|:MAP4:|:MAPT:|:Microtubule stabiliser:|:NR1I2:|:TLR4:|:TUBB:|:TUBB1
CTRP,CTRPv2 complete matrix output; lower response values interpreted as higher sensitivity,COAD_AXIS_180,COAD,Hyperforin | NR1I2/CDX2,Hyperforin,NR1I2,CDX2,target_class,Lovastatin,12.648308412416,0.6663602941176471,0.56640625,48,48,HDAC2:|:HMGCR:|:ITGAL:|:NR1I2
CTRP,CTRPv2 complete matrix output; lower response values interpreted as higher sensitivity,COAD_AXIS_180,COAD,Hyperforin | NR1I2/CDX2,Hyperforin,NR1I2,CDX2,target_class,Erlotinib,13.119,0.5854779411764706,0.49765624999999997,48,48,EGFR:|:ERBB2:|:NR1I2
CTRP,CTRPv2 complete matrix output; lower response values interpreted as higher sensitivity,COAD_AXIS_115,COAD,Physostigmine | ACHE/TBP,Physostigmine,ACHE,TBP,target_class,PRIMA-1,12.79299479543715,0.6369485294117647,0.54140625,48,48,ACHE:|:TP53
CTRP,CTRPv2 complete matrix output; lower response values interpreted as higher sensitivity,COAD_AXIS_155,COAD,(-)-huperzine a | ACHE/TBP,(-)-huperzine a,ACHE,TBP,target_class,PRIMA-1,12.79299479543715,0.6369485294117647,0.54140625,48,48,ACHE:|:TP53
CTRP,CTRPv2 complete matrix output; lower response values interpreted as higher sensitivity,COAD_AXIS_156,COAD,2-epigalanthamine | ACHE/TBP,2-epigalanthamine,ACHE,TBP,target_class,PRIMA-1,12.79299479543715,0.6369485294117647,0.54140625,48,48,ACHE:|:TP53
CTRP,CTRPv2 complete matrix output; lower response values interpreted as higher sensitivity,COAD_AXIS_154,COAD,Quercetin | CDK1/MYB,Quercetin,CDK1,MYB,target_class,Dinaciclib,5.33015688680595,0.9972426470588235,0.8476562499999999,48,48,CDK1:|:CDK2:|:CDK5:|:CDK9
CTRP,CTRPv2 complete matrix output; lower response values interpreted as higher sensitivity,COAD_AXIS_154,COAD,Quercetin | CDK1/MYB,Quercetin,CDK1,MYB,target_class,Alvocidib,7.979519400799754,0.9678308823529411,0.82265625,48,48,CDK:|:CDK1:|:CDK2:|:CDK4:|:CDK5:|:CDK6:|:CDK7:|:CDK8:|:CDK9:|:EGFR:|:PYGM
CTRP,CTRPv2 complete matrix output; lower response values interpreted as higher sensitivity,COAD_AXIS_154,COAD,Quercetin | CDK1/MYB,Quercetin,CDK1,MYB,target_class,PHA-793887,11.983,0.7527573529411764,0.6398437499999999,48,48,CDK1:|:CDK2:|:CDK4:|:CDK5:|:CDK7:|:CDK9
CTRP,CTRPv2 complete matrix output; lower response values interpreted as higher sensitivity,COAD_AXIS_154,COAD,Quercetin | CDK1/MYB,Quercetin,CDK1,MYB,target_class,PF-573228,12.76614472444775,0.6387867647058824,0.54296875,48,48,CDK1:|:CDK2:|:CDK7:|:GSK3B:|:IKBKB:|:PTK2
CTRP,CTRPv2 complete matrix output; lower response values interpreted as higher sensitivity,COAD_AXIS_154,COAD,Quercetin | CDK1/MYB,Quercetin,CDK1,MYB,target_class,N9-Isopropyl-olomoucine,12.955,0.6130514705882353,0.52109375,48,48,CCNB1:|:CDK1:|:CDK5:|:CDK5R1
CTRP,CTRPv2 complete matrix output; lower response values interpreted as higher sensitivity,COAD_AXIS_154,COAD,Quercetin | CDK1/MYB,Quercetin,CDK1,MYB,target_class,CHIR-99021,14.1795,0.3943014705882353,0.33515625,48,48,CDK1:|:GSK3A:|:GSK3B:|:MAPK1
CTRP,CTRPv2 complete matrix output; lower response values interpreted as higher sensitivity,COAD_AXIS_166,COAD,Physovenine | ACHE/SP3,Physovenine,ACHE,SP3,target_class,PRIMA-1,12.79299479543715,0.6369485294117647,0.54140625,48,48,ACHE:|:TP53
CTRP,CTRPv2 complete matrix output; lower response values interpreted as higher sensitivity,COAD_AXIS_162,COAD,Physovenine | ACHE/AP1,Physovenine,ACHE,AP1,target_class,PRIMA-1,12.79299479543715,0.6369485294117647,0.54140625,48,48,ACHE:|:TP53
CTRP,CTRPv2 complete matrix output; lower response values interpreted as higher sensitivity,LIHC_AXIS_092,LIHC,"4',5-Dihydroxyflavone | AR/HDAC1","4',5-Dihydroxyflavone",AR,HDAC1,tf_or_regulator_class,Panobinostat,5.7998,0.9972426470588235,0.6482077205882353,22,22,HDAC:|:HDAC1:|:HDAC2:|:HDAC3:|:HDAC4:|:HDAC6:|:HDAC7:|:HDAC8:|:HDAC9
CTRP,CTRPv2 complete matrix output; lower response values interpreted as higher sensitivity,LIHC_AXIS_092,LIHC,"4',5-Dihydroxyflavone | AR/HDAC1","4',5-Dihydroxyflavone",AR,HDAC1,tf_or_regulator_class,Belinostat,10.219000000000001,0.9126838235294118,0.5932444852941177,22,22,HDAC1:|:HDAC10:|:HDAC11:|:HDAC2:|:HDAC3:|:HDAC4:|:HDAC5:|:HDAC6:|:HDAC7:|:HDAC8:|:HDAC9
CTRP,CTRPv2 complete matrix output; lower response values interpreted as higher sensitivity,LIHC_AXIS_092,LIHC,"4',5-Dihydroxyflavone | AR/HDAC1","4',5-Dihydroxyflavone",AR,HDAC1,tf_or_regulator_class,Apicidin,10.706,0.8924632352941176,0.5801011029411764,22,22,HDAC1:|:HDAC2:|:HDAC3:|:HDAC6:|:HDAC8
CTRP,CTRPv2 complete matrix output; lower response values interpreted as higher sensitivity,LIHC_AXIS_092,LIHC,"4',5-Dihydroxyflavone | AR/HDAC1","4',5-Dihydroxyflavone",AR,HDAC1,tf_or_regulator_class,Entinostat,11.591,0.828125,0.53828125,22,22,HDAC1:|:HDAC2:|:HDAC3:|:HDAC6:|:HDAC8:|:HDAC9
CTRP,CTRPv2 complete matrix output; lower response values interpreted as higher sensitivity,LIHC_AXIS_092,LIHC,"4',5-Dihydroxyflavone | AR/HDAC1","4',5-Dihydroxyflavone",AR,HDAC1,tf_or_regulator_class,Vorinostat,12.248487511537949,0.7601102941176471,0.4940716911764706,22,22,HDAC inhibitor Class I:|:HDAC1:|:HDAC10:|:HDAC11:|:HDAC2:|:HDAC3:|:HDAC5:|:HDAC6:|:HDAC8:|:HDAC9:|:IIa:|:IIb:|:IV
CTRP,CTRPv2 complete matrix output; lower response values interpreted as higher sensitivity,LIHC_AXIS_092,LIHC,"4',5-Dihydroxyflavone | AR/HDAC1","4',5-Dihydroxyflavone",AR,HDAC1,tf_or_regulator_class,CAY10603,12.3355,0.7435661764705883,0.4833180147058824,22,22,HDAC1:|:HDAC6
CTRP,CTRPv2 complete matrix output; lower response values interpreted as higher sensitivity,LIHC_AXIS_092,LIHC,"4',5-Dihydroxyflavone | AR/HDAC1","4',5-Dihydroxyflavone",AR,HDAC1,tf_or_regulator_class,Merck60,13.362,0.5744485294117647,0.3733915441176471,22,22,HDAC1:|:HDAC2
CTRP,CTRPv2 complete matrix output; lower response values interpreted as higher sensitivity,LIHC_AXIS_092,LIHC,"4',5-Dihydroxyflavone | AR/HDAC1","4',5-Dihydroxyflavone",AR,HDAC1,tf_or_regulator_class,BRD-A94377914,13.55583488014105,0.5376838235294117,0.3494944852941176,22,22,HDAC1:|:HDAC2:|:HDAC3:|:HDAC6:|:HDAC8
CTRP,CTRPv2 complete matrix output; lower response values interpreted as higher sensitivity,LIHC_AXIS_092,LIHC,"4',5-Dihydroxyflavone | AR/HDAC1","4',5-Dihydroxyflavone",AR,HDAC1,tf_or_regulator_class,Parthenolide,13.648,0.515625,0.33515625,22,22,HDAC1
CTRP,CTRPv2 complete matrix output; lower response values interpreted as higher sensitivity,LIHC_AXIS_092,LIHC,"4',5-Dihydroxyflavone | AR/HDAC1","4',5-Dihydroxyflavone",AR,HDAC1,tf_or_regulator_class,BRD-K66532283,13.74889390672725,0.5027573529411764,0.3267922794117647,22,22,HDAC1:|:HDAC2
CTRP,CTRPv2 complete matrix output; lower response values interpreted as higher sensitivity,LIHC_AXIS_092,LIHC,"4',5-Dihydroxyflavone | AR/HDAC1","4',5-Dihydroxyflavone",AR,HDAC1,tf_or_regulator_class,Tacedinaline,13.972999999999999,0.4568014705882353,0.29692095588235295,22,22,HDAC1:|:HDAC2:|:HDAC3:|:HDAC6:|:HDAC8
CTRP,CTRPv2 complete matrix output; lower response values interpreted as higher sensitivity,LIHC_AXIS_092,LIHC,"4',5-Dihydroxyflavone | AR/HDAC1","4',5-Dihydroxyflavone",AR,HDAC1,tf_or_regulator_class,BRD-K80183349,14.315000000000001,0.3740808823529411,0.24315257352941175,22,22,HDAC1:|:HDAC2
CTRP,CTRPv2 complete matrix output; lower response values interpreted as higher sensitivity,LIHC_AXIS_002,LIHC,Indirubin | AHR/NR1H3,Indirubin,AHR,NR1H3,target_class,StemRegenin 1,14.037500000000001,0.44209558823529416,0.37578125,22,22,AHR
CTRP,CTRPv2 complete matrix output; lower response values interpreted as higher sensitivity,LIHC_AXIS_002,LIHC,Indirubin | AHR/NR1H3,Indirubin,AHR,NR1H3,target_class,VAF-347,14.660326926036849,0.22702205882352944,0.19296875000000002,22,22,AHR
CTRP,CTRPv2 complete matrix output; lower response values interpreted as higher sensitivity,LIHC_AXIS_020,LIHC,Quercetin | MMP1/EWSR1,Quercetin,MMP1,EWSR1,tf_or_regulator_class,YK-4-279,13.035499999999999,0.6341911764705883,0.4122242647058824,22,22,DHX9:|:ERG:|:ETV1:|:EWSR1:|:FLI1:|:RNA helicase A
CTRP,CTRPv2 complete matrix output; lower response values interpreted as higher sensitivity,LIHC_AXIS_006,LIHC,Kaempferol | AHR/NR1H3,Kaempferol,AHR,NR1H3,target_class,StemRegenin 1,14.037500000000001,0.44209558823529416,0.37578125,22,22,AHR
CTRP,CTRPv2 complete matrix output; lower response values interpreted as higher sensitivity,LIHC_AXIS_006,LIHC,Kaempferol | AHR/NR1H3,Kaempferol,AHR,NR1H3,target_class,VAF-347,14.660326926036849,0.22702205882352944,0.19296875000000002,22,22,AHR
CTRP,CTRPv2 complete matrix output; lower response values interpreted as higher sensitivity,LIHC_AXIS_068,LIHC,Quercetin | MMP1/CTNNB1,Quercetin,MMP1,CTNNB1,tf_or_regulator_class,BRD1812,13.2510682786585,0.5873161764705883,0.3817555147058824,22,22,CTNNB1
CTRP,CTRPv2 complete matrix output; lower response values interpreted as higher sensitivity,LIHC_AXIS_026,LIHC,Luteolin | MMP1/EWSR1,Luteolin,MMP1,EWSR1,tf_or_regulator_class,YK-4-279,13.035499999999999,0.6341911764705883,0.4122242647058824,22,22,DHX9:|:ERG:|:ETV1:|:EWSR1:|:FLI1:|:RNA helicase A
CTRP,CTRPv2 complete matrix output; lower response values interpreted as higher sensitivity,LIHC_AXIS_025,LIHC,Kaempferol | MMP1/EWSR1,Kaempferol,MMP1,EWSR1,tf_or_regulator_class,YK-4-279,13.035499999999999,0.6341911764705883,0.4122242647058824,22,22,DHX9:|:ERG:|:ETV1:|:EWSR1:|:FLI1:|:RNA helicase A
CTRP,CTRPv2 complete matrix output; lower response values interpreted as higher sensitivity,LIHC_AXIS_030,LIHC,(-)-epigallocatechin-3-gallate | MMP1/EWSR1,(-)-epigallocatechin-3-gallate,MMP1,EWSR1,tf_or_regulator_class,YK-4-279,13.035499999999999,0.6341911764705883,0.4122242647058824,22,22,DHX9:|:ERG:|:ETV1:|:EWSR1:|:FLI1:|:RNA helicase A
CTRP,CTRPv2 complete matrix output; lower response values interpreted as higher sensitivity,LIHC_AXIS_084,LIHC,Kaempferol | MMP1/CTNNB1,Kaempferol,MMP1,CTNNB1,tf_or_regulator_class,BRD1812,13.2510682786585,0.5873161764705883,0.3817555147058824,22,22,CTNNB1
CTRP,CTRPv2 complete matrix output; lower response values interpreted as higher sensitivity,LIHC_AXIS_083,LIHC,Luteolin | MMP1/CTNNB1,Luteolin,MMP1,CTNNB1,tf_or_regulator_class,BRD1812,13.2510682786585,0.5873161764705883,0.3817555147058824,22,22,CTNNB1
CTRP,CTRPv2 complete matrix output; lower response values interpreted as higher sensitivity,LIHC_AXIS_089,LIHC,(-)-epigallocatechin-3-gallate | MMP1/CTNNB1,(-)-epigallocatechin-3-gallate,MMP1,CTNNB1,tf_or_regulator_class,BRD1812,13.2510682786585,0.5873161764705883,0.3817555147058824,22,22,CTNNB1
CTRP,CTRPv2 complete matrix output; lower response values interpreted as higher sensitivity,LIHC_AXIS_047,LIHC,Artemisinin | CYP2B6/NR1I3,Artemisinin,CYP2B6,NR1I3,target_class,Ifosfamide,14.91582437331305,0.10569852941176472,0.08984375000000001,22,22,CYP2A6:|:CYP2B6:|:CYP2C18:|:CYP2C19:|:CYP2C8:|:CYP2C9:|:CYP3A4:|:CYP3A5:|:CYP3A7:|:PTGS1
CTRP,CTRPv2 complete matrix output; lower response values interpreted as higher sensitivity,LIHC_AXIS_047,LIHC,Artemisinin | CYP2B6/NR1I3,Artemisinin,CYP2B6,NR1I3,target_class,Cyclophosphamide,14.92823518083075,0.10202205882352944,0.08671875000000002,22,22,Alkylating agent:|:CYP2A6:|:CYP2B6:|:CYP2C18:|:CYP2C19:|:CYP2C8:|:CYP2C9:|:CYP2D6:|:CYP3A4:|:CYP3A5:|:CYP3A7
CTRP,CTRPv2 complete matrix output; lower response values interpreted as higher sensitivity,LIHC_AXIS_040,LIHC,Eckol | BACE1/CTNNB1,Eckol,BACE1,CTNNB1,tf_or_regulator_class,BRD1812,13.2510682786585,0.5873161764705883,0.3817555147058824,22,22,CTNNB1
CTRP,CTRPv2 complete matrix output; lower response values interpreted as higher sensitivity,LIHC_AXIS_003,LIHC,Hyperforin | NR1I2/NR1I3,Hyperforin,NR1I2,NR1I3,direct_compound,Hyperforin,14.008500000000002,0.453125,0.453125,22,22,TRPC6
CTRP,CTRPv2 complete matrix output; lower response values interpreted as higher sensitivity,LIHC_AXIS_003,LIHC,Hyperforin | NR1I2/NR1I3,Hyperforin,NR1I2,NR1I3,target_class,Paclitaxel,7.6732499999999995,0.9898897058823529,0.8414062499999999,22,22,BCL2:|:MAP2:|:MAP4:|:MAPT:|:Microtubule stabiliser:|:NR1I2:|:TLR4:|:TUBB:|:TUBB1
CTRP,CTRPv2 complete matrix output; lower response values interpreted as higher sensitivity,LIHC_AXIS_003,LIHC,Hyperforin | NR1I2/NR1I3,Hyperforin,NR1I2,NR1I3,target_class,Docetaxel,8.124166869084279,0.9788602941176471,0.83203125,22,22,BCL2:|:MAP2:|:MAP4:|:MAPT:|:Microtubule stabiliser:|:NR1I2:|:TUBB:|:TUBB1
CTRP,CTRPv2 complete matrix output; lower response values interpreted as higher sensitivity,LIHC_AXIS_003,LIHC,Hyperforin | NR1I2/NR1I3,Hyperforin,NR1I2,NR1I3,target_class,Lovastatin,11.682500000000001,0.8189338235294118,0.69609375,22,22,HDAC2:|:HMGCR:|:ITGAL:|:NR1I2
CTRP,CTRPv2 complete matrix output; lower response values interpreted as higher sensitivity,LIHC_AXIS_003,LIHC,Hyperforin | NR1I2/NR1I3,Hyperforin,NR1I2,NR1I3,target_class,Erlotinib,13.936,0.46415441176470584,0.39453124999999994,22,22,EGFR:|:ERBB2:|:NR1I2
CTRP,CTRPv2 complete matrix output; lower response values interpreted as higher sensitivity,LIHC_AXIS_027,LIHC,Quercetin | CDK1/KLF5,Quercetin,CDK1,KLF5,target_class,Dinaciclib,6.55195,0.9935661764705882,0.84453125,22,22,CDK1:|:CDK2:|:CDK5:|:CDK9
CTRP,CTRPv2 complete matrix output; lower response values interpreted as higher sensitivity,LIHC_AXIS_027,LIHC,Quercetin | CDK1/KLF5,Quercetin,CDK1,KLF5,target_class,Alvocidib,8.60288343763979,0.9659926470588235,0.82109375,22,22,CDK:|:CDK1:|:CDK2:|:CDK4:|:CDK5:|:CDK6:|:CDK7:|:CDK8:|:CDK9:|:EGFR:|:PYGM
CTRP,CTRPv2 complete matrix output; lower response values interpreted as higher sensitivity,LIHC_AXIS_027,LIHC,Quercetin | CDK1/KLF5,Quercetin,CDK1,KLF5,target_class,PHA-793887,12.9665,0.6443014705882353,0.54765625,22,22,CDK1:|:CDK2:|:CDK4:|:CDK5:|:CDK7:|:CDK9
CTRP,CTRPv2 complete matrix output; lower response values interpreted as higher sensitivity,LIHC_AXIS_027,LIHC,Quercetin | CDK1/KLF5,Quercetin,CDK1,KLF5,target_class,PF-573228,13.23538943803985,0.5946691176470589,0.50546875,22,22,CDK1:|:CDK2:|:CDK7:|:GSK3B:|:IKBKB:|:PTK2
CTRP,CTRPv2 complete matrix output; lower response values interpreted as higher sensitivity,LIHC_AXIS_027,LIHC,Quercetin | CDK1/KLF5,Quercetin,CDK1,KLF5,target_class,N9-Isopropyl-olomoucine,13.54,0.5395220588235294,0.45859375,22,22,CCNB1:|:CDK1:|:CDK5:|:CDK5R1
CTRP,CTRPv2 complete matrix output; lower response values interpreted as higher sensitivity,LIHC_AXIS_027,LIHC,Quercetin | CDK1/KLF5,Quercetin,CDK1,KLF5,target_class,CHIR-99021,14.441500000000001,0.3336397058823529,0.28359375,22,22,CDK1:|:GSK3A:|:GSK3B:|:MAPK1
CTRP,CTRPv2 complete matrix output; lower response values interpreted as higher sensitivity,LIHC_AXIS_027,LIHC,Quercetin | CDK1/KLF5,Quercetin,CDK1,KLF5,tf_or_regulator_class,CID-5951923,14.4905,0.31709558823529416,0.2061121323529412,22,22,KLF5
CTRP,CTRPv2 complete matrix output; lower response values interpreted as higher sensitivity,LIHC_AXIS_051,LIHC,Quercetin | CDK1/SP1,Quercetin,CDK1,SP1,target_class,Dinaciclib,6.55195,0.9935661764705882,0.84453125,22,22,CDK1:|:CDK2:|:CDK5:|:CDK9
CTRP,CTRPv2 complete matrix output; lower response values interpreted as higher sensitivity,LIHC_AXIS_051,LIHC,Quercetin | CDK1/SP1,Quercetin,CDK1,SP1,target_class,Alvocidib,8.60288343763979,0.9659926470588235,0.82109375,22,22,CDK:|:CDK1:|:CDK2:|:CDK4:|:CDK5:|:CDK6:|:CDK7:|:CDK8:|:CDK9:|:EGFR:|:PYGM
CTRP,CTRPv2 complete matrix output; lower response values interpreted as higher sensitivity,LIHC_AXIS_051,LIHC,Quercetin | CDK1/SP1,Quercetin,CDK1,SP1,target_class,PHA-793887,12.9665,0.6443014705882353,0.54765625,22,22,CDK1:|:CDK2:|:CDK4:|:CDK5:|:CDK7:|:CDK9
CTRP,CTRPv2 complete matrix output; lower response values interpreted as higher sensitivity,LIHC_AXIS_051,LIHC,Quercetin | CDK1/SP1,Quercetin,CDK1,SP1,target_class,PF-573228,13.23538943803985,0.5946691176470589,0.50546875,22,22,CDK1:|:CDK2:|:CDK7:|:GSK3B:|:IKBKB:|:PTK2
CTRP,CTRPv2 complete matrix output; lower response values interpreted as higher sensitivity,LIHC_AXIS_051,LIHC,Quercetin | CDK1/SP1,Quercetin,CDK1,SP1,target_class,N9-Isopropyl-olomoucine,13.54,0.5395220588235294,0.45859375,22,22,CCNB1:|:CDK1:|:CDK5:|:CDK5R1
CTRP,CTRPv2 complete matrix output; lower response values interpreted as higher sensitivity,LIHC_AXIS_051,LIHC,Quercetin | CDK1/SP1,Quercetin,CDK1,SP1,target_class,CHIR-99021,14.441500000000001,0.3336397058823529,0.28359375,22,22,CDK1:|:GSK3A:|:GSK3B:|:MAPK1
CTRP,CTRPv2 complete matrix output; lower response values interpreted as higher sensitivity,LIHC_AXIS_028,LIHC,Quercetin | CDK1/NFYA,Quercetin,CDK1,NFYA,target_class,Dinaciclib,6.55195,0.9935661764705882,0.84453125,22,22,CDK1:|:CDK2:|:CDK5:|:CDK9
CTRP,CTRPv2 complete matrix output; lower response values interpreted as higher sensitivity,LIHC_AXIS_028,LIHC,Quercetin | CDK1/NFYA,Quercetin,CDK1,NFYA,target_class,Alvocidib,8.60288343763979,0.9659926470588235,0.82109375,22,22,CDK:|:CDK1:|:CDK2:|:CDK4:|:CDK5:|:CDK6:|:CDK7:|:CDK8:|:CDK9:|:EGFR:|:PYGM
CTRP,CTRPv2 complete matrix output; lower response values interpreted as higher sensitivity,LIHC_AXIS_028,LIHC,Quercetin | CDK1/NFYA,Quercetin,CDK1,NFYA,target_class,PHA-793887,12.9665,0.6443014705882353,0.54765625,22,22,CDK1:|:CDK2:|:CDK4:|:CDK5:|:CDK7:|:CDK9
CTRP,CTRPv2 complete matrix output; lower response values interpreted as higher sensitivity,LIHC_AXIS_028,LIHC,Quercetin | CDK1/NFYA,Quercetin,CDK1,NFYA,target_class,PF-573228,13.23538943803985,0.5946691176470589,0.50546875,22,22,CDK1:|:CDK2:|:CDK7:|:GSK3B:|:IKBKB:|:PTK2
CTRP,CTRPv2 complete matrix output; lower response values interpreted as higher sensitivity,LIHC_AXIS_028,LIHC,Quercetin | CDK1/NFYA,Quercetin,CDK1,NFYA,target_class,N9-Isopropyl-olomoucine,13.54,0.5395220588235294,0.45859375,22,22,CCNB1:|:CDK1:|:CDK5:|:CDK5R1
CTRP,CTRPv2 complete matrix output; lower response values interpreted as higher sensitivity,LIHC_AXIS_028,LIHC,Quercetin | CDK1/NFYA,Quercetin,CDK1,NFYA,target_class,CHIR-99021,14.441500000000001,0.3336397058823529,0.28359375,22,22,CDK1:|:GSK3A:|:GSK3B:|:MAPK1
CTRP,CTRPv2 complete matrix output; lower response values interpreted as higher sensitivity,LIHC_AXIS_022,LIHC,Indirubin | CDK1/E2F1,Indirubin,CDK1,E2F1,target_class,Dinaciclib,6.55195,0.9935661764705882,0.84453125,22,22,CDK1:|:CDK2:|:CDK5:|:CDK9
CTRP,CTRPv2 complete matrix output; lower response values interpreted as higher sensitivity,LIHC_AXIS_022,LIHC,Indirubin | CDK1/E2F1,Indirubin,CDK1,E2F1,target_class,Alvocidib,8.60288343763979,0.9659926470588235,0.82109375,22,22,CDK:|:CDK1:|:CDK2:|:CDK4:|:CDK5:|:CDK6:|:CDK7:|:CDK8:|:CDK9:|:EGFR:|:PYGM
CTRP,CTRPv2 complete matrix output; lower response values interpreted as higher sensitivity,LIHC_AXIS_022,LIHC,Indirubin | CDK1/E2F1,Indirubin,CDK1,E2F1,target_class,PHA-793887,12.9665,0.6443014705882353,0.54765625,22,22,CDK1:|:CDK2:|:CDK4:|:CDK5:|:CDK7:|:CDK9
CTRP,CTRPv2 complete matrix output; lower response values interpreted as higher sensitivity,LIHC_AXIS_022,LIHC,Indirubin | CDK1/E2F1,Indirubin,CDK1,E2F1,target_class,PF-573228,13.23538943803985,0.5946691176470589,0.50546875,22,22,CDK1:|:CDK2:|:CDK7:|:GSK3B:|:IKBKB:|:PTK2
CTRP,CTRPv2 complete matrix output; lower response values interpreted as higher sensitivity,LIHC_AXIS_022,LIHC,Indirubin | CDK1/E2F1,Indirubin,CDK1,E2F1,target_class,N9-Isopropyl-olomoucine,13.54,0.5395220588235294,0.45859375,22,22,CCNB1:|:CDK1:|:CDK5:|:CDK5R1
CTRP,CTRPv2 complete matrix output; lower response values interpreted as higher sensitivity,LIHC_AXIS_022,LIHC,Indirubin | CDK1/E2F1,Indirubin,CDK1,E2F1,target_class,CHIR-99021,14.441500000000001,0.3336397058823529,0.28359375,22,22,CDK1:|:GSK3A:|:GSK3B:|:MAPK1
CTRP,CTRPv2 complete matrix output; lower response values interpreted as higher sensitivity,LIHC_AXIS_090,LIHC,Triptolide | PTGS2/NR1H3,Triptolide,PTGS2,NR1H3,direct_compound,Triptolide,12.539,0.7159926470588236,0.7159926470588236,22,22,RELA
CTRP,CTRPv2 complete matrix output; lower response values interpreted as higher sensitivity,LIHC_AXIS_090,LIHC,Triptolide | PTGS2/NR1H3,Triptolide,PTGS2,NR1H3,target_class,Curcumin,12.1105,0.7766544117647058,0.66015625,22,22,APP:|:CA1:|:CA12:|:CA14:|:CA2:|:CA4:|:CA6:|:CA9:|:CYP3A4:|:DNMT3B:|:EP300:|:MMP13:|:MMP9:|:NOS2:|:PTGS1:|:PTGS2:|:XDH
CTRP,CTRPv2 complete matrix output; lower response values interpreted as higher sensitivity,LIHC_AXIS_090,LIHC,Triptolide | PTGS2/NR1H3,Triptolide,PTGS2,NR1H3,target_class,Valdecoxib,13.068208054111949,0.6277573529411764,0.53359375,22,22,CA12:|:PTGS2
CTRP,CTRPv2 complete matrix output; lower response values interpreted as higher sensitivity,LIHC_AXIS_090,LIHC,Triptolide | PTGS2/NR1H3,Triptolide,PTGS2,NR1H3,target_class,Thalidomide,14.482089979396001,0.3189338235294118,0.27109375,22,22,CRBN:|:FGFR2:|:NFKB1:|:ORM1:|:ORM2:|:PTGS2:|:TNF
CTRP,CTRPv2 complete matrix output; lower response values interpreted as higher sensitivity,LIHC_AXIS_082,LIHC,Indirubin | CDK1/SP1,Indirubin,CDK1,SP1,target_class,Dinaciclib,6.55195,0.9935661764705882,0.84453125,22,22,CDK1:|:CDK2:|:CDK5:|:CDK9
CTRP,CTRPv2 complete matrix output; lower response values interpreted as higher sensitivity,LIHC_AXIS_082,LIHC,Indirubin | CDK1/SP1,Indirubin,CDK1,SP1,target_class,Alvocidib,8.60288343763979,0.9659926470588235,0.82109375,22,22,CDK:|:CDK1:|:CDK2:|:CDK4:|:CDK5:|:CDK6:|:CDK7:|:CDK8:|:CDK9:|:EGFR:|:PYGM
CTRP,CTRPv2 complete matrix output; lower response values interpreted as higher sensitivity,LIHC_AXIS_082,LIHC,Indirubin | CDK1/SP1,Indirubin,CDK1,SP1,target_class,PHA-793887,12.9665,0.6443014705882353,0.54765625,22,22,CDK1:|:CDK2:|:CDK4:|:CDK5:|:CDK7:|:CDK9
CTRP,CTRPv2 complete matrix output; lower response values interpreted as higher sensitivity,LIHC_AXIS_082,LIHC,Indirubin | CDK1/SP1,Indirubin,CDK1,SP1,target_class,PF-573228,13.23538943803985,0.5946691176470589,0.50546875,22,22,CDK1:|:CDK2:|:CDK7:|:GSK3B:|:IKBKB:|:PTK2
CTRP,CTRPv2 complete matrix output; lower response values interpreted as higher sensitivity,LIHC_AXIS_082,LIHC,Indirubin | CDK1/SP1,Indirubin,CDK1,SP1,target_class,N9-Isopropyl-olomoucine,13.54,0.5395220588235294,0.45859375,22,22,CCNB1:|:CDK1:|:CDK5:|:CDK5R1
CTRP,CTRPv2 complete matrix output; lower response values interpreted as higher sensitivity,LIHC_AXIS_082,LIHC,Indirubin | CDK1/SP1,Indirubin,CDK1,SP1,target_class,CHIR-99021,14.441500000000001,0.3336397058823529,0.28359375,22,22,CDK1:|:GSK3A:|:GSK3B:|:MAPK1
CTRP,CTRPv2 complete matrix output; lower response values interpreted as higher sensitivity,LIHC_AXIS_097,LIHC,Beta-naphthoflavone | AHR/NR1H3,Beta-naphthoflavone,AHR,NR1H3,target_class,StemRegenin 1,14.037500000000001,0.44209558823529416,0.37578125,22,22,AHR
CTRP,CTRPv2 complete matrix output; lower response values interpreted as higher sensitivity,LIHC_AXIS_097,LIHC,Beta-naphthoflavone | AHR/NR1H3,Beta-naphthoflavone,AHR,NR1H3,target_class,VAF-347,14.660326926036849,0.22702205882352944,0.19296875000000002,22,22,AHR
CTRP,CTRPv2 complete matrix output; lower response values interpreted as higher sensitivity,LIHC_AXIS_054,LIHC,Indirubin | CDK1/KLF5,Indirubin,CDK1,KLF5,target_class,Dinaciclib,6.55195,0.9935661764705882,0.84453125,22,22,CDK1:|:CDK2:|:CDK5:|:CDK9
CTRP,CTRPv2 complete matrix output; lower response values interpreted as higher sensitivity,LIHC_AXIS_054,LIHC,Indirubin | CDK1/KLF5,Indirubin,CDK1,KLF5,target_class,Alvocidib,8.60288343763979,0.9659926470588235,0.82109375,22,22,CDK:|:CDK1:|:CDK2:|:CDK4:|:CDK5:|:CDK6:|:CDK7:|:CDK8:|:CDK9:|:EGFR:|:PYGM
CTRP,CTRPv2 complete matrix output; lower response values interpreted as higher sensitivity,LIHC_AXIS_054,LIHC,Indirubin | CDK1/KLF5,Indirubin,CDK1,KLF5,target_class,PHA-793887,12.9665,0.6443014705882353,0.54765625,22,22,CDK1:|:CDK2:|:CDK4:|:CDK5:|:CDK7:|:CDK9
CTRP,CTRPv2 complete matrix output; lower response values interpreted as higher sensitivity,LIHC_AXIS_054,LIHC,Indirubin | CDK1/KLF5,Indirubin,CDK1,KLF5,target_class,PF-573228,13.23538943803985,0.5946691176470589,0.50546875,22,22,CDK1:|:CDK2:|:CDK7:|:GSK3B:|:IKBKB:|:PTK2
CTRP,CTRPv2 complete matrix output; lower response values interpreted as higher sensitivity,LIHC_AXIS_054,LIHC,Indirubin | CDK1/KLF5,Indirubin,CDK1,KLF5,target_class,N9-Isopropyl-olomoucine,13.54,0.5395220588235294,0.45859375,22,22,CCNB1:|:CDK1:|:CDK5:|:CDK5R1
CTRP,CTRPv2 complete matrix output; lower response values interpreted as higher sensitivity,LIHC_AXIS_054,LIHC,Indirubin | CDK1/KLF5,Indirubin,CDK1,KLF5,target_class,CHIR-99021,14.441500000000001,0.3336397058823529,0.28359375,22,22,CDK1:|:GSK3A:|:GSK3B:|:MAPK1
CTRP,CTRPv2 complete matrix output; lower response values interpreted as higher sensitivity,LIHC_AXIS_054,LIHC,Indirubin | CDK1/KLF5,Indirubin,CDK1,KLF5,tf_or_regulator_class,CID-5951923,14.4905,0.31709558823529416,0.2061121323529412,22,22,KLF5
CTRP,CTRPv2 complete matrix output; lower response values interpreted as higher sensitivity,LIHC_AXIS_024,LIHC,Baicalein | CDK1/E2F1,Baicalein,CDK1,E2F1,target_class,Dinaciclib,6.55195,0.9935661764705882,0.84453125,22,22,CDK1:|:CDK2:|:CDK5:|:CDK9
CTRP,CTRPv2 complete matrix output; lower response values interpreted as higher sensitivity,LIHC_AXIS_024,LIHC,Baicalein | CDK1/E2F1,Baicalein,CDK1,E2F1,target_class,Alvocidib,8.60288343763979,0.9659926470588235,0.82109375,22,22,CDK:|:CDK1:|:CDK2:|:CDK4:|:CDK5:|:CDK6:|:CDK7:|:CDK8:|:CDK9:|:EGFR:|:PYGM
CTRP,CTRPv2 complete matrix output; lower response values interpreted as higher sensitivity,LIHC_AXIS_024,LIHC,Baicalein | CDK1/E2F1,Baicalein,CDK1,E2F1,target_class,PHA-793887,12.9665,0.6443014705882353,0.54765625,22,22,CDK1:|:CDK2:|:CDK4:|:CDK5:|:CDK7:|:CDK9
CTRP,CTRPv2 complete matrix output; lower response values interpreted as higher sensitivity,LIHC_AXIS_024,LIHC,Baicalein | CDK1/E2F1,Baicalein,CDK1,E2F1,target_class,PF-573228,13.23538943803985,0.5946691176470589,0.50546875,22,22,CDK1:|:CDK2:|:CDK7:|:GSK3B:|:IKBKB:|:PTK2
CTRP,CTRPv2 complete matrix output; lower response values interpreted as higher sensitivity,LIHC_AXIS_024,LIHC,Baicalein | CDK1/E2F1,Baicalein,CDK1,E2F1,target_class,N9-Isopropyl-olomoucine,13.54,0.5395220588235294,0.45859375,22,22,CCNB1:|:CDK1:|:CDK5:|:CDK5R1
CTRP,CTRPv2 complete matrix output; lower response values interpreted as higher sensitivity,LIHC_AXIS_024,LIHC,Baicalein | CDK1/E2F1,Baicalein,CDK1,E2F1,target_class,CHIR-99021,14.441500000000001,0.3336397058823529,0.28359375,22,22,CDK1:|:GSK3A:|:GSK3B:|:MAPK1
CTRP,CTRPv2 complete matrix output; lower response values interpreted as higher sensitivity,LIHC_AXIS_023,LIHC,Quercetin | CDK1/E2F1,Quercetin,CDK1,E2F1,target_class,Dinaciclib,6.55195,0.9935661764705882,0.84453125,22,22,CDK1:|:CDK2:|:CDK5:|:CDK9
CTRP,CTRPv2 complete matrix output; lower response values interpreted as higher sensitivity,LIHC_AXIS_023,LIHC,Quercetin | CDK1/E2F1,Quercetin,CDK1,E2F1,target_class,Alvocidib,8.60288343763979,0.9659926470588235,0.82109375,22,22,CDK:|:CDK1:|:CDK2:|:CDK4:|:CDK5:|:CDK6:|:CDK7:|:CDK8:|:CDK9:|:EGFR:|:PYGM
CTRP,CTRPv2 complete matrix output; lower response values interpreted as higher sensitivity,LIHC_AXIS_023,LIHC,Quercetin | CDK1/E2F1,Quercetin,CDK1,E2F1,target_class,PHA-793887,12.9665,0.6443014705882353,0.54765625,22,22,CDK1:|:CDK2:|:CDK4:|:CDK5:|:CDK7:|:CDK9
CTRP,CTRPv2 complete matrix output; lower response values interpreted as higher sensitivity,LIHC_AXIS_023,LIHC,Quercetin | CDK1/E2F1,Quercetin,CDK1,E2F1,target_class,PF-573228,13.23538943803985,0.5946691176470589,0.50546875,22,22,CDK1:|:CDK2:|:CDK7:|:GSK3B:|:IKBKB:|:PTK2
CTRP,CTRPv2 complete matrix output; lower response values interpreted as higher sensitivity,LIHC_AXIS_023,LIHC,Quercetin | CDK1/E2F1,Quercetin,CDK1,E2F1,target_class,N9-Isopropyl-olomoucine,13.54,0.5395220588235294,0.45859375,22,22,CCNB1:|:CDK1:|:CDK5:|:CDK5R1
CTRP,CTRPv2 complete matrix output; lower response values interpreted as higher sensitivity,LIHC_AXIS_023,LIHC,Quercetin | CDK1/E2F1,Quercetin,CDK1,E2F1,target_class,CHIR-99021,14.441500000000001,0.3336397058823529,0.28359375,22,22,CDK1:|:GSK3A:|:GSK3B:|:MAPK1
CTRP,CTRPv2 complete matrix output; lower response values interpreted as higher sensitivity,LIHC_AXIS_032,LIHC,Quercetin | CDK1/E2F4,Quercetin,CDK1,E2F4,target_class,Dinaciclib,6.55195,0.9935661764705882,0.84453125,22,22,CDK1:|:CDK2:|:CDK5:|:CDK9
CTRP,CTRPv2 complete matrix output; lower response values interpreted as higher sensitivity,LIHC_AXIS_032,LIHC,Quercetin | CDK1/E2F4,Quercetin,CDK1,E2F4,target_class,Alvocidib,8.60288343763979,0.9659926470588235,0.82109375,22,22,CDK:|:CDK1:|:CDK2:|:CDK4:|:CDK5:|:CDK6:|:CDK7:|:CDK8:|:CDK9:|:EGFR:|:PYGM
CTRP,CTRPv2 complete matrix output; lower response values interpreted as higher sensitivity,LIHC_AXIS_032,LIHC,Quercetin | CDK1/E2F4,Quercetin,CDK1,E2F4,target_class,PHA-793887,12.9665,0.6443014705882353,0.54765625,22,22,CDK1:|:CDK2:|:CDK4:|:CDK5:|:CDK7:|:CDK9
CTRP,CTRPv2 complete matrix output; lower response values interpreted as higher sensitivity,LIHC_AXIS_032,LIHC,Quercetin | CDK1/E2F4,Quercetin,CDK1,E2F4,target_class,PF-573228,13.23538943803985,0.5946691176470589,0.50546875,22,22,CDK1:|:CDK2:|:CDK7:|:GSK3B:|:IKBKB:|:PTK2
CTRP,CTRPv2 complete matrix output; lower response values interpreted as higher sensitivity,LIHC_AXIS_032,LIHC,Quercetin | CDK1/E2F4,Quercetin,CDK1,E2F4,target_class,N9-Isopropyl-olomoucine,13.54,0.5395220588235294,0.45859375,22,22,CCNB1:|:CDK1:|:CDK5:|:CDK5R1
CTRP,CTRPv2 complete matrix output; lower response values interpreted as higher sensitivity,LIHC_AXIS_032,LIHC,Quercetin | CDK1/E2F4,Quercetin,CDK1,E2F4,target_class,CHIR-99021,14.441500000000001,0.3336397058823529,0.28359375,22,22,CDK1:|:GSK3A:|:GSK3B:|:MAPK1
CTRP,CTRPv2 complete matrix output; lower response values interpreted as higher sensitivity,LIHC_AXIS_070,LIHC,Baicalein | CDK1/KLF5,Baicalein,CDK1,KLF5,target_class,Dinaciclib,6.55195,0.9935661764705882,0.84453125,22,22,CDK1:|:CDK2:|:CDK5:|:CDK9
CTRP,CTRPv2 complete matrix output; lower response values interpreted as higher sensitivity,LIHC_AXIS_070,LIHC,Baicalein | CDK1/KLF5,Baicalein,CDK1,KLF5,target_class,Alvocidib,8.60288343763979,0.9659926470588235,0.82109375,22,22,CDK:|:CDK1:|:CDK2:|:CDK4:|:CDK5:|:CDK6:|:CDK7:|:CDK8:|:CDK9:|:EGFR:|:PYGM
CTRP,CTRPv2 complete matrix output; lower response values interpreted as higher sensitivity,LIHC_AXIS_070,LIHC,Baicalein | CDK1/KLF5,Baicalein,CDK1,KLF5,target_class,PHA-793887,12.9665,0.6443014705882353,0.54765625,22,22,CDK1:|:CDK2:|:CDK4:|:CDK5:|:CDK7:|:CDK9
CTRP,CTRPv2 complete matrix output; lower response values interpreted as higher sensitivity,LIHC_AXIS_070,LIHC,Baicalein | CDK1/KLF5,Baicalein,CDK1,KLF5,target_class,PF-573228,13.23538943803985,0.5946691176470589,0.50546875,22,22,CDK1:|:CDK2:|:CDK7:|:GSK3B:|:IKBKB:|:PTK2
CTRP,CTRPv2 complete matrix output; lower response values interpreted as higher sensitivity,LIHC_AXIS_070,LIHC,Baicalein | CDK1/KLF5,Baicalein,CDK1,KLF5,target_class,N9-Isopropyl-olomoucine,13.54,0.5395220588235294,0.45859375,22,22,CCNB1:|:CDK1:|:CDK5:|:CDK5R1
CTRP,CTRPv2 complete matrix output; lower response values interpreted as higher sensitivity,LIHC_AXIS_070,LIHC,Baicalein | CDK1/KLF5,Baicalein,CDK1,KLF5,target_class,CHIR-99021,14.441500000000001,0.3336397058823529,0.28359375,22,22,CDK1:|:GSK3A:|:GSK3B:|:MAPK1
CTRP,CTRPv2 complete matrix output; lower response values interpreted as higher sensitivity,LIHC_AXIS_070,LIHC,Baicalein | CDK1/KLF5,Baicalein,CDK1,KLF5,tf_or_regulator_class,CID-5951923,14.4905,0.31709558823529416,0.2061121323529412,22,22,KLF5
CTRP,CTRPv2 complete matrix output; lower response values interpreted as higher sensitivity,LIHC_AXIS_014,LIHC,Indirubin | AHR/SMAD2,Indirubin,AHR,SMAD2,target_class,StemRegenin 1,14.037500000000001,0.44209558823529416,0.37578125,22,22,AHR
CTRP,CTRPv2 complete matrix output; lower response values interpreted as higher sensitivity,LIHC_AXIS_014,LIHC,Indirubin | AHR/SMAD2,Indirubin,AHR,SMAD2,target_class,VAF-347,14.660326926036849,0.22702205882352944,0.19296875000000002,22,22,AHR
CTRP,CTRPv2 complete matrix output; lower response values interpreted as higher sensitivity,LIHC_AXIS_029,LIHC,Indirubin | AHR/NFE2L2,Indirubin,AHR,NFE2L2,target_class,StemRegenin 1,14.037500000000001,0.44209558823529416,0.37578125,22,22,AHR
CTRP,CTRPv2 complete matrix output; lower response values interpreted as higher sensitivity,LIHC_AXIS_029,LIHC,Indirubin | AHR/NFE2L2,Indirubin,AHR,NFE2L2,target_class,VAF-347,14.660326926036849,0.22702205882352944,0.19296875000000002,22,22,AHR
CTRP,CTRPv2 complete matrix output; lower response values interpreted as higher sensitivity,LIHC_AXIS_029,LIHC,Indirubin | AHR/NFE2L2,Indirubin,AHR,NFE2L2,tf_or_regulator_class,ML334 diastereomer,15.2665,0.006433823529411797,0.004181985294117669,22,22,KEAP1:|:NFE2L2
CTRP,CTRPv2 complete matrix output; lower response values interpreted as higher sensitivity,LIHC_AXIS_080,LIHC,Indirubin | CDK1/TFDP1,Indirubin,CDK1,TFDP1,target_class,Dinaciclib,6.55195,0.9935661764705882,0.84453125,22,22,CDK1:|:CDK2:|:CDK5:|:CDK9
CTRP,CTRPv2 complete matrix output; lower response values interpreted as higher sensitivity,LIHC_AXIS_080,LIHC,Indirubin | CDK1/TFDP1,Indirubin,CDK1,TFDP1,target_class,Alvocidib,8.60288343763979,0.9659926470588235,0.82109375,22,22,CDK:|:CDK1:|:CDK2:|:CDK4:|:CDK5:|:CDK6:|:CDK7:|:CDK8:|:CDK9:|:EGFR:|:PYGM
CTRP,CTRPv2 complete matrix output; lower response values interpreted as higher sensitivity,LIHC_AXIS_080,LIHC,Indirubin | CDK1/TFDP1,Indirubin,CDK1,TFDP1,target_class,PHA-793887,12.9665,0.6443014705882353,0.54765625,22,22,CDK1:|:CDK2:|:CDK4:|:CDK5:|:CDK7:|:CDK9
CTRP,CTRPv2 complete matrix output; lower response values interpreted as higher sensitivity,LIHC_AXIS_080,LIHC,Indirubin | CDK1/TFDP1,Indirubin,CDK1,TFDP1,target_class,PF-573228,13.23538943803985,0.5946691176470589,0.50546875,22,22,CDK1:|:CDK2:|:CDK7:|:GSK3B:|:IKBKB:|:PTK2
CTRP,CTRPv2 complete matrix output; lower response values interpreted as higher sensitivity,LIHC_AXIS_080,LIHC,Indirubin | CDK1/TFDP1,Indirubin,CDK1,TFDP1,target_class,N9-Isopropyl-olomoucine,13.54,0.5395220588235294,0.45859375,22,22,CCNB1:|:CDK1:|:CDK5:|:CDK5R1
CTRP,CTRPv2 complete matrix output; lower response values interpreted as higher sensitivity,LIHC_AXIS_080,LIHC,Indirubin | CDK1/TFDP1,Indirubin,CDK1,TFDP1,target_class,CHIR-99021,14.441500000000001,0.3336397058823529,0.28359375,22,22,CDK1:|:GSK3A:|:GSK3B:|:MAPK1
CTRP,CTRPv2 complete matrix output; lower response values interpreted as higher sensitivity,LIHC_AXIS_076,LIHC,Indirubin | CDK1/FOXO1,Indirubin,CDK1,FOXO1,target_class,Dinaciclib,6.55195,0.9935661764705882,0.84453125,22,22,CDK1:|:CDK2:|:CDK5:|:CDK9
CTRP,CTRPv2 complete matrix output; lower response values interpreted as higher sensitivity,LIHC_AXIS_076,LIHC,Indirubin | CDK1/FOXO1,Indirubin,CDK1,FOXO1,target_class,Alvocidib,8.60288343763979,0.9659926470588235,0.82109375,22,22,CDK:|:CDK1:|:CDK2:|:CDK4:|:CDK5:|:CDK6:|:CDK7:|:CDK8:|:CDK9:|:EGFR:|:PYGM
CTRP,CTRPv2 complete matrix output; lower response values interpreted as higher sensitivity,LIHC_AXIS_076,LIHC,Indirubin | CDK1/FOXO1,Indirubin,CDK1,FOXO1,target_class,PHA-793887,12.9665,0.6443014705882353,0.54765625,22,22,CDK1:|:CDK2:|:CDK4:|:CDK5:|:CDK7:|:CDK9
CTRP,CTRPv2 complete matrix output; lower response values interpreted as higher sensitivity,LIHC_AXIS_076,LIHC,Indirubin | CDK1/FOXO1,Indirubin,CDK1,FOXO1,target_class,PF-573228,13.23538943803985,0.5946691176470589,0.50546875,22,22,CDK1:|:CDK2:|:CDK7:|:GSK3B:|:IKBKB:|:PTK2
CTRP,CTRPv2 complete matrix output; lower response values interpreted as higher sensitivity,LIHC_AXIS_076,LIHC,Indirubin | CDK1/FOXO1,Indirubin,CDK1,FOXO1,target_class,N9-Isopropyl-olomoucine,13.54,0.5395220588235294,0.45859375,22,22,CCNB1:|:CDK1:|:CDK5:|:CDK5R1
CTRP,CTRPv2 complete matrix output; lower response values interpreted as higher sensitivity,LIHC_AXIS_076,LIHC,Indirubin | CDK1/FOXO1,Indirubin,CDK1,FOXO1,target_class,CHIR-99021,14.441500000000001,0.3336397058823529,0.28359375,22,22,CDK1:|:GSK3A:|:GSK3B:|:MAPK1
CTRP,CTRPv2 complete matrix output; lower response values interpreted as higher sensitivity,LIHC_AXIS_035,LIHC,Quercetin | CDK1/MYBL2,Quercetin,CDK1,MYBL2,target_class,Dinaciclib,6.55195,0.9935661764705882,0.84453125,22,22,CDK1:|:CDK2:|:CDK5:|:CDK9
CTRP,CTRPv2 complete matrix output; lower response values interpreted as higher sensitivity,LIHC_AXIS_035,LIHC,Quercetin | CDK1/MYBL2,Quercetin,CDK1,MYBL2,target_class,Alvocidib,8.60288343763979,0.9659926470588235,0.82109375,22,22,CDK:|:CDK1:|:CDK2:|:CDK4:|:CDK5:|:CDK6:|:CDK7:|:CDK8:|:CDK9:|:EGFR:|:PYGM
CTRP,CTRPv2 complete matrix output; lower response values interpreted as higher sensitivity,LIHC_AXIS_035,LIHC,Quercetin | CDK1/MYBL2,Quercetin,CDK1,MYBL2,target_class,PHA-793887,12.9665,0.6443014705882353,0.54765625,22,22,CDK1:|:CDK2:|:CDK4:|:CDK5:|:CDK7:|:CDK9
CTRP,CTRPv2 complete matrix output; lower response values interpreted as higher sensitivity,LIHC_AXIS_035,LIHC,Quercetin | CDK1/MYBL2,Quercetin,CDK1,MYBL2,target_class,PF-573228,13.23538943803985,0.5946691176470589,0.50546875,22,22,CDK1:|:CDK2:|:CDK7:|:GSK3B:|:IKBKB:|:PTK2
CTRP,CTRPv2 complete matrix output; lower response values interpreted as higher sensitivity,LIHC_AXIS_035,LIHC,Quercetin | CDK1/MYBL2,Quercetin,CDK1,MYBL2,target_class,N9-Isopropyl-olomoucine,13.54,0.5395220588235294,0.45859375,22,22,CCNB1:|:CDK1:|:CDK5:|:CDK5R1
CTRP,CTRPv2 complete matrix output; lower response values interpreted as higher sensitivity,LIHC_AXIS_035,LIHC,Quercetin | CDK1/MYBL2,Quercetin,CDK1,MYBL2,target_class,CHIR-99021,14.441500000000001,0.3336397058823529,0.28359375,22,22,CDK1:|:GSK3A:|:GSK3B:|:MAPK1
CTRP,CTRPv2 complete matrix output; lower response values interpreted as higher sensitivity,LIHC_AXIS_021,LIHC,Kaempferol | AHR/SMAD2,Kaempferol,AHR,SMAD2,target_class,StemRegenin 1,14.037500000000001,0.44209558823529416,0.37578125,22,22,AHR
CTRP,CTRPv2 complete matrix output; lower response values interpreted as higher sensitivity,LIHC_AXIS_021,LIHC,Kaempferol | AHR/SMAD2,Kaempferol,AHR,SMAD2,target_class,VAF-347,14.660326926036849,0.22702205882352944,0.19296875000000002,22,22,AHR
CTRP,CTRPv2 complete matrix output; lower response values interpreted as higher sensitivity,LIHC_AXIS_095,LIHC,Baicalein | CDK1/FOXO1,Baicalein,CDK1,FOXO1,target_class,Dinaciclib,6.55195,0.9935661764705882,0.84453125,22,22,CDK1:|:CDK2:|:CDK5:|:CDK9
CTRP,CTRPv2 complete matrix output; lower response values interpreted as higher sensitivity,LIHC_AXIS_095,LIHC,Baicalein | CDK1/FOXO1,Baicalein,CDK1,FOXO1,target_class,Alvocidib,8.60288343763979,0.9659926470588235,0.82109375,22,22,CDK:|:CDK1:|:CDK2:|:CDK4:|:CDK5:|:CDK6:|:CDK7:|:CDK8:|:CDK9:|:EGFR:|:PYGM
CTRP,CTRPv2 complete matrix output; lower response values interpreted as higher sensitivity,LIHC_AXIS_095,LIHC,Baicalein | CDK1/FOXO1,Baicalein,CDK1,FOXO1,target_class,PHA-793887,12.9665,0.6443014705882353,0.54765625,22,22,CDK1:|:CDK2:|:CDK4:|:CDK5:|:CDK7:|:CDK9
CTRP,CTRPv2 complete matrix output; lower response values interpreted as higher sensitivity,LIHC_AXIS_095,LIHC,Baicalein | CDK1/FOXO1,Baicalein,CDK1,FOXO1,target_class,PF-573228,13.23538943803985,0.5946691176470589,0.50546875,22,22,CDK1:|:CDK2:|:CDK7:|:GSK3B:|:IKBKB:|:PTK2
CTRP,CTRPv2 complete matrix output; lower response values interpreted as higher sensitivity,LIHC_AXIS_095,LIHC,Baicalein | CDK1/FOXO1,Baicalein,CDK1,FOXO1,target_class,N9-Isopropyl-olomoucine,13.54,0.5395220588235294,0.45859375,22,22,CCNB1:|:CDK1:|:CDK5:|:CDK5R1
CTRP,CTRPv2 complete matrix output; lower response values interpreted as higher sensitivity,LIHC_AXIS_095,LIHC,Baicalein | CDK1/FOXO1,Baicalein,CDK1,FOXO1,target_class,CHIR-99021,14.441500000000001,0.3336397058823529,0.28359375,22,22,CDK1:|:GSK3A:|:GSK3B:|:MAPK1
CTRP,CTRPv2 complete matrix output; lower response values interpreted as higher sensitivity,LIHC_AXIS_037,LIHC,Kaempferol | AHR/NFE2L2,Kaempferol,AHR,NFE2L2,target_class,StemRegenin 1,14.037500000000001,0.44209558823529416,0.37578125,22,22,AHR
CTRP,CTRPv2 complete matrix output; lower response values interpreted as higher sensitivity,LIHC_AXIS_037,LIHC,Kaempferol | AHR/NFE2L2,Kaempferol,AHR,NFE2L2,target_class,VAF-347,14.660326926036849,0.22702205882352944,0.19296875000000002,22,22,AHR
CTRP,CTRPv2 complete matrix output; lower response values interpreted as higher sensitivity,LIHC_AXIS_037,LIHC,Kaempferol | AHR/NFE2L2,Kaempferol,AHR,NFE2L2,tf_or_regulator_class,ML334 diastereomer,15.2665,0.006433823529411797,0.004181985294117669,22,22,KEAP1:|:NFE2L2
CTRP,CTRPv2 complete matrix output; lower response values interpreted as higher sensitivity,LIHC_AXIS_041,LIHC,Indirubin | CDK1/E2F1,Indirubin,CDK1,E2F1,target_class,Dinaciclib,6.55195,0.9935661764705882,0.84453125,22,22,CDK1:|:CDK2:|:CDK5:|:CDK9
CTRP,CTRPv2 complete matrix output; lower response values interpreted as higher sensitivity,LIHC_AXIS_041,LIHC,Indirubin | CDK1/E2F1,Indirubin,CDK1,E2F1,target_class,Alvocidib,8.60288343763979,0.9659926470588235,0.82109375,22,22,CDK:|:CDK1:|:CDK2:|:CDK4:|:CDK5:|:CDK6:|:CDK7:|:CDK8:|:CDK9:|:EGFR:|:PYGM
CTRP,CTRPv2 complete matrix output; lower response values interpreted as higher sensitivity,LIHC_AXIS_041,LIHC,Indirubin | CDK1/E2F1,Indirubin,CDK1,E2F1,target_class,PHA-793887,12.9665,0.6443014705882353,0.54765625,22,22,CDK1:|:CDK2:|:CDK4:|:CDK5:|:CDK7:|:CDK9
CTRP,CTRPv2 complete matrix output; lower response values interpreted as higher sensitivity,LIHC_AXIS_041,LIHC,Indirubin | CDK1/E2F1,Indirubin,CDK1,E2F1,target_class,PF-573228,13.23538943803985,0.5946691176470589,0.50546875,22,22,CDK1:|:CDK2:|:CDK7:|:GSK3B:|:IKBKB:|:PTK2
CTRP,CTRPv2 complete matrix output; lower response values interpreted as higher sensitivity,LIHC_AXIS_041,LIHC,Indirubin | CDK1/E2F1,Indirubin,CDK1,E2F1,target_class,N9-Isopropyl-olomoucine,13.54,0.5395220588235294,0.45859375,22,22,CCNB1:|:CDK1:|:CDK5:|:CDK5R1
CTRP,CTRPv2 complete matrix output; lower response values interpreted as higher sensitivity,LIHC_AXIS_041,LIHC,Indirubin | CDK1/E2F1,Indirubin,CDK1,E2F1,target_class,CHIR-99021,14.441500000000001,0.3336397058823529,0.28359375,22,22,CDK1:|:GSK3A:|:GSK3B:|:MAPK1
CTRP,CTRPv2 complete matrix output; lower response values interpreted as higher sensitivity,LIHC_AXIS_094,LIHC,Quercetin | CDK1/TFDP1,Quercetin,CDK1,TFDP1,target_class,Dinaciclib,6.55195,0.9935661764705882,0.84453125,22,22,CDK1:|:CDK2:|:CDK5:|:CDK9
CTRP,CTRPv2 complete matrix output; lower response values interpreted as higher sensitivity,LIHC_AXIS_094,LIHC,Quercetin | CDK1/TFDP1,Quercetin,CDK1,TFDP1,target_class,Alvocidib,8.60288343763979,0.9659926470588235,0.82109375,22,22,CDK:|:CDK1:|:CDK2:|:CDK4:|:CDK5:|:CDK6:|:CDK7:|:CDK8:|:CDK9:|:EGFR:|:PYGM
CTRP,CTRPv2 complete matrix output; lower response values interpreted as higher sensitivity,LIHC_AXIS_094,LIHC,Quercetin | CDK1/TFDP1,Quercetin,CDK1,TFDP1,target_class,PHA-793887,12.9665,0.6443014705882353,0.54765625,22,22,CDK1:|:CDK2:|:CDK4:|:CDK5:|:CDK7:|:CDK9
CTRP,CTRPv2 complete matrix output; lower response values interpreted as higher sensitivity,LIHC_AXIS_094,LIHC,Quercetin | CDK1/TFDP1,Quercetin,CDK1,TFDP1,target_class,PF-573228,13.23538943803985,0.5946691176470589,0.50546875,22,22,CDK1:|:CDK2:|:CDK7:|:GSK3B:|:IKBKB:|:PTK2
CTRP,CTRPv2 complete matrix output; lower response values interpreted as higher sensitivity,LIHC_AXIS_094,LIHC,Quercetin | CDK1/TFDP1,Quercetin,CDK1,TFDP1,target_class,N9-Isopropyl-olomoucine,13.54,0.5395220588235294,0.45859375,22,22,CCNB1:|:CDK1:|:CDK5:|:CDK5R1
CTRP,CTRPv2 complete matrix output; lower response values interpreted as higher sensitivity,LIHC_AXIS_094,LIHC,Quercetin | CDK1/TFDP1,Quercetin,CDK1,TFDP1,target_class,CHIR-99021,14.441500000000001,0.3336397058823529,0.28359375,22,22,CDK1:|:GSK3A:|:GSK3B:|:MAPK1
CTRP,CTRPv2 complete matrix output; lower response values interpreted as higher sensitivity,LIHC_AXIS_066,LIHC,Indirubin | CDK1/E2F4,Indirubin,CDK1,E2F4,target_class,Dinaciclib,6.55195,0.9935661764705882,0.84453125,22,22,CDK1:|:CDK2:|:CDK5:|:CDK9
CTRP,CTRPv2 complete matrix output; lower response values interpreted as higher sensitivity,LIHC_AXIS_066,LIHC,Indirubin | CDK1/E2F4,Indirubin,CDK1,E2F4,target_class,Alvocidib,8.60288343763979,0.9659926470588235,0.82109375,22,22,CDK:|:CDK1:|:CDK2:|:CDK4:|:CDK5:|:CDK6:|:CDK7:|:CDK8:|:CDK9:|:EGFR:|:PYGM
CTRP,CTRPv2 complete matrix output; lower response values interpreted as higher sensitivity,LIHC_AXIS_066,LIHC,Indirubin | CDK1/E2F4,Indirubin,CDK1,E2F4,target_class,PHA-793887,12.9665,0.6443014705882353,0.54765625,22,22,CDK1:|:CDK2:|:CDK4:|:CDK5:|:CDK7:|:CDK9
CTRP,CTRPv2 complete matrix output; lower response values interpreted as higher sensitivity,LIHC_AXIS_066,LIHC,Indirubin | CDK1/E2F4,Indirubin,CDK1,E2F4,target_class,PF-573228,13.23538943803985,0.5946691176470589,0.50546875,22,22,CDK1:|:CDK2:|:CDK7:|:GSK3B:|:IKBKB:|:PTK2
CTRP,CTRPv2 complete matrix output; lower response values interpreted as higher sensitivity,LIHC_AXIS_066,LIHC,Indirubin | CDK1/E2F4,Indirubin,CDK1,E2F4,target_class,N9-Isopropyl-olomoucine,13.54,0.5395220588235294,0.45859375,22,22,CCNB1:|:CDK1:|:CDK5:|:CDK5R1
CTRP,CTRPv2 complete matrix output; lower response values interpreted as higher sensitivity,LIHC_AXIS_066,LIHC,Indirubin | CDK1/E2F4,Indirubin,CDK1,E2F4,target_class,CHIR-99021,14.441500000000001,0.3336397058823529,0.28359375,22,22,CDK1:|:GSK3A:|:GSK3B:|:MAPK1
CTRP,CTRPv2 complete matrix output; lower response values interpreted as higher sensitivity,LIHC_AXIS_056,LIHC,Quercetin | CDK1/E2F4,Quercetin,CDK1,E2F4,target_class,Dinaciclib,6.55195,0.9935661764705882,0.84453125,22,22,CDK1:|:CDK2:|:CDK5:|:CDK9
CTRP,CTRPv2 complete matrix output; lower response values interpreted as higher sensitivity,LIHC_AXIS_056,LIHC,Quercetin | CDK1/E2F4,Quercetin,CDK1,E2F4,target_class,Alvocidib,8.60288343763979,0.9659926470588235,0.82109375,22,22,CDK:|:CDK1:|:CDK2:|:CDK4:|:CDK5:|:CDK6:|:CDK7:|:CDK8:|:CDK9:|:EGFR:|:PYGM
CTRP,CTRPv2 complete matrix output; lower response values interpreted as higher sensitivity,LIHC_AXIS_056,LIHC,Quercetin | CDK1/E2F4,Quercetin,CDK1,E2F4,target_class,PHA-793887,12.9665,0.6443014705882353,0.54765625,22,22,CDK1:|:CDK2:|:CDK4:|:CDK5:|:CDK7:|:CDK9
CTRP,CTRPv2 complete matrix output; lower response values interpreted as higher sensitivity,LIHC_AXIS_056,LIHC,Quercetin | CDK1/E2F4,Quercetin,CDK1,E2F4,target_class,PF-573228,13.23538943803985,0.5946691176470589,0.50546875,22,22,CDK1:|:CDK2:|:CDK7:|:GSK3B:|:IKBKB:|:PTK2
CTRP,CTRPv2 complete matrix output; lower response values interpreted as higher sensitivity,LIHC_AXIS_056,LIHC,Quercetin | CDK1/E2F4,Quercetin,CDK1,E2F4,target_class,N9-Isopropyl-olomoucine,13.54,0.5395220588235294,0.45859375,22,22,CCNB1:|:CDK1:|:CDK5:|:CDK5R1
CTRP,CTRPv2 complete matrix output; lower response values interpreted as higher sensitivity,LIHC_AXIS_056,LIHC,Quercetin | CDK1/E2F4,Quercetin,CDK1,E2F4,target_class,CHIR-99021,14.441500000000001,0.3336397058823529,0.28359375,22,22,CDK1:|:GSK3A:|:GSK3B:|:MAPK1
CTRP,CTRPv2 complete matrix output; lower response values interpreted as higher sensitivity,LIHC_AXIS_052,LIHC,Baicalein | CDK1/E2F1,Baicalein,CDK1,E2F1,target_class,Dinaciclib,6.55195,0.9935661764705882,0.84453125,22,22,CDK1:|:CDK2:|:CDK5:|:CDK9
CTRP,CTRPv2 complete matrix output; lower response values interpreted as higher sensitivity,LIHC_AXIS_052,LIHC,Baicalein | CDK1/E2F1,Baicalein,CDK1,E2F1,target_class,Alvocidib,8.60288343763979,0.9659926470588235,0.82109375,22,22,CDK:|:CDK1:|:CDK2:|:CDK4:|:CDK5:|:CDK6:|:CDK7:|:CDK8:|:CDK9:|:EGFR:|:PYGM
CTRP,CTRPv2 complete matrix output; lower response values interpreted as higher sensitivity,LIHC_AXIS_052,LIHC,Baicalein | CDK1/E2F1,Baicalein,CDK1,E2F1,target_class,PHA-793887,12.9665,0.6443014705882353,0.54765625,22,22,CDK1:|:CDK2:|:CDK4:|:CDK5:|:CDK7:|:CDK9
CTRP,CTRPv2 complete matrix output; lower response values interpreted as higher sensitivity,LIHC_AXIS_052,LIHC,Baicalein | CDK1/E2F1,Baicalein,CDK1,E2F1,target_class,PF-573228,13.23538943803985,0.5946691176470589,0.50546875,22,22,CDK1:|:CDK2:|:CDK7:|:GSK3B:|:IKBKB:|:PTK2
CTRP,CTRPv2 complete matrix output; lower response values interpreted as higher sensitivity,LIHC_AXIS_052,LIHC,Baicalein | CDK1/E2F1,Baicalein,CDK1,E2F1,target_class,N9-Isopropyl-olomoucine,13.54,0.5395220588235294,0.45859375,22,22,CCNB1:|:CDK1:|:CDK5:|:CDK5R1
CTRP,CTRPv2 complete matrix output; lower response values interpreted as higher sensitivity,LIHC_AXIS_052,LIHC,Baicalein | CDK1/E2F1,Baicalein,CDK1,E2F1,target_class,CHIR-99021,14.441500000000001,0.3336397058823529,0.28359375,22,22,CDK1:|:GSK3A:|:GSK3B:|:MAPK1
CTRP,CTRPv2 complete matrix output; lower response values interpreted as higher sensitivity,LIHC_AXIS_065,LIHC,Indirubin | AHR/NFE2L2,Indirubin,AHR,NFE2L2,target_class,StemRegenin 1,14.037500000000001,0.44209558823529416,0.37578125,22,22,AHR
CTRP,CTRPv2 complete matrix output; lower response values interpreted as higher sensitivity,LIHC_AXIS_065,LIHC,Indirubin | AHR/NFE2L2,Indirubin,AHR,NFE2L2,target_class,VAF-347,14.660326926036849,0.22702205882352944,0.19296875000000002,22,22,AHR
CTRP,CTRPv2 complete matrix output; lower response values interpreted as higher sensitivity,LIHC_AXIS_065,LIHC,Indirubin | AHR/NFE2L2,Indirubin,AHR,NFE2L2,tf_or_regulator_class,ML334 diastereomer,15.2665,0.006433823529411797,0.004181985294117669,22,22,KEAP1:|:NFE2L2
CTRP,CTRPv2 complete matrix output; lower response values interpreted as higher sensitivity,LIHC_AXIS_085,LIHC,Baicalein | CDK1/E2F4,Baicalein,CDK1,E2F4,target_class,Dinaciclib,6.55195,0.9935661764705882,0.84453125,22,22,CDK1:|:CDK2:|:CDK5:|:CDK9
CTRP,CTRPv2 complete matrix output; lower response values interpreted as higher sensitivity,LIHC_AXIS_085,LIHC,Baicalein | CDK1/E2F4,Baicalein,CDK1,E2F4,target_class,Alvocidib,8.60288343763979,0.9659926470588235,0.82109375,22,22,CDK:|:CDK1:|:CDK2:|:CDK4:|:CDK5:|:CDK6:|:CDK7:|:CDK8:|:CDK9:|:EGFR:|:PYGM
CTRP,CTRPv2 complete matrix output; lower response values interpreted as higher sensitivity,LIHC_AXIS_085,LIHC,Baicalein | CDK1/E2F4,Baicalein,CDK1,E2F4,target_class,PHA-793887,12.9665,0.6443014705882353,0.54765625,22,22,CDK1:|:CDK2:|:CDK4:|:CDK5:|:CDK7:|:CDK9
CTRP,CTRPv2 complete matrix output; lower response values interpreted as higher sensitivity,LIHC_AXIS_085,LIHC,Baicalein | CDK1/E2F4,Baicalein,CDK1,E2F4,target_class,PF-573228,13.23538943803985,0.5946691176470589,0.50546875,22,22,CDK1:|:CDK2:|:CDK7:|:GSK3B:|:IKBKB:|:PTK2
CTRP,CTRPv2 complete matrix output; lower response values interpreted as higher sensitivity,LIHC_AXIS_085,LIHC,Baicalein | CDK1/E2F4,Baicalein,CDK1,E2F4,target_class,N9-Isopropyl-olomoucine,13.54,0.5395220588235294,0.45859375,22,22,CCNB1:|:CDK1:|:CDK5:|:CDK5R1
CTRP,CTRPv2 complete matrix output; lower response values interpreted as higher sensitivity,LIHC_AXIS_085,LIHC,Baicalein | CDK1/E2F4,Baicalein,CDK1,E2F4,target_class,CHIR-99021,14.441500000000001,0.3336397058823529,0.28359375,22,22,CDK1:|:GSK3A:|:GSK3B:|:MAPK1
CTRP,CTRPv2 complete matrix output; lower response values interpreted as higher sensitivity,LIHC_AXIS_005,LIHC,Luteolin | XDH/CEBPB,Luteolin,XDH,CEBPB,target_class,Curcumin,12.1105,0.7766544117647058,0.66015625,22,22,APP:|:CA1:|:CA12:|:CA14:|:CA2:|:CA4:|:CA6:|:CA9:|:CYP3A4:|:DNMT3B:|:EP300:|:MMP13:|:MMP9:|:NOS2:|:PTGS1:|:PTGS2:|:XDH
CTRP,CTRPv2 complete matrix output; lower response values interpreted as higher sensitivity,LIHC_AXIS_075,LIHC,Indirubin | CDK1/MYBL2,Indirubin,CDK1,MYBL2,target_class,Dinaciclib,6.55195,0.9935661764705882,0.84453125,22,22,CDK1:|:CDK2:|:CDK5:|:CDK9
CTRP,CTRPv2 complete matrix output; lower response values interpreted as higher sensitivity,LIHC_AXIS_075,LIHC,Indirubin | CDK1/MYBL2,Indirubin,CDK1,MYBL2,target_class,Alvocidib,8.60288343763979,0.9659926470588235,0.82109375,22,22,CDK:|:CDK1:|:CDK2:|:CDK4:|:CDK5:|:CDK6:|:CDK7:|:CDK8:|:CDK9:|:EGFR:|:PYGM
CTRP,CTRPv2 complete matrix output; lower response values interpreted as higher sensitivity,LIHC_AXIS_075,LIHC,Indirubin | CDK1/MYBL2,Indirubin,CDK1,MYBL2,target_class,PHA-793887,12.9665,0.6443014705882353,0.54765625,22,22,CDK1:|:CDK2:|:CDK4:|:CDK5:|:CDK7:|:CDK9
CTRP,CTRPv2 complete matrix output; lower response values interpreted as higher sensitivity,LIHC_AXIS_075,LIHC,Indirubin | CDK1/MYBL2,Indirubin,CDK1,MYBL2,target_class,PF-573228,13.23538943803985,0.5946691176470589,0.50546875,22,22,CDK1:|:CDK2:|:CDK7:|:GSK3B:|:IKBKB:|:PTK2
CTRP,CTRPv2 complete matrix output; lower response values interpreted as higher sensitivity,LIHC_AXIS_075,LIHC,Indirubin | CDK1/MYBL2,Indirubin,CDK1,MYBL2,target_class,N9-Isopropyl-olomoucine,13.54,0.5395220588235294,0.45859375,22,22,CCNB1:|:CDK1:|:CDK5:|:CDK5R1
CTRP,CTRPv2 complete matrix output; lower response values interpreted as higher sensitivity,LIHC_AXIS_075,LIHC,Indirubin | CDK1/MYBL2,Indirubin,CDK1,MYBL2,target_class,CHIR-99021,14.441500000000001,0.3336397058823529,0.28359375,22,22,CDK1:|:GSK3A:|:GSK3B:|:MAPK1
CTRP,CTRPv2 complete matrix output; lower response values interpreted as higher sensitivity,LIHC_AXIS_015,LIHC,Hyperforin | NR1I2/HNF1A,Hyperforin,NR1I2,HNF1A,direct_compound,Hyperforin,14.008500000000002,0.453125,0.453125,22,22,TRPC6
CTRP,CTRPv2 complete matrix output; lower response values interpreted as higher sensitivity,LIHC_AXIS_015,LIHC,Hyperforin | NR1I2/HNF1A,Hyperforin,NR1I2,HNF1A,target_class,Paclitaxel,7.6732499999999995,0.9898897058823529,0.8414062499999999,22,22,BCL2:|:MAP2:|:MAP4:|:MAPT:|:Microtubule stabiliser:|:NR1I2:|:TLR4:|:TUBB:|:TUBB1
CTRP,CTRPv2 complete matrix output; lower response values interpreted as higher sensitivity,LIHC_AXIS_015,LIHC,Hyperforin | NR1I2/HNF1A,Hyperforin,NR1I2,HNF1A,target_class,Docetaxel,8.124166869084279,0.9788602941176471,0.83203125,22,22,BCL2:|:MAP2:|:MAP4:|:MAPT:|:Microtubule stabiliser:|:NR1I2:|:TUBB:|:TUBB1
CTRP,CTRPv2 complete matrix output; lower response values interpreted as higher sensitivity,LIHC_AXIS_015,LIHC,Hyperforin | NR1I2/HNF1A,Hyperforin,NR1I2,HNF1A,target_class,Lovastatin,11.682500000000001,0.8189338235294118,0.69609375,22,22,HDAC2:|:HMGCR:|:ITGAL:|:NR1I2
CTRP,CTRPv2 complete matrix output; lower response values interpreted as higher sensitivity,LIHC_AXIS_015,LIHC,Hyperforin | NR1I2/HNF1A,Hyperforin,NR1I2,HNF1A,target_class,Erlotinib,13.936,0.46415441176470584,0.39453124999999994,22,22,EGFR:|:ERBB2:|:NR1I2
CTRP,CTRPv2 complete matrix output; lower response values interpreted as higher sensitivity,LIHC_AXIS_019,LIHC,Physovenine | ACHE/CEBPB,Physovenine,ACHE,CEBPB,target_class,PRIMA-1,12.849,0.6691176470588236,0.5687500000000001,22,22,ACHE:|:TP53
CTRP,CTRPv2 complete matrix output; lower response values interpreted as higher sensitivity,LIHC_AXIS_053,LIHC,Physovenine | ACHE/NFE2L2,Physovenine,ACHE,NFE2L2,target_class,PRIMA-1,12.849,0.6691176470588236,0.5687500000000001,22,22,ACHE:|:TP53
CTRP,CTRPv2 complete matrix output; lower response values interpreted as higher sensitivity,LIHC_AXIS_053,LIHC,Physovenine | ACHE/NFE2L2,Physovenine,ACHE,NFE2L2,tf_or_regulator_class,ML334 diastereomer,15.2665,0.006433823529411797,0.004181985294117669,22,22,KEAP1:|:NFE2L2
CTRP,CTRPv2 complete matrix output; lower response values interpreted as higher sensitivity,LIHC_AXIS_057,LIHC,Eckol | BACE1/RELA,Eckol,BACE1,RELA,tf_or_regulator_class,Bortezomib,12.023499999999999,0.7876838235294118,0.5119944852941177,22,22,Proteasome:|:PSMA1:|:PSMA2:|:PSMA3:|:PSMA4:|:PSMA5:|:PSMA6:|:PSMA7:|:PSMA8:|:PSMB1:|:PSMB10:|:PSMB11:|:PSMB2:|:PSMB3:|:PSMB4:|:PSMB5:|:PSMB6:|:PSMB7:|:PSMB8:|:PSMB9:|:PSMD1:|:PSMD2:|:RELA
CTRP,CTRPv2 complete matrix output; lower response values interpreted as higher sensitivity,LIHC_AXIS_057,LIHC,Eckol | BACE1/RELA,Eckol,BACE1,RELA,tf_or_regulator_class,Triptolide,12.539,0.7159926470588236,0.46539522058823535,22,22,RELA
CTRP,CTRPv2 complete matrix output; lower response values interpreted as higher sensitivity,LIHC_AXIS_093,LIHC,Rocaglamide | RELA/E2F1,Rocaglamide,RELA,E2F1,target_class,Bortezomib,12.023499999999999,0.7876838235294118,0.66953125,22,22,Proteasome:|:PSMA1:|:PSMA2:|:PSMA3:|:PSMA4:|:PSMA5:|:PSMA6:|:PSMA7:|:PSMA8:|:PSMB1:|:PSMB10:|:PSMB11:|:PSMB2:|:PSMB3:|:PSMB4:|:PSMB5:|:PSMB6:|:PSMB7:|:PSMB8:|:PSMB9:|:PSMD1:|:PSMD2:|:RELA
CTRP,CTRPv2 complete matrix output; lower response values interpreted as higher sensitivity,LIHC_AXIS_093,LIHC,Rocaglamide | RELA/E2F1,Rocaglamide,RELA,E2F1,target_class,Triptolide,12.539,0.7159926470588236,0.60859375,22,22,RELA
CTRP,CTRPv2 complete matrix output; lower response values interpreted as higher sensitivity,LIHC_AXIS_064,LIHC,Pectolinarigenin | MAPK14/CEBPD,Pectolinarigenin,MAPK14,CEBPD,target_class,Skepinone-L,13.7984004889801,0.49540441176470584,0.42109374999999993,22,22,MAPK14
CTRP,CTRPv2 complete matrix output; lower response values interpreted as higher sensitivity,LIHC_AXIS_064,LIHC,Pectolinarigenin | MAPK14/CEBPD,Pectolinarigenin,MAPK14,CEBPD,target_class,Doramapimod,14.471,0.32996323529411764,0.28046875,22,22,JNK2:|:MAPK11:|:MAPK12:|:MAPK13:|:MAPK14:|:p38
CTRP,CTRPv2 complete matrix output; lower response values interpreted as higher sensitivity,LIHC_AXIS_062,LIHC,"3,5-dihydroxy-2-(4-hydroxyphenyl)chromone | MAPK14/CEBPD","3,5-dihydroxy-2-(4-hydroxyphenyl)chromone",MAPK14,CEBPD,target_class,Skepinone-L,13.7984004889801,0.49540441176470584,0.42109374999999993,22,22,MAPK14
CTRP,CTRPv2 complete matrix output; lower response values interpreted as higher sensitivity,LIHC_AXIS_062,LIHC,"3,5-dihydroxy-2-(4-hydroxyphenyl)chromone | MAPK14/CEBPD","3,5-dihydroxy-2-(4-hydroxyphenyl)chromone",MAPK14,CEBPD,target_class,Doramapimod,14.471,0.32996323529411764,0.28046875,22,22,JNK2:|:MAPK11:|:MAPK12:|:MAPK13:|:MAPK14:|:p38
CTRP,CTRPv2 complete matrix output; lower response values interpreted as higher sensitivity,LIHC_AXIS_063,LIHC,Chryseriol | MAPK14/CEBPD,Chryseriol,MAPK14,CEBPD,target_class,Skepinone-L,13.7984004889801,0.49540441176470584,0.42109374999999993,22,22,MAPK14
CTRP,CTRPv2 complete matrix output; lower response values interpreted as higher sensitivity,LIHC_AXIS_063,LIHC,Chryseriol | MAPK14/CEBPD,Chryseriol,MAPK14,CEBPD,target_class,Doramapimod,14.471,0.32996323529411764,0.28046875,22,22,JNK2:|:MAPK11:|:MAPK12:|:MAPK13:|:MAPK14:|:p38
CTRP,CTRPv2 complete matrix output; lower response values interpreted as higher sensitivity,LIHC_AXIS_055,LIHC,Triptolide | PTGS2/CEBPB,Triptolide,PTGS2,CEBPB,direct_compound,Triptolide,12.539,0.7159926470588236,0.7159926470588236,22,22,RELA
CTRP,CTRPv2 complete matrix output; lower response values interpreted as higher sensitivity,LIHC_AXIS_055,LIHC,Triptolide | PTGS2/CEBPB,Triptolide,PTGS2,CEBPB,target_class,Curcumin,12.1105,0.7766544117647058,0.66015625,22,22,APP:|:CA1:|:CA12:|:CA14:|:CA2:|:CA4:|:CA6:|:CA9:|:CYP3A4:|:DNMT3B:|:EP300:|:MMP13:|:MMP9:|:NOS2:|:PTGS1:|:PTGS2:|:XDH
CTRP,CTRPv2 complete matrix output; lower response values interpreted as higher sensitivity,LIHC_AXIS_055,LIHC,Triptolide | PTGS2/CEBPB,Triptolide,PTGS2,CEBPB,target_class,Valdecoxib,13.068208054111949,0.6277573529411764,0.53359375,22,22,CA12:|:PTGS2
CTRP,CTRPv2 complete matrix output; lower response values interpreted as higher sensitivity,LIHC_AXIS_055,LIHC,Triptolide | PTGS2/CEBPB,Triptolide,PTGS2,CEBPB,target_class,Thalidomide,14.482089979396001,0.3189338235294118,0.27109375,22,22,CRBN:|:FGFR2:|:NFKB1:|:ORM1:|:ORM2:|:PTGS2:|:TNF
CTRP,CTRPv2 complete matrix output; lower response values interpreted as higher sensitivity,LIHC_AXIS_007,LIHC,Indirubin | AHR/NFKB,Indirubin,AHR,NFKB,target_class,StemRegenin 1,14.037500000000001,0.44209558823529416,0.37578125,22,22,AHR
CTRP,CTRPv2 complete matrix output; lower response values interpreted as higher sensitivity,LIHC_AXIS_007,LIHC,Indirubin | AHR/NFKB,Indirubin,AHR,NFKB,target_class,VAF-347,14.660326926036849,0.22702205882352944,0.19296875000000002,22,22,AHR
CTRP,CTRPv2 complete matrix output; lower response values interpreted as higher sensitivity,LIHC_AXIS_098,LIHC,Eckol | BACE1/RELA,Eckol,BACE1,RELA,tf_or_regulator_class,Bortezomib,12.023499999999999,0.7876838235294118,0.5119944852941177,22,22,Proteasome:|:PSMA1:|:PSMA2:|:PSMA3:|:PSMA4:|:PSMA5:|:PSMA6:|:PSMA7:|:PSMA8:|:PSMB1:|:PSMB10:|:PSMB11:|:PSMB2:|:PSMB3:|:PSMB4:|:PSMB5:|:PSMB6:|:PSMB7:|:PSMB8:|:PSMB9:|:PSMD1:|:PSMD2:|:RELA
CTRP,CTRPv2 complete matrix output; lower response values interpreted as higher sensitivity,LIHC_AXIS_098,LIHC,Eckol | BACE1/RELA,Eckol,BACE1,RELA,tf_or_regulator_class,Triptolide,12.539,0.7159926470588236,0.46539522058823535,22,22,RELA
CTRP,CTRPv2 complete matrix output; lower response values interpreted as higher sensitivity,LIHC_AXIS_146,LIHC,"4',5-Dihydroxyflavone | AR/HDAC1","4',5-Dihydroxyflavone",AR,HDAC1,tf_or_regulator_class,Panobinostat,5.7998,0.9972426470588235,0.6482077205882353,22,22,HDAC:|:HDAC1:|:HDAC2:|:HDAC3:|:HDAC4:|:HDAC6:|:HDAC7:|:HDAC8:|:HDAC9
CTRP,CTRPv2 complete matrix output; lower response values interpreted as higher sensitivity,LIHC_AXIS_146,LIHC,"4',5-Dihydroxyflavone | AR/HDAC1","4',5-Dihydroxyflavone",AR,HDAC1,tf_or_regulator_class,Belinostat,10.219000000000001,0.9126838235294118,0.5932444852941177,22,22,HDAC1:|:HDAC10:|:HDAC11:|:HDAC2:|:HDAC3:|:HDAC4:|:HDAC5:|:HDAC6:|:HDAC7:|:HDAC8:|:HDAC9
CTRP,CTRPv2 complete matrix output; lower response values interpreted as higher sensitivity,LIHC_AXIS_146,LIHC,"4',5-Dihydroxyflavone | AR/HDAC1","4',5-Dihydroxyflavone",AR,HDAC1,tf_or_regulator_class,Apicidin,10.706,0.8924632352941176,0.5801011029411764,22,22,HDAC1:|:HDAC2:|:HDAC3:|:HDAC6:|:HDAC8
CTRP,CTRPv2 complete matrix output; lower response values interpreted as higher sensitivity,LIHC_AXIS_146,LIHC,"4',5-Dihydroxyflavone | AR/HDAC1","4',5-Dihydroxyflavone",AR,HDAC1,tf_or_regulator_class,Entinostat,11.591,0.828125,0.53828125,22,22,HDAC1:|:HDAC2:|:HDAC3:|:HDAC6:|:HDAC8:|:HDAC9
CTRP,CTRPv2 complete matrix output; lower response values interpreted as higher sensitivity,LIHC_AXIS_146,LIHC,"4',5-Dihydroxyflavone | AR/HDAC1","4',5-Dihydroxyflavone",AR,HDAC1,tf_or_regulator_class,Vorinostat,12.248487511537949,0.7601102941176471,0.4940716911764706,22,22,HDAC inhibitor Class I:|:HDAC1:|:HDAC10:|:HDAC11:|:HDAC2:|:HDAC3:|:HDAC5:|:HDAC6:|:HDAC8:|:HDAC9:|:IIa:|:IIb:|:IV
CTRP,CTRPv2 complete matrix output; lower response values interpreted as higher sensitivity,LIHC_AXIS_146,LIHC,"4',5-Dihydroxyflavone | AR/HDAC1","4',5-Dihydroxyflavone",AR,HDAC1,tf_or_regulator_class,CAY10603,12.3355,0.7435661764705883,0.4833180147058824,22,22,HDAC1:|:HDAC6
CTRP,CTRPv2 complete matrix output; lower response values interpreted as higher sensitivity,LIHC_AXIS_146,LIHC,"4',5-Dihydroxyflavone | AR/HDAC1","4',5-Dihydroxyflavone",AR,HDAC1,tf_or_regulator_class,Merck60,13.362,0.5744485294117647,0.3733915441176471,22,22,HDAC1:|:HDAC2
CTRP,CTRPv2 complete matrix output; lower response values interpreted as higher sensitivity,LIHC_AXIS_146,LIHC,"4',5-Dihydroxyflavone | AR/HDAC1","4',5-Dihydroxyflavone",AR,HDAC1,tf_or_regulator_class,BRD-A94377914,13.55583488014105,0.5376838235294117,0.3494944852941176,22,22,HDAC1:|:HDAC2:|:HDAC3:|:HDAC6:|:HDAC8
CTRP,CTRPv2 complete matrix output; lower response values interpreted as higher sensitivity,LIHC_AXIS_146,LIHC,"4',5-Dihydroxyflavone | AR/HDAC1","4',5-Dihydroxyflavone",AR,HDAC1,tf_or_regulator_class,Parthenolide,13.648,0.515625,0.33515625,22,22,HDAC1
CTRP,CTRPv2 complete matrix output; lower response values interpreted as higher sensitivity,LIHC_AXIS_146,LIHC,"4',5-Dihydroxyflavone | AR/HDAC1","4',5-Dihydroxyflavone",AR,HDAC1,tf_or_regulator_class,BRD-K66532283,13.74889390672725,0.5027573529411764,0.3267922794117647,22,22,HDAC1:|:HDAC2
CTRP,CTRPv2 complete matrix output; lower response values interpreted as higher sensitivity,LIHC_AXIS_146,LIHC,"4',5-Dihydroxyflavone | AR/HDAC1","4',5-Dihydroxyflavone",AR,HDAC1,tf_or_regulator_class,Tacedinaline,13.972999999999999,0.4568014705882353,0.29692095588235295,22,22,HDAC1:|:HDAC2:|:HDAC3:|:HDAC6:|:HDAC8
CTRP,CTRPv2 complete matrix output; lower response values interpreted as higher sensitivity,LIHC_AXIS_146,LIHC,"4',5-Dihydroxyflavone | AR/HDAC1","4',5-Dihydroxyflavone",AR,HDAC1,tf_or_regulator_class,BRD-K80183349,14.315000000000001,0.3740808823529411,0.24315257352941175,22,22,HDAC1:|:HDAC2
CTRP,CTRPv2 complete matrix output; lower response values interpreted as higher sensitivity,LIHC_AXIS_151,LIHC,Indirubin | GSK3B/CEBPB,Indirubin,GSK3B,CEBPB,target_class,AT7867,12.5,0.7233455882352942,0.61484375,22,22,AKT:|:AKT1:|:AKT2:|:AKT3:|:GSK3B:|:PKIA:|:PRKACA:|:RPS6KB2
CTRP,CTRPv2 complete matrix output; lower response values interpreted as higher sensitivity,LIHC_AXIS_151,LIHC,Indirubin | GSK3B/CEBPB,Indirubin,GSK3B,CEBPB,target_class,GSK-3 inhibitor IX,12.943000000000001,0.6498161764705883,0.55234375,22,22,GSK3A:|:GSK3B
CTRP,CTRPv2 complete matrix output; lower response values interpreted as higher sensitivity,LIHC_AXIS_151,LIHC,Indirubin | GSK3B/CEBPB,Indirubin,GSK3B,CEBPB,target_class,PF-573228,13.23538943803985,0.5946691176470589,0.50546875,22,22,CDK1:|:CDK2:|:CDK7:|:GSK3B:|:IKBKB:|:PTK2
CTRP,CTRPv2 complete matrix output; lower response values interpreted as higher sensitivity,LIHC_AXIS_151,LIHC,Indirubin | GSK3B/CEBPB,Indirubin,GSK3B,CEBPB,target_class,CHIR-99021,14.441500000000001,0.3336397058823529,0.28359375,22,22,CDK1:|:GSK3A:|:GSK3B:|:MAPK1
CTRP,CTRPv2 complete matrix output; lower response values interpreted as higher sensitivity,LIHC_AXIS_151,LIHC,Indirubin | GSK3B/CEBPB,Indirubin,GSK3B,CEBPB,target_class,ML320,14.758500000000002,0.16452205882352944,0.13984375000000002,22,22,GSK3B
CTRP,CTRPv2 complete matrix output; lower response values interpreted as higher sensitivity,LIHC_AXIS_158,LIHC,Daucene | CTNNB1/E2F1,Daucene,CTNNB1,E2F1,target_class,BRD1812,13.2510682786585,0.5873161764705883,0.49921875000000004,22,22,CTNNB1
CTRP,CTRPv2 complete matrix output; lower response values interpreted as higher sensitivity,LIHC_AXIS_157,LIHC,Fisetin | CTNNB1/E2F1,Fisetin,CTNNB1,E2F1,target_class,BRD1812,13.2510682786585,0.5873161764705883,0.49921875000000004,22,22,CTNNB1
CTRP,CTRPv2 complete matrix output; lower response values interpreted as higher sensitivity,LIHC_AXIS_101,LIHC,Indirubin | AHR/STAT3,Indirubin,AHR,STAT3,target_class,StemRegenin 1,14.037500000000001,0.44209558823529416,0.37578125,22,22,AHR
CTRP,CTRPv2 complete matrix output; lower response values interpreted as higher sensitivity,LIHC_AXIS_101,LIHC,Indirubin | AHR/STAT3,Indirubin,AHR,STAT3,target_class,VAF-347,14.660326926036849,0.22702205882352944,0.19296875000000002,22,22,AHR
CTRP,CTRPv2 complete matrix output; lower response values interpreted as higher sensitivity,LIHC_AXIS_101,LIHC,Indirubin | AHR/STAT3,Indirubin,AHR,STAT3,tf_or_regulator_class,Bardoxolone methyl,8.3864,0.9715073529411765,0.6314797794117648,22,22,PPARG:|:STAT3
CTRP,CTRPv2 complete matrix output; lower response values interpreted as higher sensitivity,LIHC_AXIS_101,LIHC,Indirubin | AHR/STAT3,Indirubin,AHR,STAT3,tf_or_regulator_class,Niclosamide,11.269,0.8575367647058824,0.5573988970588235,22,22,STAT3
CTRP,CTRPv2 complete matrix output; lower response values interpreted as higher sensitivity,LIHC_AXIS_101,LIHC,Indirubin | AHR/STAT3,Indirubin,AHR,STAT3,tf_or_regulator_class,NSC 74859,14.9235,0.10386029411764708,0.0675091911764706,22,22,STAT3
CTRP,CTRPv2 complete matrix output; lower response values interpreted as higher sensitivity,LIHC_AXIS_114,LIHC,Artemisinin | CYP2B6/FOXM1,Artemisinin,CYP2B6,FOXM1,target_class,Ifosfamide,14.91582437331305,0.10569852941176472,0.08984375000000001,22,22,CYP2A6:|:CYP2B6:|:CYP2C18:|:CYP2C19:|:CYP2C8:|:CYP2C9:|:CYP3A4:|:CYP3A5:|:CYP3A7:|:PTGS1
CTRP,CTRPv2 complete matrix output; lower response values interpreted as higher sensitivity,LIHC_AXIS_114,LIHC,Artemisinin | CYP2B6/FOXM1,Artemisinin,CYP2B6,FOXM1,target_class,Cyclophosphamide,14.92823518083075,0.10202205882352944,0.08671875000000002,22,22,Alkylating agent:|:CYP2A6:|:CYP2B6:|:CYP2C18:|:CYP2C19:|:CYP2C8:|:CYP2C9:|:CYP2D6:|:CYP3A4:|:CYP3A5:|:CYP3A7
CTRP,CTRPv2 complete matrix output; lower response values interpreted as higher sensitivity,LIHC_AXIS_126,LIHC,Kaempferol | AHR/STAT3,Kaempferol,AHR,STAT3,target_class,StemRegenin 1,14.037500000000001,0.44209558823529416,0.37578125,22,22,AHR
CTRP,CTRPv2 complete matrix output; lower response values interpreted as higher sensitivity,LIHC_AXIS_126,LIHC,Kaempferol | AHR/STAT3,Kaempferol,AHR,STAT3,target_class,VAF-347,14.660326926036849,0.22702205882352944,0.19296875000000002,22,22,AHR
CTRP,CTRPv2 complete matrix output; lower response values interpreted as higher sensitivity,LIHC_AXIS_126,LIHC,Kaempferol | AHR/STAT3,Kaempferol,AHR,STAT3,tf_or_regulator_class,Bardoxolone methyl,8.3864,0.9715073529411765,0.6314797794117648,22,22,PPARG:|:STAT3
CTRP,CTRPv2 complete matrix output; lower response values interpreted as higher sensitivity,LIHC_AXIS_126,LIHC,Kaempferol | AHR/STAT3,Kaempferol,AHR,STAT3,tf_or_regulator_class,Niclosamide,11.269,0.8575367647058824,0.5573988970588235,22,22,STAT3
CTRP,CTRPv2 complete matrix output; lower response values interpreted as higher sensitivity,LIHC_AXIS_126,LIHC,Kaempferol | AHR/STAT3,Kaempferol,AHR,STAT3,tf_or_regulator_class,NSC 74859,14.9235,0.10386029411764708,0.0675091911764706,22,22,STAT3
CTRP,CTRPv2 complete matrix output; lower response values interpreted as higher sensitivity,LIHC_AXIS_175,LIHC,Eriodyctiol (flavanone) | HSP90AB1/STAT3,Eriodyctiol (flavanone),HSP90AB1,STAT3,tf_or_regulator_class,Bardoxolone methyl,8.3864,0.9715073529411765,0.6314797794117648,22,22,PPARG:|:STAT3
CTRP,CTRPv2 complete matrix output; lower response values interpreted as higher sensitivity,LIHC_AXIS_175,LIHC,Eriodyctiol (flavanone) | HSP90AB1/STAT3,Eriodyctiol (flavanone),HSP90AB1,STAT3,tf_or_regulator_class,Niclosamide,11.269,0.8575367647058824,0.5573988970588235,22,22,STAT3
CTRP,CTRPv2 complete matrix output; lower response values interpreted as higher sensitivity,LIHC_AXIS_175,LIHC,Eriodyctiol (flavanone) | HSP90AB1/STAT3,Eriodyctiol (flavanone),HSP90AB1,STAT3,tf_or_regulator_class,NSC 74859,14.9235,0.10386029411764708,0.0675091911764706,22,22,STAT3
CTRP,CTRPv2 complete matrix output; lower response values interpreted as higher sensitivity,LIHC_AXIS_200,LIHC,Sophoridine | RELA/E2F1,Sophoridine,RELA,E2F1,target_class,Bortezomib,12.023499999999999,0.7876838235294118,0.66953125,22,22,Proteasome:|:PSMA1:|:PSMA2:|:PSMA3:|:PSMA4:|:PSMA5:|:PSMA6:|:PSMA7:|:PSMA8:|:PSMB1:|:PSMB10:|:PSMB11:|:PSMB2:|:PSMB3:|:PSMB4:|:PSMB5:|:PSMB6:|:PSMB7:|:PSMB8:|:PSMB9:|:PSMD1:|:PSMD2:|:RELA
CTRP,CTRPv2 complete matrix output; lower response values interpreted as higher sensitivity,LIHC_AXIS_200,LIHC,Sophoridine | RELA/E2F1,Sophoridine,RELA,E2F1,target_class,Triptolide,12.539,0.7159926470588236,0.60859375,22,22,RELA
CTRP,CTRPv2 complete matrix output; lower response values interpreted as higher sensitivity,LIHC_AXIS_147,LIHC,Artemisinin | CYP2B6/HNF1A,Artemisinin,CYP2B6,HNF1A,target_class,Ifosfamide,14.91582437331305,0.10569852941176472,0.08984375000000001,22,22,CYP2A6:|:CYP2B6:|:CYP2C18:|:CYP2C19:|:CYP2C8:|:CYP2C9:|:CYP3A4:|:CYP3A5:|:CYP3A7:|:PTGS1
CTRP,CTRPv2 complete matrix output; lower response values interpreted as higher sensitivity,LIHC_AXIS_147,LIHC,Artemisinin | CYP2B6/HNF1A,Artemisinin,CYP2B6,HNF1A,target_class,Cyclophosphamide,14.92823518083075,0.10202205882352944,0.08671875000000002,22,22,Alkylating agent:|:CYP2A6:|:CYP2B6:|:CYP2C18:|:CYP2C19:|:CYP2C8:|:CYP2C9:|:CYP2D6:|:CYP3A4:|:CYP3A5:|:CYP3A7
CTRP,CTRPv2 complete matrix output; lower response values interpreted as higher sensitivity,LIHC_AXIS_195,LIHC,Acacetin | RELA/E2F1,Acacetin,RELA,E2F1,target_class,Bortezomib,12.023499999999999,0.7876838235294118,0.66953125,22,22,Proteasome:|:PSMA1:|:PSMA2:|:PSMA3:|:PSMA4:|:PSMA5:|:PSMA6:|:PSMA7:|:PSMA8:|:PSMB1:|:PSMB10:|:PSMB11:|:PSMB2:|:PSMB3:|:PSMB4:|:PSMB5:|:PSMB6:|:PSMB7:|:PSMB8:|:PSMB9:|:PSMD1:|:PSMD2:|:RELA
CTRP,CTRPv2 complete matrix output; lower response values interpreted as higher sensitivity,LIHC_AXIS_195,LIHC,Acacetin | RELA/E2F1,Acacetin,RELA,E2F1,target_class,Triptolide,12.539,0.7159926470588236,0.60859375,22,22,RELA
CTRP,CTRPv2 complete matrix output; lower response values interpreted as higher sensitivity,LIHC_AXIS_185,LIHC,arachidonic acid | RELA/E2F1,arachidonic acid,RELA,E2F1,target_class,Bortezomib,12.023499999999999,0.7876838235294118,0.66953125,22,22,Proteasome:|:PSMA1:|:PSMA2:|:PSMA3:|:PSMA4:|:PSMA5:|:PSMA6:|:PSMA7:|:PSMA8:|:PSMB1:|:PSMB10:|:PSMB11:|:PSMB2:|:PSMB3:|:PSMB4:|:PSMB5:|:PSMB6:|:PSMB7:|:PSMB8:|:PSMB9:|:PSMD1:|:PSMD2:|:RELA
CTRP,CTRPv2 complete matrix output; lower response values interpreted as higher sensitivity,LIHC_AXIS_185,LIHC,arachidonic acid | RELA/E2F1,arachidonic acid,RELA,E2F1,target_class,Triptolide,12.539,0.7159926470588236,0.60859375,22,22,RELA
CTRP,CTRPv2 complete matrix output; lower response values interpreted as higher sensitivity,LIHC_AXIS_184,LIHC,Wogonin | RELA/E2F1,Wogonin,RELA,E2F1,target_class,Bortezomib,12.023499999999999,0.7876838235294118,0.66953125,22,22,Proteasome:|:PSMA1:|:PSMA2:|:PSMA3:|:PSMA4:|:PSMA5:|:PSMA6:|:PSMA7:|:PSMA8:|:PSMB1:|:PSMB10:|:PSMB11:|:PSMB2:|:PSMB3:|:PSMB4:|:PSMB5:|:PSMB6:|:PSMB7:|:PSMB8:|:PSMB9:|:PSMD1:|:PSMD2:|:RELA
CTRP,CTRPv2 complete matrix output; lower response values interpreted as higher sensitivity,LIHC_AXIS_184,LIHC,Wogonin | RELA/E2F1,Wogonin,RELA,E2F1,target_class,Triptolide,12.539,0.7159926470588236,0.60859375,22,22,RELA
CTRP,CTRPv2 complete matrix output; lower response values interpreted as higher sensitivity,LIHC_AXIS_196,LIHC,Deoxypodophyllotoxin | RELA/E2F1,Deoxypodophyllotoxin,RELA,E2F1,target_class,Bortezomib,12.023499999999999,0.7876838235294118,0.66953125,22,22,Proteasome:|:PSMA1:|:PSMA2:|:PSMA3:|:PSMA4:|:PSMA5:|:PSMA6:|:PSMA7:|:PSMA8:|:PSMB1:|:PSMB10:|:PSMB11:|:PSMB2:|:PSMB3:|:PSMB4:|:PSMB5:|:PSMB6:|:PSMB7:|:PSMB8:|:PSMB9:|:PSMD1:|:PSMD2:|:RELA
CTRP,CTRPv2 complete matrix output; lower response values interpreted as higher sensitivity,LIHC_AXIS_196,LIHC,Deoxypodophyllotoxin | RELA/E2F1,Deoxypodophyllotoxin,RELA,E2F1,target_class,Triptolide,12.539,0.7159926470588236,0.60859375,22,22,RELA
CTRP,CTRPv2 complete matrix output; lower response values interpreted as higher sensitivity,LIHC_AXIS_180,LIHC,"3,5-dihydroxy-2-(4-hydroxyphenyl)chromone | RELA/E2F1","3,5-dihydroxy-2-(4-hydroxyphenyl)chromone",RELA,E2F1,target_class,Bortezomib,12.023499999999999,0.7876838235294118,0.66953125,22,22,Proteasome:|:PSMA1:|:PSMA2:|:PSMA3:|:PSMA4:|:PSMA5:|:PSMA6:|:PSMA7:|:PSMA8:|:PSMB1:|:PSMB10:|:PSMB11:|:PSMB2:|:PSMB3:|:PSMB4:|:PSMB5:|:PSMB6:|:PSMB7:|:PSMB8:|:PSMB9:|:PSMD1:|:PSMD2:|:RELA
CTRP,CTRPv2 complete matrix output; lower response values interpreted as higher sensitivity,LIHC_AXIS_180,LIHC,"3,5-dihydroxy-2-(4-hydroxyphenyl)chromone | RELA/E2F1","3,5-dihydroxy-2-(4-hydroxyphenyl)chromone",RELA,E2F1,target_class,Triptolide,12.539,0.7159926470588236,0.60859375,22,22,RELA
CTRP,CTRPv2 complete matrix output; lower response values interpreted as higher sensitivity,LIHC_AXIS_193,LIHC,Triptolide | RELA/E2F1,Triptolide,RELA,E2F1,direct_compound,Triptolide,12.539,0.7159926470588236,0.7159926470588236,22,22,RELA
CTRP,CTRPv2 complete matrix output; lower response values interpreted as higher sensitivity,LIHC_AXIS_193,LIHC,Triptolide | RELA/E2F1,Triptolide,RELA,E2F1,target_class,Bortezomib,12.023499999999999,0.7876838235294118,0.66953125,22,22,Proteasome:|:PSMA1:|:PSMA2:|:PSMA3:|:PSMA4:|:PSMA5:|:PSMA6:|:PSMA7:|:PSMA8:|:PSMB1:|:PSMB10:|:PSMB11:|:PSMB2:|:PSMB3:|:PSMB4:|:PSMB5:|:PSMB6:|:PSMB7:|:PSMB8:|:PSMB9:|:PSMD1:|:PSMD2:|:RELA
CTRP,CTRPv2 complete matrix output; lower response values interpreted as higher sensitivity,LIHC_AXIS_193,LIHC,Triptolide | RELA/E2F1,Triptolide,RELA,E2F1,target_class,Triptolide,12.539,0.7159926470588236,0.60859375,22,22,RELA
CTRP,CTRPv2 complete matrix output; lower response values interpreted as higher sensitivity,LIHC_AXIS_197,LIHC,(-)-epigallocatechin-3-gallate | RELA/E2F1,(-)-epigallocatechin-3-gallate,RELA,E2F1,target_class,Bortezomib,12.023499999999999,0.7876838235294118,0.66953125,22,22,Proteasome:|:PSMA1:|:PSMA2:|:PSMA3:|:PSMA4:|:PSMA5:|:PSMA6:|:PSMA7:|:PSMA8:|:PSMB1:|:PSMB10:|:PSMB11:|:PSMB2:|:PSMB3:|:PSMB4:|:PSMB5:|:PSMB6:|:PSMB7:|:PSMB8:|:PSMB9:|:PSMD1:|:PSMD2:|:RELA
CTRP,CTRPv2 complete matrix output; lower response values interpreted as higher sensitivity,LIHC_AXIS_197,LIHC,(-)-epigallocatechin-3-gallate | RELA/E2F1,(-)-epigallocatechin-3-gallate,RELA,E2F1,target_class,Triptolide,12.539,0.7159926470588236,0.60859375,22,22,RELA
CTRP,CTRPv2 complete matrix output; lower response values interpreted as higher sensitivity,LIHC_AXIS_192,LIHC,Picropodophyllin | RELA/E2F1,Picropodophyllin,RELA,E2F1,target_class,Bortezomib,12.023499999999999,0.7876838235294118,0.66953125,22,22,Proteasome:|:PSMA1:|:PSMA2:|:PSMA3:|:PSMA4:|:PSMA5:|:PSMA6:|:PSMA7:|:PSMA8:|:PSMB1:|:PSMB10:|:PSMB11:|:PSMB2:|:PSMB3:|:PSMB4:|:PSMB5:|:PSMB6:|:PSMB7:|:PSMB8:|:PSMB9:|:PSMD1:|:PSMD2:|:RELA
CTRP,CTRPv2 complete matrix output; lower response values interpreted as higher sensitivity,LIHC_AXIS_192,LIHC,Picropodophyllin | RELA/E2F1,Picropodophyllin,RELA,E2F1,target_class,Triptolide,12.539,0.7159926470588236,0.60859375,22,22,RELA
CTRP,CTRPv2 complete matrix output; lower response values interpreted as higher sensitivity,LIHC_AXIS_182,LIHC,Praeruptorin A | RELA/E2F1,Praeruptorin A,RELA,E2F1,target_class,Bortezomib,12.023499999999999,0.7876838235294118,0.66953125,22,22,Proteasome:|:PSMA1:|:PSMA2:|:PSMA3:|:PSMA4:|:PSMA5:|:PSMA6:|:PSMA7:|:PSMA8:|:PSMB1:|:PSMB10:|:PSMB11:|:PSMB2:|:PSMB3:|:PSMB4:|:PSMB5:|:PSMB6:|:PSMB7:|:PSMB8:|:PSMB9:|:PSMD1:|:PSMD2:|:RELA
CTRP,CTRPv2 complete matrix output; lower response values interpreted as higher sensitivity,LIHC_AXIS_182,LIHC,Praeruptorin A | RELA/E2F1,Praeruptorin A,RELA,E2F1,target_class,Triptolide,12.539,0.7159926470588236,0.60859375,22,22,RELA
CTRP,CTRPv2 complete matrix output; lower response values interpreted as higher sensitivity,LIHC_AXIS_191,LIHC,Fisetin | RELA/E2F1,Fisetin,RELA,E2F1,target_class,Bortezomib,12.023499999999999,0.7876838235294118,0.66953125,22,22,Proteasome:|:PSMA1:|:PSMA2:|:PSMA3:|:PSMA4:|:PSMA5:|:PSMA6:|:PSMA7:|:PSMA8:|:PSMB1:|:PSMB10:|:PSMB11:|:PSMB2:|:PSMB3:|:PSMB4:|:PSMB5:|:PSMB6:|:PSMB7:|:PSMB8:|:PSMB9:|:PSMD1:|:PSMD2:|:RELA
CTRP,CTRPv2 complete matrix output; lower response values interpreted as higher sensitivity,LIHC_AXIS_191,LIHC,Fisetin | RELA/E2F1,Fisetin,RELA,E2F1,target_class,Triptolide,12.539,0.7159926470588236,0.60859375,22,22,RELA
CTRP,CTRPv2 complete matrix output; lower response values interpreted as higher sensitivity,LIHC_AXIS_198,LIHC,Yamogenin | RELA/E2F1,Yamogenin,RELA,E2F1,target_class,Bortezomib,12.023499999999999,0.7876838235294118,0.66953125,22,22,Proteasome:|:PSMA1:|:PSMA2:|:PSMA3:|:PSMA4:|:PSMA5:|:PSMA6:|:PSMA7:|:PSMA8:|:PSMB1:|:PSMB10:|:PSMB11:|:PSMB2:|:PSMB3:|:PSMB4:|:PSMB5:|:PSMB6:|:PSMB7:|:PSMB8:|:PSMB9:|:PSMD1:|:PSMD2:|:RELA
CTRP,CTRPv2 complete matrix output; lower response values interpreted as higher sensitivity,LIHC_AXIS_198,LIHC,Yamogenin | RELA/E2F1,Yamogenin,RELA,E2F1,target_class,Triptolide,12.539,0.7159926470588236,0.60859375,22,22,RELA
CTRP,CTRPv2 complete matrix output; lower response values interpreted as higher sensitivity,LIHC_AXIS_199,LIHC,Luteolin | RELA/E2F1,Luteolin,RELA,E2F1,target_class,Bortezomib,12.023499999999999,0.7876838235294118,0.66953125,22,22,Proteasome:|:PSMA1:|:PSMA2:|:PSMA3:|:PSMA4:|:PSMA5:|:PSMA6:|:PSMA7:|:PSMA8:|:PSMB1:|:PSMB10:|:PSMB11:|:PSMB2:|:PSMB3:|:PSMB4:|:PSMB5:|:PSMB6:|:PSMB7:|:PSMB8:|:PSMB9:|:PSMD1:|:PSMD2:|:RELA
CTRP,CTRPv2 complete matrix output; lower response values interpreted as higher sensitivity,LIHC_AXIS_199,LIHC,Luteolin | RELA/E2F1,Luteolin,RELA,E2F1,target_class,Triptolide,12.539,0.7159926470588236,0.60859375,22,22,RELA
CTRP,CTRPv2 complete matrix output; lower response values interpreted as higher sensitivity,LIHC_AXIS_183,LIHC,ellagic acid | RELA/E2F1,ellagic acid,RELA,E2F1,target_class,Bortezomib,12.023499999999999,0.7876838235294118,0.66953125,22,22,Proteasome:|:PSMA1:|:PSMA2:|:PSMA3:|:PSMA4:|:PSMA5:|:PSMA6:|:PSMA7:|:PSMA8:|:PSMB1:|:PSMB10:|:PSMB11:|:PSMB2:|:PSMB3:|:PSMB4:|:PSMB5:|:PSMB6:|:PSMB7:|:PSMB8:|:PSMB9:|:PSMD1:|:PSMD2:|:RELA
CTRP,CTRPv2 complete matrix output; lower response values interpreted as higher sensitivity,LIHC_AXIS_183,LIHC,ellagic acid | RELA/E2F1,ellagic acid,RELA,E2F1,target_class,Triptolide,12.539,0.7159926470588236,0.60859375,22,22,RELA
CTRP,CTRPv2 complete matrix output; lower response values interpreted as higher sensitivity,LIHC_AXIS_186,LIHC,Naringenin | RELA/E2F1,Naringenin,RELA,E2F1,target_class,Bortezomib,12.023499999999999,0.7876838235294118,0.66953125,22,22,Proteasome:|:PSMA1:|:PSMA2:|:PSMA3:|:PSMA4:|:PSMA5:|:PSMA6:|:PSMA7:|:PSMA8:|:PSMB1:|:PSMB10:|:PSMB11:|:PSMB2:|:PSMB3:|:PSMB4:|:PSMB5:|:PSMB6:|:PSMB7:|:PSMB8:|:PSMB9:|:PSMD1:|:PSMD2:|:RELA
CTRP,CTRPv2 complete matrix output; lower response values interpreted as higher sensitivity,LIHC_AXIS_186,LIHC,Naringenin | RELA/E2F1,Naringenin,RELA,E2F1,target_class,Triptolide,12.539,0.7159926470588236,0.60859375,22,22,RELA
CTRP,CTRPv2 complete matrix output; lower response values interpreted as higher sensitivity,LIHC_AXIS_194,LIHC,Baicalein | RELA/E2F1,Baicalein,RELA,E2F1,target_class,Bortezomib,12.023499999999999,0.7876838235294118,0.66953125,22,22,Proteasome:|:PSMA1:|:PSMA2:|:PSMA3:|:PSMA4:|:PSMA5:|:PSMA6:|:PSMA7:|:PSMA8:|:PSMB1:|:PSMB10:|:PSMB11:|:PSMB2:|:PSMB3:|:PSMB4:|:PSMB5:|:PSMB6:|:PSMB7:|:PSMB8:|:PSMB9:|:PSMD1:|:PSMD2:|:RELA
CTRP,CTRPv2 complete matrix output; lower response values interpreted as higher sensitivity,LIHC_AXIS_194,LIHC,Baicalein | RELA/E2F1,Baicalein,RELA,E2F1,target_class,Triptolide,12.539,0.7159926470588236,0.60859375,22,22,RELA
CTRP,CTRPv2 complete matrix output; lower response values interpreted as higher sensitivity,LIHC_AXIS_188,LIHC,Artemisinin | RELA/E2F1,Artemisinin,RELA,E2F1,target_class,Bortezomib,12.023499999999999,0.7876838235294118,0.66953125,22,22,Proteasome:|:PSMA1:|:PSMA2:|:PSMA3:|:PSMA4:|:PSMA5:|:PSMA6:|:PSMA7:|:PSMA8:|:PSMB1:|:PSMB10:|:PSMB11:|:PSMB2:|:PSMB3:|:PSMB4:|:PSMB5:|:PSMB6:|:PSMB7:|:PSMB8:|:PSMB9:|:PSMD1:|:PSMD2:|:RELA
CTRP,CTRPv2 complete matrix output; lower response values interpreted as higher sensitivity,LIHC_AXIS_188,LIHC,Artemisinin | RELA/E2F1,Artemisinin,RELA,E2F1,target_class,Triptolide,12.539,0.7159926470588236,0.60859375,22,22,RELA
CTRP,CTRPv2 complete matrix output; lower response values interpreted as higher sensitivity,LIHC_AXIS_190,LIHC,Irisolidone | RELA/E2F1,Irisolidone,RELA,E2F1,target_class,Bortezomib,12.023499999999999,0.7876838235294118,0.66953125,22,22,Proteasome:|:PSMA1:|:PSMA2:|:PSMA3:|:PSMA4:|:PSMA5:|:PSMA6:|:PSMA7:|:PSMA8:|:PSMB1:|:PSMB10:|:PSMB11:|:PSMB2:|:PSMB3:|:PSMB4:|:PSMB5:|:PSMB6:|:PSMB7:|:PSMB8:|:PSMB9:|:PSMD1:|:PSMD2:|:RELA
CTRP,CTRPv2 complete matrix output; lower response values interpreted as higher sensitivity,LIHC_AXIS_190,LIHC,Irisolidone | RELA/E2F1,Irisolidone,RELA,E2F1,target_class,Triptolide,12.539,0.7159926470588236,0.60859375,22,22,RELA
CTRP,CTRPv2 complete matrix output; lower response values interpreted as higher sensitivity,LIHC_AXIS_181,LIHC,Taxifolin | RELA/E2F1,Taxifolin,RELA,E2F1,target_class,Bortezomib,12.023499999999999,0.7876838235294118,0.66953125,22,22,Proteasome:|:PSMA1:|:PSMA2:|:PSMA3:|:PSMA4:|:PSMA5:|:PSMA6:|:PSMA7:|:PSMA8:|:PSMB1:|:PSMB10:|:PSMB11:|:PSMB2:|:PSMB3:|:PSMB4:|:PSMB5:|:PSMB6:|:PSMB7:|:PSMB8:|:PSMB9:|:PSMD1:|:PSMD2:|:RELA
CTRP,CTRPv2 complete matrix output; lower response values interpreted as higher sensitivity,LIHC_AXIS_181,LIHC,Taxifolin | RELA/E2F1,Taxifolin,RELA,E2F1,target_class,Triptolide,12.539,0.7159926470588236,0.60859375,22,22,RELA
CTRP,CTRPv2 complete matrix output; lower response values interpreted as higher sensitivity,LIHC_AXIS_179,LIHC,Tanshinone iia | RELA/E2F1,Tanshinone iia,RELA,E2F1,target_class,Bortezomib,12.023499999999999,0.7876838235294118,0.66953125,22,22,Proteasome:|:PSMA1:|:PSMA2:|:PSMA3:|:PSMA4:|:PSMA5:|:PSMA6:|:PSMA7:|:PSMA8:|:PSMB1:|:PSMB10:|:PSMB11:|:PSMB2:|:PSMB3:|:PSMB4:|:PSMB5:|:PSMB6:|:PSMB7:|:PSMB8:|:PSMB9:|:PSMD1:|:PSMD2:|:RELA
CTRP,CTRPv2 complete matrix output; lower response values interpreted as higher sensitivity,LIHC_AXIS_179,LIHC,Tanshinone iia | RELA/E2F1,Tanshinone iia,RELA,E2F1,target_class,Triptolide,12.539,0.7159926470588236,0.60859375,22,22,RELA
CTRP,CTRPv2 complete matrix output; lower response values interpreted as higher sensitivity,LIHC_AXIS_189,LIHC,Licochalcone A | RELA/E2F1,Licochalcone A,RELA,E2F1,target_class,Bortezomib,12.023499999999999,0.7876838235294118,0.66953125,22,22,Proteasome:|:PSMA1:|:PSMA2:|:PSMA3:|:PSMA4:|:PSMA5:|:PSMA6:|:PSMA7:|:PSMA8:|:PSMB1:|:PSMB10:|:PSMB11:|:PSMB2:|:PSMB3:|:PSMB4:|:PSMB5:|:PSMB6:|:PSMB7:|:PSMB8:|:PSMB9:|:PSMD1:|:PSMD2:|:RELA
CTRP,CTRPv2 complete matrix output; lower response values interpreted as higher sensitivity,LIHC_AXIS_189,LIHC,Licochalcone A | RELA/E2F1,Licochalcone A,RELA,E2F1,target_class,Triptolide,12.539,0.7159926470588236,0.60859375,22,22,RELA
CTRP,CTRPv2 complete matrix output; lower response values interpreted as higher sensitivity,LIHC_AXIS_187,LIHC,Kaempferol | RELA/E2F1,Kaempferol,RELA,E2F1,target_class,Bortezomib,12.023499999999999,0.7876838235294118,0.66953125,22,22,Proteasome:|:PSMA1:|:PSMA2:|:PSMA3:|:PSMA4:|:PSMA5:|:PSMA6:|:PSMA7:|:PSMA8:|:PSMB1:|:PSMB10:|:PSMB11:|:PSMB2:|:PSMB3:|:PSMB4:|:PSMB5:|:PSMB6:|:PSMB7:|:PSMB8:|:PSMB9:|:PSMD1:|:PSMD2:|:RELA
CTRP,CTRPv2 complete matrix output; lower response values interpreted as higher sensitivity,LIHC_AXIS_187,LIHC,Kaempferol | RELA/E2F1,Kaempferol,RELA,E2F1,target_class,Triptolide,12.539,0.7159926470588236,0.60859375,22,22,RELA
CTRP,CTRPv2 complete matrix output; lower response values interpreted as higher sensitivity,LIHC_AXIS_172,LIHC,Quercetin | CTNNB1/E2F1,Quercetin,CTNNB1,E2F1,target_class,BRD1812,13.2510682786585,0.5873161764705883,0.49921875000000004,22,22,CTNNB1
CTRP,CTRPv2 complete matrix output; lower response values interpreted as higher sensitivity,LIHC_AXIS_163,LIHC,Rocaglamide | RELA/CEBPB,Rocaglamide,RELA,CEBPB,target_class,Bortezomib,12.023499999999999,0.7876838235294118,0.66953125,22,22,Proteasome:|:PSMA1:|:PSMA2:|:PSMA3:|:PSMA4:|:PSMA5:|:PSMA6:|:PSMA7:|:PSMA8:|:PSMB1:|:PSMB10:|:PSMB11:|:PSMB2:|:PSMB3:|:PSMB4:|:PSMB5:|:PSMB6:|:PSMB7:|:PSMB8:|:PSMB9:|:PSMD1:|:PSMD2:|:RELA
CTRP,CTRPv2 complete matrix output; lower response values interpreted as higher sensitivity,LIHC_AXIS_163,LIHC,Rocaglamide | RELA/CEBPB,Rocaglamide,RELA,CEBPB,target_class,Triptolide,12.539,0.7159926470588236,0.60859375,22,22,RELA
CTRP,CTRPv2 complete matrix output; lower response values interpreted as higher sensitivity,LIHC_AXIS_128,LIHC,"3,4-benzopyrene | AHR/NR1H3","3,4-benzopyrene",AHR,NR1H3,target_class,StemRegenin 1,14.037500000000001,0.44209558823529416,0.37578125,22,22,AHR
CTRP,CTRPv2 complete matrix output; lower response values interpreted as higher sensitivity,LIHC_AXIS_128,LIHC,"3,4-benzopyrene | AHR/NR1H3","3,4-benzopyrene",AHR,NR1H3,target_class,VAF-347,14.660326926036849,0.22702205882352944,0.19296875000000002,22,22,AHR
CTRP,CTRPv2 complete matrix output; lower response values interpreted as higher sensitivity,LIHC_AXIS_171,LIHC,Beta-naphthoflavone | AHR/SMAD2,Beta-naphthoflavone,AHR,SMAD2,target_class,StemRegenin 1,14.037500000000001,0.44209558823529416,0.37578125,22,22,AHR
CTRP,CTRPv2 complete matrix output; lower response values interpreted as higher sensitivity,LIHC_AXIS_171,LIHC,Beta-naphthoflavone | AHR/SMAD2,Beta-naphthoflavone,AHR,SMAD2,target_class,VAF-347,14.660326926036849,0.22702205882352944,0.19296875000000002,22,22,AHR
CTRP,CTRPv2 complete matrix output; lower response values interpreted as higher sensitivity,LIHC_AXIS_159,LIHC,Uosolic Acid | RELA/E2F1,Uosolic Acid,RELA,E2F1,target_class,Bortezomib,12.023499999999999,0.7876838235294118,0.66953125,22,22,Proteasome:|:PSMA1:|:PSMA2:|:PSMA3:|:PSMA4:|:PSMA5:|:PSMA6:|:PSMA7:|:PSMA8:|:PSMB1:|:PSMB10:|:PSMB11:|:PSMB2:|:PSMB3:|:PSMB4:|:PSMB5:|:PSMB6:|:PSMB7:|:PSMB8:|:PSMB9:|:PSMD1:|:PSMD2:|:RELA
CTRP,CTRPv2 complete matrix output; lower response values interpreted as higher sensitivity,LIHC_AXIS_159,LIHC,Uosolic Acid | RELA/E2F1,Uosolic Acid,RELA,E2F1,target_class,Triptolide,12.539,0.7159926470588236,0.60859375,22,22,RELA
CTRP,CTRPv2 complete matrix output; lower response values interpreted as higher sensitivity,LIHC_AXIS_149,LIHC,Flavopiridol | CDK1/KLF5,Flavopiridol,CDK1,KLF5,target_class,Dinaciclib,6.55195,0.9935661764705882,0.84453125,22,22,CDK1:|:CDK2:|:CDK5:|:CDK9
CTRP,CTRPv2 complete matrix output; lower response values interpreted as higher sensitivity,LIHC_AXIS_149,LIHC,Flavopiridol | CDK1/KLF5,Flavopiridol,CDK1,KLF5,target_class,Alvocidib,8.60288343763979,0.9659926470588235,0.82109375,22,22,CDK:|:CDK1:|:CDK2:|:CDK4:|:CDK5:|:CDK6:|:CDK7:|:CDK8:|:CDK9:|:EGFR:|:PYGM
CTRP,CTRPv2 complete matrix output; lower response values interpreted as higher sensitivity,LIHC_AXIS_149,LIHC,Flavopiridol | CDK1/KLF5,Flavopiridol,CDK1,KLF5,target_class,PHA-793887,12.9665,0.6443014705882353,0.54765625,22,22,CDK1:|:CDK2:|:CDK4:|:CDK5:|:CDK7:|:CDK9
CTRP,CTRPv2 complete matrix output; lower response values interpreted as higher sensitivity,LIHC_AXIS_149,LIHC,Flavopiridol | CDK1/KLF5,Flavopiridol,CDK1,KLF5,target_class,PF-573228,13.23538943803985,0.5946691176470589,0.50546875,22,22,CDK1:|:CDK2:|:CDK7:|:GSK3B:|:IKBKB:|:PTK2
CTRP,CTRPv2 complete matrix output; lower response values interpreted as higher sensitivity,LIHC_AXIS_149,LIHC,Flavopiridol | CDK1/KLF5,Flavopiridol,CDK1,KLF5,target_class,N9-Isopropyl-olomoucine,13.54,0.5395220588235294,0.45859375,22,22,CCNB1:|:CDK1:|:CDK5:|:CDK5R1
CTRP,CTRPv2 complete matrix output; lower response values interpreted as higher sensitivity,LIHC_AXIS_149,LIHC,Flavopiridol | CDK1/KLF5,Flavopiridol,CDK1,KLF5,target_class,CHIR-99021,14.441500000000001,0.3336397058823529,0.28359375,22,22,CDK1:|:GSK3A:|:GSK3B:|:MAPK1
CTRP,CTRPv2 complete matrix output; lower response values interpreted as higher sensitivity,LIHC_AXIS_149,LIHC,Flavopiridol | CDK1/KLF5,Flavopiridol,CDK1,KLF5,tf_or_regulator_class,CID-5951923,14.4905,0.31709558823529416,0.2061121323529412,22,22,KLF5
CTRP,CTRPv2 complete matrix output; lower response values interpreted as higher sensitivity,LIHC_AXIS_124,LIHC,Eriodyctiol (flavanone) | HSP90AB1/AHR,Eriodyctiol (flavanone),HSP90AB1,AHR,tf_or_regulator_class,StemRegenin 1,14.037500000000001,0.44209558823529416,0.2873621323529412,22,22,AHR
CTRP,CTRPv2 complete matrix output; lower response values interpreted as higher sensitivity,LIHC_AXIS_124,LIHC,Eriodyctiol (flavanone) | HSP90AB1/AHR,Eriodyctiol (flavanone),HSP90AB1,AHR,tf_or_regulator_class,VAF-347,14.660326926036849,0.22702205882352944,0.14756433823529413,22,22,AHR
CTRP,CTRPv2 complete matrix output; lower response values interpreted as higher sensitivity,LIHC_AXIS_115,LIHC,Kaempferol | DPP4/HNF1A,Kaempferol,DPP4,HNF1A,target_class,Sitagliptin,15.007517967967349,0.05055147058823528,0.042968749999999986,22,22,DPP4
CTRP,CTRPv2 complete matrix output; lower response values interpreted as higher sensitivity,LIHC_AXIS_144,LIHC,Luteolin | DPP4/HNF1A,Luteolin,DPP4,HNF1A,target_class,Sitagliptin,15.007517967967349,0.05055147058823528,0.042968749999999986,22,22,DPP4
CTRP,CTRPv2 complete matrix output; lower response values interpreted as higher sensitivity,LIHC_AXIS_166,LIHC,(-)-epigallocatechin-3-gallate | BACE1/CTNNB1,(-)-epigallocatechin-3-gallate,BACE1,CTNNB1,tf_or_regulator_class,BRD1812,13.2510682786585,0.5873161764705883,0.3817555147058824,22,22,CTNNB1
CTRP,CTRPv2 complete matrix output; lower response values interpreted as higher sensitivity,LIHC_AXIS_167,LIHC,Acteoside | BACE1/CTNNB1,Acteoside,BACE1,CTNNB1,tf_or_regulator_class,BRD1812,13.2510682786585,0.5873161764705883,0.3817555147058824,22,22,CTNNB1
CTRP,CTRPv2 complete matrix output; lower response values interpreted as higher sensitivity,LIHC_AXIS_176,LIHC,Collagen | BACE1/CTNNB1,Collagen,BACE1,CTNNB1,tf_or_regulator_class,BRD1812,13.2510682786585,0.5873161764705883,0.3817555147058824,22,22,CTNNB1
CTRP,CTRPv2 complete matrix output; lower response values interpreted as higher sensitivity,LIHC_AXIS_150,LIHC,Quercetin | BACE1/CTNNB1,Quercetin,BACE1,CTNNB1,tf_or_regulator_class,BRD1812,13.2510682786585,0.5873161764705883,0.3817555147058824,22,22,CTNNB1
CTRP,CTRPv2 complete matrix output; lower response values interpreted as higher sensitivity,LIHC_AXIS_168,LIHC,"3',4',7-trihydroxyflavanone | BACE1/CTNNB1","3',4',7-trihydroxyflavanone",BACE1,CTNNB1,tf_or_regulator_class,BRD1812,13.2510682786585,0.5873161764705883,0.3817555147058824,22,22,CTNNB1
CTRP,CTRPv2 complete matrix output; lower response values interpreted as higher sensitivity,LIHC_AXIS_106,LIHC,Flavopiridol | CDK1/E2F1,Flavopiridol,CDK1,E2F1,target_class,Dinaciclib,6.55195,0.9935661764705882,0.84453125,22,22,CDK1:|:CDK2:|:CDK5:|:CDK9
CTRP,CTRPv2 complete matrix output; lower response values interpreted as higher sensitivity,LIHC_AXIS_106,LIHC,Flavopiridol | CDK1/E2F1,Flavopiridol,CDK1,E2F1,target_class,Alvocidib,8.60288343763979,0.9659926470588235,0.82109375,22,22,CDK:|:CDK1:|:CDK2:|:CDK4:|:CDK5:|:CDK6:|:CDK7:|:CDK8:|:CDK9:|:EGFR:|:PYGM
CTRP,CTRPv2 complete matrix output; lower response values interpreted as higher sensitivity,LIHC_AXIS_106,LIHC,Flavopiridol | CDK1/E2F1,Flavopiridol,CDK1,E2F1,target_class,PHA-793887,12.9665,0.6443014705882353,0.54765625,22,22,CDK1:|:CDK2:|:CDK4:|:CDK5:|:CDK7:|:CDK9
CTRP,CTRPv2 complete matrix output; lower response values interpreted as higher sensitivity,LIHC_AXIS_106,LIHC,Flavopiridol | CDK1/E2F1,Flavopiridol,CDK1,E2F1,target_class,PF-573228,13.23538943803985,0.5946691176470589,0.50546875,22,22,CDK1:|:CDK2:|:CDK7:|:GSK3B:|:IKBKB:|:PTK2
CTRP,CTRPv2 complete matrix output; lower response values interpreted as higher sensitivity,LIHC_AXIS_106,LIHC,Flavopiridol | CDK1/E2F1,Flavopiridol,CDK1,E2F1,target_class,N9-Isopropyl-olomoucine,13.54,0.5395220588235294,0.45859375,22,22,CCNB1:|:CDK1:|:CDK5:|:CDK5R1
CTRP,CTRPv2 complete matrix output; lower response values interpreted as higher sensitivity,LIHC_AXIS_106,LIHC,Flavopiridol | CDK1/E2F1,Flavopiridol,CDK1,E2F1,target_class,CHIR-99021,14.441500000000001,0.3336397058823529,0.28359375,22,22,CDK1:|:GSK3A:|:GSK3B:|:MAPK1
CTRP,CTRPv2 complete matrix output; lower response values interpreted as higher sensitivity,LIHC_AXIS_145,LIHC,Quercetin | MMP1/RELA,Quercetin,MMP1,RELA,tf_or_regulator_class,Bortezomib,12.023499999999999,0.7876838235294118,0.5119944852941177,22,22,Proteasome:|:PSMA1:|:PSMA2:|:PSMA3:|:PSMA4:|:PSMA5:|:PSMA6:|:PSMA7:|:PSMA8:|:PSMB1:|:PSMB10:|:PSMB11:|:PSMB2:|:PSMB3:|:PSMB4:|:PSMB5:|:PSMB6:|:PSMB7:|:PSMB8:|:PSMB9:|:PSMD1:|:PSMD2:|:RELA
CTRP,CTRPv2 complete matrix output; lower response values interpreted as higher sensitivity,LIHC_AXIS_145,LIHC,Quercetin | MMP1/RELA,Quercetin,MMP1,RELA,tf_or_regulator_class,Triptolide,12.539,0.7159926470588236,0.46539522058823535,22,22,RELA
CTRP,CTRPv2 complete matrix output; lower response values interpreted as higher sensitivity,LIHC_AXIS_161,LIHC,Kaempferol | MMP1/RELA,Kaempferol,MMP1,RELA,tf_or_regulator_class,Bortezomib,12.023499999999999,0.7876838235294118,0.5119944852941177,22,22,Proteasome:|:PSMA1:|:PSMA2:|:PSMA3:|:PSMA4:|:PSMA5:|:PSMA6:|:PSMA7:|:PSMA8:|:PSMB1:|:PSMB10:|:PSMB11:|:PSMB2:|:PSMB3:|:PSMB4:|:PSMB5:|:PSMB6:|:PSMB7:|:PSMB8:|:PSMB9:|:PSMD1:|:PSMD2:|:RELA
CTRP,CTRPv2 complete matrix output; lower response values interpreted as higher sensitivity,LIHC_AXIS_161,LIHC,Kaempferol | MMP1/RELA,Kaempferol,MMP1,RELA,tf_or_regulator_class,Triptolide,12.539,0.7159926470588236,0.46539522058823535,22,22,RELA
CTRP,CTRPv2 complete matrix output; lower response values interpreted as higher sensitivity,LIHC_AXIS_160,LIHC,Luteolin | MMP1/RELA,Luteolin,MMP1,RELA,tf_or_regulator_class,Bortezomib,12.023499999999999,0.7876838235294118,0.5119944852941177,22,22,Proteasome:|:PSMA1:|:PSMA2:|:PSMA3:|:PSMA4:|:PSMA5:|:PSMA6:|:PSMA7:|:PSMA8:|:PSMB1:|:PSMB10:|:PSMB11:|:PSMB2:|:PSMB3:|:PSMB4:|:PSMB5:|:PSMB6:|:PSMB7:|:PSMB8:|:PSMB9:|:PSMD1:|:PSMD2:|:RELA
CTRP,CTRPv2 complete matrix output; lower response values interpreted as higher sensitivity,LIHC_AXIS_160,LIHC,Luteolin | MMP1/RELA,Luteolin,MMP1,RELA,tf_or_regulator_class,Triptolide,12.539,0.7159926470588236,0.46539522058823535,22,22,RELA
CTRP,CTRPv2 complete matrix output; lower response values interpreted as higher sensitivity,LIHC_AXIS_170,LIHC,(-)-epigallocatechin-3-gallate | MMP1/RELA,(-)-epigallocatechin-3-gallate,MMP1,RELA,tf_or_regulator_class,Bortezomib,12.023499999999999,0.7876838235294118,0.5119944852941177,22,22,Proteasome:|:PSMA1:|:PSMA2:|:PSMA3:|:PSMA4:|:PSMA5:|:PSMA6:|:PSMA7:|:PSMA8:|:PSMB1:|:PSMB10:|:PSMB11:|:PSMB2:|:PSMB3:|:PSMB4:|:PSMB5:|:PSMB6:|:PSMB7:|:PSMB8:|:PSMB9:|:PSMD1:|:PSMD2:|:RELA
CTRP,CTRPv2 complete matrix output; lower response values interpreted as higher sensitivity,LIHC_AXIS_170,LIHC,(-)-epigallocatechin-3-gallate | MMP1/RELA,(-)-epigallocatechin-3-gallate,MMP1,RELA,tf_or_regulator_class,Triptolide,12.539,0.7159926470588236,0.46539522058823535,22,22,RELA
CTRP,CTRPv2 complete matrix output; lower response values interpreted as higher sensitivity,LIHC_AXIS_142,LIHC,Indirubin | CDK1/TFDP1,Indirubin,CDK1,TFDP1,target_class,Dinaciclib,6.55195,0.9935661764705882,0.84453125,22,22,CDK1:|:CDK2:|:CDK5:|:CDK9
CTRP,CTRPv2 complete matrix output; lower response values interpreted as higher sensitivity,LIHC_AXIS_142,LIHC,Indirubin | CDK1/TFDP1,Indirubin,CDK1,TFDP1,target_class,Alvocidib,8.60288343763979,0.9659926470588235,0.82109375,22,22,CDK:|:CDK1:|:CDK2:|:CDK4:|:CDK5:|:CDK6:|:CDK7:|:CDK8:|:CDK9:|:EGFR:|:PYGM
CTRP,CTRPv2 complete matrix output; lower response values interpreted as higher sensitivity,LIHC_AXIS_142,LIHC,Indirubin | CDK1/TFDP1,Indirubin,CDK1,TFDP1,target_class,PHA-793887,12.9665,0.6443014705882353,0.54765625,22,22,CDK1:|:CDK2:|:CDK4:|:CDK5:|:CDK7:|:CDK9
CTRP,CTRPv2 complete matrix output; lower response values interpreted as higher sensitivity,LIHC_AXIS_142,LIHC,Indirubin | CDK1/TFDP1,Indirubin,CDK1,TFDP1,target_class,PF-573228,13.23538943803985,0.5946691176470589,0.50546875,22,22,CDK1:|:CDK2:|:CDK7:|:GSK3B:|:IKBKB:|:PTK2
CTRP,CTRPv2 complete matrix output; lower response values interpreted as higher sensitivity,LIHC_AXIS_142,LIHC,Indirubin | CDK1/TFDP1,Indirubin,CDK1,TFDP1,target_class,N9-Isopropyl-olomoucine,13.54,0.5395220588235294,0.45859375,22,22,CCNB1:|:CDK1:|:CDK5:|:CDK5R1
CTRP,CTRPv2 complete matrix output; lower response values interpreted as higher sensitivity,LIHC_AXIS_142,LIHC,Indirubin | CDK1/TFDP1,Indirubin,CDK1,TFDP1,target_class,CHIR-99021,14.441500000000001,0.3336397058823529,0.28359375,22,22,CDK1:|:GSK3A:|:GSK3B:|:MAPK1
CTRP,CTRPv2 complete matrix output; lower response values interpreted as higher sensitivity,LIHC_AXIS_162,LIHC,Baicalein | CDK1/TFDP1,Baicalein,CDK1,TFDP1,target_class,Dinaciclib,6.55195,0.9935661764705882,0.84453125,22,22,CDK1:|:CDK2:|:CDK5:|:CDK9
CTRP,CTRPv2 complete matrix output; lower response values interpreted as higher sensitivity,LIHC_AXIS_162,LIHC,Baicalein | CDK1/TFDP1,Baicalein,CDK1,TFDP1,target_class,Alvocidib,8.60288343763979,0.9659926470588235,0.82109375,22,22,CDK:|:CDK1:|:CDK2:|:CDK4:|:CDK5:|:CDK6:|:CDK7:|:CDK8:|:CDK9:|:EGFR:|:PYGM
CTRP,CTRPv2 complete matrix output; lower response values interpreted as higher sensitivity,LIHC_AXIS_162,LIHC,Baicalein | CDK1/TFDP1,Baicalein,CDK1,TFDP1,target_class,PHA-793887,12.9665,0.6443014705882353,0.54765625,22,22,CDK1:|:CDK2:|:CDK4:|:CDK5:|:CDK7:|:CDK9
CTRP,CTRPv2 complete matrix output; lower response values interpreted as higher sensitivity,LIHC_AXIS_162,LIHC,Baicalein | CDK1/TFDP1,Baicalein,CDK1,TFDP1,target_class,PF-573228,13.23538943803985,0.5946691176470589,0.50546875,22,22,CDK1:|:CDK2:|:CDK7:|:GSK3B:|:IKBKB:|:PTK2
CTRP,CTRPv2 complete matrix output; lower response values interpreted as higher sensitivity,LIHC_AXIS_162,LIHC,Baicalein | CDK1/TFDP1,Baicalein,CDK1,TFDP1,target_class,N9-Isopropyl-olomoucine,13.54,0.5395220588235294,0.45859375,22,22,CCNB1:|:CDK1:|:CDK5:|:CDK5R1
CTRP,CTRPv2 complete matrix output; lower response values interpreted as higher sensitivity,LIHC_AXIS_162,LIHC,Baicalein | CDK1/TFDP1,Baicalein,CDK1,TFDP1,target_class,CHIR-99021,14.441500000000001,0.3336397058823529,0.28359375,22,22,CDK1:|:GSK3A:|:GSK3B:|:MAPK1
CTRP,CTRPv2 complete matrix output; lower response values interpreted as higher sensitivity,LIHC_AXIS_105,LIHC,Indirubin | CDK1/E2F4,Indirubin,CDK1,E2F4,target_class,Dinaciclib,6.55195,0.9935661764705882,0.84453125,22,22,CDK1:|:CDK2:|:CDK5:|:CDK9
CTRP,CTRPv2 complete matrix output; lower response values interpreted as higher sensitivity,LIHC_AXIS_105,LIHC,Indirubin | CDK1/E2F4,Indirubin,CDK1,E2F4,target_class,Alvocidib,8.60288343763979,0.9659926470588235,0.82109375,22,22,CDK:|:CDK1:|:CDK2:|:CDK4:|:CDK5:|:CDK6:|:CDK7:|:CDK8:|:CDK9:|:EGFR:|:PYGM
CTRP,CTRPv2 complete matrix output; lower response values interpreted as higher sensitivity,LIHC_AXIS_105,LIHC,Indirubin | CDK1/E2F4,Indirubin,CDK1,E2F4,target_class,PHA-793887,12.9665,0.6443014705882353,0.54765625,22,22,CDK1:|:CDK2:|:CDK4:|:CDK5:|:CDK7:|:CDK9
CTRP,CTRPv2 complete matrix output; lower response values interpreted as higher sensitivity,LIHC_AXIS_105,LIHC,Indirubin | CDK1/E2F4,Indirubin,CDK1,E2F4,target_class,PF-573228,13.23538943803985,0.5946691176470589,0.50546875,22,22,CDK1:|:CDK2:|:CDK7:|:GSK3B:|:IKBKB:|:PTK2
CTRP,CTRPv2 complete matrix output; lower response values interpreted as higher sensitivity,LIHC_AXIS_105,LIHC,Indirubin | CDK1/E2F4,Indirubin,CDK1,E2F4,target_class,N9-Isopropyl-olomoucine,13.54,0.5395220588235294,0.45859375,22,22,CCNB1:|:CDK1:|:CDK5:|:CDK5R1
CTRP,CTRPv2 complete matrix output; lower response values interpreted as higher sensitivity,LIHC_AXIS_105,LIHC,Indirubin | CDK1/E2F4,Indirubin,CDK1,E2F4,target_class,CHIR-99021,14.441500000000001,0.3336397058823529,0.28359375,22,22,CDK1:|:GSK3A:|:GSK3B:|:MAPK1
CTRP,CTRPv2 complete matrix output; lower response values interpreted as higher sensitivity,LIHC_AXIS_127,LIHC,Baicalein | CDK1/E2F4,Baicalein,CDK1,E2F4,target_class,Dinaciclib,6.55195,0.9935661764705882,0.84453125,22,22,CDK1:|:CDK2:|:CDK5:|:CDK9
CTRP,CTRPv2 complete matrix output; lower response values interpreted as higher sensitivity,LIHC_AXIS_127,LIHC,Baicalein | CDK1/E2F4,Baicalein,CDK1,E2F4,target_class,Alvocidib,8.60288343763979,0.9659926470588235,0.82109375,22,22,CDK:|:CDK1:|:CDK2:|:CDK4:|:CDK5:|:CDK6:|:CDK7:|:CDK8:|:CDK9:|:EGFR:|:PYGM
CTRP,CTRPv2 complete matrix output; lower response values interpreted as higher sensitivity,LIHC_AXIS_127,LIHC,Baicalein | CDK1/E2F4,Baicalein,CDK1,E2F4,target_class,PHA-793887,12.9665,0.6443014705882353,0.54765625,22,22,CDK1:|:CDK2:|:CDK4:|:CDK5:|:CDK7:|:CDK9
CTRP,CTRPv2 complete matrix output; lower response values interpreted as higher sensitivity,LIHC_AXIS_127,LIHC,Baicalein | CDK1/E2F4,Baicalein,CDK1,E2F4,target_class,PF-573228,13.23538943803985,0.5946691176470589,0.50546875,22,22,CDK1:|:CDK2:|:CDK7:|:GSK3B:|:IKBKB:|:PTK2
CTRP,CTRPv2 complete matrix output; lower response values interpreted as higher sensitivity,LIHC_AXIS_127,LIHC,Baicalein | CDK1/E2F4,Baicalein,CDK1,E2F4,target_class,N9-Isopropyl-olomoucine,13.54,0.5395220588235294,0.45859375,22,22,CCNB1:|:CDK1:|:CDK5:|:CDK5R1
CTRP,CTRPv2 complete matrix output; lower response values interpreted as higher sensitivity,LIHC_AXIS_127,LIHC,Baicalein | CDK1/E2F4,Baicalein,CDK1,E2F4,target_class,CHIR-99021,14.441500000000001,0.3336397058823529,0.28359375,22,22,CDK1:|:GSK3A:|:GSK3B:|:MAPK1
CTRP,CTRPv2 complete matrix output; lower response values interpreted as higher sensitivity,LIHC_AXIS_174,LIHC,Kaempferol | DPP4/CDX2,Kaempferol,DPP4,CDX2,target_class,Sitagliptin,15.007517967967349,0.05055147058823528,0.042968749999999986,22,22,DPP4
CTRP,CTRPv2 complete matrix output; lower response values interpreted as higher sensitivity,LIHC_AXIS_102,LIHC,Indirubin | AHR/AHR,Indirubin,AHR,AHR,target_class,StemRegenin 1,14.037500000000001,0.44209558823529416,0.37578125,22,22,AHR
CTRP,CTRPv2 complete matrix output; lower response values interpreted as higher sensitivity,LIHC_AXIS_102,LIHC,Indirubin | AHR/AHR,Indirubin,AHR,AHR,target_class,VAF-347,14.660326926036849,0.22702205882352944,0.19296875000000002,22,22,AHR
CTRP,CTRPv2 complete matrix output; lower response values interpreted as higher sensitivity,LIHC_AXIS_102,LIHC,Indirubin | AHR/AHR,Indirubin,AHR,AHR,tf_or_regulator_class,StemRegenin 1,14.037500000000001,0.44209558823529416,0.2873621323529412,22,22,AHR
CTRP,CTRPv2 complete matrix output; lower response values interpreted as higher sensitivity,LIHC_AXIS_102,LIHC,Indirubin | AHR/AHR,Indirubin,AHR,AHR,tf_or_regulator_class,VAF-347,14.660326926036849,0.22702205882352944,0.14756433823529413,22,22,AHR
CTRP,CTRPv2 complete matrix output; lower response values interpreted as higher sensitivity,LIHC_AXIS_125,LIHC,Kaempferol | AHR/AHR,Kaempferol,AHR,AHR,target_class,StemRegenin 1,14.037500000000001,0.44209558823529416,0.37578125,22,22,AHR
CTRP,CTRPv2 complete matrix output; lower response values interpreted as higher sensitivity,LIHC_AXIS_125,LIHC,Kaempferol | AHR/AHR,Kaempferol,AHR,AHR,target_class,VAF-347,14.660326926036849,0.22702205882352944,0.19296875000000002,22,22,AHR
CTRP,CTRPv2 complete matrix output; lower response values interpreted as higher sensitivity,LIHC_AXIS_125,LIHC,Kaempferol | AHR/AHR,Kaempferol,AHR,AHR,tf_or_regulator_class,StemRegenin 1,14.037500000000001,0.44209558823529416,0.2873621323529412,22,22,AHR
CTRP,CTRPv2 complete matrix output; lower response values interpreted as higher sensitivity,LIHC_AXIS_125,LIHC,Kaempferol | AHR/AHR,Kaempferol,AHR,AHR,tf_or_regulator_class,VAF-347,14.660326926036849,0.22702205882352944,0.14756433823529413,22,22,AHR
CTRP,CTRPv2 complete matrix output; lower response values interpreted as higher sensitivity,LIHC_AXIS_140,LIHC,Quercetin | MMP1/CTNNB1,Quercetin,MMP1,CTNNB1,tf_or_regulator_class,BRD1812,13.2510682786585,0.5873161764705883,0.3817555147058824,22,22,CTNNB1
CTRP,CTRPv2 complete matrix output; lower response values interpreted as higher sensitivity,LIHC_AXIS_156,LIHC,Luteolin | MMP1/CTNNB1,Luteolin,MMP1,CTNNB1,tf_or_regulator_class,BRD1812,13.2510682786585,0.5873161764705883,0.3817555147058824,22,22,CTNNB1
CTRP,CTRPv2 complete matrix output; lower response values interpreted as higher sensitivity,LIHC_AXIS_155,LIHC,Kaempferol | MMP1/CTNNB1,Kaempferol,MMP1,CTNNB1,tf_or_regulator_class,BRD1812,13.2510682786585,0.5873161764705883,0.3817555147058824,22,22,CTNNB1
CTRP,CTRPv2 complete matrix output; lower response values interpreted as higher sensitivity,LIHC_AXIS_139,LIHC,Quercetin | CDK1/MYBL2,Quercetin,CDK1,MYBL2,target_class,Dinaciclib,6.55195,0.9935661764705882,0.84453125,22,22,CDK1:|:CDK2:|:CDK5:|:CDK9
CTRP,CTRPv2 complete matrix output; lower response values interpreted as higher sensitivity,LIHC_AXIS_139,LIHC,Quercetin | CDK1/MYBL2,Quercetin,CDK1,MYBL2,target_class,Alvocidib,8.60288343763979,0.9659926470588235,0.82109375,22,22,CDK:|:CDK1:|:CDK2:|:CDK4:|:CDK5:|:CDK6:|:CDK7:|:CDK8:|:CDK9:|:EGFR:|:PYGM
CTRP,CTRPv2 complete matrix output; lower response values interpreted as higher sensitivity,LIHC_AXIS_139,LIHC,Quercetin | CDK1/MYBL2,Quercetin,CDK1,MYBL2,target_class,PHA-793887,12.9665,0.6443014705882353,0.54765625,22,22,CDK1:|:CDK2:|:CDK4:|:CDK5:|:CDK7:|:CDK9
CTRP,CTRPv2 complete matrix output; lower response values interpreted as higher sensitivity,LIHC_AXIS_139,LIHC,Quercetin | CDK1/MYBL2,Quercetin,CDK1,MYBL2,target_class,PF-573228,13.23538943803985,0.5946691176470589,0.50546875,22,22,CDK1:|:CDK2:|:CDK7:|:GSK3B:|:IKBKB:|:PTK2
CTRP,CTRPv2 complete matrix output; lower response values interpreted as higher sensitivity,LIHC_AXIS_139,LIHC,Quercetin | CDK1/MYBL2,Quercetin,CDK1,MYBL2,target_class,N9-Isopropyl-olomoucine,13.54,0.5395220588235294,0.45859375,22,22,CCNB1:|:CDK1:|:CDK5:|:CDK5R1
CTRP,CTRPv2 complete matrix output; lower response values interpreted as higher sensitivity,LIHC_AXIS_139,LIHC,Quercetin | CDK1/MYBL2,Quercetin,CDK1,MYBL2,target_class,CHIR-99021,14.441500000000001,0.3336397058823529,0.28359375,22,22,CDK1:|:GSK3A:|:GSK3B:|:MAPK1
CTRP,CTRPv2 complete matrix output; lower response values interpreted as higher sensitivity,LIHC_AXIS_138,LIHC,Quercetin | CDK1/SMAD7,Quercetin,CDK1,SMAD7,target_class,Dinaciclib,6.55195,0.9935661764705882,0.84453125,22,22,CDK1:|:CDK2:|:CDK5:|:CDK9
CTRP,CTRPv2 complete matrix output; lower response values interpreted as higher sensitivity,LIHC_AXIS_138,LIHC,Quercetin | CDK1/SMAD7,Quercetin,CDK1,SMAD7,target_class,Alvocidib,8.60288343763979,0.9659926470588235,0.82109375,22,22,CDK:|:CDK1:|:CDK2:|:CDK4:|:CDK5:|:CDK6:|:CDK7:|:CDK8:|:CDK9:|:EGFR:|:PYGM
CTRP,CTRPv2 complete matrix output; lower response values interpreted as higher sensitivity,LIHC_AXIS_138,LIHC,Quercetin | CDK1/SMAD7,Quercetin,CDK1,SMAD7,target_class,PHA-793887,12.9665,0.6443014705882353,0.54765625,22,22,CDK1:|:CDK2:|:CDK4:|:CDK5:|:CDK7:|:CDK9
CTRP,CTRPv2 complete matrix output; lower response values interpreted as higher sensitivity,LIHC_AXIS_138,LIHC,Quercetin | CDK1/SMAD7,Quercetin,CDK1,SMAD7,target_class,PF-573228,13.23538943803985,0.5946691176470589,0.50546875,22,22,CDK1:|:CDK2:|:CDK7:|:GSK3B:|:IKBKB:|:PTK2
CTRP,CTRPv2 complete matrix output; lower response values interpreted as higher sensitivity,LIHC_AXIS_138,LIHC,Quercetin | CDK1/SMAD7,Quercetin,CDK1,SMAD7,target_class,N9-Isopropyl-olomoucine,13.54,0.5395220588235294,0.45859375,22,22,CCNB1:|:CDK1:|:CDK5:|:CDK5R1
CTRP,CTRPv2 complete matrix output; lower response values interpreted as higher sensitivity,LIHC_AXIS_138,LIHC,Quercetin | CDK1/SMAD7,Quercetin,CDK1,SMAD7,target_class,CHIR-99021,14.441500000000001,0.3336397058823529,0.28359375,22,22,CDK1:|:GSK3A:|:GSK3B:|:MAPK1
CTRP,CTRPv2 complete matrix output; lower response values interpreted as higher sensitivity,LIHC_AXIS_173,LIHC,Quercetin | CDK1/ARID3A,Quercetin,CDK1,ARID3A,target_class,Dinaciclib,6.55195,0.9935661764705882,0.84453125,22,22,CDK1:|:CDK2:|:CDK5:|:CDK9
CTRP,CTRPv2 complete matrix output; lower response values interpreted as higher sensitivity,LIHC_AXIS_173,LIHC,Quercetin | CDK1/ARID3A,Quercetin,CDK1,ARID3A,target_class,Alvocidib,8.60288343763979,0.9659926470588235,0.82109375,22,22,CDK:|:CDK1:|:CDK2:|:CDK4:|:CDK5:|:CDK6:|:CDK7:|:CDK8:|:CDK9:|:EGFR:|:PYGM
CTRP,CTRPv2 complete matrix output; lower response values interpreted as higher sensitivity,LIHC_AXIS_173,LIHC,Quercetin | CDK1/ARID3A,Quercetin,CDK1,ARID3A,target_class,PHA-793887,12.9665,0.6443014705882353,0.54765625,22,22,CDK1:|:CDK2:|:CDK4:|:CDK5:|:CDK7:|:CDK9
CTRP,CTRPv2 complete matrix output; lower response values interpreted as higher sensitivity,LIHC_AXIS_173,LIHC,Quercetin | CDK1/ARID3A,Quercetin,CDK1,ARID3A,target_class,PF-573228,13.23538943803985,0.5946691176470589,0.50546875,22,22,CDK1:|:CDK2:|:CDK7:|:GSK3B:|:IKBKB:|:PTK2
CTRP,CTRPv2 complete matrix output; lower response values interpreted as higher sensitivity,LIHC_AXIS_173,LIHC,Quercetin | CDK1/ARID3A,Quercetin,CDK1,ARID3A,target_class,N9-Isopropyl-olomoucine,13.54,0.5395220588235294,0.45859375,22,22,CCNB1:|:CDK1:|:CDK5:|:CDK5R1
CTRP,CTRPv2 complete matrix output; lower response values interpreted as higher sensitivity,LIHC_AXIS_173,LIHC,Quercetin | CDK1/ARID3A,Quercetin,CDK1,ARID3A,target_class,CHIR-99021,14.441500000000001,0.3336397058823529,0.28359375,22,22,CDK1:|:GSK3A:|:GSK3B:|:MAPK1
CTRP,CTRPv2 complete matrix output; lower response values interpreted as higher sensitivity,LIHC_AXIS_135,LIHC,Quercetin | CDK1/E2F1,Quercetin,CDK1,E2F1,target_class,Dinaciclib,6.55195,0.9935661764705882,0.84453125,22,22,CDK1:|:CDK2:|:CDK5:|:CDK9
CTRP,CTRPv2 complete matrix output; lower response values interpreted as higher sensitivity,LIHC_AXIS_135,LIHC,Quercetin | CDK1/E2F1,Quercetin,CDK1,E2F1,target_class,Alvocidib,8.60288343763979,0.9659926470588235,0.82109375,22,22,CDK:|:CDK1:|:CDK2:|:CDK4:|:CDK5:|:CDK6:|:CDK7:|:CDK8:|:CDK9:|:EGFR:|:PYGM
CTRP,CTRPv2 complete matrix output; lower response values interpreted as higher sensitivity,LIHC_AXIS_135,LIHC,Quercetin | CDK1/E2F1,Quercetin,CDK1,E2F1,target_class,PHA-793887,12.9665,0.6443014705882353,0.54765625,22,22,CDK1:|:CDK2:|:CDK4:|:CDK5:|:CDK7:|:CDK9
CTRP,CTRPv2 complete matrix output; lower response values interpreted as higher sensitivity,LIHC_AXIS_135,LIHC,Quercetin | CDK1/E2F1,Quercetin,CDK1,E2F1,target_class,PF-573228,13.23538943803985,0.5946691176470589,0.50546875,22,22,CDK1:|:CDK2:|:CDK7:|:GSK3B:|:IKBKB:|:PTK2
CTRP,CTRPv2 complete matrix output; lower response values interpreted as higher sensitivity,LIHC_AXIS_135,LIHC,Quercetin | CDK1/E2F1,Quercetin,CDK1,E2F1,target_class,N9-Isopropyl-olomoucine,13.54,0.5395220588235294,0.45859375,22,22,CCNB1:|:CDK1:|:CDK5:|:CDK5R1
CTRP,CTRPv2 complete matrix output; lower response values interpreted as higher sensitivity,LIHC_AXIS_135,LIHC,Quercetin | CDK1/E2F1,Quercetin,CDK1,E2F1,target_class,CHIR-99021,14.441500000000001,0.3336397058823529,0.28359375,22,22,CDK1:|:GSK3A:|:GSK3B:|:MAPK1
CTRP,CTRPv2 complete matrix output; lower response values interpreted as higher sensitivity,LIHC_AXIS_169,LIHC,Quercetin | CDK1/E2F1,Quercetin,CDK1,E2F1,target_class,Dinaciclib,6.55195,0.9935661764705882,0.84453125,22,22,CDK1:|:CDK2:|:CDK5:|:CDK9
CTRP,CTRPv2 complete matrix output; lower response values interpreted as higher sensitivity,LIHC_AXIS_169,LIHC,Quercetin | CDK1/E2F1,Quercetin,CDK1,E2F1,target_class,Alvocidib,8.60288343763979,0.9659926470588235,0.82109375,22,22,CDK:|:CDK1:|:CDK2:|:CDK4:|:CDK5:|:CDK6:|:CDK7:|:CDK8:|:CDK9:|:EGFR:|:PYGM
CTRP,CTRPv2 complete matrix output; lower response values interpreted as higher sensitivity,LIHC_AXIS_169,LIHC,Quercetin | CDK1/E2F1,Quercetin,CDK1,E2F1,target_class,PHA-793887,12.9665,0.6443014705882353,0.54765625,22,22,CDK1:|:CDK2:|:CDK4:|:CDK5:|:CDK7:|:CDK9
CTRP,CTRPv2 complete matrix output; lower response values interpreted as higher sensitivity,LIHC_AXIS_169,LIHC,Quercetin | CDK1/E2F1,Quercetin,CDK1,E2F1,target_class,PF-573228,13.23538943803985,0.5946691176470589,0.50546875,22,22,CDK1:|:CDK2:|:CDK7:|:GSK3B:|:IKBKB:|:PTK2
CTRP,CTRPv2 complete matrix output; lower response values interpreted as higher sensitivity,LIHC_AXIS_169,LIHC,Quercetin | CDK1/E2F1,Quercetin,CDK1,E2F1,target_class,N9-Isopropyl-olomoucine,13.54,0.5395220588235294,0.45859375,22,22,CCNB1:|:CDK1:|:CDK5:|:CDK5R1
CTRP,CTRPv2 complete matrix output; lower response values interpreted as higher sensitivity,LIHC_AXIS_169,LIHC,Quercetin | CDK1/E2F1,Quercetin,CDK1,E2F1,target_class,CHIR-99021,14.441500000000001,0.3336397058823529,0.28359375,22,22,CDK1:|:GSK3A:|:GSK3B:|:MAPK1
CTRP,CTRPv2 complete matrix output; lower response values interpreted as higher sensitivity,STAD_AXIS_085,STAD,(-)-epigallocatechin-3-gallate | APP/MYC,(-)-epigallocatechin-3-gallate,APP,MYC,target_class,Curcumin,12.075,0.7288602941176471,0.61953125,33,33,APP:|:CA1:|:CA12:|:CA14:|:CA2:|:CA4:|:CA6:|:CA9:|:CYP3A4:|:DNMT3B:|:EP300:|:MMP13:|:MMP9:|:NOS2:|:PTGS1:|:PTGS2:|:XDH
CTRP,CTRPv2 complete matrix output; lower response values interpreted as higher sensitivity,STAD_AXIS_007,STAD,Quercetin | PLAU/RELA,Quercetin,PLAU,RELA,tf_or_regulator_class,Bortezomib,11.573,0.7895220588235294,0.5131893382352941,33,33,Proteasome:|:PSMA1:|:PSMA2:|:PSMA3:|:PSMA4:|:PSMA5:|:PSMA6:|:PSMA7:|:PSMA8:|:PSMB1:|:PSMB10:|:PSMB11:|:PSMB2:|:PSMB3:|:PSMB4:|:PSMB5:|:PSMB6:|:PSMB7:|:PSMB8:|:PSMB9:|:PSMD1:|:PSMD2:|:RELA
CTRP,CTRPv2 complete matrix output; lower response values interpreted as higher sensitivity,STAD_AXIS_007,STAD,Quercetin | PLAU/RELA,Quercetin,PLAU,RELA,tf_or_regulator_class,Triptolide,12.175,0.7215073529411764,0.46897977941176466,33,33,RELA
CTRP,CTRPv2 complete matrix output; lower response values interpreted as higher sensitivity,STAD_AXIS_049,STAD,Quercetin | PLAU/NR3C1,Quercetin,PLAU,NR3C1,tf_or_regulator_class,Dexamethasone,15.007,0.03952205882352944,0.025689338235294134,33,33,NR3C1
CTRP,CTRPv2 complete matrix output; lower response values interpreted as higher sensitivity,STAD_AXIS_050,STAD,Quercetin | PLAU/NFKB1,Quercetin,PLAU,NFKB1,tf_or_regulator_class,Thalidomide,14.559,0.25183823529411764,0.16369485294117647,33,33,CRBN:|:FGFR2:|:NFKB1:|:ORM1:|:ORM2:|:PTGS2:|:TNF
CTRP,CTRPv2 complete matrix output; lower response values interpreted as higher sensitivity,STAD_AXIS_020,STAD,Coryincine | ADRA1D/RELA,Coryincine,ADRA1D,RELA,tf_or_regulator_class,Bortezomib,11.573,0.7895220588235294,0.5131893382352941,33,33,Proteasome:|:PSMA1:|:PSMA2:|:PSMA3:|:PSMA4:|:PSMA5:|:PSMA6:|:PSMA7:|:PSMA8:|:PSMB1:|:PSMB10:|:PSMB11:|:PSMB2:|:PSMB3:|:PSMB4:|:PSMB5:|:PSMB6:|:PSMB7:|:PSMB8:|:PSMB9:|:PSMD1:|:PSMD2:|:RELA
CTRP,CTRPv2 complete matrix output; lower response values interpreted as higher sensitivity,STAD_AXIS_020,STAD,Coryincine | ADRA1D/RELA,Coryincine,ADRA1D,RELA,tf_or_regulator_class,Triptolide,12.175,0.7215073529411764,0.46897977941176466,33,33,RELA
CTRP,CTRPv2 complete matrix output; lower response values interpreted as higher sensitivity,STAD_AXIS_019,STAD,Quercetin | AKR1B1/RELA,Quercetin,AKR1B1,RELA,tf_or_regulator_class,Bortezomib,11.573,0.7895220588235294,0.5131893382352941,33,33,Proteasome:|:PSMA1:|:PSMA2:|:PSMA3:|:PSMA4:|:PSMA5:|:PSMA6:|:PSMA7:|:PSMA8:|:PSMB1:|:PSMB10:|:PSMB11:|:PSMB2:|:PSMB3:|:PSMB4:|:PSMB5:|:PSMB6:|:PSMB7:|:PSMB8:|:PSMB9:|:PSMD1:|:PSMD2:|:RELA
CTRP,CTRPv2 complete matrix output; lower response values interpreted as higher sensitivity,STAD_AXIS_019,STAD,Quercetin | AKR1B1/RELA,Quercetin,AKR1B1,RELA,tf_or_regulator_class,Triptolide,12.175,0.7215073529411764,0.46897977941176466,33,33,RELA
CTRP,CTRPv2 complete matrix output; lower response values interpreted as higher sensitivity,STAD_AXIS_013,STAD,Quercetin | CYP1B1/ESR1,Quercetin,CYP1B1,ESR1,tf_or_regulator_class,Brefeldin A,7.6426,0.9696691176470589,0.6302849264705883,33,33,ARF1:|:CYP11B1:|:CYTH2:|:ESR1:|:FDX1
CTRP,CTRPv2 complete matrix output; lower response values interpreted as higher sensitivity,STAD_AXIS_013,STAD,Quercetin | CYP1B1/ESR1,Quercetin,CYP1B1,ESR1,tf_or_regulator_class,Fulvestrant,14.109,0.39797794117647056,0.25868566176470587,33,33,ESR:|:ESR1:|:ESR2:|:GPER1
CTRP,CTRPv2 complete matrix output; lower response values interpreted as higher sensitivity,STAD_AXIS_013,STAD,Quercetin | CYP1B1/ESR1,Quercetin,CYP1B1,ESR1,tf_or_regulator_class,Tamoxifen,14.189,0.3777573529411765,0.24554227941176474,33,33,EBP:|:ESR1:|:ESR2:|:GPER1:|:PRKCA:|:PRKCB:|:PRKCD:|:PRKCE:|:PRKCG:|:PRKCI:|:PRKCQ:|:PRKCZ
CTRP,CTRPv2 complete matrix output; lower response values interpreted as higher sensitivity,STAD_AXIS_002,STAD,Quercetin | CYP1B1/EP300,Quercetin,CYP1B1,EP300,tf_or_regulator_class,Curcumin,12.075,0.7288602941176471,0.47375919117647064,33,33,APP:|:CA1:|:CA12:|:CA14:|:CA2:|:CA4:|:CA6:|:CA9:|:CYP3A4:|:DNMT3B:|:EP300:|:MMP13:|:MMP9:|:NOS2:|:PTGS1:|:PTGS2:|:XDH
CTRP,CTRPv2 complete matrix output; lower response values interpreted as higher sensitivity,STAD_AXIS_002,STAD,Quercetin | CYP1B1/EP300,Quercetin,CYP1B1,EP300,tf_or_regulator_class,Epigallocatechin-3-monogallate,14.213,0.3630514705882353,0.23598345588235295,33,33,ELANE:|:EP300:|:FASN:|:KAT2B:|:MMP14:|:MMP2
CTRP,CTRPv2 complete matrix output; lower response values interpreted as higher sensitivity,STAD_AXIS_002,STAD,Quercetin | CYP1B1/EP300,Quercetin,CYP1B1,EP300,tf_or_regulator_class,BRD8958,15.0,0.05790441176470584,0.0376378676470588,33,33,EP300
CTRP,CTRPv2 complete matrix output; lower response values interpreted as higher sensitivity,STAD_AXIS_018,STAD,Kaempferol | CYP1B1/ESR1,Kaempferol,CYP1B1,ESR1,tf_or_regulator_class,Brefeldin A,7.6426,0.9696691176470589,0.6302849264705883,33,33,ARF1:|:CYP11B1:|:CYTH2:|:ESR1:|:FDX1
CTRP,CTRPv2 complete matrix output; lower response values interpreted as higher sensitivity,STAD_AXIS_018,STAD,Kaempferol | CYP1B1/ESR1,Kaempferol,CYP1B1,ESR1,tf_or_regulator_class,Fulvestrant,14.109,0.39797794117647056,0.25868566176470587,33,33,ESR:|:ESR1:|:ESR2:|:GPER1
CTRP,CTRPv2 complete matrix output; lower response values interpreted as higher sensitivity,STAD_AXIS_018,STAD,Kaempferol | CYP1B1/ESR1,Kaempferol,CYP1B1,ESR1,tf_or_regulator_class,Tamoxifen,14.189,0.3777573529411765,0.24554227941176474,33,33,EBP:|:ESR1:|:ESR2:|:GPER1:|:PRKCA:|:PRKCB:|:PRKCD:|:PRKCE:|:PRKCG:|:PRKCI:|:PRKCQ:|:PRKCZ
CTRP,CTRPv2 complete matrix output; lower response values interpreted as higher sensitivity,STAD_AXIS_011,STAD,Eckol | BACE1/RELA,Eckol,BACE1,RELA,tf_or_regulator_class,Bortezomib,11.573,0.7895220588235294,0.5131893382352941,33,33,Proteasome:|:PSMA1:|:PSMA2:|:PSMA3:|:PSMA4:|:PSMA5:|:PSMA6:|:PSMA7:|:PSMA8:|:PSMB1:|:PSMB10:|:PSMB11:|:PSMB2:|:PSMB3:|:PSMB4:|:PSMB5:|:PSMB6:|:PSMB7:|:PSMB8:|:PSMB9:|:PSMD1:|:PSMD2:|:RELA
CTRP,CTRPv2 complete matrix output; lower response values interpreted as higher sensitivity,STAD_AXIS_011,STAD,Eckol | BACE1/RELA,Eckol,BACE1,RELA,tf_or_regulator_class,Triptolide,12.175,0.7215073529411764,0.46897977941176466,33,33,RELA
CTRP,CTRPv2 complete matrix output; lower response values interpreted as higher sensitivity,STAD_AXIS_014,STAD,Naringenin | CYP19A1/RELA,Naringenin,CYP19A1,RELA,tf_or_regulator_class,Bortezomib,11.573,0.7895220588235294,0.5131893382352941,33,33,Proteasome:|:PSMA1:|:PSMA2:|:PSMA3:|:PSMA4:|:PSMA5:|:PSMA6:|:PSMA7:|:PSMA8:|:PSMB1:|:PSMB10:|:PSMB11:|:PSMB2:|:PSMB3:|:PSMB4:|:PSMB5:|:PSMB6:|:PSMB7:|:PSMB8:|:PSMB9:|:PSMD1:|:PSMD2:|:RELA
CTRP,CTRPv2 complete matrix output; lower response values interpreted as higher sensitivity,STAD_AXIS_014,STAD,Naringenin | CYP19A1/RELA,Naringenin,CYP19A1,RELA,tf_or_regulator_class,Triptolide,12.175,0.7215073529411764,0.46897977941176466,33,33,RELA
CTRP,CTRPv2 complete matrix output; lower response values interpreted as higher sensitivity,STAD_AXIS_003,STAD,Kaempferol | CYP1B1/EP300,Kaempferol,CYP1B1,EP300,tf_or_regulator_class,Curcumin,12.075,0.7288602941176471,0.47375919117647064,33,33,APP:|:CA1:|:CA12:|:CA14:|:CA2:|:CA4:|:CA6:|:CA9:|:CYP3A4:|:DNMT3B:|:EP300:|:MMP13:|:MMP9:|:NOS2:|:PTGS1:|:PTGS2:|:XDH
CTRP,CTRPv2 complete matrix output; lower response values interpreted as higher sensitivity,STAD_AXIS_003,STAD,Kaempferol | CYP1B1/EP300,Kaempferol,CYP1B1,EP300,tf_or_regulator_class,Epigallocatechin-3-monogallate,14.213,0.3630514705882353,0.23598345588235295,33,33,ELANE:|:EP300:|:FASN:|:KAT2B:|:MMP14:|:MMP2
CTRP,CTRPv2 complete matrix output; lower response values interpreted as higher sensitivity,STAD_AXIS_003,STAD,Kaempferol | CYP1B1/EP300,Kaempferol,CYP1B1,EP300,tf_or_regulator_class,BRD8958,15.0,0.05790441176470584,0.0376378676470588,33,33,EP300
CTRP,CTRPv2 complete matrix output; lower response values interpreted as higher sensitivity,STAD_AXIS_001,STAD,Quercetin | CYP1B1/AHR,Quercetin,CYP1B1,AHR,tf_or_regulator_class,StemRegenin 1,13.279,0.5413602941176471,0.35188419117647063,33,33,AHR
CTRP,CTRPv2 complete matrix output; lower response values interpreted as higher sensitivity,STAD_AXIS_001,STAD,Quercetin | CYP1B1/AHR,Quercetin,CYP1B1,AHR,tf_or_regulator_class,VAF-347,15.0,0.05790441176470584,0.0376378676470588,33,33,AHR
CTRP,CTRPv2 complete matrix output; lower response values interpreted as higher sensitivity,STAD_AXIS_032,STAD,Triptolide | PLAU/GTF3A,Triptolide,PLAU,GTF3A,direct_compound,Triptolide,12.175,0.7215073529411764,0.7215073529411764,33,33,RELA
CTRP,CTRPv2 complete matrix output; lower response values interpreted as higher sensitivity,STAD_AXIS_082,STAD,Triptolide | PLAU/E2F1,Triptolide,PLAU,E2F1,direct_compound,Triptolide,12.175,0.7215073529411764,0.7215073529411764,33,33,RELA
CTRP,CTRPv2 complete matrix output; lower response values interpreted as higher sensitivity,STAD_AXIS_076,STAD,Triptolide | PLAU/RELA,Triptolide,PLAU,RELA,direct_compound,Triptolide,12.175,0.7215073529411764,0.7215073529411764,33,33,RELA
CTRP,CTRPv2 complete matrix output; lower response values interpreted as higher sensitivity,STAD_AXIS_076,STAD,Triptolide | PLAU/RELA,Triptolide,PLAU,RELA,tf_or_regulator_class,Bortezomib,11.573,0.7895220588235294,0.5131893382352941,33,33,Proteasome:|:PSMA1:|:PSMA2:|:PSMA3:|:PSMA4:|:PSMA5:|:PSMA6:|:PSMA7:|:PSMA8:|:PSMB1:|:PSMB10:|:PSMB11:|:PSMB2:|:PSMB3:|:PSMB4:|:PSMB5:|:PSMB6:|:PSMB7:|:PSMB8:|:PSMB9:|:PSMD1:|:PSMD2:|:RELA
CTRP,CTRPv2 complete matrix output; lower response values interpreted as higher sensitivity,STAD_AXIS_076,STAD,Triptolide | PLAU/RELA,Triptolide,PLAU,RELA,tf_or_regulator_class,Triptolide,12.175,0.7215073529411764,0.46897977941176466,33,33,RELA
CTRP,CTRPv2 complete matrix output; lower response values interpreted as higher sensitivity,STAD_AXIS_077,STAD,(-)-epigallocatechin-3-gallate | PLAU/RELA,(-)-epigallocatechin-3-gallate,PLAU,RELA,tf_or_regulator_class,Bortezomib,11.573,0.7895220588235294,0.5131893382352941,33,33,Proteasome:|:PSMA1:|:PSMA2:|:PSMA3:|:PSMA4:|:PSMA5:|:PSMA6:|:PSMA7:|:PSMA8:|:PSMB1:|:PSMB10:|:PSMB11:|:PSMB2:|:PSMB3:|:PSMB4:|:PSMB5:|:PSMB6:|:PSMB7:|:PSMB8:|:PSMB9:|:PSMD1:|:PSMD2:|:RELA
CTRP,CTRPv2 complete matrix output; lower response values interpreted as higher sensitivity,STAD_AXIS_077,STAD,(-)-epigallocatechin-3-gallate | PLAU/RELA,(-)-epigallocatechin-3-gallate,PLAU,RELA,tf_or_regulator_class,Triptolide,12.175,0.7215073529411764,0.46897977941176466,33,33,RELA
CTRP,CTRPv2 complete matrix output; lower response values interpreted as higher sensitivity,STAD_AXIS_004,STAD,Kaempferol | CYP1B1/AHR,Kaempferol,CYP1B1,AHR,tf_or_regulator_class,StemRegenin 1,13.279,0.5413602941176471,0.35188419117647063,33,33,AHR
CTRP,CTRPv2 complete matrix output; lower response values interpreted as higher sensitivity,STAD_AXIS_004,STAD,Kaempferol | CYP1B1/AHR,Kaempferol,CYP1B1,AHR,tf_or_regulator_class,VAF-347,15.0,0.05790441176470584,0.0376378676470588,33,33,AHR
CTRP,CTRPv2 complete matrix output; lower response values interpreted as higher sensitivity,STAD_AXIS_057,STAD,Indirubin | AHR/EPAS1,Indirubin,AHR,EPAS1,target_class,StemRegenin 1,13.279,0.5413602941176471,0.46015625,33,33,AHR
CTRP,CTRPv2 complete matrix output; lower response values interpreted as higher sensitivity,STAD_AXIS_057,STAD,Indirubin | AHR/EPAS1,Indirubin,AHR,EPAS1,target_class,VAF-347,15.0,0.05790441176470584,0.049218749999999964,33,33,AHR
CTRP,CTRPv2 complete matrix output; lower response values interpreted as higher sensitivity,STAD_AXIS_084,STAD,Kaempferol | AHR/EPAS1,Kaempferol,AHR,EPAS1,target_class,StemRegenin 1,13.279,0.5413602941176471,0.46015625,33,33,AHR
CTRP,CTRPv2 complete matrix output; lower response values interpreted as higher sensitivity,STAD_AXIS_084,STAD,Kaempferol | AHR/EPAS1,Kaempferol,AHR,EPAS1,target_class,VAF-347,15.0,0.05790441176470584,0.049218749999999964,33,33,AHR
CTRP,CTRPv2 complete matrix output; lower response values interpreted as higher sensitivity,STAD_AXIS_016,STAD,Quercetin | ALOX5/RELA,Quercetin,ALOX5,RELA,tf_or_regulator_class,Bortezomib,11.573,0.7895220588235294,0.5131893382352941,33,33,Proteasome:|:PSMA1:|:PSMA2:|:PSMA3:|:PSMA4:|:PSMA5:|:PSMA6:|:PSMA7:|:PSMA8:|:PSMB1:|:PSMB10:|:PSMB11:|:PSMB2:|:PSMB3:|:PSMB4:|:PSMB5:|:PSMB6:|:PSMB7:|:PSMB8:|:PSMB9:|:PSMD1:|:PSMD2:|:RELA
CTRP,CTRPv2 complete matrix output; lower response values interpreted as higher sensitivity,STAD_AXIS_016,STAD,Quercetin | ALOX5/RELA,Quercetin,ALOX5,RELA,tf_or_regulator_class,Triptolide,12.175,0.7215073529411764,0.46897977941176466,33,33,RELA
CTRP,CTRPv2 complete matrix output; lower response values interpreted as higher sensitivity,STAD_AXIS_038,STAD,Quercetin | ALOX5/RORA,Quercetin,ALOX5,RORA,tf_or_regulator_class,SR1001,14.819,0.14338235294117652,0.09319852941176474,33,33,RORA:|:RORC
CTRP,CTRPv2 complete matrix output; lower response values interpreted as higher sensitivity,STAD_AXIS_046,STAD,Alpha-naphthoflavone | CYP1B1/EP300,Alpha-naphthoflavone,CYP1B1,EP300,tf_or_regulator_class,Curcumin,12.075,0.7288602941176471,0.47375919117647064,33,33,APP:|:CA1:|:CA12:|:CA14:|:CA2:|:CA4:|:CA6:|:CA9:|:CYP3A4:|:DNMT3B:|:EP300:|:MMP13:|:MMP9:|:NOS2:|:PTGS1:|:PTGS2:|:XDH
CTRP,CTRPv2 complete matrix output; lower response values interpreted as higher sensitivity,STAD_AXIS_046,STAD,Alpha-naphthoflavone | CYP1B1/EP300,Alpha-naphthoflavone,CYP1B1,EP300,tf_or_regulator_class,Epigallocatechin-3-monogallate,14.213,0.3630514705882353,0.23598345588235295,33,33,ELANE:|:EP300:|:FASN:|:KAT2B:|:MMP14:|:MMP2
CTRP,CTRPv2 complete matrix output; lower response values interpreted as higher sensitivity,STAD_AXIS_046,STAD,Alpha-naphthoflavone | CYP1B1/EP300,Alpha-naphthoflavone,CYP1B1,EP300,tf_or_regulator_class,BRD8958,15.0,0.05790441176470584,0.0376378676470588,33,33,EP300
CTRP,CTRPv2 complete matrix output; lower response values interpreted as higher sensitivity,STAD_AXIS_053,STAD,Quercetin | MMP9/RELA,Quercetin,MMP9,RELA,target_class,Curcumin,12.075,0.7288602941176471,0.61953125,33,33,APP:|:CA1:|:CA12:|:CA14:|:CA2:|:CA4:|:CA6:|:CA9:|:CYP3A4:|:DNMT3B:|:EP300:|:MMP13:|:MMP9:|:NOS2:|:PTGS1:|:PTGS2:|:XDH
CTRP,CTRPv2 complete matrix output; lower response values interpreted as higher sensitivity,STAD_AXIS_053,STAD,Quercetin | MMP9/RELA,Quercetin,MMP9,RELA,tf_or_regulator_class,Bortezomib,11.573,0.7895220588235294,0.5131893382352941,33,33,Proteasome:|:PSMA1:|:PSMA2:|:PSMA3:|:PSMA4:|:PSMA5:|:PSMA6:|:PSMA7:|:PSMA8:|:PSMB1:|:PSMB10:|:PSMB11:|:PSMB2:|:PSMB3:|:PSMB4:|:PSMB5:|:PSMB6:|:PSMB7:|:PSMB8:|:PSMB9:|:PSMD1:|:PSMD2:|:RELA
CTRP,CTRPv2 complete matrix output; lower response values interpreted as higher sensitivity,STAD_AXIS_053,STAD,Quercetin | MMP9/RELA,Quercetin,MMP9,RELA,tf_or_regulator_class,Triptolide,12.175,0.7215073529411764,0.46897977941176466,33,33,RELA
CTRP,CTRPv2 complete matrix output; lower response values interpreted as higher sensitivity,STAD_AXIS_037,STAD,Indirubin | AHR/PITX2,Indirubin,AHR,PITX2,target_class,StemRegenin 1,13.279,0.5413602941176471,0.46015625,33,33,AHR
CTRP,CTRPv2 complete matrix output; lower response values interpreted as higher sensitivity,STAD_AXIS_037,STAD,Indirubin | AHR/PITX2,Indirubin,AHR,PITX2,target_class,VAF-347,15.0,0.05790441176470584,0.049218749999999964,33,33,AHR
CTRP,CTRPv2 complete matrix output; lower response values interpreted as higher sensitivity,STAD_AXIS_044,STAD,Kaempferol | AHR/PITX2,Kaempferol,AHR,PITX2,target_class,StemRegenin 1,13.279,0.5413602941176471,0.46015625,33,33,AHR
CTRP,CTRPv2 complete matrix output; lower response values interpreted as higher sensitivity,STAD_AXIS_044,STAD,Kaempferol | AHR/PITX2,Kaempferol,AHR,PITX2,target_class,VAF-347,15.0,0.05790441176470584,0.049218749999999964,33,33,AHR
CTRP,CTRPv2 complete matrix output; lower response values interpreted as higher sensitivity,STAD_AXIS_081,STAD,Guggulsterone | PGR/RELA,Guggulsterone,PGR,RELA,tf_or_regulator_class,Bortezomib,11.573,0.7895220588235294,0.5131893382352941,33,33,Proteasome:|:PSMA1:|:PSMA2:|:PSMA3:|:PSMA4:|:PSMA5:|:PSMA6:|:PSMA7:|:PSMA8:|:PSMB1:|:PSMB10:|:PSMB11:|:PSMB2:|:PSMB3:|:PSMB4:|:PSMB5:|:PSMB6:|:PSMB7:|:PSMB8:|:PSMB9:|:PSMD1:|:PSMD2:|:RELA
CTRP,CTRPv2 complete matrix output; lower response values interpreted as higher sensitivity,STAD_AXIS_081,STAD,Guggulsterone | PGR/RELA,Guggulsterone,PGR,RELA,tf_or_regulator_class,Triptolide,12.175,0.7215073529411764,0.46897977941176466,33,33,RELA
CTRP,CTRPv2 complete matrix output; lower response values interpreted as higher sensitivity,STAD_AXIS_068,STAD,Quercetin | MMP1/EWSR1,Quercetin,MMP1,EWSR1,tf_or_regulator_class,YK-4-279,12.684,0.6461397058823529,0.4199908088235294,33,33,DHX9:|:ERG:|:ETV1:|:EWSR1:|:FLI1:|:RNA helicase A
CTRP,CTRPv2 complete matrix output; lower response values interpreted as higher sensitivity,STAD_AXIS_006,STAD,Indirubin | AHR/AHR,Indirubin,AHR,AHR,target_class,StemRegenin 1,13.279,0.5413602941176471,0.46015625,33,33,AHR
CTRP,CTRPv2 complete matrix output; lower response values interpreted as higher sensitivity,STAD_AXIS_006,STAD,Indirubin | AHR/AHR,Indirubin,AHR,AHR,target_class,VAF-347,15.0,0.05790441176470584,0.049218749999999964,33,33,AHR
CTRP,CTRPv2 complete matrix output; lower response values interpreted as higher sensitivity,STAD_AXIS_006,STAD,Indirubin | AHR/AHR,Indirubin,AHR,AHR,tf_or_regulator_class,StemRegenin 1,13.279,0.5413602941176471,0.35188419117647063,33,33,AHR
CTRP,CTRPv2 complete matrix output; lower response values interpreted as higher sensitivity,STAD_AXIS_006,STAD,Indirubin | AHR/AHR,Indirubin,AHR,AHR,tf_or_regulator_class,VAF-347,15.0,0.05790441176470584,0.0376378676470588,33,33,AHR
CTRP,CTRPv2 complete matrix output; lower response values interpreted as higher sensitivity,STAD_AXIS_058,STAD,Eckol | BACE1/STAT3,Eckol,BACE1,STAT3,tf_or_regulator_class,Bardoxolone methyl,8.27214812378087,0.9604779411764706,0.6243106617647058,33,33,PPARG:|:STAT3
CTRP,CTRPv2 complete matrix output; lower response values interpreted as higher sensitivity,STAD_AXIS_058,STAD,Eckol | BACE1/STAT3,Eckol,BACE1,STAT3,tf_or_regulator_class,Niclosamide,11.737,0.7693014705882353,0.5000459558823529,33,33,STAT3
CTRP,CTRPv2 complete matrix output; lower response values interpreted as higher sensitivity,STAD_AXIS_058,STAD,Eckol | BACE1/STAT3,Eckol,BACE1,STAT3,tf_or_regulator_class,NSC 74859,14.671,0.20496323529411764,0.13322610294117648,33,33,STAT3
CTRP,CTRPv2 complete matrix output; lower response values interpreted as higher sensitivity,STAD_AXIS_074,STAD,Indirubin | AHR/NR3C1,Indirubin,AHR,NR3C1,target_class,StemRegenin 1,13.279,0.5413602941176471,0.46015625,33,33,AHR
CTRP,CTRPv2 complete matrix output; lower response values interpreted as higher sensitivity,STAD_AXIS_074,STAD,Indirubin | AHR/NR3C1,Indirubin,AHR,NR3C1,target_class,VAF-347,15.0,0.05790441176470584,0.049218749999999964,33,33,AHR
CTRP,CTRPv2 complete matrix output; lower response values interpreted as higher sensitivity,STAD_AXIS_074,STAD,Indirubin | AHR/NR3C1,Indirubin,AHR,NR3C1,tf_or_regulator_class,Dexamethasone,15.007,0.03952205882352944,0.025689338235294134,33,33,NR3C1
CTRP,CTRPv2 complete matrix output; lower response values interpreted as higher sensitivity,STAD_AXIS_075,STAD,Indirubin | AHR/STAT3,Indirubin,AHR,STAT3,target_class,StemRegenin 1,13.279,0.5413602941176471,0.46015625,33,33,AHR
CTRP,CTRPv2 complete matrix output; lower response values interpreted as higher sensitivity,STAD_AXIS_075,STAD,Indirubin | AHR/STAT3,Indirubin,AHR,STAT3,target_class,VAF-347,15.0,0.05790441176470584,0.049218749999999964,33,33,AHR
CTRP,CTRPv2 complete matrix output; lower response values interpreted as higher sensitivity,STAD_AXIS_075,STAD,Indirubin | AHR/STAT3,Indirubin,AHR,STAT3,tf_or_regulator_class,Bardoxolone methyl,8.27214812378087,0.9604779411764706,0.6243106617647058,33,33,PPARG:|:STAT3
CTRP,CTRPv2 complete matrix output; lower response values interpreted as higher sensitivity,STAD_AXIS_075,STAD,Indirubin | AHR/STAT3,Indirubin,AHR,STAT3,tf_or_regulator_class,Niclosamide,11.737,0.7693014705882353,0.5000459558823529,33,33,STAT3
CTRP,CTRPv2 complete matrix output; lower response values interpreted as higher sensitivity,STAD_AXIS_075,STAD,Indirubin | AHR/STAT3,Indirubin,AHR,STAT3,tf_or_regulator_class,NSC 74859,14.671,0.20496323529411764,0.13322610294117648,33,33,STAT3
CTRP,CTRPv2 complete matrix output; lower response values interpreted as higher sensitivity,STAD_AXIS_025,STAD,Alpha-naphthoflavone | CYP1B1/AHR,Alpha-naphthoflavone,CYP1B1,AHR,tf_or_regulator_class,StemRegenin 1,13.279,0.5413602941176471,0.35188419117647063,33,33,AHR
CTRP,CTRPv2 complete matrix output; lower response values interpreted as higher sensitivity,STAD_AXIS_025,STAD,Alpha-naphthoflavone | CYP1B1/AHR,Alpha-naphthoflavone,CYP1B1,AHR,tf_or_regulator_class,VAF-347,15.0,0.05790441176470584,0.0376378676470588,33,33,AHR
CTRP,CTRPv2 complete matrix output; lower response values interpreted as higher sensitivity,STAD_AXIS_098,STAD,Kaempferol | MMP1/EWSR1,Kaempferol,MMP1,EWSR1,tf_or_regulator_class,YK-4-279,12.684,0.6461397058823529,0.4199908088235294,33,33,DHX9:|:ERG:|:ETV1:|:EWSR1:|:FLI1:|:RNA helicase A
CTRP,CTRPv2 complete matrix output; lower response values interpreted as higher sensitivity,STAD_AXIS_097,STAD,Luteolin | MMP1/EWSR1,Luteolin,MMP1,EWSR1,tf_or_regulator_class,YK-4-279,12.684,0.6461397058823529,0.4199908088235294,33,33,DHX9:|:ERG:|:ETV1:|:EWSR1:|:FLI1:|:RNA helicase A
CTRP,CTRPv2 complete matrix output; lower response values interpreted as higher sensitivity,STAD_AXIS_012,STAD,Kaempferol | AHR/AHR,Kaempferol,AHR,AHR,target_class,StemRegenin 1,13.279,0.5413602941176471,0.46015625,33,33,AHR
CTRP,CTRPv2 complete matrix output; lower response values interpreted as higher sensitivity,STAD_AXIS_012,STAD,Kaempferol | AHR/AHR,Kaempferol,AHR,AHR,target_class,VAF-347,15.0,0.05790441176470584,0.049218749999999964,33,33,AHR
CTRP,CTRPv2 complete matrix output; lower response values interpreted as higher sensitivity,STAD_AXIS_012,STAD,Kaempferol | AHR/AHR,Kaempferol,AHR,AHR,tf_or_regulator_class,StemRegenin 1,13.279,0.5413602941176471,0.35188419117647063,33,33,AHR
CTRP,CTRPv2 complete matrix output; lower response values interpreted as higher sensitivity,STAD_AXIS_012,STAD,Kaempferol | AHR/AHR,Kaempferol,AHR,AHR,tf_or_regulator_class,VAF-347,15.0,0.05790441176470584,0.0376378676470588,33,33,AHR
CTRP,CTRPv2 complete matrix output; lower response values interpreted as higher sensitivity,STAD_AXIS_047,STAD,Kaempferol | ALOX5/RELA,Kaempferol,ALOX5,RELA,tf_or_regulator_class,Bortezomib,11.573,0.7895220588235294,0.5131893382352941,33,33,Proteasome:|:PSMA1:|:PSMA2:|:PSMA3:|:PSMA4:|:PSMA5:|:PSMA6:|:PSMA7:|:PSMA8:|:PSMB1:|:PSMB10:|:PSMB11:|:PSMB2:|:PSMB3:|:PSMB4:|:PSMB5:|:PSMB6:|:PSMB7:|:PSMB8:|:PSMB9:|:PSMD1:|:PSMD2:|:RELA
CTRP,CTRPv2 complete matrix output; lower response values interpreted as higher sensitivity,STAD_AXIS_047,STAD,Kaempferol | ALOX5/RELA,Kaempferol,ALOX5,RELA,tf_or_regulator_class,Triptolide,12.175,0.7215073529411764,0.46897977941176466,33,33,RELA
CTRP,CTRPv2 complete matrix output; lower response values interpreted as higher sensitivity,STAD_AXIS_056,STAD,Eckol | BACE1/NFKB1,Eckol,BACE1,NFKB1,tf_or_regulator_class,Thalidomide,14.559,0.25183823529411764,0.16369485294117647,33,33,CRBN:|:FGFR2:|:NFKB1:|:ORM1:|:ORM2:|:PTGS2:|:TNF
CTRP,CTRPv2 complete matrix output; lower response values interpreted as higher sensitivity,STAD_AXIS_043,STAD,Acacetin | CYP1B1/AHR,Acacetin,CYP1B1,AHR,tf_or_regulator_class,StemRegenin 1,13.279,0.5413602941176471,0.35188419117647063,33,33,AHR
CTRP,CTRPv2 complete matrix output; lower response values interpreted as higher sensitivity,STAD_AXIS_043,STAD,Acacetin | CYP1B1/AHR,Acacetin,CYP1B1,AHR,tf_or_regulator_class,VAF-347,15.0,0.05790441176470584,0.0376378676470588,33,33,AHR
CTRP,CTRPv2 complete matrix output; lower response values interpreted as higher sensitivity,STAD_AXIS_096,STAD,Indirubin | AHR/NR1H3,Indirubin,AHR,NR1H3,target_class,StemRegenin 1,13.279,0.5413602941176471,0.46015625,33,33,AHR
CTRP,CTRPv2 complete matrix output; lower response values interpreted as higher sensitivity,STAD_AXIS_096,STAD,Indirubin | AHR/NR1H3,Indirubin,AHR,NR1H3,target_class,VAF-347,15.0,0.05790441176470584,0.049218749999999964,33,33,AHR
CTRP,CTRPv2 complete matrix output; lower response values interpreted as higher sensitivity,STAD_AXIS_048,STAD,"3,5-dihydroxy-2-(4-hydroxyphenyl)chromone | CYP1B1/AHR","3,5-dihydroxy-2-(4-hydroxyphenyl)chromone",CYP1B1,AHR,tf_or_regulator_class,StemRegenin 1,13.279,0.5413602941176471,0.35188419117647063,33,33,AHR
CTRP,CTRPv2 complete matrix output; lower response values interpreted as higher sensitivity,STAD_AXIS_048,STAD,"3,5-dihydroxy-2-(4-hydroxyphenyl)chromone | CYP1B1/AHR","3,5-dihydroxy-2-(4-hydroxyphenyl)chromone",CYP1B1,AHR,tf_or_regulator_class,VAF-347,15.0,0.05790441176470584,0.0376378676470588,33,33,AHR
CTRP,CTRPv2 complete matrix output; lower response values interpreted as higher sensitivity,STAD_AXIS_030,STAD,Eckol | BACE1/CTNNB1,Eckol,BACE1,CTNNB1,tf_or_regulator_class,BRD1812,12.808,0.6240808823529411,0.40565257352941175,33,33,CTNNB1
CTRP,CTRPv2 complete matrix output; lower response values interpreted as higher sensitivity,STAD_AXIS_059,STAD,"1-(3,5-dihydroxyphenyl)-2-(4-hydroxyphenyl)ethylene; (e)-form | CYP1B1/AHR","1-(3,5-dihydroxyphenyl)-2-(4-hydroxyphenyl)ethylene; (e)-form",CYP1B1,AHR,tf_or_regulator_class,StemRegenin 1,13.279,0.5413602941176471,0.35188419117647063,33,33,AHR
CTRP,CTRPv2 complete matrix output; lower response values interpreted as higher sensitivity,STAD_AXIS_059,STAD,"1-(3,5-dihydroxyphenyl)-2-(4-hydroxyphenyl)ethylene; (e)-form | CYP1B1/AHR","1-(3,5-dihydroxyphenyl)-2-(4-hydroxyphenyl)ethylene; (e)-form",CYP1B1,AHR,tf_or_regulator_class,VAF-347,15.0,0.05790441176470584,0.0376378676470588,33,33,AHR
CTRP,CTRPv2 complete matrix output; lower response values interpreted as higher sensitivity,STAD_AXIS_061,STAD,Galangin | CYP1B1/AHR,Galangin,CYP1B1,AHR,tf_or_regulator_class,StemRegenin 1,13.279,0.5413602941176471,0.35188419117647063,33,33,AHR
CTRP,CTRPv2 complete matrix output; lower response values interpreted as higher sensitivity,STAD_AXIS_061,STAD,Galangin | CYP1B1/AHR,Galangin,CYP1B1,AHR,tf_or_regulator_class,VAF-347,15.0,0.05790441176470584,0.0376378676470588,33,33,AHR
CTRP,CTRPv2 complete matrix output; lower response values interpreted as higher sensitivity,STAD_AXIS_060,STAD,Pyrene | CYP1B1/AHR,Pyrene,CYP1B1,AHR,tf_or_regulator_class,StemRegenin 1,13.279,0.5413602941176471,0.35188419117647063,33,33,AHR
CTRP,CTRPv2 complete matrix output; lower response values interpreted as higher sensitivity,STAD_AXIS_060,STAD,Pyrene | CYP1B1/AHR,Pyrene,CYP1B1,AHR,tf_or_regulator_class,VAF-347,15.0,0.05790441176470584,0.0376378676470588,33,33,AHR
CTRP,CTRPv2 complete matrix output; lower response values interpreted as higher sensitivity,STAD_AXIS_062,STAD,Kaempferide | CYP1B1/AHR,Kaempferide,CYP1B1,AHR,tf_or_regulator_class,StemRegenin 1,13.279,0.5413602941176471,0.35188419117647063,33,33,AHR
CTRP,CTRPv2 complete matrix output; lower response values interpreted as higher sensitivity,STAD_AXIS_062,STAD,Kaempferide | CYP1B1/AHR,Kaempferide,CYP1B1,AHR,tf_or_regulator_class,VAF-347,15.0,0.05790441176470584,0.0376378676470588,33,33,AHR
CTRP,CTRPv2 complete matrix output; lower response values interpreted as higher sensitivity,STAD_AXIS_072,STAD,Luteolin | CYP1B1/AHR,Luteolin,CYP1B1,AHR,tf_or_regulator_class,StemRegenin 1,13.279,0.5413602941176471,0.35188419117647063,33,33,AHR
CTRP,CTRPv2 complete matrix output; lower response values interpreted as higher sensitivity,STAD_AXIS_072,STAD,Luteolin | CYP1B1/AHR,Luteolin,CYP1B1,AHR,tf_or_regulator_class,VAF-347,15.0,0.05790441176470584,0.0376378676470588,33,33,AHR
CTRP,CTRPv2 complete matrix output; lower response values interpreted as higher sensitivity,STAD_AXIS_070,STAD,Diosmetin | CYP1B1/AHR,Diosmetin,CYP1B1,AHR,tf_or_regulator_class,StemRegenin 1,13.279,0.5413602941176471,0.35188419117647063,33,33,AHR
CTRP,CTRPv2 complete matrix output; lower response values interpreted as higher sensitivity,STAD_AXIS_070,STAD,Diosmetin | CYP1B1/AHR,Diosmetin,CYP1B1,AHR,tf_or_regulator_class,VAF-347,15.0,0.05790441176470584,0.0376378676470588,33,33,AHR
CTRP,CTRPv2 complete matrix output; lower response values interpreted as higher sensitivity,STAD_AXIS_071,STAD,Apigenin | CYP1B1/AHR,Apigenin,CYP1B1,AHR,tf_or_regulator_class,StemRegenin 1,13.279,0.5413602941176471,0.35188419117647063,33,33,AHR
CTRP,CTRPv2 complete matrix output; lower response values interpreted as higher sensitivity,STAD_AXIS_071,STAD,Apigenin | CYP1B1/AHR,Apigenin,CYP1B1,AHR,tf_or_regulator_class,VAF-347,15.0,0.05790441176470584,0.0376378676470588,33,33,AHR
CTRP,CTRPv2 complete matrix output; lower response values interpreted as higher sensitivity,STAD_AXIS_069,STAD,Chrysin | CYP1B1/AHR,Chrysin,CYP1B1,AHR,tf_or_regulator_class,StemRegenin 1,13.279,0.5413602941176471,0.35188419117647063,33,33,AHR
CTRP,CTRPv2 complete matrix output; lower response values interpreted as higher sensitivity,STAD_AXIS_069,STAD,Chrysin | CYP1B1/AHR,Chrysin,CYP1B1,AHR,tf_or_regulator_class,VAF-347,15.0,0.05790441176470584,0.0376378676470588,33,33,AHR
CTRP,CTRPv2 complete matrix output; lower response values interpreted as higher sensitivity,STAD_AXIS_052,STAD,Quercetin | BACE1/RELA,Quercetin,BACE1,RELA,tf_or_regulator_class,Bortezomib,11.573,0.7895220588235294,0.5131893382352941,33,33,Proteasome:|:PSMA1:|:PSMA2:|:PSMA3:|:PSMA4:|:PSMA5:|:PSMA6:|:PSMA7:|:PSMA8:|:PSMB1:|:PSMB10:|:PSMB11:|:PSMB2:|:PSMB3:|:PSMB4:|:PSMB5:|:PSMB6:|:PSMB7:|:PSMB8:|:PSMB9:|:PSMD1:|:PSMD2:|:RELA
CTRP,CTRPv2 complete matrix output; lower response values interpreted as higher sensitivity,STAD_AXIS_052,STAD,Quercetin | BACE1/RELA,Quercetin,BACE1,RELA,tf_or_regulator_class,Triptolide,12.175,0.7215073529411764,0.46897977941176466,33,33,RELA
CTRP,CTRPv2 complete matrix output; lower response values interpreted as higher sensitivity,STAD_AXIS_080,STAD,Pinosylvin | CYP1B1/AHR,Pinosylvin,CYP1B1,AHR,tf_or_regulator_class,StemRegenin 1,13.279,0.5413602941176471,0.35188419117647063,33,33,AHR
CTRP,CTRPv2 complete matrix output; lower response values interpreted as higher sensitivity,STAD_AXIS_080,STAD,Pinosylvin | CYP1B1/AHR,Pinosylvin,CYP1B1,AHR,tf_or_regulator_class,VAF-347,15.0,0.05790441176470584,0.0376378676470588,33,33,AHR
CTRP,CTRPv2 complete matrix output; lower response values interpreted as higher sensitivity,STAD_AXIS_087,STAD,Homoeriodictyol | CYP1B1/AHR,Homoeriodictyol,CYP1B1,AHR,tf_or_regulator_class,StemRegenin 1,13.279,0.5413602941176471,0.35188419117647063,33,33,AHR
CTRP,CTRPv2 complete matrix output; lower response values interpreted as higher sensitivity,STAD_AXIS_087,STAD,Homoeriodictyol | CYP1B1/AHR,Homoeriodictyol,CYP1B1,AHR,tf_or_regulator_class,VAF-347,15.0,0.05790441176470584,0.0376378676470588,33,33,AHR
CTRP,CTRPv2 complete matrix output; lower response values interpreted as higher sensitivity,STAD_AXIS_054,STAD,Rocaglamide | RELA/RELA,Rocaglamide,RELA,RELA,target_class,Bortezomib,11.573,0.7895220588235294,0.67109375,33,33,Proteasome:|:PSMA1:|:PSMA2:|:PSMA3:|:PSMA4:|:PSMA5:|:PSMA6:|:PSMA7:|:PSMA8:|:PSMB1:|:PSMB10:|:PSMB11:|:PSMB2:|:PSMB3:|:PSMB4:|:PSMB5:|:PSMB6:|:PSMB7:|:PSMB8:|:PSMB9:|:PSMD1:|:PSMD2:|:RELA
CTRP,CTRPv2 complete matrix output; lower response values interpreted as higher sensitivity,STAD_AXIS_054,STAD,Rocaglamide | RELA/RELA,Rocaglamide,RELA,RELA,target_class,Triptolide,12.175,0.7215073529411764,0.6132812499999999,33,33,RELA
CTRP,CTRPv2 complete matrix output; lower response values interpreted as higher sensitivity,STAD_AXIS_054,STAD,Rocaglamide | RELA/RELA,Rocaglamide,RELA,RELA,tf_or_regulator_class,Bortezomib,11.573,0.7895220588235294,0.5131893382352941,33,33,Proteasome:|:PSMA1:|:PSMA2:|:PSMA3:|:PSMA4:|:PSMA5:|:PSMA6:|:PSMA7:|:PSMA8:|:PSMB1:|:PSMB10:|:PSMB11:|:PSMB2:|:PSMB3:|:PSMB4:|:PSMB5:|:PSMB6:|:PSMB7:|:PSMB8:|:PSMB9:|:PSMD1:|:PSMD2:|:RELA
CTRP,CTRPv2 complete matrix output; lower response values interpreted as higher sensitivity,STAD_AXIS_054,STAD,Rocaglamide | RELA/RELA,Rocaglamide,RELA,RELA,tf_or_regulator_class,Triptolide,12.175,0.7215073529411764,0.46897977941176466,33,33,RELA
CTRP,CTRPv2 complete matrix output; lower response values interpreted as higher sensitivity,STAD_AXIS_063,STAD,"3',4',7-trihydroxyflavanone | BACE1/RELA","3',4',7-trihydroxyflavanone",BACE1,RELA,tf_or_regulator_class,Bortezomib,11.573,0.7895220588235294,0.5131893382352941,33,33,Proteasome:|:PSMA1:|:PSMA2:|:PSMA3:|:PSMA4:|:PSMA5:|:PSMA6:|:PSMA7:|:PSMA8:|:PSMB1:|:PSMB10:|:PSMB11:|:PSMB2:|:PSMB3:|:PSMB4:|:PSMB5:|:PSMB6:|:PSMB7:|:PSMB8:|:PSMB9:|:PSMD1:|:PSMD2:|:RELA
CTRP,CTRPv2 complete matrix output; lower response values interpreted as higher sensitivity,STAD_AXIS_063,STAD,"3',4',7-trihydroxyflavanone | BACE1/RELA","3',4',7-trihydroxyflavanone",BACE1,RELA,tf_or_regulator_class,Triptolide,12.175,0.7215073529411764,0.46897977941176466,33,33,RELA
CTRP,CTRPv2 complete matrix output; lower response values interpreted as higher sensitivity,STAD_AXIS_089,STAD,Eupatorin | CYP1B1/AHR,Eupatorin,CYP1B1,AHR,tf_or_regulator_class,StemRegenin 1,13.279,0.5413602941176471,0.35188419117647063,33,33,AHR
CTRP,CTRPv2 complete matrix output; lower response values interpreted as higher sensitivity,STAD_AXIS_089,STAD,Eupatorin | CYP1B1/AHR,Eupatorin,CYP1B1,AHR,tf_or_regulator_class,VAF-347,15.0,0.05790441176470584,0.0376378676470588,33,33,AHR
CTRP,CTRPv2 complete matrix output; lower response values interpreted as higher sensitivity,STAD_AXIS_094,STAD,Berberine chloride | CYP1B1/AHR,Berberine chloride,CYP1B1,AHR,tf_or_regulator_class,StemRegenin 1,13.279,0.5413602941176471,0.35188419117647063,33,33,AHR
CTRP,CTRPv2 complete matrix output; lower response values interpreted as higher sensitivity,STAD_AXIS_094,STAD,Berberine chloride | CYP1B1/AHR,Berberine chloride,CYP1B1,AHR,tf_or_regulator_class,VAF-347,15.0,0.05790441176470584,0.0376378676470588,33,33,AHR
CTRP,CTRPv2 complete matrix output; lower response values interpreted as higher sensitivity,STAD_AXIS_064,STAD,Acteoside | BACE1/RELA,Acteoside,BACE1,RELA,tf_or_regulator_class,Bortezomib,11.573,0.7895220588235294,0.5131893382352941,33,33,Proteasome:|:PSMA1:|:PSMA2:|:PSMA3:|:PSMA4:|:PSMA5:|:PSMA6:|:PSMA7:|:PSMA8:|:PSMB1:|:PSMB10:|:PSMB11:|:PSMB2:|:PSMB3:|:PSMB4:|:PSMB5:|:PSMB6:|:PSMB7:|:PSMB8:|:PSMB9:|:PSMD1:|:PSMD2:|:RELA
CTRP,CTRPv2 complete matrix output; lower response values interpreted as higher sensitivity,STAD_AXIS_064,STAD,Acteoside | BACE1/RELA,Acteoside,BACE1,RELA,tf_or_regulator_class,Triptolide,12.175,0.7215073529411764,0.46897977941176466,33,33,RELA
CTRP,CTRPv2 complete matrix output; lower response values interpreted as higher sensitivity,STAD_AXIS_092,STAD,Chryseriol | CYP1B1/AHR,Chryseriol,CYP1B1,AHR,tf_or_regulator_class,StemRegenin 1,13.279,0.5413602941176471,0.35188419117647063,33,33,AHR
CTRP,CTRPv2 complete matrix output; lower response values interpreted as higher sensitivity,STAD_AXIS_092,STAD,Chryseriol | CYP1B1/AHR,Chryseriol,CYP1B1,AHR,tf_or_regulator_class,VAF-347,15.0,0.05790441176470584,0.0376378676470588,33,33,AHR
CTRP,CTRPv2 complete matrix output; lower response values interpreted as higher sensitivity,STAD_AXIS_093,STAD,Rutaecarpine | CYP1B1/AHR,Rutaecarpine,CYP1B1,AHR,tf_or_regulator_class,StemRegenin 1,13.279,0.5413602941176471,0.35188419117647063,33,33,AHR
CTRP,CTRPv2 complete matrix output; lower response values interpreted as higher sensitivity,STAD_AXIS_093,STAD,Rutaecarpine | CYP1B1/AHR,Rutaecarpine,CYP1B1,AHR,tf_or_regulator_class,VAF-347,15.0,0.05790441176470584,0.0376378676470588,33,33,AHR
CTRP,CTRPv2 complete matrix output; lower response values interpreted as higher sensitivity,STAD_AXIS_091,STAD,Berberine | CYP1B1/AHR,Berberine,CYP1B1,AHR,tf_or_regulator_class,StemRegenin 1,13.279,0.5413602941176471,0.35188419117647063,33,33,AHR
CTRP,CTRPv2 complete matrix output; lower response values interpreted as higher sensitivity,STAD_AXIS_091,STAD,Berberine | CYP1B1/AHR,Berberine,CYP1B1,AHR,tf_or_regulator_class,VAF-347,15.0,0.05790441176470584,0.0376378676470588,33,33,AHR
CTRP,CTRPv2 complete matrix output; lower response values interpreted as higher sensitivity,STAD_AXIS_090,STAD,Myricetin | CYP1B1/AHR,Myricetin,CYP1B1,AHR,direct_compound,Myricetin,15.0582848685679,0.024816176470588203,0.024816176470588203,33,33,PIK3CG
CTRP,CTRPv2 complete matrix output; lower response values interpreted as higher sensitivity,STAD_AXIS_090,STAD,Myricetin | CYP1B1/AHR,Myricetin,CYP1B1,AHR,tf_or_regulator_class,StemRegenin 1,13.279,0.5413602941176471,0.35188419117647063,33,33,AHR
CTRP,CTRPv2 complete matrix output; lower response values interpreted as higher sensitivity,STAD_AXIS_090,STAD,Myricetin | CYP1B1/AHR,Myricetin,CYP1B1,AHR,tf_or_regulator_class,VAF-347,15.0,0.05790441176470584,0.0376378676470588,33,33,AHR
CTRP,CTRPv2 complete matrix output; lower response values interpreted as higher sensitivity,STAD_AXIS_065,STAD,(-)-epigallocatechin-3-gallate | BACE1/RELA,(-)-epigallocatechin-3-gallate,BACE1,RELA,tf_or_regulator_class,Bortezomib,11.573,0.7895220588235294,0.5131893382352941,33,33,Proteasome:|:PSMA1:|:PSMA2:|:PSMA3:|:PSMA4:|:PSMA5:|:PSMA6:|:PSMA7:|:PSMA8:|:PSMB1:|:PSMB10:|:PSMB11:|:PSMB2:|:PSMB3:|:PSMB4:|:PSMB5:|:PSMB6:|:PSMB7:|:PSMB8:|:PSMB9:|:PSMD1:|:PSMD2:|:RELA
CTRP,CTRPv2 complete matrix output; lower response values interpreted as higher sensitivity,STAD_AXIS_065,STAD,(-)-epigallocatechin-3-gallate | BACE1/RELA,(-)-epigallocatechin-3-gallate,BACE1,RELA,tf_or_regulator_class,Triptolide,12.175,0.7215073529411764,0.46897977941176466,33,33,RELA
CTRP,CTRPv2 complete matrix output; lower response values interpreted as higher sensitivity,STAD_AXIS_073,STAD,Collagen | BACE1/RELA,Collagen,BACE1,RELA,tf_or_regulator_class,Bortezomib,11.573,0.7895220588235294,0.5131893382352941,33,33,Proteasome:|:PSMA1:|:PSMA2:|:PSMA3:|:PSMA4:|:PSMA5:|:PSMA6:|:PSMA7:|:PSMA8:|:PSMB1:|:PSMB10:|:PSMB11:|:PSMB2:|:PSMB3:|:PSMB4:|:PSMB5:|:PSMB6:|:PSMB7:|:PSMB8:|:PSMB9:|:PSMD1:|:PSMD2:|:RELA
CTRP,CTRPv2 complete matrix output; lower response values interpreted as higher sensitivity,STAD_AXIS_073,STAD,Collagen | BACE1/RELA,Collagen,BACE1,RELA,tf_or_regulator_class,Triptolide,12.175,0.7215073529411764,0.46897977941176466,33,33,RELA
CTRP,CTRPv2 complete matrix output; lower response values interpreted as higher sensitivity,STAD_AXIS_088,STAD,Hydroxytyrosol | BACE1/RELA,Hydroxytyrosol,BACE1,RELA,tf_or_regulator_class,Bortezomib,11.573,0.7895220588235294,0.5131893382352941,33,33,Proteasome:|:PSMA1:|:PSMA2:|:PSMA3:|:PSMA4:|:PSMA5:|:PSMA6:|:PSMA7:|:PSMA8:|:PSMB1:|:PSMB10:|:PSMB11:|:PSMB2:|:PSMB3:|:PSMB4:|:PSMB5:|:PSMB6:|:PSMB7:|:PSMB8:|:PSMB9:|:PSMD1:|:PSMD2:|:RELA
CTRP,CTRPv2 complete matrix output; lower response values interpreted as higher sensitivity,STAD_AXIS_088,STAD,Hydroxytyrosol | BACE1/RELA,Hydroxytyrosol,BACE1,RELA,tf_or_regulator_class,Triptolide,12.175,0.7215073529411764,0.46897977941176466,33,33,RELA
CTRP,CTRPv2 complete matrix output; lower response values interpreted as higher sensitivity,STAD_AXIS_099,STAD,"2,4,2',4'-tetrahydroxychalcone | BACE1/RELA","2,4,2',4'-tetrahydroxychalcone",BACE1,RELA,tf_or_regulator_class,Bortezomib,11.573,0.7895220588235294,0.5131893382352941,33,33,Proteasome:|:PSMA1:|:PSMA2:|:PSMA3:|:PSMA4:|:PSMA5:|:PSMA6:|:PSMA7:|:PSMA8:|:PSMB1:|:PSMB10:|:PSMB11:|:PSMB2:|:PSMB3:|:PSMB4:|:PSMB5:|:PSMB6:|:PSMB7:|:PSMB8:|:PSMB9:|:PSMD1:|:PSMD2:|:RELA
CTRP,CTRPv2 complete matrix output; lower response values interpreted as higher sensitivity,STAD_AXIS_099,STAD,"2,4,2',4'-tetrahydroxychalcone | BACE1/RELA","2,4,2',4'-tetrahydroxychalcone",BACE1,RELA,tf_or_regulator_class,Triptolide,12.175,0.7215073529411764,0.46897977941176466,33,33,RELA
CTRP,CTRPv2 complete matrix output; lower response values interpreted as higher sensitivity,STAD_AXIS_055,STAD,Quercetin | CYP1B1/AHR,Quercetin,CYP1B1,AHR,tf_or_regulator_class,StemRegenin 1,13.279,0.5413602941176471,0.35188419117647063,33,33,AHR
CTRP,CTRPv2 complete matrix output; lower response values interpreted as higher sensitivity,STAD_AXIS_055,STAD,Quercetin | CYP1B1/AHR,Quercetin,CYP1B1,AHR,tf_or_regulator_class,VAF-347,15.0,0.05790441176470584,0.0376378676470588,33,33,AHR
CTRP,CTRPv2 complete matrix output; lower response values interpreted as higher sensitivity,STAD_AXIS_150,STAD,Coryincine | HTR2A/PITX2,Coryincine,HTR2A,PITX2,target_class,Trifluoperazine,13.8776411455007,0.44577205882352944,0.37890625,33,33,ADRA1A:|:CALM1:|:CALY:|:DRD2:|:DRD4:|:HRH1:|:HTR2A:|:HTR2C:|:S100A4:|:TNNC1
CTRP,CTRPv2 complete matrix output; lower response values interpreted as higher sensitivity,STAD_AXIS_189,STAD,Fisetin | CDK2/MYC,Fisetin,CDK2,MYC,target_class,Dinaciclib,5.15143775299872,0.9972426470588235,0.8476562499999999,33,33,CDK1:|:CDK2:|:CDK5:|:CDK9
CTRP,CTRPv2 complete matrix output; lower response values interpreted as higher sensitivity,STAD_AXIS_189,STAD,Fisetin | CDK2/MYC,Fisetin,CDK2,MYC,target_class,Alvocidib,8.323,0.9568014705882353,0.81328125,33,33,CDK:|:CDK1:|:CDK2:|:CDK4:|:CDK5:|:CDK6:|:CDK7:|:CDK8:|:CDK9:|:EGFR:|:PYGM
CTRP,CTRPv2 complete matrix output; lower response values interpreted as higher sensitivity,STAD_AXIS_189,STAD,Fisetin | CDK2/MYC,Fisetin,CDK2,MYC,target_class,SNS-032,8.9611,0.9384191176470589,0.7976562500000001,33,33,CDK16:|:CDK17:|:CDK2:|:CDK7:|:CDK9:|:CDKL5
CTRP,CTRPv2 complete matrix output; lower response values interpreted as higher sensitivity,STAD_AXIS_189,STAD,Fisetin | CDK2/MYC,Fisetin,CDK2,MYC,target_class,PHA-793887,11.315,0.8189338235294118,0.69609375,33,33,CDK1:|:CDK2:|:CDK4:|:CDK5:|:CDK7:|:CDK9
CTRP,CTRPv2 complete matrix output; lower response values interpreted as higher sensitivity,STAD_AXIS_189,STAD,Fisetin | CDK2/MYC,Fisetin,CDK2,MYC,target_class,Bosutinib,11.352,0.8134191176470589,0.69140625,33,33,ABL:|:ABL1:|:BCR:|:CAMK1D:|:CAMK2G:|:CDK2:|:FRK:|:FYN:|:HCK:|:LYN:|:MAP2K1:|:MAP2K2:|:MAP3K2:|:MAP4K5:|:SRC:|:STK10:|:STK24:|:STK4:|:TEC:|:TNK2:|:TXK
CTRP,CTRPv2 complete matrix output; lower response values interpreted as higher sensitivity,STAD_AXIS_189,STAD,Fisetin | CDK2/MYC,Fisetin,CDK2,MYC,target_class,PF-573228,12.652,0.6516544117647058,0.5539062499999999,33,33,CDK1:|:CDK2:|:CDK7:|:GSK3B:|:IKBKB:|:PTK2
CTRP,CTRPv2 complete matrix output; lower response values interpreted as higher sensitivity,STAD_AXIS_189,STAD,Fisetin | CDK2/MYC,Fisetin,CDK2,MYC,target_class,BMS-536924,13.0885,0.578125,0.49140625,33,33,AKT1:|:CCNE1:|:CDK2:|:CYP3A4:|:ERBB2:|:IGF1R:|:INSR:|:IR:|:KDR:|:LCK:|:MAPK1:|:MET:|:PDGFRA:|:PDGFRB
CTRP,CTRPv2 complete matrix output; lower response values interpreted as higher sensitivity,STAD_AXIS_114,STAD,Triptolide | PLAU/MYC,Triptolide,PLAU,MYC,direct_compound,Triptolide,12.175,0.7215073529411764,0.7215073529411764,33,33,RELA
CTRP,CTRPv2 complete matrix output; lower response values interpreted as higher sensitivity,STAD_AXIS_119,STAD,Kaempferol | AHR/STAT3,Kaempferol,AHR,STAT3,target_class,StemRegenin 1,13.279,0.5413602941176471,0.46015625,33,33,AHR
CTRP,CTRPv2 complete matrix output; lower response values interpreted as higher sensitivity,STAD_AXIS_119,STAD,Kaempferol | AHR/STAT3,Kaempferol,AHR,STAT3,target_class,VAF-347,15.0,0.05790441176470584,0.049218749999999964,33,33,AHR
CTRP,CTRPv2 complete matrix output; lower response values interpreted as higher sensitivity,STAD_AXIS_119,STAD,Kaempferol | AHR/STAT3,Kaempferol,AHR,STAT3,tf_or_regulator_class,Bardoxolone methyl,8.27214812378087,0.9604779411764706,0.6243106617647058,33,33,PPARG:|:STAT3
CTRP,CTRPv2 complete matrix output; lower response values interpreted as higher sensitivity,STAD_AXIS_119,STAD,Kaempferol | AHR/STAT3,Kaempferol,AHR,STAT3,tf_or_regulator_class,Niclosamide,11.737,0.7693014705882353,0.5000459558823529,33,33,STAT3
CTRP,CTRPv2 complete matrix output; lower response values interpreted as higher sensitivity,STAD_AXIS_119,STAD,Kaempferol | AHR/STAT3,Kaempferol,AHR,STAT3,tf_or_regulator_class,NSC 74859,14.671,0.20496323529411764,0.13322610294117648,33,33,STAT3
CTRP,CTRPv2 complete matrix output; lower response values interpreted as higher sensitivity,STAD_AXIS_124,STAD,(-)-epigallocatechin-3-gallate | APP/AHR,(-)-epigallocatechin-3-gallate,APP,AHR,target_class,Curcumin,12.075,0.7288602941176471,0.61953125,33,33,APP:|:CA1:|:CA12:|:CA14:|:CA2:|:CA4:|:CA6:|:CA9:|:CYP3A4:|:DNMT3B:|:EP300:|:MMP13:|:MMP9:|:NOS2:|:PTGS1:|:PTGS2:|:XDH
CTRP,CTRPv2 complete matrix output; lower response values interpreted as higher sensitivity,STAD_AXIS_124,STAD,(-)-epigallocatechin-3-gallate | APP/AHR,(-)-epigallocatechin-3-gallate,APP,AHR,tf_or_regulator_class,StemRegenin 1,13.279,0.5413602941176471,0.35188419117647063,33,33,AHR
CTRP,CTRPv2 complete matrix output; lower response values interpreted as higher sensitivity,STAD_AXIS_124,STAD,(-)-epigallocatechin-3-gallate | APP/AHR,(-)-epigallocatechin-3-gallate,APP,AHR,tf_or_regulator_class,VAF-347,15.0,0.05790441176470584,0.0376378676470588,33,33,AHR
CTRP,CTRPv2 complete matrix output; lower response values interpreted as higher sensitivity,STAD_AXIS_148,STAD,Acacetin | CYP1B1/EP300,Acacetin,CYP1B1,EP300,tf_or_regulator_class,Curcumin,12.075,0.7288602941176471,0.47375919117647064,33,33,APP:|:CA1:|:CA12:|:CA14:|:CA2:|:CA4:|:CA6:|:CA9:|:CYP3A4:|:DNMT3B:|:EP300:|:MMP13:|:MMP9:|:NOS2:|:PTGS1:|:PTGS2:|:XDH
CTRP,CTRPv2 complete matrix output; lower response values interpreted as higher sensitivity,STAD_AXIS_148,STAD,Acacetin | CYP1B1/EP300,Acacetin,CYP1B1,EP300,tf_or_regulator_class,Epigallocatechin-3-monogallate,14.213,0.3630514705882353,0.23598345588235295,33,33,ELANE:|:EP300:|:FASN:|:KAT2B:|:MMP14:|:MMP2
CTRP,CTRPv2 complete matrix output; lower response values interpreted as higher sensitivity,STAD_AXIS_148,STAD,Acacetin | CYP1B1/EP300,Acacetin,CYP1B1,EP300,tf_or_regulator_class,BRD8958,15.0,0.05790441176470584,0.0376378676470588,33,33,EP300
CTRP,CTRPv2 complete matrix output; lower response values interpreted as higher sensitivity,STAD_AXIS_111,STAD,Leonticine | BACE1/RELA,Leonticine,BACE1,RELA,tf_or_regulator_class,Bortezomib,11.573,0.7895220588235294,0.5131893382352941,33,33,Proteasome:|:PSMA1:|:PSMA2:|:PSMA3:|:PSMA4:|:PSMA5:|:PSMA6:|:PSMA7:|:PSMA8:|:PSMB1:|:PSMB10:|:PSMB11:|:PSMB2:|:PSMB3:|:PSMB4:|:PSMB5:|:PSMB6:|:PSMB7:|:PSMB8:|:PSMB9:|:PSMD1:|:PSMD2:|:RELA
CTRP,CTRPv2 complete matrix output; lower response values interpreted as higher sensitivity,STAD_AXIS_111,STAD,Leonticine | BACE1/RELA,Leonticine,BACE1,RELA,tf_or_regulator_class,Triptolide,12.175,0.7215073529411764,0.46897977941176466,33,33,RELA
CTRP,CTRPv2 complete matrix output; lower response values interpreted as higher sensitivity,STAD_AXIS_110,STAD,Evodiamide | BACE1/RELA,Evodiamide,BACE1,RELA,tf_or_regulator_class,Bortezomib,11.573,0.7895220588235294,0.5131893382352941,33,33,Proteasome:|:PSMA1:|:PSMA2:|:PSMA3:|:PSMA4:|:PSMA5:|:PSMA6:|:PSMA7:|:PSMA8:|:PSMB1:|:PSMB10:|:PSMB11:|:PSMB2:|:PSMB3:|:PSMB4:|:PSMB5:|:PSMB6:|:PSMB7:|:PSMB8:|:PSMB9:|:PSMD1:|:PSMD2:|:RELA
CTRP,CTRPv2 complete matrix output; lower response values interpreted as higher sensitivity,STAD_AXIS_110,STAD,Evodiamide | BACE1/RELA,Evodiamide,BACE1,RELA,tf_or_regulator_class,Triptolide,12.175,0.7215073529411764,0.46897977941176466,33,33,RELA
CTRP,CTRPv2 complete matrix output; lower response values interpreted as higher sensitivity,STAD_AXIS_108,STAD,Dasycarpamin | BACE1/RELA,Dasycarpamin,BACE1,RELA,tf_or_regulator_class,Bortezomib,11.573,0.7895220588235294,0.5131893382352941,33,33,Proteasome:|:PSMA1:|:PSMA2:|:PSMA3:|:PSMA4:|:PSMA5:|:PSMA6:|:PSMA7:|:PSMA8:|:PSMB1:|:PSMB10:|:PSMB11:|:PSMB2:|:PSMB3:|:PSMB4:|:PSMB5:|:PSMB6:|:PSMB7:|:PSMB8:|:PSMB9:|:PSMD1:|:PSMD2:|:RELA
CTRP,CTRPv2 complete matrix output; lower response values interpreted as higher sensitivity,STAD_AXIS_108,STAD,Dasycarpamin | BACE1/RELA,Dasycarpamin,BACE1,RELA,tf_or_regulator_class,Triptolide,12.175,0.7215073529411764,0.46897977941176466,33,33,RELA
CTRP,CTRPv2 complete matrix output; lower response values interpreted as higher sensitivity,STAD_AXIS_113,STAD,Tetramethoxyluteolin | BACE1/RELA,Tetramethoxyluteolin,BACE1,RELA,tf_or_regulator_class,Bortezomib,11.573,0.7895220588235294,0.5131893382352941,33,33,Proteasome:|:PSMA1:|:PSMA2:|:PSMA3:|:PSMA4:|:PSMA5:|:PSMA6:|:PSMA7:|:PSMA8:|:PSMB1:|:PSMB10:|:PSMB11:|:PSMB2:|:PSMB3:|:PSMB4:|:PSMB5:|:PSMB6:|:PSMB7:|:PSMB8:|:PSMB9:|:PSMD1:|:PSMD2:|:RELA
CTRP,CTRPv2 complete matrix output; lower response values interpreted as higher sensitivity,STAD_AXIS_113,STAD,Tetramethoxyluteolin | BACE1/RELA,Tetramethoxyluteolin,BACE1,RELA,tf_or_regulator_class,Triptolide,12.175,0.7215073529411764,0.46897977941176466,33,33,RELA
CTRP,CTRPv2 complete matrix output; lower response values interpreted as higher sensitivity,STAD_AXIS_109,STAD,Dihydrocorynantheine | BACE1/RELA,Dihydrocorynantheine,BACE1,RELA,tf_or_regulator_class,Bortezomib,11.573,0.7895220588235294,0.5131893382352941,33,33,Proteasome:|:PSMA1:|:PSMA2:|:PSMA3:|:PSMA4:|:PSMA5:|:PSMA6:|:PSMA7:|:PSMA8:|:PSMB1:|:PSMB10:|:PSMB11:|:PSMB2:|:PSMB3:|:PSMB4:|:PSMB5:|:PSMB6:|:PSMB7:|:PSMB8:|:PSMB9:|:PSMD1:|:PSMD2:|:RELA
CTRP,CTRPv2 complete matrix output; lower response values interpreted as higher sensitivity,STAD_AXIS_109,STAD,Dihydrocorynantheine | BACE1/RELA,Dihydrocorynantheine,BACE1,RELA,tf_or_regulator_class,Triptolide,12.175,0.7215073529411764,0.46897977941176466,33,33,RELA
CTRP,CTRPv2 complete matrix output; lower response values interpreted as higher sensitivity,STAD_AXIS_107,STAD,Futokadsurin C | BACE1/RELA,Futokadsurin C,BACE1,RELA,tf_or_regulator_class,Bortezomib,11.573,0.7895220588235294,0.5131893382352941,33,33,Proteasome:|:PSMA1:|:PSMA2:|:PSMA3:|:PSMA4:|:PSMA5:|:PSMA6:|:PSMA7:|:PSMA8:|:PSMB1:|:PSMB10:|:PSMB11:|:PSMB2:|:PSMB3:|:PSMB4:|:PSMB5:|:PSMB6:|:PSMB7:|:PSMB8:|:PSMB9:|:PSMD1:|:PSMD2:|:RELA
CTRP,CTRPv2 complete matrix output; lower response values interpreted as higher sensitivity,STAD_AXIS_107,STAD,Futokadsurin C | BACE1/RELA,Futokadsurin C,BACE1,RELA,tf_or_regulator_class,Triptolide,12.175,0.7215073529411764,0.46897977941176466,33,33,RELA
CTRP,CTRPv2 complete matrix output; lower response values interpreted as higher sensitivity,STAD_AXIS_102,STAD,Goshuyuamide I | BACE1/RELA,Goshuyuamide I,BACE1,RELA,tf_or_regulator_class,Bortezomib,11.573,0.7895220588235294,0.5131893382352941,33,33,Proteasome:|:PSMA1:|:PSMA2:|:PSMA3:|:PSMA4:|:PSMA5:|:PSMA6:|:PSMA7:|:PSMA8:|:PSMB1:|:PSMB10:|:PSMB11:|:PSMB2:|:PSMB3:|:PSMB4:|:PSMB5:|:PSMB6:|:PSMB7:|:PSMB8:|:PSMB9:|:PSMD1:|:PSMD2:|:RELA
CTRP,CTRPv2 complete matrix output; lower response values interpreted as higher sensitivity,STAD_AXIS_102,STAD,Goshuyuamide I | BACE1/RELA,Goshuyuamide I,BACE1,RELA,tf_or_regulator_class,Triptolide,12.175,0.7215073529411764,0.46897977941176466,33,33,RELA
CTRP,CTRPv2 complete matrix output; lower response values interpreted as higher sensitivity,STAD_AXIS_101,STAD,Euchrenone | BACE1/RELA,Euchrenone,BACE1,RELA,tf_or_regulator_class,Bortezomib,11.573,0.7895220588235294,0.5131893382352941,33,33,Proteasome:|:PSMA1:|:PSMA2:|:PSMA3:|:PSMA4:|:PSMA5:|:PSMA6:|:PSMA7:|:PSMA8:|:PSMB1:|:PSMB10:|:PSMB11:|:PSMB2:|:PSMB3:|:PSMB4:|:PSMB5:|:PSMB6:|:PSMB7:|:PSMB8:|:PSMB9:|:PSMD1:|:PSMD2:|:RELA
CTRP,CTRPv2 complete matrix output; lower response values interpreted as higher sensitivity,STAD_AXIS_101,STAD,Euchrenone | BACE1/RELA,Euchrenone,BACE1,RELA,tf_or_regulator_class,Triptolide,12.175,0.7215073529411764,0.46897977941176466,33,33,RELA
CTRP,CTRPv2 complete matrix output; lower response values interpreted as higher sensitivity,STAD_AXIS_103,STAD,"5-hydroxy-7-methoxy-2-(3,4,5-trimethoxyphenyl)chromone | BACE1/RELA","5-hydroxy-7-methoxy-2-(3,4,5-trimethoxyphenyl)chromone",BACE1,RELA,tf_or_regulator_class,Bortezomib,11.573,0.7895220588235294,0.5131893382352941,33,33,Proteasome:|:PSMA1:|:PSMA2:|:PSMA3:|:PSMA4:|:PSMA5:|:PSMA6:|:PSMA7:|:PSMA8:|:PSMB1:|:PSMB10:|:PSMB11:|:PSMB2:|:PSMB3:|:PSMB4:|:PSMB5:|:PSMB6:|:PSMB7:|:PSMB8:|:PSMB9:|:PSMD1:|:PSMD2:|:RELA
CTRP,CTRPv2 complete matrix output; lower response values interpreted as higher sensitivity,STAD_AXIS_103,STAD,"5-hydroxy-7-methoxy-2-(3,4,5-trimethoxyphenyl)chromone | BACE1/RELA","5-hydroxy-7-methoxy-2-(3,4,5-trimethoxyphenyl)chromone",BACE1,RELA,tf_or_regulator_class,Triptolide,12.175,0.7215073529411764,0.46897977941176466,33,33,RELA
CTRP,CTRPv2 complete matrix output; lower response values interpreted as higher sensitivity,STAD_AXIS_112,STAD,Kadsurenone | BACE1/RELA,Kadsurenone,BACE1,RELA,tf_or_regulator_class,Bortezomib,11.573,0.7895220588235294,0.5131893382352941,33,33,Proteasome:|:PSMA1:|:PSMA2:|:PSMA3:|:PSMA4:|:PSMA5:|:PSMA6:|:PSMA7:|:PSMA8:|:PSMB1:|:PSMB10:|:PSMB11:|:PSMB2:|:PSMB3:|:PSMB4:|:PSMB5:|:PSMB6:|:PSMB7:|:PSMB8:|:PSMB9:|:PSMD1:|:PSMD2:|:RELA
CTRP,CTRPv2 complete matrix output; lower response values interpreted as higher sensitivity,STAD_AXIS_112,STAD,Kadsurenone | BACE1/RELA,Kadsurenone,BACE1,RELA,tf_or_regulator_class,Triptolide,12.175,0.7215073529411764,0.46897977941176466,33,33,RELA
CTRP,CTRPv2 complete matrix output; lower response values interpreted as higher sensitivity,STAD_AXIS_106,STAD,N-(2-Methylaminobenzoyl)Tryptamine | BACE1/RELA,N-(2-Methylaminobenzoyl)Tryptamine,BACE1,RELA,tf_or_regulator_class,Bortezomib,11.573,0.7895220588235294,0.5131893382352941,33,33,Proteasome:|:PSMA1:|:PSMA2:|:PSMA3:|:PSMA4:|:PSMA5:|:PSMA6:|:PSMA7:|:PSMA8:|:PSMB1:|:PSMB10:|:PSMB11:|:PSMB2:|:PSMB3:|:PSMB4:|:PSMB5:|:PSMB6:|:PSMB7:|:PSMB8:|:PSMB9:|:PSMD1:|:PSMD2:|:RELA
CTRP,CTRPv2 complete matrix output; lower response values interpreted as higher sensitivity,STAD_AXIS_106,STAD,N-(2-Methylaminobenzoyl)Tryptamine | BACE1/RELA,N-(2-Methylaminobenzoyl)Tryptamine,BACE1,RELA,tf_or_regulator_class,Triptolide,12.175,0.7215073529411764,0.46897977941176466,33,33,RELA
CTRP,CTRPv2 complete matrix output; lower response values interpreted as higher sensitivity,STAD_AXIS_104,STAD,8-o-methylreyusi | BACE1/RELA,8-o-methylreyusi,BACE1,RELA,tf_or_regulator_class,Bortezomib,11.573,0.7895220588235294,0.5131893382352941,33,33,Proteasome:|:PSMA1:|:PSMA2:|:PSMA3:|:PSMA4:|:PSMA5:|:PSMA6:|:PSMA7:|:PSMA8:|:PSMB1:|:PSMB10:|:PSMB11:|:PSMB2:|:PSMB3:|:PSMB4:|:PSMB5:|:PSMB6:|:PSMB7:|:PSMB8:|:PSMB9:|:PSMD1:|:PSMD2:|:RELA
CTRP,CTRPv2 complete matrix output; lower response values interpreted as higher sensitivity,STAD_AXIS_104,STAD,8-o-methylreyusi | BACE1/RELA,8-o-methylreyusi,BACE1,RELA,tf_or_regulator_class,Triptolide,12.175,0.7215073529411764,0.46897977941176466,33,33,RELA
CTRP,CTRPv2 complete matrix output; lower response values interpreted as higher sensitivity,STAD_AXIS_105,STAD,16-epi-Isositsirikine | BACE1/RELA,16-epi-Isositsirikine,BACE1,RELA,tf_or_regulator_class,Bortezomib,11.573,0.7895220588235294,0.5131893382352941,33,33,Proteasome:|:PSMA1:|:PSMA2:|:PSMA3:|:PSMA4:|:PSMA5:|:PSMA6:|:PSMA7:|:PSMA8:|:PSMB1:|:PSMB10:|:PSMB11:|:PSMB2:|:PSMB3:|:PSMB4:|:PSMB5:|:PSMB6:|:PSMB7:|:PSMB8:|:PSMB9:|:PSMD1:|:PSMD2:|:RELA
CTRP,CTRPv2 complete matrix output; lower response values interpreted as higher sensitivity,STAD_AXIS_105,STAD,16-epi-Isositsirikine | BACE1/RELA,16-epi-Isositsirikine,BACE1,RELA,tf_or_regulator_class,Triptolide,12.175,0.7215073529411764,0.46897977941176466,33,33,RELA
CTRP,CTRPv2 complete matrix output; lower response values interpreted as higher sensitivity,STAD_AXIS_141,STAD,Luteolin | MMP9/RELA,Luteolin,MMP9,RELA,target_class,Curcumin,12.075,0.7288602941176471,0.61953125,33,33,APP:|:CA1:|:CA12:|:CA14:|:CA2:|:CA4:|:CA6:|:CA9:|:CYP3A4:|:DNMT3B:|:EP300:|:MMP13:|:MMP9:|:NOS2:|:PTGS1:|:PTGS2:|:XDH
CTRP,CTRPv2 complete matrix output; lower response values interpreted as higher sensitivity,STAD_AXIS_141,STAD,Luteolin | MMP9/RELA,Luteolin,MMP9,RELA,tf_or_regulator_class,Bortezomib,11.573,0.7895220588235294,0.5131893382352941,33,33,Proteasome:|:PSMA1:|:PSMA2:|:PSMA3:|:PSMA4:|:PSMA5:|:PSMA6:|:PSMA7:|:PSMA8:|:PSMB1:|:PSMB10:|:PSMB11:|:PSMB2:|:PSMB3:|:PSMB4:|:PSMB5:|:PSMB6:|:PSMB7:|:PSMB8:|:PSMB9:|:PSMD1:|:PSMD2:|:RELA
CTRP,CTRPv2 complete matrix output; lower response values interpreted as higher sensitivity,STAD_AXIS_141,STAD,Luteolin | MMP9/RELA,Luteolin,MMP9,RELA,tf_or_regulator_class,Triptolide,12.175,0.7215073529411764,0.46897977941176466,33,33,RELA
CTRP,CTRPv2 complete matrix output; lower response values interpreted as higher sensitivity,STAD_AXIS_116,STAD,Kaempferol | AHR/NR3C1,Kaempferol,AHR,NR3C1,target_class,StemRegenin 1,13.279,0.5413602941176471,0.46015625,33,33,AHR
CTRP,CTRPv2 complete matrix output; lower response values interpreted as higher sensitivity,STAD_AXIS_116,STAD,Kaempferol | AHR/NR3C1,Kaempferol,AHR,NR3C1,target_class,VAF-347,15.0,0.05790441176470584,0.049218749999999964,33,33,AHR
CTRP,CTRPv2 complete matrix output; lower response values interpreted as higher sensitivity,STAD_AXIS_116,STAD,Kaempferol | AHR/NR3C1,Kaempferol,AHR,NR3C1,tf_or_regulator_class,Dexamethasone,15.007,0.03952205882352944,0.025689338235294134,33,33,NR3C1
CTRP,CTRPv2 complete matrix output; lower response values interpreted as higher sensitivity,STAD_AXIS_192,STAD,Quercetin | ALOX5/NFKB1,Quercetin,ALOX5,NFKB1,tf_or_regulator_class,Thalidomide,14.559,0.25183823529411764,0.16369485294117647,33,33,CRBN:|:FGFR2:|:NFKB1:|:ORM1:|:ORM2:|:PTGS2:|:TNF
CTRP,CTRPv2 complete matrix output; lower response values interpreted as higher sensitivity,STAD_AXIS_183,STAD,Kaempferol | ALOX5/RORA,Kaempferol,ALOX5,RORA,tf_or_regulator_class,SR1001,14.819,0.14338235294117652,0.09319852941176474,33,33,RORA:|:RORC
CTRP,CTRPv2 complete matrix output; lower response values interpreted as higher sensitivity,STAD_AXIS_182,STAD,Stigmasterol | PLAU/RELA,Stigmasterol,PLAU,RELA,tf_or_regulator_class,Bortezomib,11.573,0.7895220588235294,0.5131893382352941,33,33,Proteasome:|:PSMA1:|:PSMA2:|:PSMA3:|:PSMA4:|:PSMA5:|:PSMA6:|:PSMA7:|:PSMA8:|:PSMB1:|:PSMB10:|:PSMB11:|:PSMB2:|:PSMB3:|:PSMB4:|:PSMB5:|:PSMB6:|:PSMB7:|:PSMB8:|:PSMB9:|:PSMD1:|:PSMD2:|:RELA
CTRP,CTRPv2 complete matrix output; lower response values interpreted as higher sensitivity,STAD_AXIS_182,STAD,Stigmasterol | PLAU/RELA,Stigmasterol,PLAU,RELA,tf_or_regulator_class,Triptolide,12.175,0.7215073529411764,0.46897977941176466,33,33,RELA
CTRP,CTRPv2 complete matrix output; lower response values interpreted as higher sensitivity,STAD_AXIS_171,STAD,Stepholidine | DRD1/FOS,Stepholidine,DRD1,FOS,target_class,Prochlorperazine,13.27,0.5487132352941176,0.46640624999999997,33,33,DRD1:|:DRD2:|:DRD3:|:DRD4
CTRP,CTRPv2 complete matrix output; lower response values interpreted as higher sensitivity,STAD_AXIS_147,STAD,Marmesinin | ACHE/SP1,Marmesinin,ACHE,SP1,target_class,PRIMA-1,13.209,0.5606617647058824,0.4765625,33,33,ACHE:|:TP53
CTRP,CTRPv2 complete matrix output; lower response values interpreted as higher sensitivity,STAD_AXIS_144,STAD,Kaempferol | ACHE/SP1,Kaempferol,ACHE,SP1,target_class,PRIMA-1,13.209,0.5606617647058824,0.4765625,33,33,ACHE:|:TP53
CTRP,CTRPv2 complete matrix output; lower response values interpreted as higher sensitivity,STAD_AXIS_169,STAD,Deltoin | ACHE/SP1,Deltoin,ACHE,SP1,target_class,PRIMA-1,13.209,0.5606617647058824,0.4765625,33,33,ACHE:|:TP53
CTRP,CTRPv2 complete matrix output; lower response values interpreted as higher sensitivity,STAD_AXIS_132,STAD,Tanshinone iia | ACHE/SP1,Tanshinone iia,ACHE,SP1,target_class,PRIMA-1,13.209,0.5606617647058824,0.4765625,33,33,ACHE:|:TP53
CTRP,CTRPv2 complete matrix output; lower response values interpreted as higher sensitivity,STAD_AXIS_168,STAD,Dihydrosanguinarine | ACHE/SP1,Dihydrosanguinarine,ACHE,SP1,target_class,PRIMA-1,13.209,0.5606617647058824,0.4765625,33,33,ACHE:|:TP53
CTRP,CTRPv2 complete matrix output; lower response values interpreted as higher sensitivity,STAD_AXIS_143,STAD,Corydalmine | ACHE/SP1,Corydalmine,ACHE,SP1,target_class,PRIMA-1,13.209,0.5606617647058824,0.4765625,33,33,ACHE:|:TP53
CTRP,CTRPv2 complete matrix output; lower response values interpreted as higher sensitivity,STAD_AXIS_170,STAD,Pectolinarigenin | ACHE/SP1,Pectolinarigenin,ACHE,SP1,target_class,PRIMA-1,13.209,0.5606617647058824,0.4765625,33,33,ACHE:|:TP53
CTRP,CTRPv2 complete matrix output; lower response values interpreted as higher sensitivity,STAD_AXIS_145,STAD,"methyl (E)-2-[(2S,3Z,12bS)-3-ethylidene-2,4,6,7,12,12b-hexahydro-1H-indolo[3,2-h]quinolizin-2-yl]-3-methoxyprop-2-enoate | ACHE/SP1","methyl (E)-2-[(2S,3Z,12bS)-3-ethylidene-2,4,6,7,12,12b-hexahydro-1H-indolo[3,2-h]quinolizin-2-yl]-3-methoxyprop-2-enoate",ACHE,SP1,target_class,PRIMA-1,13.209,0.5606617647058824,0.4765625,33,33,ACHE:|:TP53
CTRP,CTRPv2 complete matrix output; lower response values interpreted as higher sensitivity,STAD_AXIS_142,STAD,Angustidine | ACHE/SP1,Angustidine,ACHE,SP1,target_class,PRIMA-1,13.209,0.5606617647058824,0.4765625,33,33,ACHE:|:TP53
CTRP,CTRPv2 complete matrix output; lower response values interpreted as higher sensitivity,STAD_AXIS_146,STAD,Decursin | ACHE/SP1,Decursin,ACHE,SP1,target_class,PRIMA-1,13.209,0.5606617647058824,0.4765625,33,33,ACHE:|:TP53
CTRP,CTRPv2 complete matrix output; lower response values interpreted as higher sensitivity,STAD_AXIS_126,STAD,3-hydroxy-4-methoxy-acetophenone | PLAU/RELA,3-hydroxy-4-methoxy-acetophenone,PLAU,RELA,tf_or_regulator_class,Bortezomib,11.573,0.7895220588235294,0.5131893382352941,33,33,Proteasome:|:PSMA1:|:PSMA2:|:PSMA3:|:PSMA4:|:PSMA5:|:PSMA6:|:PSMA7:|:PSMA8:|:PSMB1:|:PSMB10:|:PSMB11:|:PSMB2:|:PSMB3:|:PSMB4:|:PSMB5:|:PSMB6:|:PSMB7:|:PSMB8:|:PSMB9:|:PSMD1:|:PSMD2:|:RELA
CTRP,CTRPv2 complete matrix output; lower response values interpreted as higher sensitivity,STAD_AXIS_126,STAD,3-hydroxy-4-methoxy-acetophenone | PLAU/RELA,3-hydroxy-4-methoxy-acetophenone,PLAU,RELA,tf_or_regulator_class,Triptolide,12.175,0.7215073529411764,0.46897977941176466,33,33,RELA
CTRP,CTRPv2 complete matrix output; lower response values interpreted as higher sensitivity,STAD_AXIS_138,STAD,"3',4',7-trihydroxyflavanone | PLAU/RELA","3',4',7-trihydroxyflavanone",PLAU,RELA,tf_or_regulator_class,Bortezomib,11.573,0.7895220588235294,0.5131893382352941,33,33,Proteasome:|:PSMA1:|:PSMA2:|:PSMA3:|:PSMA4:|:PSMA5:|:PSMA6:|:PSMA7:|:PSMA8:|:PSMB1:|:PSMB10:|:PSMB11:|:PSMB2:|:PSMB3:|:PSMB4:|:PSMB5:|:PSMB6:|:PSMB7:|:PSMB8:|:PSMB9:|:PSMD1:|:PSMD2:|:RELA
CTRP,CTRPv2 complete matrix output; lower response values interpreted as higher sensitivity,STAD_AXIS_138,STAD,"3',4',7-trihydroxyflavanone | PLAU/RELA","3',4',7-trihydroxyflavanone",PLAU,RELA,tf_or_regulator_class,Triptolide,12.175,0.7215073529411764,0.46897977941176466,33,33,RELA
CTRP,CTRPv2 complete matrix output; lower response values interpreted as higher sensitivity,STAD_AXIS_123,STAD,Podocarpusflavone A | BACE1/RELA,Podocarpusflavone A,BACE1,RELA,tf_or_regulator_class,Bortezomib,11.573,0.7895220588235294,0.5131893382352941,33,33,Proteasome:|:PSMA1:|:PSMA2:|:PSMA3:|:PSMA4:|:PSMA5:|:PSMA6:|:PSMA7:|:PSMA8:|:PSMB1:|:PSMB10:|:PSMB11:|:PSMB2:|:PSMB3:|:PSMB4:|:PSMB5:|:PSMB6:|:PSMB7:|:PSMB8:|:PSMB9:|:PSMD1:|:PSMD2:|:RELA
CTRP,CTRPv2 complete matrix output; lower response values interpreted as higher sensitivity,STAD_AXIS_123,STAD,Podocarpusflavone A | BACE1/RELA,Podocarpusflavone A,BACE1,RELA,tf_or_regulator_class,Triptolide,12.175,0.7215073529411764,0.46897977941176466,33,33,RELA
CTRP,CTRPv2 complete matrix output; lower response values interpreted as higher sensitivity,STAD_AXIS_121,STAD,Luteolin | BACE1/RELA,Luteolin,BACE1,RELA,tf_or_regulator_class,Bortezomib,11.573,0.7895220588235294,0.5131893382352941,33,33,Proteasome:|:PSMA1:|:PSMA2:|:PSMA3:|:PSMA4:|:PSMA5:|:PSMA6:|:PSMA7:|:PSMA8:|:PSMB1:|:PSMB10:|:PSMB11:|:PSMB2:|:PSMB3:|:PSMB4:|:PSMB5:|:PSMB6:|:PSMB7:|:PSMB8:|:PSMB9:|:PSMD1:|:PSMD2:|:RELA
CTRP,CTRPv2 complete matrix output; lower response values interpreted as higher sensitivity,STAD_AXIS_121,STAD,Luteolin | BACE1/RELA,Luteolin,BACE1,RELA,tf_or_regulator_class,Triptolide,12.175,0.7215073529411764,0.46897977941176466,33,33,RELA
CTRP,CTRPv2 complete matrix output; lower response values interpreted as higher sensitivity,STAD_AXIS_122,STAD,Bergaptin | BACE1/RELA,Bergaptin,BACE1,RELA,tf_or_regulator_class,Bortezomib,11.573,0.7895220588235294,0.5131893382352941,33,33,Proteasome:|:PSMA1:|:PSMA2:|:PSMA3:|:PSMA4:|:PSMA5:|:PSMA6:|:PSMA7:|:PSMA8:|:PSMB1:|:PSMB10:|:PSMB11:|:PSMB2:|:PSMB3:|:PSMB4:|:PSMB5:|:PSMB6:|:PSMB7:|:PSMB8:|:PSMB9:|:PSMD1:|:PSMD2:|:RELA
CTRP,CTRPv2 complete matrix output; lower response values interpreted as higher sensitivity,STAD_AXIS_122,STAD,Bergaptin | BACE1/RELA,Bergaptin,BACE1,RELA,tf_or_regulator_class,Triptolide,12.175,0.7215073529411764,0.46897977941176466,33,33,RELA
CTRP,CTRPv2 complete matrix output; lower response values interpreted as higher sensitivity,STAD_AXIS_133,STAD,Myricetin | BACE1/RELA,Myricetin,BACE1,RELA,direct_compound,Myricetin,15.0582848685679,0.024816176470588203,0.024816176470588203,33,33,PIK3CG
CTRP,CTRPv2 complete matrix output; lower response values interpreted as higher sensitivity,STAD_AXIS_133,STAD,Myricetin | BACE1/RELA,Myricetin,BACE1,RELA,tf_or_regulator_class,Bortezomib,11.573,0.7895220588235294,0.5131893382352941,33,33,Proteasome:|:PSMA1:|:PSMA2:|:PSMA3:|:PSMA4:|:PSMA5:|:PSMA6:|:PSMA7:|:PSMA8:|:PSMB1:|:PSMB10:|:PSMB11:|:PSMB2:|:PSMB3:|:PSMB4:|:PSMB5:|:PSMB6:|:PSMB7:|:PSMB8:|:PSMB9:|:PSMD1:|:PSMD2:|:RELA
CTRP,CTRPv2 complete matrix output; lower response values interpreted as higher sensitivity,STAD_AXIS_133,STAD,Myricetin | BACE1/RELA,Myricetin,BACE1,RELA,tf_or_regulator_class,Triptolide,12.175,0.7215073529411764,0.46897977941176466,33,33,RELA
CTRP,CTRPv2 complete matrix output; lower response values interpreted as higher sensitivity,STAD_AXIS_134,STAD,Curcumin | BACE1/RELA,Curcumin,BACE1,RELA,direct_compound,Curcumin,12.075,0.7288602941176471,0.7288602941176471,33,33,APP:|:CA1:|:CA12:|:CA14:|:CA2:|:CA4:|:CA6:|:CA9:|:CYP3A4:|:DNMT3B:|:EP300:|:MMP13:|:MMP9:|:NOS2:|:PTGS1:|:PTGS2:|:XDH
CTRP,CTRPv2 complete matrix output; lower response values interpreted as higher sensitivity,STAD_AXIS_134,STAD,Curcumin | BACE1/RELA,Curcumin,BACE1,RELA,tf_or_regulator_class,Bortezomib,11.573,0.7895220588235294,0.5131893382352941,33,33,Proteasome:|:PSMA1:|:PSMA2:|:PSMA3:|:PSMA4:|:PSMA5:|:PSMA6:|:PSMA7:|:PSMA8:|:PSMB1:|:PSMB10:|:PSMB11:|:PSMB2:|:PSMB3:|:PSMB4:|:PSMB5:|:PSMB6:|:PSMB7:|:PSMB8:|:PSMB9:|:PSMD1:|:PSMD2:|:RELA
CTRP,CTRPv2 complete matrix output; lower response values interpreted as higher sensitivity,STAD_AXIS_134,STAD,Curcumin | BACE1/RELA,Curcumin,BACE1,RELA,tf_or_regulator_class,Triptolide,12.175,0.7215073529411764,0.46897977941176466,33,33,RELA
CTRP,CTRPv2 complete matrix output; lower response values interpreted as higher sensitivity,STAD_AXIS_117,STAD,Quercetin | MMP9/AHR,Quercetin,MMP9,AHR,target_class,Curcumin,12.075,0.7288602941176471,0.61953125,33,33,APP:|:CA1:|:CA12:|:CA14:|:CA2:|:CA4:|:CA6:|:CA9:|:CYP3A4:|:DNMT3B:|:EP300:|:MMP13:|:MMP9:|:NOS2:|:PTGS1:|:PTGS2:|:XDH
CTRP,CTRPv2 complete matrix output; lower response values interpreted as higher sensitivity,STAD_AXIS_117,STAD,Quercetin | MMP9/AHR,Quercetin,MMP9,AHR,tf_or_regulator_class,StemRegenin 1,13.279,0.5413602941176471,0.35188419117647063,33,33,AHR
CTRP,CTRPv2 complete matrix output; lower response values interpreted as higher sensitivity,STAD_AXIS_117,STAD,Quercetin | MMP9/AHR,Quercetin,MMP9,AHR,tf_or_regulator_class,VAF-347,15.0,0.05790441176470584,0.0376378676470588,33,33,AHR
CTRP,CTRPv2 complete matrix output; lower response values interpreted as higher sensitivity,STAD_AXIS_179,STAD,Apigenin | BACE1/RELA,Apigenin,BACE1,RELA,tf_or_regulator_class,Bortezomib,11.573,0.7895220588235294,0.5131893382352941,33,33,Proteasome:|:PSMA1:|:PSMA2:|:PSMA3:|:PSMA4:|:PSMA5:|:PSMA6:|:PSMA7:|:PSMA8:|:PSMB1:|:PSMB10:|:PSMB11:|:PSMB2:|:PSMB3:|:PSMB4:|:PSMB5:|:PSMB6:|:PSMB7:|:PSMB8:|:PSMB9:|:PSMD1:|:PSMD2:|:RELA
CTRP,CTRPv2 complete matrix output; lower response values interpreted as higher sensitivity,STAD_AXIS_179,STAD,Apigenin | BACE1/RELA,Apigenin,BACE1,RELA,tf_or_regulator_class,Triptolide,12.175,0.7215073529411764,0.46897977941176466,33,33,RELA
CTRP,CTRPv2 complete matrix output; lower response values interpreted as higher sensitivity,STAD_AXIS_181,STAD,Eugeniin | BACE1/RELA,Eugeniin,BACE1,RELA,tf_or_regulator_class,Bortezomib,11.573,0.7895220588235294,0.5131893382352941,33,33,Proteasome:|:PSMA1:|:PSMA2:|:PSMA3:|:PSMA4:|:PSMA5:|:PSMA6:|:PSMA7:|:PSMA8:|:PSMB1:|:PSMB10:|:PSMB11:|:PSMB2:|:PSMB3:|:PSMB4:|:PSMB5:|:PSMB6:|:PSMB7:|:PSMB8:|:PSMB9:|:PSMD1:|:PSMD2:|:RELA
CTRP,CTRPv2 complete matrix output; lower response values interpreted as higher sensitivity,STAD_AXIS_181,STAD,Eugeniin | BACE1/RELA,Eugeniin,BACE1,RELA,tf_or_regulator_class,Triptolide,12.175,0.7215073529411764,0.46897977941176466,33,33,RELA
CTRP,CTRPv2 complete matrix output; lower response values interpreted as higher sensitivity,STAD_AXIS_180,STAD,Catechin | BACE1/RELA,Catechin,BACE1,RELA,direct_compound,Epigallocatechin-3-monogallate,14.213,0.3630514705882353,0.3630514705882353,33,33,ELANE:|:EP300:|:FASN:|:KAT2B:|:MMP14:|:MMP2
CTRP,CTRPv2 complete matrix output; lower response values interpreted as higher sensitivity,STAD_AXIS_180,STAD,Catechin | BACE1/RELA,Catechin,BACE1,RELA,tf_or_regulator_class,Bortezomib,11.573,0.7895220588235294,0.5131893382352941,33,33,Proteasome:|:PSMA1:|:PSMA2:|:PSMA3:|:PSMA4:|:PSMA5:|:PSMA6:|:PSMA7:|:PSMA8:|:PSMB1:|:PSMB10:|:PSMB11:|:PSMB2:|:PSMB3:|:PSMB4:|:PSMB5:|:PSMB6:|:PSMB7:|:PSMB8:|:PSMB9:|:PSMD1:|:PSMD2:|:RELA
CTRP,CTRPv2 complete matrix output; lower response values interpreted as higher sensitivity,STAD_AXIS_180,STAD,Catechin | BACE1/RELA,Catechin,BACE1,RELA,tf_or_regulator_class,Triptolide,12.175,0.7215073529411764,0.46897977941176466,33,33,RELA
CTRP,CTRPv2 complete matrix output; lower response values interpreted as higher sensitivity,STAD_AXIS_188,STAD,Uosolic Acid | RELA/RELA,Uosolic Acid,RELA,RELA,target_class,Bortezomib,11.573,0.7895220588235294,0.67109375,33,33,Proteasome:|:PSMA1:|:PSMA2:|:PSMA3:|:PSMA4:|:PSMA5:|:PSMA6:|:PSMA7:|:PSMA8:|:PSMB1:|:PSMB10:|:PSMB11:|:PSMB2:|:PSMB3:|:PSMB4:|:PSMB5:|:PSMB6:|:PSMB7:|:PSMB8:|:PSMB9:|:PSMD1:|:PSMD2:|:RELA
CTRP,CTRPv2 complete matrix output; lower response values interpreted as higher sensitivity,STAD_AXIS_188,STAD,Uosolic Acid | RELA/RELA,Uosolic Acid,RELA,RELA,target_class,Triptolide,12.175,0.7215073529411764,0.6132812499999999,33,33,RELA
CTRP,CTRPv2 complete matrix output; lower response values interpreted as higher sensitivity,STAD_AXIS_188,STAD,Uosolic Acid | RELA/RELA,Uosolic Acid,RELA,RELA,tf_or_regulator_class,Bortezomib,11.573,0.7895220588235294,0.5131893382352941,33,33,Proteasome:|:PSMA1:|:PSMA2:|:PSMA3:|:PSMA4:|:PSMA5:|:PSMA6:|:PSMA7:|:PSMA8:|:PSMB1:|:PSMB10:|:PSMB11:|:PSMB2:|:PSMB3:|:PSMB4:|:PSMB5:|:PSMB6:|:PSMB7:|:PSMB8:|:PSMB9:|:PSMD1:|:PSMD2:|:RELA
CTRP,CTRPv2 complete matrix output; lower response values interpreted as higher sensitivity,STAD_AXIS_188,STAD,Uosolic Acid | RELA/RELA,Uosolic Acid,RELA,RELA,tf_or_regulator_class,Triptolide,12.175,0.7215073529411764,0.46897977941176466,33,33,RELA
CTRP,CTRPv2 complete matrix output; lower response values interpreted as higher sensitivity,STAD_AXIS_131,STAD,"Kampferol-3,4'-dimethyl ether | CYP1B1/AHR","Kampferol-3,4'-dimethyl ether",CYP1B1,AHR,tf_or_regulator_class,StemRegenin 1,13.279,0.5413602941176471,0.35188419117647063,33,33,AHR
CTRP,CTRPv2 complete matrix output; lower response values interpreted as higher sensitivity,STAD_AXIS_131,STAD,"Kampferol-3,4'-dimethyl ether | CYP1B1/AHR","Kampferol-3,4'-dimethyl ether",CYP1B1,AHR,tf_or_regulator_class,VAF-347,15.0,0.05790441176470584,0.0376378676470588,33,33,AHR
CTRP,CTRPv2 complete matrix output; lower response values interpreted as higher sensitivity,STAD_AXIS_175,STAD,"methyl (E)-2-[(2S,3Z,12bS)-3-ethylidene-2,4,6,7,12,12b-hexahydro-1H-indolo[3,2-h]quinolizin-2-yl]-3-methoxyprop-2-enoate | ACHE/JUN","methyl (E)-2-[(2S,3Z,12bS)-3-ethylidene-2,4,6,7,12,12b-hexahydro-1H-indolo[3,2-h]quinolizin-2-yl]-3-methoxyprop-2-enoate",ACHE,JUN,target_class,PRIMA-1,13.209,0.5606617647058824,0.4765625,33,33,ACHE:|:TP53
CTRP,CTRPv2 complete matrix output; lower response values interpreted as higher sensitivity,STAD_AXIS_130,STAD,Karanjin | CYP1B1/AHR,Karanjin,CYP1B1,AHR,tf_or_regulator_class,StemRegenin 1,13.279,0.5413602941176471,0.35188419117647063,33,33,AHR
CTRP,CTRPv2 complete matrix output; lower response values interpreted as higher sensitivity,STAD_AXIS_130,STAD,Karanjin | CYP1B1/AHR,Karanjin,CYP1B1,AHR,tf_or_regulator_class,VAF-347,15.0,0.05790441176470584,0.0376378676470588,33,33,AHR
CTRP,CTRPv2 complete matrix output; lower response values interpreted as higher sensitivity,STAD_AXIS_128,STAD,Flavonol | CYP1B1/AHR,Flavonol,CYP1B1,AHR,tf_or_regulator_class,StemRegenin 1,13.279,0.5413602941176471,0.35188419117647063,33,33,AHR
CTRP,CTRPv2 complete matrix output; lower response values interpreted as higher sensitivity,STAD_AXIS_128,STAD,Flavonol | CYP1B1/AHR,Flavonol,CYP1B1,AHR,tf_or_regulator_class,VAF-347,15.0,0.05790441176470584,0.0376378676470588,33,33,AHR
CTRP,CTRPv2 complete matrix output; lower response values interpreted as higher sensitivity,STAD_AXIS_129,STAD,Tamarixetin | CYP1B1/AHR,Tamarixetin,CYP1B1,AHR,tf_or_regulator_class,StemRegenin 1,13.279,0.5413602941176471,0.35188419117647063,33,33,AHR
CTRP,CTRPv2 complete matrix output; lower response values interpreted as higher sensitivity,STAD_AXIS_129,STAD,Tamarixetin | CYP1B1/AHR,Tamarixetin,CYP1B1,AHR,tf_or_regulator_class,VAF-347,15.0,0.05790441176470584,0.0376378676470588,33,33,AHR
CTRP,CTRPv2 complete matrix output; lower response values interpreted as higher sensitivity,STAD_AXIS_186,STAD,Deltoin | ACHE/JUN,Deltoin,ACHE,JUN,target_class,PRIMA-1,13.209,0.5606617647058824,0.4765625,33,33,ACHE:|:TP53
CTRP,CTRPv2 complete matrix output; lower response values interpreted as higher sensitivity,STAD_AXIS_185,STAD,Dihydrosanguinarine | ACHE/JUN,Dihydrosanguinarine,ACHE,JUN,target_class,PRIMA-1,13.209,0.5606617647058824,0.4765625,33,33,ACHE:|:TP53
CTRP,CTRPv2 complete matrix output; lower response values interpreted as higher sensitivity,STAD_AXIS_184,STAD,Pectolinarigenin | ACHE/JUN,Pectolinarigenin,ACHE,JUN,target_class,PRIMA-1,13.209,0.5606617647058824,0.4765625,33,33,ACHE:|:TP53
CTRP,CTRPv2 complete matrix output; lower response values interpreted as higher sensitivity,STAD_AXIS_174,STAD,Marmesinin | ACHE/JUN,Marmesinin,ACHE,JUN,target_class,PRIMA-1,13.209,0.5606617647058824,0.4765625,33,33,ACHE:|:TP53
CTRP,CTRPv2 complete matrix output; lower response values interpreted as higher sensitivity,STAD_AXIS_173,STAD,Corydalmine | ACHE/JUN,Corydalmine,ACHE,JUN,target_class,PRIMA-1,13.209,0.5606617647058824,0.4765625,33,33,ACHE:|:TP53
CTRP,CTRPv2 complete matrix output; lower response values interpreted as higher sensitivity,STAD_AXIS_177,STAD,Angustidine | ACHE/JUN,Angustidine,ACHE,JUN,target_class,PRIMA-1,13.209,0.5606617647058824,0.4765625,33,33,ACHE:|:TP53
CTRP,CTRPv2 complete matrix output; lower response values interpreted as higher sensitivity,STAD_AXIS_178,STAD,Kaempferol | ACHE/JUN,Kaempferol,ACHE,JUN,target_class,PRIMA-1,13.209,0.5606617647058824,0.4765625,33,33,ACHE:|:TP53
CTRP,CTRPv2 complete matrix output; lower response values interpreted as higher sensitivity,STAD_AXIS_176,STAD,Decursin | ACHE/JUN,Decursin,ACHE,JUN,target_class,PRIMA-1,13.209,0.5606617647058824,0.4765625,33,33,ACHE:|:TP53
CTRP,CTRPv2 complete matrix output; lower response values interpreted as higher sensitivity,STAD_AXIS_127,STAD,Kaempferol | AHR/NR1H3,Kaempferol,AHR,NR1H3,target_class,StemRegenin 1,13.279,0.5413602941176471,0.46015625,33,33,AHR
CTRP,CTRPv2 complete matrix output; lower response values interpreted as higher sensitivity,STAD_AXIS_127,STAD,Kaempferol | AHR/NR1H3,Kaempferol,AHR,NR1H3,target_class,VAF-347,15.0,0.05790441176470584,0.049218749999999964,33,33,AHR
CTRP,CTRPv2 complete matrix output; lower response values interpreted as higher sensitivity,STAD_AXIS_161,STAD,Alizarin | CYP1B1/AHR,Alizarin,CYP1B1,AHR,tf_or_regulator_class,StemRegenin 1,13.279,0.5413602941176471,0.35188419117647063,33,33,AHR
CTRP,CTRPv2 complete matrix output; lower response values interpreted as higher sensitivity,STAD_AXIS_161,STAD,Alizarin | CYP1B1/AHR,Alizarin,CYP1B1,AHR,tf_or_regulator_class,VAF-347,15.0,0.05790441176470584,0.0376378676470588,33,33,AHR
CTRP,CTRPv2 complete matrix output; lower response values interpreted as higher sensitivity,STAD_AXIS_162,STAD,Flavone | CYP1B1/AHR,Flavone,CYP1B1,AHR,tf_or_regulator_class,StemRegenin 1,13.279,0.5413602941176471,0.35188419117647063,33,33,AHR
CTRP,CTRPv2 complete matrix output; lower response values interpreted as higher sensitivity,STAD_AXIS_162,STAD,Flavone | CYP1B1/AHR,Flavone,CYP1B1,AHR,tf_or_regulator_class,VAF-347,15.0,0.05790441176470584,0.0376378676470588,33,33,AHR
CTRP,CTRPv2 complete matrix output; lower response values interpreted as higher sensitivity,STAD_AXIS_158,STAD,Purpurin | CYP1B1/AHR,Purpurin,CYP1B1,AHR,tf_or_regulator_class,StemRegenin 1,13.279,0.5413602941176471,0.35188419117647063,33,33,AHR
CTRP,CTRPv2 complete matrix output; lower response values interpreted as higher sensitivity,STAD_AXIS_158,STAD,Purpurin | CYP1B1/AHR,Purpurin,CYP1B1,AHR,tf_or_regulator_class,VAF-347,15.0,0.05790441176470584,0.0376378676470588,33,33,AHR
CTRP,CTRPv2 complete matrix output; lower response values interpreted as higher sensitivity,STAD_AXIS_152,STAD,Ammidin | CYP1B1/AHR,Ammidin,CYP1B1,AHR,tf_or_regulator_class,StemRegenin 1,13.279,0.5413602941176471,0.35188419117647063,33,33,AHR
CTRP,CTRPv2 complete matrix output; lower response values interpreted as higher sensitivity,STAD_AXIS_152,STAD,Ammidin | CYP1B1/AHR,Ammidin,CYP1B1,AHR,tf_or_regulator_class,VAF-347,15.0,0.05790441176470584,0.0376378676470588,33,33,AHR
CTRP,CTRPv2 complete matrix output; lower response values interpreted as higher sensitivity,STAD_AXIS_157,STAD,7-hydroxy flavone | CYP1B1/AHR,7-hydroxy flavone,CYP1B1,AHR,tf_or_regulator_class,StemRegenin 1,13.279,0.5413602941176471,0.35188419117647063,33,33,AHR
CTRP,CTRPv2 complete matrix output; lower response values interpreted as higher sensitivity,STAD_AXIS_157,STAD,7-hydroxy flavone | CYP1B1/AHR,7-hydroxy flavone,CYP1B1,AHR,tf_or_regulator_class,VAF-347,15.0,0.05790441176470584,0.0376378676470588,33,33,AHR
CTRP,CTRPv2 complete matrix output; lower response values interpreted as higher sensitivity,STAD_AXIS_159,STAD,Cirsiliol | CYP1B1/AHR,Cirsiliol,CYP1B1,AHR,tf_or_regulator_class,StemRegenin 1,13.279,0.5413602941176471,0.35188419117647063,33,33,AHR
CTRP,CTRPv2 complete matrix output; lower response values interpreted as higher sensitivity,STAD_AXIS_159,STAD,Cirsiliol | CYP1B1/AHR,Cirsiliol,CYP1B1,AHR,tf_or_regulator_class,VAF-347,15.0,0.05790441176470584,0.0376378676470588,33,33,AHR
CTRP,CTRPv2 complete matrix output; lower response values interpreted as higher sensitivity,STAD_AXIS_160,STAD,"Trans-3,5-dihydroxy-5-methoxy-stilbene | CYP1B1/AHR","Trans-3,5-dihydroxy-5-methoxy-stilbene",CYP1B1,AHR,tf_or_regulator_class,StemRegenin 1,13.279,0.5413602941176471,0.35188419117647063,33,33,AHR
CTRP,CTRPv2 complete matrix output; lower response values interpreted as higher sensitivity,STAD_AXIS_160,STAD,"Trans-3,5-dihydroxy-5-methoxy-stilbene | CYP1B1/AHR","Trans-3,5-dihydroxy-5-methoxy-stilbene",CYP1B1,AHR,tf_or_regulator_class,VAF-347,15.0,0.05790441176470584,0.0376378676470588,33,33,AHR
CTRP,CTRPv2 complete matrix output; lower response values interpreted as higher sensitivity,STAD_AXIS_154,STAD,Cannabinol | CYP1B1/AHR,Cannabinol,CYP1B1,AHR,tf_or_regulator_class,StemRegenin 1,13.279,0.5413602941176471,0.35188419117647063,33,33,AHR
CTRP,CTRPv2 complete matrix output; lower response values interpreted as higher sensitivity,STAD_AXIS_154,STAD,Cannabinol | CYP1B1/AHR,Cannabinol,CYP1B1,AHR,tf_or_regulator_class,VAF-347,15.0,0.05790441176470584,0.0376378676470588,33,33,AHR
CTRP,CTRPv2 complete matrix output; lower response values interpreted as higher sensitivity,STAD_AXIS_153,STAD,Chalkone | CYP1B1/AHR,Chalkone,CYP1B1,AHR,tf_or_regulator_class,StemRegenin 1,13.279,0.5413602941176471,0.35188419117647063,33,33,AHR
CTRP,CTRPv2 complete matrix output; lower response values interpreted as higher sensitivity,STAD_AXIS_153,STAD,Chalkone | CYP1B1/AHR,Chalkone,CYP1B1,AHR,tf_or_regulator_class,VAF-347,15.0,0.05790441176470584,0.0376378676470588,33,33,AHR
CTRP,CTRPv2 complete matrix output; lower response values interpreted as higher sensitivity,STAD_AXIS_155,STAD,Evodiamine | CYP1B1/AHR,Evodiamine,CYP1B1,AHR,direct_compound,Isoevodiamine,12.3949399492202,0.6829044117647058,0.6829044117647058,33,33,TRPV1
CTRP,CTRPv2 complete matrix output; lower response values interpreted as higher sensitivity,STAD_AXIS_155,STAD,Evodiamine | CYP1B1/AHR,Evodiamine,CYP1B1,AHR,tf_or_regulator_class,StemRegenin 1,13.279,0.5413602941176471,0.35188419117647063,33,33,AHR
CTRP,CTRPv2 complete matrix output; lower response values interpreted as higher sensitivity,STAD_AXIS_155,STAD,Evodiamine | CYP1B1/AHR,Evodiamine,CYP1B1,AHR,tf_or_regulator_class,VAF-347,15.0,0.05790441176470584,0.0376378676470588,33,33,AHR
CTRP,CTRPv2 complete matrix output; lower response values interpreted as higher sensitivity,STAD_AXIS_156,STAD,Pterostilbene | CYP1B1/AHR,Pterostilbene,CYP1B1,AHR,tf_or_regulator_class,StemRegenin 1,13.279,0.5413602941176471,0.35188419117647063,33,33,AHR
CTRP,CTRPv2 complete matrix output; lower response values interpreted as higher sensitivity,STAD_AXIS_156,STAD,Pterostilbene | CYP1B1/AHR,Pterostilbene,CYP1B1,AHR,tf_or_regulator_class,VAF-347,15.0,0.05790441176470584,0.0376378676470588,33,33,AHR
CTRP,CTRPv2 complete matrix output; lower response values interpreted as higher sensitivity,STAD_AXIS_151,STAD,5-hydroxyflavone | CYP1B1/AHR,5-hydroxyflavone,CYP1B1,AHR,tf_or_regulator_class,StemRegenin 1,13.279,0.5413602941176471,0.35188419117647063,33,33,AHR
CTRP,CTRPv2 complete matrix output; lower response values interpreted as higher sensitivity,STAD_AXIS_151,STAD,5-hydroxyflavone | CYP1B1/AHR,5-hydroxyflavone,CYP1B1,AHR,tf_or_regulator_class,VAF-347,15.0,0.05790441176470584,0.0376378676470588,33,33,AHR
CTRP,CTRPv2 complete matrix output; lower response values interpreted as higher sensitivity,STAD_AXIS_166,STAD,Hesperetin | CYP1B1/AHR,Hesperetin,CYP1B1,AHR,tf_or_regulator_class,StemRegenin 1,13.279,0.5413602941176471,0.35188419117647063,33,33,AHR
CTRP,CTRPv2 complete matrix output; lower response values interpreted as higher sensitivity,STAD_AXIS_166,STAD,Hesperetin | CYP1B1/AHR,Hesperetin,CYP1B1,AHR,tf_or_regulator_class,VAF-347,15.0,0.05790441176470584,0.0376378676470588,33,33,AHR
CTRP,CTRPv2 complete matrix output; lower response values interpreted as higher sensitivity,STAD_AXIS_165,STAD,Baicalein | CYP1B1/AHR,Baicalein,CYP1B1,AHR,tf_or_regulator_class,StemRegenin 1,13.279,0.5413602941176471,0.35188419117647063,33,33,AHR
CTRP,CTRPv2 complete matrix output; lower response values interpreted as higher sensitivity,STAD_AXIS_165,STAD,Baicalein | CYP1B1/AHR,Baicalein,CYP1B1,AHR,tf_or_regulator_class,VAF-347,15.0,0.05790441176470584,0.0376378676470588,33,33,AHR
CTRP,CTRPv2 complete matrix output; lower response values interpreted as higher sensitivity,STAD_AXIS_164,STAD,Dehydroevidiamine | CYP1B1/AHR,Dehydroevidiamine,CYP1B1,AHR,tf_or_regulator_class,StemRegenin 1,13.279,0.5413602941176471,0.35188419117647063,33,33,AHR
CTRP,CTRPv2 complete matrix output; lower response values interpreted as higher sensitivity,STAD_AXIS_164,STAD,Dehydroevidiamine | CYP1B1/AHR,Dehydroevidiamine,CYP1B1,AHR,tf_or_regulator_class,VAF-347,15.0,0.05790441176470584,0.0376378676470588,33,33,AHR
CTRP,CTRPv2 complete matrix output; lower response values interpreted as higher sensitivity,STAD_AXIS_163,STAD,Scutellarein | CYP1B1/AHR,Scutellarein,CYP1B1,AHR,tf_or_regulator_class,StemRegenin 1,13.279,0.5413602941176471,0.35188419117647063,33,33,AHR
CTRP,CTRPv2 complete matrix output; lower response values interpreted as higher sensitivity,STAD_AXIS_163,STAD,Scutellarein | CYP1B1/AHR,Scutellarein,CYP1B1,AHR,tf_or_regulator_class,VAF-347,15.0,0.05790441176470584,0.0376378676470588,33,33,AHR
CTRP,CTRPv2 complete matrix output; lower response values interpreted as higher sensitivity,STAD_AXIS_167,STAD,Pongapin | CYP1B1/AHR,Pongapin,CYP1B1,AHR,tf_or_regulator_class,StemRegenin 1,13.279,0.5413602941176471,0.35188419117647063,33,33,AHR
CTRP,CTRPv2 complete matrix output; lower response values interpreted as higher sensitivity,STAD_AXIS_167,STAD,Pongapin | CYP1B1/AHR,Pongapin,CYP1B1,AHR,tf_or_regulator_class,VAF-347,15.0,0.05790441176470584,0.0376378676470588,33,33,AHR
CTRP,CTRPv2 complete matrix output; lower response values interpreted as higher sensitivity,STAD_AXIS_140,STAD,Physovenine | ACHE/FOS,Physovenine,ACHE,FOS,target_class,PRIMA-1,13.209,0.5606617647058824,0.4765625,33,33,ACHE:|:TP53
CTRP,CTRPv2 complete matrix output; lower response values interpreted as higher sensitivity,STAD_AXIS_136,STAD,Kaempferol | CYP1B1/AHR,Kaempferol,CYP1B1,AHR,tf_or_regulator_class,StemRegenin 1,13.279,0.5413602941176471,0.35188419117647063,33,33,AHR
CTRP,CTRPv2 complete matrix output; lower response values interpreted as higher sensitivity,STAD_AXIS_136,STAD,Kaempferol | CYP1B1/AHR,Kaempferol,CYP1B1,AHR,tf_or_regulator_class,VAF-347,15.0,0.05790441176470584,0.0376378676470588,33,33,AHR
CTRP,CTRPv2 complete matrix output; lower response values interpreted as higher sensitivity,STAD_AXIS_193,STAD,Beta-naphthoflavone | AHR/AHR,Beta-naphthoflavone,AHR,AHR,target_class,StemRegenin 1,13.279,0.5413602941176471,0.46015625,33,33,AHR
CTRP,CTRPv2 complete matrix output; lower response values interpreted as higher sensitivity,STAD_AXIS_193,STAD,Beta-naphthoflavone | AHR/AHR,Beta-naphthoflavone,AHR,AHR,target_class,VAF-347,15.0,0.05790441176470584,0.049218749999999964,33,33,AHR
CTRP,CTRPv2 complete matrix output; lower response values interpreted as higher sensitivity,STAD_AXIS_193,STAD,Beta-naphthoflavone | AHR/AHR,Beta-naphthoflavone,AHR,AHR,tf_or_regulator_class,StemRegenin 1,13.279,0.5413602941176471,0.35188419117647063,33,33,AHR
CTRP,CTRPv2 complete matrix output; lower response values interpreted as higher sensitivity,STAD_AXIS_193,STAD,Beta-naphthoflavone | AHR/AHR,Beta-naphthoflavone,AHR,AHR,tf_or_regulator_class,VAF-347,15.0,0.05790441176470584,0.0376378676470588,33,33,AHR
CTRP,CTRPv2 complete matrix output; lower response values interpreted as higher sensitivity,STAD_AXIS_118,STAD,Indirubin | AHR/AHR,Indirubin,AHR,AHR,target_class,StemRegenin 1,13.279,0.5413602941176471,0.46015625,33,33,AHR
CTRP,CTRPv2 complete matrix output; lower response values interpreted as higher sensitivity,STAD_AXIS_118,STAD,Indirubin | AHR/AHR,Indirubin,AHR,AHR,target_class,VAF-347,15.0,0.05790441176470584,0.049218749999999964,33,33,AHR
CTRP,CTRPv2 complete matrix output; lower response values interpreted as higher sensitivity,STAD_AXIS_118,STAD,Indirubin | AHR/AHR,Indirubin,AHR,AHR,tf_or_regulator_class,StemRegenin 1,13.279,0.5413602941176471,0.35188419117647063,33,33,AHR
CTRP,CTRPv2 complete matrix output; lower response values interpreted as higher sensitivity,STAD_AXIS_118,STAD,Indirubin | AHR/AHR,Indirubin,AHR,AHR,tf_or_regulator_class,VAF-347,15.0,0.05790441176470584,0.0376378676470588,33,33,AHR
CTRP,CTRPv2 complete matrix output; lower response values interpreted as higher sensitivity,STAD_AXIS_190,STAD,Ellipticine | CYP1A1/AHR,Ellipticine,CYP1A1,AHR,tf_or_regulator_class,StemRegenin 1,13.279,0.5413602941176471,0.35188419117647063,33,33,AHR
CTRP,CTRPv2 complete matrix output; lower response values interpreted as higher sensitivity,STAD_AXIS_190,STAD,Ellipticine | CYP1A1/AHR,Ellipticine,CYP1A1,AHR,tf_or_regulator_class,VAF-347,15.0,0.05790441176470584,0.0376378676470588,33,33,AHR
