frozen_axis_id,cancer,freeze_rank_within_cancer,axis_display_label,compound_representative_name,target_gene_symbol,tf_gene_symbol,dominant_spatial_celltype,main_axis_freeze_score,integrated_spatial_recurrence_score,same_cancer_clinical_prognosis_score,drug_evidence_score,hpa_target_score,hpa_tf_weighted_score,hpa_axis_score,hpa_target_protein_score,hpa_target_cancer_specificity_score,hpa_target_same_cancer_prognostic_score,hpa_target_same_cancer_prognostic_call,hpa_target_same_cancer_prognostic_p,hpa_tf_same_cancer_prognostic_score,hpa_tf_same_cancer_prognostic_call,hpa_tf_same_cancer_prognostic_p,gdsc_support_score,gdsc_best_hit_type,gdsc_best_drug_name,gdsc_best_median_response,gdsc_best_drug_unweighted_score,gdsc_n_hit_drugs,gdsc_n_hit_cell_lines,gdsc_matched_target_annotation,prism_support_score,prism_best_hit_type,prism_best_drug_name,prism_best_median_response,prism_best_drug_unweighted_score,prism_n_hit_drugs,prism_n_hit_cell_lines,prism_matched_target_annotation,ctrp_support_score,ctrp_best_hit_type,ctrp_best_drug_name,ctrp_best_median_response,ctrp_best_drug_unweighted_score,ctrp_n_hit_drugs,ctrp_n_hit_cell_lines,ctrp_matched_target_annotation,downloaded_drug_sensitivity_score,downloaded_external_validation_score,n_downloaded_external_layers_ge_0_50,external_downloaded_support_class,any_direct_compound_drug_response_hit,any_target_or_regulator_class_hit,moderate_or_strong_external_support,multilayer_external_support,external_zero_interpretation,compound_master_id,S_integrated,GAT-simple,GCN-simple,HGT-like-rank,HGT-like-simple,R-GCN-simple,SC-HGNN-Rank-full,SC-HGNN-Rank-simple
COAD_AXIS_034,COAD,1,Quercetin | CDK1/MYB,Quercetin,CDK1,MYB,Myeloid,0.8391144570908674,0.8580516639554029,1.0,0.7853194478953663,0.5375,0.46374999999999994,0.5375,1.0,0.35,0.0,unprognostic (1.94e-1),0.194,0.0,unprognostic (1.87e-1),0.187,0.8084409594095942,target_class,Dinaciclib,0.635115,0.9511070110701108,4,46,"CDK1, CDK2, CDK5, CDK9",0.7910048342541437,target_class,alvocidib,0.606239361454127,0.9305939226519337,16,27,"CDK1, CDK2, CDK4, CDK5, CDK6, CDK7, CDK8, CDK9, EGFR, PYGM",0.8476562499999999,target_class,Dinaciclib,5.33015688680595,0.9972426470588235,6,48,CDK1:|:CDK2:|:CDK5:|:CDK9,0.8476562499999999,0.7461505109159344,4,strong,0,1,1,1,matched_support_present,CMPD024770,1.0,0.8233333333333333,0.8566666666666666,0.9833333333333334,0.8333333333333334,0.8850000000000001,0.935,0.775
COAD_AXIS_022,COAD,2,Allopseudococain | SLC6A4/ATF4,Allopseudococain,SLC6A4,ATF4,Myeloid,0.829032548306303,0.7931617774762313,0.849528600798618,0.9370378851683692,0.625,0.37625,0.625,1.0,0.7,0.0,unprognostic (1.81e-1),0.181,0.0,unprognostic (4.40e-2),0.044,0.0,no_hit,,,0.0,0,0,,0.22159875690607736,target_class,ziprasidone,1.13305752107353,0.26070441988950277,5,27,"ADRA1A, ADRA1B, ADRA2A, ADRA2B, ADRA2C, CHRM1, CHRM2, CHRM3, CHRM4, CHRM5, DRD1, DRD2, DRD3, DRD4, DRD5, HRH1, HTR1A, HTR1B, HTR1D, HTR1E, HTR2A, HTR2C, HTR3A, HTR6, HTR7, SLC6A4",0.0,no_hit,,,0.0,0,0,,0.22159875690607736,0.21164968922651933,1,limited,0,1,0,0,matched_support_present,CMPD025856,0.995,0.86,0.86,0.7816666666666666,0.8533333333333334,0.9933333333333333,0.9983333333333334,0.995
COAD_AXIS_089,COAD,3,Ibogain | SLC6A4/ATF4,Ibogain,SLC6A4,ATF4,Myeloid,0.7999112302559706,0.7931617774762313,0.849528600798618,0.7281597239476832,0.625,0.37625,0.625,1.0,0.7,0.0,unprognostic (1.81e-1),0.181,0.0,unprognostic (4.40e-2),0.044,0.0,no_hit,,,0.0,0,0,,0.22159875690607736,target_class,ziprasidone,1.13305752107353,0.26070441988950277,5,27,"ADRA1A, ADRA1B, ADRA2A, ADRA2B, ADRA2C, CHRM1, CHRM2, CHRM3, CHRM4, CHRM5, DRD1, DRD2, DRD3, DRD4, DRD5, HRH1, HTR1A, HTR1B, HTR1D, HTR1E, HTR2A, HTR2C, HTR3A, HTR6, HTR7, SLC6A4",0.0,no_hit,,,0.0,0,0,,0.22159875690607736,0.21164968922651933,1,limited,0,1,0,0,matched_support_present,CMPD025754,0.99,0.8266666666666667,0.855,0.7949999999999999,0.79,0.975,0.995,0.9933333333333333
COAD_AXIS_037,COAD,4,Stepholidine | DRD1/HR,Stepholidine,DRD1,HR,Myeloid,0.7815901897373574,1.0,0.4533182575348581,0.9536791718430496,0.45,0.37625,0.45,1.0,0.0,0.0,,,0.0,unprognostic (2.82e-1),0.282,0.0,no_hit,,,0.0,0,0,,0.4000517955801105,target_class,paliperidone,0.952871824536456,0.47064917127071826,6,27,"ADRA1A, ADRA1B, ADRA2A, ADRA2B, ADRA2C, CYP2D6, CYP3A4, CYP3A5, DRD1, DRD2, DRD3, DRD4, HRH1, HTR1A, HTR1D, HTR2A, HTR2C",0.46171875,target_class,Prochlorperazine,13.440995080435751,0.5431985294117647,1,48,DRD1:|:DRD2:|:DRD3:|:DRD4,0.46171875,0.32794263639502763,0,limited,0,1,0,0,matched_support_present,CMPD025173,0.985,0.9199999999999999,0.8883333333333333,0.9249999999999999,0.8833333333333334,0.9983333333333334,0.945,0.965
COAD_AXIS_029,COAD,5,Physovenine | ACHE/TBP,Physovenine,ACHE,TBP,Myeloid,0.7809782385803586,0.661941630426899,0.7977108356218675,0.7809597239476832,0.5375,0.37625,0.5375,1.0,0.35,0.0,unprognostic (2.03e-2),0.0203,0.0,unprognostic (5.45e-2),0.0545,0.0,no_hit,,,0.0,0,0,,0.3466332872928176,target_class,chlorpyrifos,0.980879251548097,0.40780386740331487,5,27,ACHE,0.54140625,target_class,PRIMA-1,12.79299479543715,0.6369485294117647,1,48,ACHE:|:TP53,0.54140625,0.35638488432320437,2,limited,0,1,0,1,matched_support_present,CMPD025553,0.98,0.8466666666666667,0.9516666666666667,0.8450000000000001,0.87,0.9816666666666666,0.9899999999999999,0.9483333333333333
COAD_AXIS_001,COAD,6,Physovenine | ACHE/TFAP2A,Physovenine,ACHE,TFAP2A,Myeloid,0.7730871896382334,0.9903990119807774,0.4454757715236179,0.7809597239476832,0.5375,0.4375,0.5375,1.0,0.35,0.0,unprognostic (2.03e-2),0.0203,0.0,unprognostic (5.60e-2),0.056,0.0,no_hit,,,0.0,0,0,,0.3466332872928176,target_class,chlorpyrifos,0.980879251548097,0.40780386740331487,5,27,ACHE,0.54140625,target_class,PRIMA-1,12.79299479543715,0.6369485294117647,1,48,ACHE:|:TP53,0.54140625,0.35638488432320437,2,limited,0,1,0,1,matched_support_present,CMPD025553,0.975,0.9566666666666667,0.9366666666666666,0.79,0.84,0.965,0.9316666666666666,0.9550000000000001
COAD_AXIS_050,COAD,7,Isocorypalmine | DRD1/HR,Isocorypalmine,DRD1,HR,Myeloid,0.7724807678062635,1.0,0.4533182575348581,0.8863194478953664,0.45,0.37625,0.45,1.0,0.0,0.0,,,0.0,unprognostic (2.82e-1),0.282,0.0,no_hit,,,0.0,0,0,,0.4000517955801105,target_class,paliperidone,0.952871824536456,0.47064917127071826,6,27,"ADRA1A, ADRA1B, ADRA2A, ADRA2B, ADRA2C, CYP2D6, CYP3A4, CYP3A5, DRD1, DRD2, DRD3, DRD4, HRH1, HTR1A, HTR1D, HTR2A, HTR2C",0.46171875,target_class,Prochlorperazine,13.440995080435751,0.5431985294117647,1,48,DRD1:|:DRD2:|:DRD3:|:DRD4,0.46171875,0.32794263639502763,0,limited,0,1,0,0,matched_support_present,CMPD025506,0.97,0.9116666666666666,0.8833333333333333,0.9466666666666667,0.8816666666666667,0.9933333333333333,0.9366666666666666,0.9500000000000001
COAD_AXIS_043,COAD,8,Quercetin | ACHE/TBP,Quercetin,ACHE,TBP,Myeloid,0.769271226599485,0.661941630426899,0.7977108356218675,0.7003235364986989,0.5375,0.37625,0.5375,1.0,0.35,0.0,unprognostic (2.03e-2),0.0203,0.0,unprognostic (5.45e-2),0.0545,0.0,no_hit,,,0.0,0,0,,0.3466332872928176,target_class,chlorpyrifos,0.980879251548097,0.40780386740331487,5,27,ACHE,0.54140625,target_class,PRIMA-1,12.79299479543715,0.6369485294117647,1,48,ACHE:|:TP53,0.54140625,0.35638488432320437,2,limited,0,1,0,1,matched_support_present,CMPD024770,0.965,0.8233333333333334,0.9033333333333333,0.8783333333333334,0.8983333333333333,0.9116666666666666,0.96,0.8083333333333332
COAD_AXIS_049,COAD,9,Tanshinone iia | ACHE/TBP,Tanshinone iia,ACHE,TBP,Myeloid,0.7654112680099324,0.661941630426899,0.7977108356218675,0.670923536498699,0.5375,0.37625,0.5375,1.0,0.35,0.0,unprognostic (2.03e-2),0.0203,0.0,unprognostic (5.45e-2),0.0545,0.0,no_hit,,,0.0,0,0,,0.3466332872928176,target_class,chlorpyrifos,0.980879251548097,0.40780386740331487,5,27,ACHE,0.54140625,target_class,PRIMA-1,12.79299479543715,0.6369485294117647,1,48,ACHE:|:TP53,0.54140625,0.35638488432320437,2,limited,0,1,0,1,matched_support_present,CMPD025160,0.96,0.85,0.9366666666666666,0.9199999999999999,0.9016666666666667,0.96,0.9666666666666667,0.945
COAD_AXIS_016,COAD,10,Stepholidine | DRD1/TFAP2A,Stepholidine,DRD1,TFAP2A,Myeloid,0.7647364383013023,1.0,0.2808541785491622,0.9536791718430496,0.45,0.4375,0.45,1.0,0.0,0.0,,,0.0,unprognostic (5.60e-2),0.056,0.0,no_hit,,,0.0,0,0,,0.4000517955801105,target_class,paliperidone,0.952871824536456,0.47064917127071826,6,27,"ADRA1A, ADRA1B, ADRA2A, ADRA2B, ADRA2C, CYP2D6, CYP3A4, CYP3A5, DRD1, DRD2, DRD3, DRD4, HRH1, HTR1A, HTR1D, HTR2A, HTR2C",0.46171875,target_class,Prochlorperazine,13.440995080435751,0.5431985294117647,1,48,DRD1:|:DRD2:|:DRD3:|:DRD4,0.46171875,0.32794263639502763,0,limited,0,1,0,0,matched_support_present,CMPD025173,0.955,0.84,0.8016666666666667,0.855,0.8716666666666667,0.875,0.8850000000000001,0.9766666666666666
COAD_AXIS_011,COAD,11,Physovenine | ACHE/HR,Physovenine,ACHE,HR,Myeloid,0.7634405477053978,0.9926616682037293,0.4751408487120784,0.7809597239476832,0.5375,0.37625,0.5375,1.0,0.35,0.0,unprognostic (2.03e-2),0.0203,0.0,unprognostic (2.82e-1),0.282,0.0,no_hit,,,0.0,0,0,,0.3466332872928176,target_class,chlorpyrifos,0.980879251548097,0.40780386740331487,5,27,ACHE,0.54140625,target_class,PRIMA-1,12.79299479543715,0.6369485294117647,1,48,ACHE:|:TP53,0.54140625,0.35638488432320437,2,limited,0,1,0,1,matched_support_present,CMPD025553,0.95,0.9716666666666667,0.9500000000000001,0.7983333333333333,0.8766666666666666,0.9783333333333334,0.915,0.9349999999999999
COAD_AXIS_064,COAD,12,"methyl (E)-2-[(2S,3Z,12bS)-3-ethylidene-2,4,6,7,12,12b-hexahydro-1H-indolo[3,2-h]quinolizin-2-yl]-3-methoxyprop-2-enoate | ACHE/TBP","methyl (E)-2-[(2S,3Z,12bS)-3-ethylidene-2,4,6,7,12,12b-hexahydro-1H-indolo[3,2-h]quinolizin-2-yl]-3-methoxyprop-2-enoate",ACHE,TBP,Myeloid,0.762381685590257,0.661941630426899,0.7977108356218675,0.6479597239476832,0.5375,0.37625,0.5375,1.0,0.35,0.0,unprognostic (2.03e-2),0.0203,0.0,unprognostic (5.45e-2),0.0545,0.0,no_hit,,,0.0,0,0,,0.3466332872928176,target_class,chlorpyrifos,0.980879251548097,0.40780386740331487,5,27,ACHE,0.54140625,target_class,PRIMA-1,12.79299479543715,0.6369485294117647,1,48,ACHE:|:TP53,0.54140625,0.35638488432320437,2,limited,0,1,0,1,matched_support_present,CMPD025387,0.945,0.8133333333333334,0.8616666666666667,0.8833333333333333,0.8366666666666666,0.9,0.96,0.9483333333333333
COAD_AXIS_061,COAD,13,Angustidine | ACHE/TBP,Angustidine,ACHE,TBP,Myeloid,0.7622162521603719,0.661941630426899,0.7977108356218675,0.6479597239476832,0.5375,0.37625,0.5375,1.0,0.35,0.0,unprognostic (2.03e-2),0.0203,0.0,unprognostic (5.45e-2),0.0545,0.0,no_hit,,,0.0,0,0,,0.3466332872928176,target_class,chlorpyrifos,0.980879251548097,0.40780386740331487,5,27,ACHE,0.54140625,target_class,PRIMA-1,12.79299479543715,0.6369485294117647,1,48,ACHE:|:TP53,0.54140625,0.35638488432320437,2,limited,0,1,0,1,matched_support_present,CMPD025384,0.94,0.84,0.9333333333333332,0.8883333333333333,0.8424999999999999,0.9083333333333333,0.9483333333333333,0.9616666666666666
COAD_AXIS_065,COAD,14,Kaempferol | ACHE/TBP,Kaempferol,ACHE,TBP,Myeloid,0.7621600222845345,0.661941630426899,0.7977108356218675,0.6479597239476832,0.5375,0.37625,0.5375,1.0,0.35,0.0,unprognostic (2.03e-2),0.0203,0.0,unprognostic (5.45e-2),0.0545,0.0,no_hit,,,0.0,0,0,,0.3466332872928176,target_class,chlorpyrifos,0.980879251548097,0.40780386740331487,5,27,ACHE,0.54140625,target_class,PRIMA-1,12.79299479543715,0.6369485294117647,1,48,ACHE:|:TP53,0.54140625,0.35638488432320437,2,limited,0,1,0,1,matched_support_present,CMPD024768,0.935,0.8216666666666667,0.9016666666666667,0.8683333333333333,0.87,0.8316666666666667,0.9433333333333334,0.8366666666666666
COAD_AXIS_060,COAD,15,Marmesinin | ACHE/TBP,Marmesinin,ACHE,TBP,Myeloid,0.7621559142457545,0.661941630426899,0.7977108356218675,0.6479597239476832,0.5375,0.37625,0.5375,1.0,0.35,0.0,unprognostic (2.03e-2),0.0203,0.0,unprognostic (5.45e-2),0.0545,0.0,no_hit,,,0.0,0,0,,0.3466332872928176,target_class,chlorpyrifos,0.980879251548097,0.40780386740331487,5,27,ACHE,0.54140625,target_class,PRIMA-1,12.79299479543715,0.6369485294117647,1,48,ACHE:|:TP53,0.54140625,0.35638488432320437,2,limited,0,1,0,1,matched_support_present,CMPD025216,0.93,0.8133333333333334,0.8966666666666666,0.8583333333333334,0.8525,0.9083333333333333,0.955,0.9616666666666666
COAD_AXIS_063,COAD,16,Decursin | ACHE/TBP,Decursin,ACHE,TBP,Myeloid,0.7621211772180909,0.661941630426899,0.7977108356218675,0.6479597239476832,0.5375,0.37625,0.5375,1.0,0.35,0.0,unprognostic (2.03e-2),0.0203,0.0,unprognostic (5.45e-2),0.0545,0.0,no_hit,,,0.0,0,0,,0.3466332872928176,target_class,chlorpyrifos,0.980879251548097,0.40780386740331487,5,27,ACHE,0.54140625,target_class,PRIMA-1,12.79299479543715,0.6369485294117647,1,48,ACHE:|:TP53,0.54140625,0.35638488432320437,2,limited,0,1,0,1,matched_support_present,CMPD025251,0.925,0.8066666666666666,0.8666666666666667,0.85,0.8383333333333333,0.9,0.965,0.9083333333333332
COAD_AXIS_062,COAD,17,Corydalmine | ACHE/TBP,Corydalmine,ACHE,TBP,Myeloid,0.7620888252906692,0.661941630426899,0.7977108356218675,0.6479597239476832,0.5375,0.37625,0.5375,1.0,0.35,0.0,unprognostic (2.03e-2),0.0203,0.0,unprognostic (5.45e-2),0.0545,0.0,no_hit,,,0.0,0,0,,0.3466332872928176,target_class,chlorpyrifos,0.980879251548097,0.40780386740331487,5,27,ACHE,0.54140625,target_class,PRIMA-1,12.79299479543715,0.6369485294117647,1,48,ACHE:|:TP53,0.54140625,0.35638488432320437,2,limited,0,1,0,1,matched_support_present,CMPD026148,0.92,0.8116666666666666,0.8716666666666667,0.855,0.8433333333333333,0.9049999999999999,0.96,0.9033333333333333
COAD_AXIS_003,COAD,18,Quercetin | ACHE/TFAP2A,Quercetin,ACHE,TFAP2A,Myeloid,0.7618241566594965,0.9903990119807774,0.4454757715236179,0.7003235364986989,0.5375,0.4375,0.5375,1.0,0.35,0.0,unprognostic (2.03e-2),0.0203,0.0,unprognostic (5.60e-2),0.056,0.0,no_hit,,,0.0,0,0,,0.3466332872928176,target_class,chlorpyrifos,0.980879251548097,0.40780386740331487,5,27,ACHE,0.54140625,target_class,PRIMA-1,12.79299479543715,0.6369485294117647,1,48,ACHE:|:TP53,0.54140625,0.35638488432320437,2,limited,0,1,0,1,matched_support_present,CMPD024770,0.915,0.87,0.9500000000000001,0.8766666666666666,0.9133333333333334,0.7983333333333333,0.8833333333333333,0.7933333333333333
COAD_AXIS_071,COAD,19,Dihydrosanguinarine | ACHE/TBP,Dihydrosanguinarine,ACHE,TBP,Myeloid,0.7607755550417625,0.661941630426899,0.7977108356218675,0.6395597239476832,0.5375,0.37625,0.5375,1.0,0.35,0.0,unprognostic (2.03e-2),0.0203,0.0,unprognostic (5.45e-2),0.0545,0.0,no_hit,,,0.0,0,0,,0.3466332872928176,target_class,chlorpyrifos,0.980879251548097,0.40780386740331487,5,27,ACHE,0.54140625,target_class,PRIMA-1,12.79299479543715,0.6369485294117647,1,48,ACHE:|:TP53,0.54140625,0.35638488432320437,2,limited,0,1,0,1,matched_support_present,CMPD024843,0.91,0.7999999999999999,0.8516666666666667,0.9066666666666666,0.8266666666666667,0.8916666666666666,0.94,0.9266666666666667
COAD_AXIS_070,COAD,20,Pectolinarigenin | ACHE/TBP,Pectolinarigenin,ACHE,TBP,Myeloid,0.7607283661721163,0.661941630426899,0.7977108356218675,0.6395597239476832,0.5375,0.37625,0.5375,1.0,0.35,0.0,unprognostic (2.03e-2),0.0203,0.0,unprognostic (5.45e-2),0.0545,0.0,no_hit,,,0.0,0,0,,0.3466332872928176,target_class,chlorpyrifos,0.980879251548097,0.40780386740331487,5,27,ACHE,0.54140625,target_class,PRIMA-1,12.79299479543715,0.6369485294117647,1,48,ACHE:|:TP53,0.54140625,0.35638488432320437,2,limited,0,1,0,1,matched_support_present,CMPD026190,0.905,0.7916666666666666,0.8483333333333333,0.8649999999999999,0.8341666666666666,0.875,0.9483333333333333,0.8933333333333334
COAD_AXIS_072,COAD,21,Deltoin | ACHE/TBP,Deltoin,ACHE,TBP,Myeloid,0.7606716582442781,0.661941630426899,0.7977108356218675,0.6395597239476832,0.5375,0.37625,0.5375,1.0,0.35,0.0,unprognostic (2.03e-2),0.0203,0.0,unprognostic (5.45e-2),0.0545,0.0,no_hit,,,0.0,0,0,,0.3466332872928176,target_class,chlorpyrifos,0.980879251548097,0.40780386740331487,5,27,ACHE,0.54140625,target_class,PRIMA-1,12.79299479543715,0.6369485294117647,1,48,ACHE:|:TP53,0.54140625,0.35638488432320437,2,limited,0,1,0,1,matched_support_present,CMPD025264,0.9,0.7866666666666667,0.8483333333333333,0.8649999999999999,0.8225000000000001,0.8850000000000001,0.9433333333333334,0.8883333333333333
COAD_AXIS_018,COAD,22,Physovenine | ACHE/MYC,Physovenine,ACHE,MYC,Myeloid,0.7590011958690785,0.9466317380585186,0.4454757715236179,0.7809597239476832,0.5375,0.37625,0.5375,1.0,0.35,0.0,unprognostic (2.03e-2),0.0203,0.0,unprognostic (1.31e-1),0.131,0.0,no_hit,,,0.0,0,0,,0.3466332872928176,target_class,chlorpyrifos,0.980879251548097,0.40780386740331487,5,27,ACHE,0.54140625,target_class,PRIMA-1,12.79299479543715,0.6369485294117647,1,48,ACHE:|:TP53,0.54140625,0.35638488432320437,2,limited,0,1,0,1,matched_support_present,CMPD025553,0.895,0.8216666666666667,0.8850000000000001,0.7833333333333333,0.82,0.8216666666666667,0.8866666666666667,0.89
COAD_AXIS_004,COAD,23,Tanshinone iia | ACHE/TFAP2A,Tanshinone iia,ACHE,TFAP2A,Myeloid,0.7576107827647681,0.9903990119807774,0.4454757715236179,0.670923536498699,0.5375,0.4375,0.5375,1.0,0.35,0.0,unprognostic (2.03e-2),0.0203,0.0,unprognostic (5.60e-2),0.056,0.0,no_hit,,,0.0,0,0,,0.3466332872928176,target_class,chlorpyrifos,0.980879251548097,0.40780386740331487,5,27,ACHE,0.54140625,target_class,PRIMA-1,12.79299479543715,0.6369485294117647,1,48,ACHE:|:TP53,0.54140625,0.35638488432320437,2,limited,0,1,0,1,matched_support_present,CMPD025160,0.89,0.9366666666666666,0.86,0.8566666666666666,0.89,0.87,0.8816666666666667,0.9066666666666667
COAD_AXIS_021,COAD,24,Isocorypalmine | DRD1/TFAP2A,Isocorypalmine,DRD1,TFAP2A,Myeloid,0.7555018987557811,1.0,0.2808541785491622,0.8863194478953664,0.45,0.4375,0.45,1.0,0.0,0.0,,,0.0,unprognostic (5.60e-2),0.056,0.0,no_hit,,,0.0,0,0,,0.4000517955801105,target_class,paliperidone,0.952871824536456,0.47064917127071826,6,27,"ADRA1A, ADRA1B, ADRA2A, ADRA2B, ADRA2C, CYP2D6, CYP3A4, CYP3A5, DRD1, DRD2, DRD3, DRD4, HRH1, HTR1A, HTR1D, HTR2A, HTR2C",0.46171875,target_class,Prochlorperazine,13.440995080435751,0.5431985294117647,1,48,DRD1:|:DRD2:|:DRD3:|:DRD4,0.46171875,0.32794263639502763,0,limited,0,1,0,0,matched_support_present,CMPD025506,0.885,0.8316666666666667,0.7816666666666666,0.86,0.8683333333333333,0.8583333333333334,0.8683333333333333,0.9400000000000001
COAD_AXIS_073,COAD,25,Artemisinin | CYP2B6/FOXM1,Artemisinin,CYP2B6,FOXM1,Myeloid,0.7553773205793709,0.96697340690322,0.2920264793734641,0.7299597239476832,0.625,0.37625,0.625,1.0,0.7,0.0,unprognostic (1.11e-1),0.111,0.0,unprognostic (7.89e-2),0.0789,0.0,no_hit,,,0.0,0,0,,0.441039364640884,tf_or_regulator_class,thiostrepton,0.868669884183998,0.6785220994475138,1,23,FOXM1,0.09296875,target_class,Cyclophosphamide,14.89434552971915,0.109375,2,48,Alkylating agent:|:CYP2A6:|:CYP2B6:|:CYP2C18:|:CYP2C19:|:CYP2C8:|:CYP2C9:|:CYP2D6:|:CYP3A4:|:CYP3A5:|:CYP3A7,0.441039364640884,0.28975202866022104,1,limited,0,1,0,0,matched_support_present,CMPD025929,0.88,0.8166666666666668,0.7999999999999999,0.9233333333333333,0.8866666666666667,0.7533333333333333,0.7566666666666667,0.7999999999999999
COAD_AXIS_006,COAD,26,"methyl (E)-2-[(2S,3Z,12bS)-3-ethylidene-2,4,6,7,12,12b-hexahydro-1H-indolo[3,2-h]quinolizin-2-yl]-3-methoxyprop-2-enoate | ACHE/TFAP2A","methyl (E)-2-[(2S,3Z,12bS)-3-ethylidene-2,4,6,7,12,12b-hexahydro-1H-indolo[3,2-h]quinolizin-2-yl]-3-methoxyprop-2-enoate",ACHE,TFAP2A,Myeloid,0.7546590852584891,0.9903990119807774,0.4454757715236179,0.6479597239476832,0.5375,0.4375,0.5375,1.0,0.35,0.0,unprognostic (2.03e-2),0.0203,0.0,unprognostic (5.60e-2),0.056,0.0,no_hit,,,0.0,0,0,,0.3466332872928176,target_class,chlorpyrifos,0.980879251548097,0.40780386740331487,5,27,ACHE,0.54140625,target_class,PRIMA-1,12.79299479543715,0.6369485294117647,1,48,ACHE:|:TP53,0.54140625,0.35638488432320437,2,limited,0,1,0,1,matched_support_present,CMPD025387,0.875,0.9116666666666666,0.8233333333333333,0.87,0.8833333333333333,0.8266666666666667,0.87,0.9
COAD_AXIS_010,COAD,27,Kaempferol | ACHE/TFAP2A,Kaempferol,ACHE,TFAP2A,Myeloid,0.7545880603399934,0.9903990119807774,0.4454757715236179,0.6479597239476832,0.5375,0.4375,0.5375,1.0,0.35,0.0,unprognostic (2.03e-2),0.0203,0.0,unprognostic (5.60e-2),0.056,0.0,no_hit,,,0.0,0,0,,0.3466332872928176,target_class,chlorpyrifos,0.980879251548097,0.40780386740331487,5,27,ACHE,0.54140625,target_class,PRIMA-1,12.79299479543715,0.6369485294117647,1,48,ACHE:|:TP53,0.54140625,0.35638488432320437,2,limited,0,1,0,1,matched_support_present,CMPD024768,0.87,0.915,0.9349999999999999,0.9349999999999999,0.96,0.7816666666666667,0.8433333333333334,0.8066666666666666
COAD_AXIS_009,COAD,28,Angustidine | ACHE/TFAP2A,Angustidine,ACHE,TFAP2A,Myeloid,0.7545475177114482,0.9903990119807774,0.4454757715236179,0.6479597239476832,0.5375,0.4375,0.5375,1.0,0.35,0.0,unprognostic (2.03e-2),0.0203,0.0,unprognostic (5.60e-2),0.056,0.0,no_hit,,,0.0,0,0,,0.3466332872928176,target_class,chlorpyrifos,0.980879251548097,0.40780386740331487,5,27,ACHE,0.54140625,target_class,PRIMA-1,12.79299479543715,0.6369485294117647,1,48,ACHE:|:TP53,0.54140625,0.35638488432320437,2,limited,0,1,0,1,matched_support_present,CMPD025384,0.865,0.9266666666666667,0.8466666666666667,0.86,0.8650000000000001,0.8233333333333333,0.8516666666666667,0.9133333333333334
COAD_AXIS_007,COAD,29,Marmesinin | ACHE/TFAP2A,Marmesinin,ACHE,TFAP2A,Myeloid,0.7544850151768417,0.9903990119807774,0.4454757715236179,0.6479597239476832,0.5375,0.4375,0.5375,1.0,0.35,0.0,unprognostic (2.03e-2),0.0203,0.0,unprognostic (5.60e-2),0.056,0.0,no_hit,,,0.0,0,0,,0.3466332872928176,target_class,chlorpyrifos,0.980879251548097,0.40780386740331487,5,27,ACHE,0.54140625,target_class,PRIMA-1,12.79299479543715,0.6369485294117647,1,48,ACHE:|:TP53,0.54140625,0.35638488432320437,2,limited,0,1,0,1,matched_support_present,CMPD025216,0.86,0.9283333333333333,0.8450000000000001,0.85,0.895,0.8366666666666666,0.87,0.915
COAD_AXIS_005,COAD,30,Decursin | ACHE/TFAP2A,Decursin,ACHE,TFAP2A,Myeloid,0.754426979817578,0.9903990119807774,0.4454757715236179,0.6479597239476832,0.5375,0.4375,0.5375,1.0,0.35,0.0,unprognostic (2.03e-2),0.0203,0.0,unprognostic (5.60e-2),0.056,0.0,no_hit,,,0.0,0,0,,0.3466332872928176,target_class,chlorpyrifos,0.980879251548097,0.40780386740331487,5,27,ACHE,0.54140625,target_class,PRIMA-1,12.79299479543715,0.6369485294117647,1,48,ACHE:|:TP53,0.54140625,0.35638488432320437,2,limited,0,1,0,1,matched_support_present,CMPD025251,0.855,0.9033333333333333,0.86,0.8266666666666667,0.8566666666666668,0.85,0.875,0.8633333333333333
COAD_AXIS_008,COAD,31,Corydalmine | ACHE/TFAP2A,Corydalmine,ACHE,TFAP2A,Myeloid,0.7543853572382839,0.9903990119807774,0.4454757715236179,0.6479597239476832,0.5375,0.4375,0.5375,1.0,0.35,0.0,unprognostic (2.03e-2),0.0203,0.0,unprognostic (5.60e-2),0.056,0.0,no_hit,,,0.0,0,0,,0.3466332872928176,target_class,chlorpyrifos,0.980879251548097,0.40780386740331487,5,27,ACHE,0.54140625,target_class,PRIMA-1,12.79299479543715,0.6369485294117647,1,48,ACHE:|:TP53,0.54140625,0.35638488432320437,2,limited,0,1,0,1,matched_support_present,CMPD026148,0.85,0.9083333333333333,0.8650000000000001,0.8316666666666667,0.86,0.855,0.87,0.8583333333333334
COAD_AXIS_013,COAD,32,Deltoin | ACHE/TFAP2A,Deltoin,ACHE,TFAP2A,Myeloid,0.7533213515772749,0.9903990119807774,0.4454757715236179,0.6395597239476832,0.5375,0.4375,0.5375,1.0,0.35,0.0,unprognostic (2.03e-2),0.0203,0.0,unprognostic (5.60e-2),0.056,0.0,no_hit,,,0.0,0,0,,0.3466332872928176,target_class,chlorpyrifos,0.980879251548097,0.40780386740331487,5,27,ACHE,0.54140625,target_class,PRIMA-1,12.79299479543715,0.6369485294117647,1,48,ACHE:|:TP53,0.54140625,0.35638488432320437,2,limited,0,1,0,1,matched_support_present,CMPD025264,0.845,0.88,0.8416666666666667,0.8366666666666666,0.8366666666666666,0.8283333333333333,0.8616666666666667,0.8483333333333333
COAD_AXIS_014,COAD,33,Pectolinarigenin | ACHE/TFAP2A,Pectolinarigenin,ACHE,TFAP2A,Myeloid,0.753138669150967,0.9903990119807774,0.4454757715236179,0.6395597239476832,0.5375,0.4375,0.5375,1.0,0.35,0.0,unprognostic (2.03e-2),0.0203,0.0,unprognostic (5.60e-2),0.056,0.0,no_hit,,,0.0,0,0,,0.3466332872928176,target_class,chlorpyrifos,0.980879251548097,0.40780386740331487,5,27,ACHE,0.54140625,target_class,PRIMA-1,12.79299479543715,0.6369485294117647,1,48,ACHE:|:TP53,0.54140625,0.35638488432320437,2,limited,0,1,0,1,matched_support_present,CMPD026190,0.84,0.8883333333333333,0.835,0.8416666666666667,0.8633333333333333,0.8216666666666667,0.8566666666666666,0.8433333333333334
COAD_AXIS_012,COAD,34,Dihydrosanguinarine | ACHE/TFAP2A,Dihydrosanguinarine,ACHE,TFAP2A,Myeloid,0.7530709364401751,0.9903990119807774,0.4454757715236179,0.6395597239476832,0.5375,0.4375,0.5375,1.0,0.35,0.0,unprognostic (2.03e-2),0.0203,0.0,unprognostic (5.60e-2),0.056,0.0,no_hit,,,0.0,0,0,,0.3466332872928176,target_class,chlorpyrifos,0.980879251548097,0.40780386740331487,5,27,ACHE,0.54140625,target_class,PRIMA-1,12.79299479543715,0.6369485294117647,1,48,ACHE:|:TP53,0.54140625,0.35638488432320437,2,limited,0,1,0,1,matched_support_present,CMPD024843,0.835,0.9033333333333333,0.8183333333333334,0.8983333333333333,0.875,0.82,0.8416666666666667,0.87
COAD_AXIS_017,COAD,35,Guggulsterone | PGR/NFKB,Guggulsterone,PGR,NFKB,Myeloid,0.7520976904986544,0.7664827278634773,0.6627043380494418,0.7299597239476832,0.6625,0.0,0.6625,1.0,0.85,0.0,,,0.0,,,0.0,no_hit,,,0.0,0,0,,0.6642092541436464,target_class,spironolactone,0.8254940589139506,0.7814226519337016,14,27,"AR, CACNA1A, CACNA1B, CACNA1C, CACNA1D, CACNA1F, CACNA1G, CACNA1H, CACNA1I, CACNA1S, CACNA2D1, CACNA2D2, CACNA2D3, CACNB1, CACNB2, CACNB3, CACNB4, CACNG1, CYP11B2, NR3C1, NR3C2, PGR, SHBG",0.0,no_hit,,,0.0,0,0,,0.6642092541436464,0.33167731353591157,2,limited,0,1,0,1,matched_support_present,CMPD025841,0.83,0.8783333333333333,0.9033333333333333,0.9983333333333334,0.915,0.9633333333333333,0.8433333333333334,0.8450000000000001
COAD_AXIS_019,COAD,36,Quercetin | ACHE/HR,Quercetin,ACHE,HR,Myeloid,0.7464422768701813,0.9926616682037293,0.4454757715236179,0.7003235364986989,0.5375,0.37625,0.5375,1.0,0.35,0.0,unprognostic (2.03e-2),0.0203,0.0,unprognostic (2.82e-1),0.282,0.0,no_hit,,,0.0,0,0,,0.3466332872928176,target_class,chlorpyrifos,0.980879251548097,0.40780386740331487,5,27,ACHE,0.54140625,target_class,PRIMA-1,12.79299479543715,0.6369485294117647,1,48,ACHE:|:TP53,0.54140625,0.35638488432320437,2,limited,0,1,0,1,matched_support_present,CMPD024770,0.825,0.8766666666666666,0.9533333333333333,0.8816666666666667,0.9183333333333333,0.8416666666666667,0.8233333333333333,0.7833333333333333
COAD_AXIS_040,COAD,37,Tetrahydropalmatine | DRD1/TFAP2A,Tetrahydropalmatine,DRD1,TFAP2A,Myeloid,0.7441102266724883,1.0,0.2808541785491622,0.805278161220686,0.45,0.4375,0.45,1.0,0.0,0.0,,,0.0,unprognostic (5.60e-2),0.056,0.0,no_hit,,,0.0,0,0,,0.4000517955801105,target_class,paliperidone,0.952871824536456,0.47064917127071826,6,27,"ADRA1A, ADRA1B, ADRA2A, ADRA2B, ADRA2C, CYP2D6, CYP3A4, CYP3A5, DRD1, DRD2, DRD3, DRD4, HRH1, HTR1A, HTR1D, HTR2A, HTR2C",0.46171875,target_class,Prochlorperazine,13.440995080435751,0.5431985294117647,1,48,DRD1:|:DRD2:|:DRD3:|:DRD4,0.46171875,0.32794263639502763,0,limited,0,1,0,0,matched_support_present,CMPD026077,0.82,0.8833333333333333,0.8650000000000001,0.9016666666666667,0.84,0.8083333333333332,0.7949999999999999,0.815
COAD_AXIS_036,COAD,38,Quercetin | ACHE/MYC,Quercetin,ACHE,MYC,Myeloid,0.7438524015834735,0.9466317380585186,0.4454757715236179,0.7003235364986989,0.5375,0.37625,0.5375,1.0,0.35,0.0,unprognostic (2.03e-2),0.0203,0.0,unprognostic (1.31e-1),0.131,0.0,no_hit,,,0.0,0,0,,0.3466332872928176,target_class,chlorpyrifos,0.980879251548097,0.40780386740331487,5,27,ACHE,0.54140625,target_class,PRIMA-1,12.79299479543715,0.6369485294117647,1,48,ACHE:|:TP53,0.54140625,0.35638488432320437,2,limited,0,1,0,1,matched_support_present,CMPD024770,0.815,0.79,0.87,0.8583333333333334,0.8766666666666666,0.765,0.7966666666666667,0.77
COAD_AXIS_020,COAD,39,Tanshinone iia | ACHE/HR,Tanshinone iia,ACHE,HR,Myeloid,0.742333647935494,0.9926616682037293,0.4454757715236179,0.670923536498699,0.5375,0.37625,0.5375,1.0,0.35,0.0,unprognostic (2.03e-2),0.0203,0.0,unprognostic (2.82e-1),0.282,0.0,no_hit,,,0.0,0,0,,0.3466332872928176,target_class,chlorpyrifos,0.980879251548097,0.40780386740331487,5,27,ACHE,0.54140625,target_class,PRIMA-1,12.79299479543715,0.6369485294117647,1,48,ACHE:|:TP53,0.54140625,0.35638488432320437,2,limited,0,1,0,1,matched_support_present,CMPD025160,0.81,0.9633333333333334,0.9,0.8766666666666666,0.9049999999999999,0.9266666666666666,0.82,0.8783333333333333
COAD_AXIS_044,COAD,40,(S)-Canadine | DRD1/TFAP2A,(S)-Canadine,DRD1,TFAP2A,Myeloid,0.7396818827226033,1.0,0.2808541785491622,0.7739235364986989,0.45,0.4375,0.45,1.0,0.0,0.0,,,0.0,unprognostic (5.60e-2),0.056,0.0,no_hit,,,0.0,0,0,,0.4000517955801105,target_class,paliperidone,0.952871824536456,0.47064917127071826,6,27,"ADRA1A, ADRA1B, ADRA2A, ADRA2B, ADRA2C, CYP2D6, CYP3A4, CYP3A5, DRD1, DRD2, DRD3, DRD4, HRH1, HTR1A, HTR1D, HTR2A, HTR2C",0.46171875,target_class,Prochlorperazine,13.440995080435751,0.5431985294117647,1,48,DRD1:|:DRD2:|:DRD3:|:DRD4,0.46171875,0.32794263639502763,0,limited,0,1,0,0,matched_support_present,CMPD025509,0.805,0.87,0.7533333333333333,0.915,0.8983333333333334,0.7600000000000001,0.8116666666666666,0.9083333333333333
COAD_AXIS_026,COAD,41,Decursin | ACHE/HR,Decursin,ACHE,HR,Myeloid,0.7393703997618818,0.9926616682037293,0.4454757715236179,0.6479597239476832,0.5375,0.37625,0.5375,1.0,0.35,0.0,unprognostic (2.03e-2),0.0203,0.0,unprognostic (2.82e-1),0.282,0.0,no_hit,,,0.0,0,0,,0.3466332872928176,target_class,chlorpyrifos,0.980879251548097,0.40780386740331487,5,27,ACHE,0.54140625,target_class,PRIMA-1,12.79299479543715,0.6369485294117647,1,48,ACHE:|:TP53,0.54140625,0.35638488432320437,2,limited,0,1,0,1,matched_support_present,CMPD025251,0.8,0.9249999999999999,0.91,0.8566666666666668,0.8841666666666667,0.9116666666666667,0.82,0.8300000000000001
COAD_AXIS_025,COAD,42,Angustidine | ACHE/HR,Angustidine,ACHE,HR,Myeloid,0.7393485209485627,0.9926616682037293,0.4454757715236179,0.6479597239476832,0.5375,0.37625,0.5375,1.0,0.35,0.0,unprognostic (2.03e-2),0.0203,0.0,unprognostic (2.82e-1),0.282,0.0,no_hit,,,0.0,0,0,,0.3466332872928176,target_class,chlorpyrifos,0.980879251548097,0.40780386740331487,5,27,ACHE,0.54140625,target_class,PRIMA-1,12.79299479543715,0.6369485294117647,1,48,ACHE:|:TP53,0.54140625,0.35638488432320437,2,limited,0,1,0,1,matched_support_present,CMPD025384,0.795,0.9566666666666667,0.9016666666666667,0.8958333333333334,0.8941666666666667,0.8933333333333334,0.7933333333333333,0.8766666666666666
COAD_AXIS_023,COAD,43,Corydalmine | ACHE/HR,Corydalmine,ACHE,HR,Myeloid,0.7392366206766418,0.9926616682037293,0.4454757715236179,0.6479597239476832,0.5375,0.37625,0.5375,1.0,0.35,0.0,unprognostic (2.03e-2),0.0203,0.0,unprognostic (2.82e-1),0.282,0.0,no_hit,,,0.0,0,0,,0.3466332872928176,target_class,chlorpyrifos,0.980879251548097,0.40780386740331487,5,27,ACHE,0.54140625,target_class,PRIMA-1,12.79299479543715,0.6369485294117647,1,48,ACHE:|:TP53,0.54140625,0.35638488432320437,2,limited,0,1,0,1,matched_support_present,CMPD026148,0.79,0.9333333333333332,0.9183333333333333,0.8666666666666667,0.8891666666666667,0.9199999999999999,0.8116666666666666,0.8216666666666667
COAD_AXIS_024,COAD,44,"methyl (E)-2-[(2S,3Z,12bS)-3-ethylidene-2,4,6,7,12,12b-hexahydro-1H-indolo[3,2-h]quinolizin-2-yl]-3-methoxyprop-2-enoate | ACHE/HR","methyl (E)-2-[(2S,3Z,12bS)-3-ethylidene-2,4,6,7,12,12b-hexahydro-1H-indolo[3,2-h]quinolizin-2-yl]-3-methoxyprop-2-enoate",ACHE,HR,Myeloid,0.739215183655248,0.9926616682037293,0.4454757715236179,0.6479597239476832,0.5375,0.37625,0.5375,1.0,0.35,0.0,unprognostic (2.03e-2),0.0203,0.0,unprognostic (2.82e-1),0.282,0.0,no_hit,,,0.0,0,0,,0.3466332872928176,target_class,chlorpyrifos,0.980879251548097,0.40780386740331487,5,27,ACHE,0.54140625,target_class,PRIMA-1,12.79299479543715,0.6369485294117647,1,48,ACHE:|:TP53,0.54140625,0.35638488432320437,2,limited,0,1,0,1,matched_support_present,CMPD025387,0.785,0.9516666666666667,0.8883333333333333,0.91,0.9233333333333333,0.915,0.7916666666666666,0.8450000000000001
COAD_AXIS_028,COAD,45,Kaempferol | ACHE/HR,Kaempferol,ACHE,HR,Myeloid,0.7391156816514397,0.9926616682037293,0.4454757715236179,0.6479597239476832,0.5375,0.37625,0.5375,1.0,0.35,0.0,unprognostic (2.03e-2),0.0203,0.0,unprognostic (2.82e-1),0.282,0.0,no_hit,,,0.0,0,0,,0.3466332872928176,target_class,chlorpyrifos,0.980879251548097,0.40780386740331487,5,27,ACHE,0.54140625,target_class,PRIMA-1,12.79299479543715,0.6369485294117647,1,48,ACHE:|:TP53,0.54140625,0.35638488432320437,2,limited,0,1,0,1,matched_support_present,CMPD024768,0.78,0.9216666666666667,0.9566666666666667,0.9491666666666667,0.965,0.7966666666666667,0.775,0.7983333333333333
COAD_AXIS_027,COAD,46,Marmesinin | ACHE/HR,Marmesinin,ACHE,HR,Myeloid,0.738967915123094,0.9926616682037293,0.4454757715236179,0.6479597239476832,0.5375,0.37625,0.5375,1.0,0.35,0.0,unprognostic (2.03e-2),0.0203,0.0,unprognostic (2.82e-1),0.282,0.0,no_hit,,,0.0,0,0,,0.3466332872928176,target_class,chlorpyrifos,0.980879251548097,0.40780386740331487,5,27,ACHE,0.54140625,target_class,PRIMA-1,12.79299479543715,0.6369485294117647,1,48,ACHE:|:TP53,0.54140625,0.35638488432320437,2,limited,0,1,0,1,matched_support_present,CMPD025216,0.775,0.965,0.9033333333333333,0.89,0.9274999999999999,0.9216666666666665,0.7916666666666666,0.8716666666666666
COAD_AXIS_035,COAD,47,Physostigmine | ACHE/TFAP2A,Physostigmine,ACHE,TFAP2A,Myeloid,0.738285412047482,0.9903990119807774,0.4454757715236179,0.6416,0.5375,0.4375,0.5375,1.0,0.35,0.0,unprognostic (2.03e-2),0.0203,0.0,unprognostic (5.60e-2),0.056,0.0,no_hit,,,0.0,0,0,,0.3466332872928176,target_class,chlorpyrifos,0.980879251548097,0.40780386740331487,5,27,ACHE,0.54140625,target_class,PRIMA-1,12.79299479543715,0.6369485294117647,1,48,ACHE:|:TP53,0.54140625,0.35638488432320437,2,limited,0,1,0,1,matched_support_present,CMPD016599,0.77,0.8733333333333334,0.8649999999999999,0.93,0.9583333333333334,0.7816666666666667,0.8166666666666668,0.7983333333333333
COAD_AXIS_030,COAD,48,Physostigmine | ACHE/HR,Physostigmine,ACHE,HR,Myeloid,0.7380894697768773,0.9926616682037293,0.4454757715236179,0.6416,0.5375,0.37625,0.5375,1.0,0.35,0.0,unprognostic (2.03e-2),0.0203,0.0,unprognostic (2.82e-1),0.282,0.0,no_hit,,,0.0,0,0,,0.3466332872928176,target_class,chlorpyrifos,0.980879251548097,0.40780386740331487,5,27,ACHE,0.54140625,target_class,PRIMA-1,12.79299479543715,0.6369485294117647,1,48,ACHE:|:TP53,0.54140625,0.35638488432320437,2,limited,0,1,0,1,matched_support_present,CMPD016599,0.765,0.8799999999999999,0.8616666666666667,0.9316666666666666,0.96,0.7933333333333333,0.7716666666666666,0.7716666666666666
COAD_AXIS_031,COAD,49,Deltoin | ACHE/HR,Deltoin,ACHE,HR,Myeloid,0.7379890184893484,0.9926616682037293,0.4454757715236179,0.6395597239476832,0.5375,0.37625,0.5375,1.0,0.35,0.0,unprognostic (2.03e-2),0.0203,0.0,unprognostic (2.82e-1),0.282,0.0,no_hit,,,0.0,0,0,,0.3466332872928176,target_class,chlorpyrifos,0.980879251548097,0.40780386740331487,5,27,ACHE,0.54140625,target_class,PRIMA-1,12.79299479543715,0.6369485294117647,1,48,ACHE:|:TP53,0.54140625,0.35638488432320437,2,limited,0,1,0,1,matched_support_present,CMPD025264,0.76,0.915,0.9016666666666667,0.88,0.8741666666666666,0.9033333333333333,0.7966666666666667,0.8066666666666666
COAD_AXIS_033,COAD,50,Dihydrosanguinarine | ACHE/HR,Dihydrosanguinarine,ACHE,HR,Myeloid,0.7379682610665813,0.9926616682037293,0.4454757715236179,0.6395597239476832,0.5375,0.37625,0.5375,1.0,0.35,0.0,unprognostic (2.03e-2),0.0203,0.0,unprognostic (2.82e-1),0.282,0.0,no_hit,,,0.0,0,0,,0.3466332872928176,target_class,chlorpyrifos,0.980879251548097,0.40780386740331487,5,27,ACHE,0.54140625,target_class,PRIMA-1,12.79299479543715,0.6369485294117647,1,48,ACHE:|:TP53,0.54140625,0.35638488432320437,2,limited,0,1,0,1,matched_support_present,CMPD024843,0.755,0.9349999999999999,0.8716666666666666,0.9250000000000002,0.9058333333333334,0.8966666666666666,0.7783333333333333,0.8316666666666667
COAD_AXIS_032,COAD,51,Pectolinarigenin | ACHE/HR,Pectolinarigenin,ACHE,HR,Myeloid,0.7378660557983313,0.9926616682037293,0.4454757715236179,0.6395597239476832,0.5375,0.37625,0.5375,1.0,0.35,0.0,unprognostic (2.03e-2),0.0203,0.0,unprognostic (2.82e-1),0.282,0.0,no_hit,,,0.0,0,0,,0.3466332872928176,target_class,chlorpyrifos,0.980879251548097,0.40780386740331487,5,27,ACHE,0.54140625,target_class,PRIMA-1,12.79299479543715,0.6369485294117647,1,48,ACHE:|:TP53,0.54140625,0.35638488432320437,2,limited,0,1,0,1,matched_support_present,CMPD026190,0.75,0.7083333333333334,0.7233333333333333,0.6666666666666666,0.6433333333333334,0.7283333333333334,0.7416666666666667,0.71
COAD_AXIS_048,COAD,52,Tanshinone iia | ACHE/MYC,Tanshinone iia,ACHE,MYC,Myeloid,0.7367394126947432,0.9466317380585186,0.4454757715236179,0.670923536498699,0.5375,0.37625,0.5375,1.0,0.35,0.0,unprognostic (2.03e-2),0.0203,0.0,unprognostic (1.31e-1),0.131,0.0,no_hit,,,0.0,0,0,,0.3466332872928176,target_class,chlorpyrifos,0.980879251548097,0.40780386740331487,5,27,ACHE,0.54140625,target_class,PRIMA-1,12.79299479543715,0.6369485294117647,1,48,ACHE:|:TP53,0.54140625,0.35638488432320437,2,limited,0,1,0,1,matched_support_present,CMPD025160,0.745,0.7166666666666667,0.7333333333333334,0.6783333333333333,0.65,0.6966666666666667,0.6983333333333333,0.7033333333333333
COAD_AXIS_051,COAD,53,(S)-Scoulerine | DRD1/TFAP2A,(S)-Scoulerine,DRD1,TFAP2A,Myeloid,0.7352848428546869,1.0,0.2808541785491622,0.7425597239476832,0.45,0.4375,0.45,1.0,0.0,0.0,,,0.0,unprognostic (5.60e-2),0.056,0.0,no_hit,,,0.0,0,0,,0.4000517955801105,target_class,paliperidone,0.952871824536456,0.47064917127071826,6,27,"ADRA1A, ADRA1B, ADRA2A, ADRA2B, ADRA2C, CYP2D6, CYP3A4, CYP3A5, DRD1, DRD2, DRD3, DRD4, HRH1, HTR1A, HTR1D, HTR2A, HTR2C",0.46171875,target_class,Prochlorperazine,13.440995080435751,0.5431985294117647,1,48,DRD1:|:DRD2:|:DRD3:|:DRD4,0.46171875,0.32794263639502763,0,limited,0,1,0,0,matched_support_present,CMPD024851,0.74,0.5750000000000001,0.5950000000000001,0.6483333333333333,0.6116666666666667,0.6483333333333333,0.6983333333333333,0.6883333333333334
COAD_AXIS_053,COAD,54,Decursin | ACHE/MYC,Decursin,ACHE,MYC,Myeloid,0.7338973792068371,0.9466317380585186,0.4454757715236179,0.6479597239476832,0.5375,0.37625,0.5375,1.0,0.35,0.0,unprognostic (2.03e-2),0.0203,0.0,unprognostic (1.31e-1),0.131,0.0,no_hit,,,0.0,0,0,,0.3466332872928176,target_class,chlorpyrifos,0.980879251548097,0.40780386740331487,5,27,ACHE,0.54140625,target_class,PRIMA-1,12.79299479543715,0.6369485294117647,1,48,ACHE:|:TP53,0.54140625,0.35638488432320437,2,limited,0,1,0,1,matched_support_present,CMPD025251,0.735,0.6183333333333333,0.6833333333333332,0.58,0.5950000000000001,0.59,0.715,0.63
COAD_AXIS_066,COAD,55,"(13aS)-2,3,10-trimethoxy-6,8,13,13a-tetrahydro-5H-isoquinolino[2,1-b]isoquinolin-9-ol | DRD1/TFAP2A","(13aS)-2,3,10-trimethoxy-6,8,13,13a-tetrahydro-5H-isoquinolino[2,1-b]isoquinolin-9-ol",DRD1,TFAP2A,Myeloid,0.7336204793981854,1.0,0.2808541785491622,0.7299597239476832,0.45,0.4375,0.45,1.0,0.0,0.0,,,0.0,unprognostic (5.60e-2),0.056,0.0,no_hit,,,0.0,0,0,,0.4000517955801105,target_class,paliperidone,0.952871824536456,0.47064917127071826,6,27,"ADRA1A, ADRA1B, ADRA2A, ADRA2B, ADRA2C, CYP2D6, CYP3A4, CYP3A5, DRD1, DRD2, DRD3, DRD4, HRH1, HTR1A, HTR1D, HTR2A, HTR2C",0.46171875,target_class,Prochlorperazine,13.440995080435751,0.5431985294117647,1,48,DRD1:|:DRD2:|:DRD3:|:DRD4,0.46171875,0.32794263639502763,0,limited,0,1,0,0,matched_support_present,CMPD025420,0.73,0.5683333333333334,0.58,0.6533333333333333,0.61,0.6366666666666667,0.6783333333333333,0.68
COAD_AXIS_057,COAD,56,Corydalmine | ACHE/MYC,Corydalmine,ACHE,MYC,Myeloid,0.7336106344743277,0.9466317380585186,0.4454757715236179,0.6479597239476832,0.5375,0.37625,0.5375,1.0,0.35,0.0,unprognostic (2.03e-2),0.0203,0.0,unprognostic (1.31e-1),0.131,0.0,no_hit,,,0.0,0,0,,0.3466332872928176,target_class,chlorpyrifos,0.980879251548097,0.40780386740331487,5,27,ACHE,0.54140625,target_class,PRIMA-1,12.79299479543715,0.6369485294117647,1,48,ACHE:|:TP53,0.54140625,0.35638488432320437,2,limited,0,1,0,1,matched_support_present,CMPD026148,0.725,0.6216666666666666,0.6883333333333334,0.585,0.6,0.5966666666666667,0.71,0.6366666666666667
COAD_AXIS_055,COAD,57,Angustidine | ACHE/MYC,Angustidine,ACHE,MYC,Myeloid,0.7335463527484734,0.9466317380585186,0.4454757715236179,0.6479597239476832,0.5375,0.37625,0.5375,1.0,0.35,0.0,unprognostic (2.03e-2),0.0203,0.0,unprognostic (1.31e-1),0.131,0.0,no_hit,,,0.0,0,0,,0.3466332872928176,target_class,chlorpyrifos,0.980879251548097,0.40780386740331487,5,27,ACHE,0.54140625,target_class,PRIMA-1,12.79299479543715,0.6369485294117647,1,48,ACHE:|:TP53,0.54140625,0.35638488432320437,2,limited,0,1,0,1,matched_support_present,CMPD025384,0.72,0.6333333333333333,0.6883333333333334,0.6475,0.6116666666666667,0.6166666666666667,0.6733333333333333,0.6716666666666667
COAD_AXIS_052,COAD,58,Marmesinin | ACHE/MYC,Marmesinin,ACHE,MYC,Myeloid,0.7335125663940941,0.9466317380585186,0.4454757715236179,0.6479597239476832,0.5375,0.37625,0.5375,1.0,0.35,0.0,unprognostic (2.03e-2),0.0203,0.0,unprognostic (1.31e-1),0.131,0.0,no_hit,,,0.0,0,0,,0.3466332872928176,target_class,chlorpyrifos,0.980879251548097,0.40780386740331487,5,27,ACHE,0.54140625,target_class,PRIMA-1,12.79299479543715,0.6369485294117647,1,48,ACHE:|:TP53,0.54140625,0.35638488432320437,2,limited,0,1,0,1,matched_support_present,CMPD025216,0.715,0.64,0.685,0.5841666666666666,0.63,0.5983333333333333,0.6933333333333334,0.6783333333333333
COAD_AXIS_056,COAD,59,Kaempferol | ACHE/MYC,Kaempferol,ACHE,MYC,Myeloid,0.733463628688655,0.9466317380585186,0.4454757715236179,0.6479597239476832,0.5375,0.37625,0.5375,1.0,0.35,0.0,unprognostic (2.03e-2),0.0203,0.0,unprognostic (1.31e-1),0.131,0.0,no_hit,,,0.0,0,0,,0.3466332872928176,target_class,chlorpyrifos,0.980879251548097,0.40780386740331487,5,27,ACHE,0.54140625,target_class,PRIMA-1,12.79299479543715,0.6369485294117647,1,48,ACHE:|:TP53,0.54140625,0.35638488432320437,2,limited,0,1,0,1,matched_support_present,CMPD024768,0.71,0.58,0.6016666666666667,0.6316666666666667,0.6183333333333333,0.5533333333333333,0.6816666666666666,0.6833333333333332
COAD_AXIS_054,COAD,60,"methyl (E)-2-[(2S,3Z,12bS)-3-ethylidene-2,4,6,7,12,12b-hexahydro-1H-indolo[3,2-h]quinolizin-2-yl]-3-methoxyprop-2-enoate | ACHE/MYC","methyl (E)-2-[(2S,3Z,12bS)-3-ethylidene-2,4,6,7,12,12b-hexahydro-1H-indolo[3,2-h]quinolizin-2-yl]-3-methoxyprop-2-enoate",ACHE,MYC,Myeloid,0.7334498203620312,0.9466317380585186,0.4454757715236179,0.6479597239476832,0.5375,0.37625,0.5375,1.0,0.35,0.0,unprognostic (2.03e-2),0.0203,0.0,unprognostic (1.31e-1),0.131,0.0,no_hit,,,0.0,0,0,,0.3466332872928176,target_class,chlorpyrifos,0.980879251548097,0.40780386740331487,5,27,ACHE,0.54140625,target_class,PRIMA-1,12.79299479543715,0.6369485294117647,1,48,ACHE:|:TP53,0.54140625,0.35638488432320437,2,limited,0,1,0,1,matched_support_present,CMPD025387,0.705,0.6616666666666666,0.6849999999999999,0.625,0.6616666666666667,0.64,0.655,0.6900000000000001
COAD_AXIS_059,COAD,61,Eriodyctiol (flavanone) | HSP90AB1/DDIT3,Eriodyctiol (flavanone),HSP90AB1,DDIT3,Myeloid,0.7333957259352347,0.7742240594972724,0.5175830476754931,0.6806,0.5375,0.4375,0.5375,1.0,0.35,0.0,unprognostic (3.94e-2),0.0394,0.0,unprognostic (1.17e-2),0.0117,0.0,no_hit,,,0.0,0,0,,0.8050932320441989,target_class,NVP-AUY922,0.5754606584758397,0.9471685082872928,1,27,"HSP90AA1, HSP90AB1",0.0,no_hit,,,0.0,0,0,,0.8050932320441989,0.3356483080110497,2,limited,0,1,0,1,matched_support_present,CMPD025188,0.7,0.6549999999999999,0.695,0.665,0.7166666666666667,0.7066666666666667,0.7366666666666667,0.6983333333333333
COAD_AXIS_069,COAD,62,Pectolinarigenin | ACHE/MYC,Pectolinarigenin,ACHE,MYC,Myeloid,0.7316379484396969,0.9466317380585186,0.4454757715236179,0.6395597239476832,0.5375,0.37625,0.5375,1.0,0.35,0.0,unprognostic (2.03e-2),0.0203,0.0,unprognostic (1.31e-1),0.131,0.0,no_hit,,,0.0,0,0,,0.3466332872928176,target_class,chlorpyrifos,0.980879251548097,0.40780386740331487,5,27,ACHE,0.54140625,target_class,PRIMA-1,12.79299479543715,0.6369485294117647,1,48,ACHE:|:TP53,0.54140625,0.35638488432320437,2,limited,0,1,0,1,matched_support_present,CMPD026190,0.695,0.6333333333333333,0.6683333333333333,0.6033333333333334,0.5866666666666667,0.5883333333333334,0.6883333333333334,0.6216666666666667
COAD_AXIS_067,COAD,63,Deltoin | ACHE/MYC,Deltoin,ACHE,MYC,Myeloid,0.7315726439126907,0.9466317380585186,0.4454757715236179,0.6395597239476832,0.5375,0.37625,0.5375,1.0,0.35,0.0,unprognostic (2.03e-2),0.0203,0.0,unprognostic (1.31e-1),0.131,0.0,no_hit,,,0.0,0,0,,0.3466332872928176,target_class,chlorpyrifos,0.980879251548097,0.40780386740331487,5,27,ACHE,0.54140625,target_class,PRIMA-1,12.79299479543715,0.6369485294117647,1,48,ACHE:|:TP53,0.54140625,0.35638488432320437,2,limited,0,1,0,1,matched_support_present,CMPD025264,0.69,0.6166666666666667,0.6733333333333333,0.6083333333333334,0.5933333333333334,0.615,0.6833333333333332,0.615
COAD_AXIS_045,COAD,64,2-epigalanthamine | ACHE/TFAP2A,2-epigalanthamine,ACHE,TFAP2A,Myeloid,0.731451282064152,0.9903990119807774,0.4454757715236179,0.6032000000000001,0.5375,0.4375,0.5375,1.0,0.35,0.0,unprognostic (2.03e-2),0.0203,0.0,unprognostic (5.60e-2),0.056,0.0,no_hit,,,0.0,0,0,,0.3466332872928176,target_class,chlorpyrifos,0.980879251548097,0.40780386740331487,5,27,ACHE,0.54140625,target_class,PRIMA-1,12.79299479543715,0.6369485294117647,1,48,ACHE:|:TP53,0.54140625,0.35638488432320437,2,limited,0,1,0,1,matched_support_present,CMPD013588,0.685,0.7200000000000001,0.6916666666666668,0.7050000000000001,0.6166666666666667,0.65,0.69,0.6966666666666667
COAD_AXIS_041,COAD,65,2-epigalanthamine | ACHE/HR,2-epigalanthamine,ACHE,HR,Myeloid,0.7313823870070519,0.9926616682037293,0.4454757715236179,0.6032000000000001,0.5375,0.37625,0.5375,1.0,0.35,0.0,unprognostic (2.03e-2),0.0203,0.0,unprognostic (2.82e-1),0.282,0.0,no_hit,,,0.0,0,0,,0.3466332872928176,target_class,chlorpyrifos,0.980879251548097,0.40780386740331487,5,27,ACHE,0.54140625,target_class,PRIMA-1,12.79299479543715,0.6369485294117647,1,48,ACHE:|:TP53,0.54140625,0.35638488432320437,2,limited,0,1,0,1,matched_support_present,CMPD013588,0.68,0.7200000000000001,0.66,0.7033333333333333,0.6316666666666667,0.6716666666666667,0.7033333333333333,0.71
COAD_AXIS_068,COAD,66,Dihydrosanguinarine | ACHE/MYC,Dihydrosanguinarine,ACHE,MYC,Myeloid,0.7313613749224266,0.9466317380585186,0.4454757715236179,0.6395597239476832,0.5375,0.37625,0.5375,1.0,0.35,0.0,unprognostic (2.03e-2),0.0203,0.0,unprognostic (1.31e-1),0.131,0.0,no_hit,,,0.0,0,0,,0.3466332872928176,target_class,chlorpyrifos,0.980879251548097,0.40780386740331487,5,27,ACHE,0.54140625,target_class,PRIMA-1,12.79299479543715,0.6369485294117647,1,48,ACHE:|:TP53,0.54140625,0.35638488432320437,2,limited,0,1,0,1,matched_support_present,CMPD024843,0.675,0.6583333333333333,0.6666666666666666,0.6416666666666667,0.645,0.6533333333333333,0.6366666666666667,0.6683333333333333
COAD_AXIS_046,COAD,67,(-)-huperzine a | ACHE/TFAP2A,(-)-huperzine a,ACHE,TFAP2A,Myeloid,0.7312467460885158,0.9903990119807774,0.4454757715236179,0.6032000000000001,0.5375,0.4375,0.5375,1.0,0.35,0.0,unprognostic (2.03e-2),0.0203,0.0,unprognostic (5.60e-2),0.056,0.0,no_hit,,,0.0,0,0,,0.3466332872928176,target_class,chlorpyrifos,0.980879251548097,0.40780386740331487,5,27,ACHE,0.54140625,target_class,PRIMA-1,12.79299479543715,0.6369485294117647,1,48,ACHE:|:TP53,0.54140625,0.35638488432320437,2,limited,0,1,0,1,matched_support_present,CMPD057237,0.67,0.7050000000000001,0.6966666666666667,0.6783333333333333,0.6349999999999999,0.7166666666666667,0.7033333333333333,0.6733333333333333
COAD_AXIS_042,COAD,68,(-)-huperzine a | ACHE/HR,(-)-huperzine a,ACHE,HR,Myeloid,0.7311103803022726,0.9926616682037293,0.4454757715236179,0.6032000000000001,0.5375,0.37625,0.5375,1.0,0.35,0.0,unprognostic (2.03e-2),0.0203,0.0,unprognostic (2.82e-1),0.282,0.0,no_hit,,,0.0,0,0,,0.3466332872928176,target_class,chlorpyrifos,0.980879251548097,0.40780386740331487,5,27,ACHE,0.54140625,target_class,PRIMA-1,12.79299479543715,0.6369485294117647,1,48,ACHE:|:TP53,0.54140625,0.35638488432320437,2,limited,0,1,0,1,matched_support_present,CMPD057237,0.665,0.7133333333333333,0.6833333333333332,0.6766666666666667,0.6416666666666666,0.7366666666666667,0.7166666666666667,0.695
COAD_AXIS_058,COAD,69,Physovenine | ACHE/JUN,Physovenine,ACHE,JUN,Myeloid,0.7284932620866094,0.6027915643979128,0.4454757715236179,0.7809597239476832,0.5375,0.37625,0.5375,1.0,0.35,0.0,unprognostic (2.03e-2),0.0203,0.0,unprognostic (3.67e-2),0.0367,0.0,no_hit,,,0.0,0,0,,0.63541091160221,tf_or_regulator_class,vinblastine,0.467749748482417,0.9775552486187845,2,27,"JUN, TUBA1A, TUBB, TUBD1, TUBE1, TUBG1",0.54140625,target_class,PRIMA-1,12.79299479543715,0.6369485294117647,1,48,ACHE:|:TP53,0.63541091160221,0.42857929040055254,3,moderate,0,1,1,1,matched_support_present,CMPD025553,0.66,0.6116666666666667,0.7133333333333333,0.5483333333333333,0.66,0.6283333333333333,0.6733333333333333,0.5533333333333333
COAD_AXIS_015,COAD,70,Quercetin | CDK1/KLF5,Quercetin,CDK1,KLF5,Myeloid,0.7265549673125655,0.9780948017527012,0.1773809643516325,0.7853194478953663,0.5375,0.37625,0.5375,1.0,0.35,0.0,unprognostic (1.94e-1),0.194,0.0,unprognostic (1.44e-2),0.0144,0.8084409594095942,target_class,Dinaciclib,0.635115,0.9511070110701108,4,46,"CDK1, CDK2, CDK5, CDK9",0.7910048342541437,target_class,alvocidib,0.606239361454127,0.9305939226519337,16,27,"CDK1, CDK2, CDK4, CDK5, CDK6, CDK7, CDK8, CDK9, EGFR, PYGM",0.8476562499999999,target_class,Dinaciclib,5.33015688680595,0.9972426470588235,6,48,CDK1:|:CDK2:|:CDK5:|:CDK9,0.8476562499999999,0.7461505109159344,4,strong,0,1,1,1,matched_support_present,CMPD024770,0.655,0.6566666666666667,0.5433333333333333,0.6383333333333333,0.5766666666666667,0.5650000000000001,0.58,0.66
COAD_AXIS_092,COAD,71,Physostigmine | ACHE/MYC,Physostigmine,ACHE,MYC,Myeloid,0.7238726974154446,0.9466317380585186,0.4454757715236179,0.6416,0.5375,0.37625,0.5375,1.0,0.35,0.0,unprognostic (2.03e-2),0.0203,0.0,unprognostic (1.31e-1),0.131,0.0,no_hit,,,0.0,0,0,,0.3466332872928176,target_class,chlorpyrifos,0.980879251548097,0.40780386740331487,5,27,ACHE,0.54140625,target_class,PRIMA-1,12.79299479543715,0.6369485294117647,1,48,ACHE:|:TP53,0.54140625,0.35638488432320437,2,limited,0,1,0,1,matched_support_present,CMPD016599,0.65,0.6133333333333333,0.65,0.6216666666666667,0.63,0.6366666666666667,0.62,0.6533333333333333
COAD_AXIS_093,COAD,72,Physovenine | ACHE/TP53,Physovenine,ACHE,TP53,Myeloid,0.7217040631832533,0.7938435683833182,0.4454757715236179,0.7809597239476832,0.5375,0.37625,0.5375,1.0,0.35,0.0,unprognostic (2.03e-2),0.0203,0.0,unprognostic (4.64e-2),0.0464,0.27283210332103325,tf_or_regulator_class,PRIMA-1MET,0.9518115,0.4197416974169742,2,46,TP53 activation,0.3466332872928176,target_class,chlorpyrifos,0.980879251548097,0.40780386740331487,5,27,ACHE,0.54140625,target_class,PRIMA-1,12.79299479543715,0.6369485294117647,1,48,ACHE:|:TP53,0.54140625,0.4245929101534627,2,moderate,0,1,1,1,matched_support_present,CMPD025553,0.645,0.6,0.735,0.56,0.6383333333333333,0.6466666666666666,0.7183333333333333,0.59
COAD_AXIS_085,COAD,73,Berberine chloride | ACHE/TFAP2A,Berberine chloride,ACHE,TFAP2A,Myeloid,0.7192707688107396,0.9903990119807774,0.4454757715236179,0.5509261344435874,0.5375,0.4375,0.5375,1.0,0.35,0.0,unprognostic (2.03e-2),0.0203,0.0,unprognostic (5.60e-2),0.056,0.0,no_hit,,,0.0,0,0,,0.3466332872928176,target_class,chlorpyrifos,0.980879251548097,0.40780386740331487,5,27,ACHE,0.54140625,target_class,PRIMA-1,12.79299479543715,0.6369485294117647,1,48,ACHE:|:TP53,0.54140625,0.35638488432320437,2,limited,0,1,0,1,matched_support_present,CMPD019676,0.64,0.5800000000000001,0.6,0.6316666666666667,0.5683333333333334,0.6383333333333333,0.6233333333333334,0.6316666666666667
COAD_AXIS_084,COAD,74,Berberine | ACHE/TFAP2A,Berberine,ACHE,TFAP2A,Myeloid,0.7191138302260321,0.9903990119807774,0.4454757715236179,0.5509261344435874,0.5375,0.4375,0.5375,1.0,0.35,0.0,unprognostic (2.03e-2),0.0203,0.0,unprognostic (5.60e-2),0.056,0.0,no_hit,,,0.0,0,0,,0.8042127071823204,direct_compound,berberine,0.814567549469824,0.8042127071823204,1,27,LDLR,0.54140625,target_class,PRIMA-1,12.79299479543715,0.6369485294117647,1,48,ACHE:|:TP53,0.8042127071823204,0.47077973929558015,3,moderate,1,1,1,1,matched_support_present,CMPD024838,0.635,0.6,0.6,0.6383333333333333,0.5983333333333333,0.6183333333333333,0.6116666666666667,0.6633333333333332
COAD_AXIS_078,COAD,75,Berberine chloride | ACHE/HR,Berberine chloride,ACHE,HR,Myeloid,0.7172765057557615,0.9926616682037293,0.4454757715236179,0.5509261344435874,0.5375,0.37625,0.5375,1.0,0.35,0.0,unprognostic (2.03e-2),0.0203,0.0,unprognostic (2.82e-1),0.282,0.0,no_hit,,,0.0,0,0,,0.3466332872928176,target_class,chlorpyrifos,0.980879251548097,0.40780386740331487,5,27,ACHE,0.54140625,target_class,PRIMA-1,12.79299479543715,0.6369485294117647,1,48,ACHE:|:TP53,0.54140625,0.35638488432320437,2,limited,0,1,0,1,matched_support_present,CMPD019676,0.63,0.59,0.5750000000000001,0.6233333333333333,0.625,0.665,0.6366666666666666,0.65
COAD_AXIS_079,COAD,76,Berberine | ACHE/HR,Berberine,ACHE,HR,Myeloid,0.7172606834964813,0.9926616682037293,0.4454757715236179,0.5509261344435874,0.5375,0.37625,0.5375,1.0,0.35,0.0,unprognostic (2.03e-2),0.0203,0.0,unprognostic (2.82e-1),0.282,0.0,no_hit,,,0.0,0,0,,0.8042127071823204,direct_compound,berberine,0.814567549469824,0.8042127071823204,1,27,LDLR,0.54140625,target_class,PRIMA-1,12.79299479543715,0.6369485294117647,1,48,ACHE:|:TP53,0.8042127071823204,0.47077973929558015,3,moderate,1,1,1,1,matched_support_present,CMPD024838,0.625,0.615,0.5816666666666667,0.6416666666666666,0.6583333333333333,0.6549999999999999,0.6116666666666667,0.6766666666666666
COAD_AXIS_087,COAD,77,Quercetin | ACHE/JUN,Quercetin,ACHE,JUN,Myeloid,0.7170679190117993,0.6027915643979128,0.4454757715236179,0.7003235364986989,0.5375,0.37625,0.5375,1.0,0.35,0.0,unprognostic (2.03e-2),0.0203,0.0,unprognostic (3.67e-2),0.0367,0.0,no_hit,,,0.0,0,0,,0.63541091160221,tf_or_regulator_class,vinblastine,0.467749748482417,0.9775552486187845,2,27,"JUN, TUBA1A, TUBB, TUBD1, TUBE1, TUBG1",0.54140625,target_class,PRIMA-1,12.79299479543715,0.6369485294117647,1,48,ACHE:|:TP53,0.63541091160221,0.42857929040055254,3,moderate,0,1,1,1,matched_support_present,CMPD024770,0.62,0.6,0.5366666666666667,0.6083333333333333,0.68,0.59,0.6183333333333333,0.565
COAD_AXIS_047,COAD,78,Indirubin | CCNA2/FOXM1,Indirubin,CCNA2,FOXM1,Myeloid,0.7164027126524509,0.762877988431868,0.2954057985524803,0.7243194478953664,0.5375,0.37625,0.5375,1.0,0.35,0.0,unprognostic (9.85e-3),0.00985,0.0,unprognostic (7.89e-2),0.0789,0.0,no_hit,,,0.0,0,0,,0.7634150552486189,target_class,CR8-(R),0.686602482939468,0.8981353591160222,2,27,CCNA2,0.0,no_hit,,,0.0,0,0,,0.7634150552486189,0.3252287638121547,2,limited,0,1,0,1,matched_support_present,CMPD025163,0.615,0.51,0.59,0.61,0.6633333333333333,0.625,0.57,0.6383333333333333
COAD_AXIS_075,COAD,79,Quercetin | MMP1/CEBPG,Quercetin,MMP1,CEBPG,Myeloid,0.7154691385540852,0.7563039616885084,0.4178694445523376,0.7087235364986989,0.625,0.37625,0.625,1.0,0.7,0.0,unprognostic (1.73e-1),0.173,0.0,unprognostic (3.94e-2),0.0394,0.0,no_hit,,,0.0,0,0,,0.6782976519337016,target_class,marimastat,0.8178034966714556,0.7979972375690607,2,27,"MMP1, MMP10, MMP11, MMP12, MMP13, MMP14, MMP15, MMP16, MMP17, MMP19, MMP2, MMP20, MMP21, MMP23A, MMP24, MMP25, MMP26, MMP27, MMP28, MMP3, MMP7, MMP8, MMP9",0.0,no_hit,,,0.0,0,0,,0.6782976519337016,0.3258244129834254,2,limited,0,1,0,1,matched_support_present,CMPD024770,0.61,0.645,0.5483333333333333,0.6533333333333333,0.6683333333333333,0.6533333333333333,0.6666666666666666,0.6633333333333333
COAD_AXIS_094,COAD,80,Tanshinone iia | ACHE/JUN,Tanshinone iia,ACHE,JUN,Myeloid,0.7131019422161023,0.6027915643979128,0.4454757715236179,0.670923536498699,0.5375,0.37625,0.5375,1.0,0.35,0.0,unprognostic (2.03e-2),0.0203,0.0,unprognostic (3.67e-2),0.0367,0.0,no_hit,,,0.0,0,0,,0.63541091160221,tf_or_regulator_class,vinblastine,0.467749748482417,0.9775552486187845,2,27,"JUN, TUBA1A, TUBB, TUBD1, TUBE1, TUBG1",0.54140625,target_class,PRIMA-1,12.79299479543715,0.6369485294117647,1,48,ACHE:|:TP53,0.63541091160221,0.42857929040055254,3,moderate,0,1,1,1,matched_support_present,CMPD025160,0.605,0.6383333333333333,0.6266666666666666,0.61,0.6833333333333332,0.6283333333333333,0.5883333333333334,0.5766666666666667
COAD_AXIS_082,COAD,81,Luteolin | MMP1/CEBPG,Luteolin,MMP1,CEBPG,Myeloid,0.7110066292923608,0.7563039616885084,0.4178694445523376,0.6773597239476832,0.625,0.37625,0.625,1.0,0.7,0.0,unprognostic (1.73e-1),0.173,0.0,unprognostic (3.94e-2),0.0394,0.0,no_hit,,,0.0,0,0,,0.6782976519337016,target_class,marimastat,0.8178034966714556,0.7979972375690607,2,27,"MMP1, MMP10, MMP11, MMP12, MMP13, MMP14, MMP15, MMP16, MMP17, MMP19, MMP2, MMP20, MMP21, MMP23A, MMP24, MMP25, MMP26, MMP27, MMP28, MMP3, MMP7, MMP8, MMP9",0.0,no_hit,,,0.0,0,0,,0.6782976519337016,0.3258244129834254,2,limited,0,1,0,1,matched_support_present,CMPD024820,0.6,0.6466666666666666,0.6,0.5983333333333333,0.655,0.6183333333333333,0.6416666666666667,0.6566666666666666
COAD_AXIS_083,COAD,82,Kaempferol | MMP1/CEBPG,Kaempferol,MMP1,CEBPG,Myeloid,0.7109802052778348,0.7563039616885084,0.4178694445523376,0.6773597239476832,0.625,0.37625,0.625,1.0,0.7,0.0,unprognostic (1.73e-1),0.173,0.0,unprognostic (3.94e-2),0.0394,0.0,no_hit,,,0.0,0,0,,0.6782976519337016,target_class,marimastat,0.8178034966714556,0.7979972375690607,2,27,"MMP1, MMP10, MMP11, MMP12, MMP13, MMP14, MMP15, MMP16, MMP17, MMP19, MMP2, MMP20, MMP21, MMP23A, MMP24, MMP25, MMP26, MMP27, MMP28, MMP3, MMP7, MMP8, MMP9",0.0,no_hit,,,0.0,0,0,,0.6782976519337016,0.3258244129834254,2,limited,0,1,0,1,matched_support_present,CMPD024768,0.595,0.615,0.5866666666666667,0.6633333333333333,0.6183333333333333,0.6216666666666667,0.6183333333333333,0.6349999999999999
COAD_AXIS_088,COAD,83,(-)-epigallocatechin-3-gallate | MMP1/CEBPG,(-)-epigallocatechin-3-gallate,MMP1,CEBPG,Myeloid,0.7097732189145041,0.7563039616885084,0.4178694445523376,0.6689597239476832,0.625,0.37625,0.625,1.0,0.7,0.0,unprognostic (1.73e-1),0.173,0.0,unprognostic (3.94e-2),0.0394,0.0,no_hit,,,0.0,0,0,,0.6782976519337016,target_class,marimastat,0.8178034966714556,0.7979972375690607,2,27,"MMP1, MMP10, MMP11, MMP12, MMP13, MMP14, MMP15, MMP16, MMP17, MMP19, MMP2, MMP20, MMP21, MMP23A, MMP24, MMP25, MMP26, MMP27, MMP28, MMP3, MMP7, MMP8, MMP9",0.0,no_hit,,,0.0,0,0,,0.6782976519337016,0.3258244129834254,2,limited,0,1,0,1,matched_support_present,CMPD024806,0.59,0.6183333333333333,0.5966666666666667,0.6016666666666667,0.6133333333333333,0.6633333333333334,0.6466666666666666,0.6166666666666667
COAD_AXIS_099,COAD,84,Decursin | ACHE/JUN,Decursin,ACHE,JUN,Myeloid,0.7097626385085765,0.6027915643979128,0.4454757715236179,0.6479597239476832,0.5375,0.37625,0.5375,1.0,0.35,0.0,unprognostic (2.03e-2),0.0203,0.0,unprognostic (3.67e-2),0.0367,0.0,no_hit,,,0.0,0,0,,0.63541091160221,tf_or_regulator_class,vinblastine,0.467749748482417,0.9775552486187845,2,27,"JUN, TUBA1A, TUBB, TUBD1, TUBE1, TUBG1",0.54140625,target_class,PRIMA-1,12.79299479543715,0.6369485294117647,1,48,ACHE:|:TP53,0.63541091160221,0.42857929040055254,3,moderate,0,1,1,1,matched_support_present,CMPD025251,0.585,0.59,0.5716666666666667,0.5766666666666667,0.6183333333333333,0.575,0.61,0.5266666666666667
COAD_AXIS_097,COAD,85,Marmesinin | ACHE/JUN,Marmesinin,ACHE,JUN,Myeloid,0.7096435571267483,0.6027915643979128,0.4454757715236179,0.6479597239476832,0.5375,0.37625,0.5375,1.0,0.35,0.0,unprognostic (2.03e-2),0.0203,0.0,unprognostic (3.67e-2),0.0367,0.0,no_hit,,,0.0,0,0,,0.63541091160221,tf_or_regulator_class,vinblastine,0.467749748482417,0.9775552486187845,2,27,"JUN, TUBA1A, TUBB, TUBD1, TUBE1, TUBG1",0.54140625,target_class,PRIMA-1,12.79299479543715,0.6369485294117647,1,48,ACHE:|:TP53,0.63541091160221,0.42857929040055254,3,moderate,0,1,1,1,matched_support_present,CMPD025216,0.58,0.605,0.5883333333333333,0.5791666666666667,0.645,0.5666666666666667,0.59,0.545
COAD_AXIS_096,COAD,86,"methyl (E)-2-[(2S,3Z,12bS)-3-ethylidene-2,4,6,7,12,12b-hexahydro-1H-indolo[3,2-h]quinolizin-2-yl]-3-methoxyprop-2-enoate | ACHE/JUN","methyl (E)-2-[(2S,3Z,12bS)-3-ethylidene-2,4,6,7,12,12b-hexahydro-1H-indolo[3,2-h]quinolizin-2-yl]-3-methoxyprop-2-enoate",ACHE,JUN,Myeloid,0.7095493210816983,0.6027915643979128,0.4454757715236179,0.6479597239476832,0.5375,0.37625,0.5375,1.0,0.35,0.0,unprognostic (2.03e-2),0.0203,0.0,unprognostic (3.67e-2),0.0367,0.0,no_hit,,,0.0,0,0,,0.63541091160221,tf_or_regulator_class,vinblastine,0.467749748482417,0.9775552486187845,2,27,"JUN, TUBA1A, TUBB, TUBD1, TUBE1, TUBG1",0.54140625,target_class,PRIMA-1,12.79299479543715,0.6369485294117647,1,48,ACHE:|:TP53,0.63541091160221,0.42857929040055254,3,moderate,0,1,1,1,matched_support_present,CMPD025387,0.575,0.6183333333333333,0.5883333333333333,0.6208333333333333,0.6666666666666666,0.6116666666666667,0.57,0.5566666666666666
COAD_AXIS_098,COAD,87,Corydalmine | ACHE/JUN,Corydalmine,ACHE,JUN,Myeloid,0.7094380691135619,0.6027915643979128,0.4454757715236179,0.6479597239476832,0.5375,0.37625,0.5375,1.0,0.35,0.0,unprognostic (2.03e-2),0.0203,0.0,unprognostic (3.67e-2),0.0367,0.0,no_hit,,,0.0,0,0,,0.63541091160221,tf_or_regulator_class,vinblastine,0.467749748482417,0.9775552486187845,2,27,"JUN, TUBA1A, TUBB, TUBD1, TUBE1, TUBG1",0.54140625,target_class,PRIMA-1,12.79299479543715,0.6369485294117647,1,48,ACHE:|:TP53,0.63541091160221,0.42857929040055254,3,moderate,0,1,1,1,matched_support_present,CMPD026148,0.57,0.5916666666666667,0.585,0.5883333333333334,0.6266666666666666,0.5916666666666667,0.595,0.5383333333333334
COAD_AXIS_100,COAD,88,Angustidine | ACHE/JUN,Angustidine,ACHE,JUN,Myeloid,0.7090997190392063,0.6027915643979128,0.4454757715236179,0.6479597239476832,0.5375,0.37625,0.5375,1.0,0.35,0.0,unprognostic (2.03e-2),0.0203,0.0,unprognostic (3.67e-2),0.0367,0.0,no_hit,,,0.0,0,0,,0.63541091160221,tf_or_regulator_class,vinblastine,0.467749748482417,0.9775552486187845,2,27,"JUN, TUBA1A, TUBB, TUBD1, TUBE1, TUBG1",0.54140625,target_class,PRIMA-1,12.79299479543715,0.6369485294117647,1,48,ACHE:|:TP53,0.63541091160221,0.42857929040055254,3,moderate,0,1,1,1,matched_support_present,CMPD025384,0.565,0.5950000000000001,0.6016666666666667,0.6549999999999999,0.6433333333333333,0.6066666666666666,0.565,0.5466666666666667
COAD_AXIS_038,COAD,89,Quercetin | CDK1/MYBL2,Quercetin,CDK1,MYBL2,Myeloid,0.7033000439406605,0.7393361785867573,0.3594803479102349,0.7853194478953663,0.5375,0.48999999999999994,0.5375,1.0,0.35,0.0,unprognostic (1.94e-1),0.194,0.0,unprognostic (1.76e-1),0.176,0.8084409594095942,target_class,Dinaciclib,0.635115,0.9511070110701108,4,46,"CDK1, CDK2, CDK5, CDK9",0.7910048342541437,target_class,alvocidib,0.606239361454127,0.9305939226519337,16,27,"CDK1, CDK2, CDK4, CDK5, CDK6, CDK7, CDK8, CDK9, EGFR, PYGM",0.8476562499999999,target_class,Dinaciclib,5.33015688680595,0.9972426470588235,6,48,CDK1:|:CDK2:|:CDK5:|:CDK9,0.8476562499999999,0.7461505109159344,4,strong,0,1,1,1,matched_support_present,CMPD024770,0.56,0.7366666666666667,0.7133333333333334,0.725,0.6316666666666667,0.7133333333333333,0.6433333333333334,0.6716666666666667
COAD_AXIS_039,COAD,90,Quercetin | CDK1/E2F1,Quercetin,CDK1,E2F1,Myeloid,0.6943815677943672,0.7329904755972482,0.2766196444015838,0.7853194478953663,0.5375,0.37625,0.5375,1.0,0.35,0.0,unprognostic (1.94e-1),0.194,0.0,unprognostic (1.96e-1),0.196,0.8084409594095942,target_class,Dinaciclib,0.635115,0.9511070110701108,4,46,"CDK1, CDK2, CDK5, CDK9",0.7910048342541437,target_class,alvocidib,0.606239361454127,0.9305939226519337,16,27,"CDK1, CDK2, CDK4, CDK5, CDK6, CDK7, CDK8, CDK9, EGFR, PYGM",0.8476562499999999,target_class,Dinaciclib,5.33015688680595,0.9972426470588235,6,48,CDK1:|:CDK2:|:CDK5:|:CDK9,0.8476562499999999,0.7461505109159344,4,strong,0,1,1,1,matched_support_present,CMPD024770,0.555,0.6783333333333333,0.6266666666666667,0.6616666666666666,0.5866666666666667,0.605,0.565,0.6166666666666667
COAD_AXIS_002,COAD,91,Physovenine | ACHE/AP1,Physovenine,ACHE,AP1,Myeloid,0.6919262481185182,0.7950058868245325,0.4454757715236179,0.7809597239476832,0.5375,0.0,0.5375,1.0,0.35,0.0,unprognostic (2.03e-2),0.0203,0.0,,,0.0,no_hit,,,0.0,0,0,,0.3466332872928176,target_class,chlorpyrifos,0.980879251548097,0.40780386740331487,5,27,ACHE,0.54140625,target_class,PRIMA-1,12.79299479543715,0.6369485294117647,1,48,ACHE:|:TP53,0.54140625,0.35638488432320437,2,limited,0,1,0,1,matched_support_present,CMPD025553,0.55,0.7133333333333333,0.7516666666666666,0.6549999999999999,0.6466666666666666,0.7466666666666667,0.5633333333333334,0.6900000000000001
COAD_AXIS_077,COAD,92,Indirubin | CDK1/MYBL2,Indirubin,CDK1,MYBL2,Myeloid,0.6875902617006077,0.7393361785867573,0.3594803479102349,0.7003235364986989,0.5375,0.48999999999999994,0.5375,1.0,0.35,0.0,unprognostic (1.94e-1),0.194,0.0,unprognostic (1.76e-1),0.176,0.8084409594095942,target_class,Dinaciclib,0.635115,0.9511070110701108,4,46,"CDK1, CDK2, CDK5, CDK9",0.7910048342541437,target_class,alvocidib,0.606239361454127,0.9305939226519337,16,27,"CDK1, CDK2, CDK4, CDK5, CDK6, CDK7, CDK8, CDK9, EGFR, PYGM",0.8476562499999999,target_class,Dinaciclib,5.33015688680595,0.9972426470588235,6,48,CDK1:|:CDK2:|:CDK5:|:CDK9,0.8476562499999999,0.7461505109159344,4,strong,0,1,1,1,matched_support_present,CMPD025163,0.545,0.6583333333333333,0.6416666666666666,0.63,0.6783333333333333,0.6583333333333333,0.5650000000000001,0.6566666666666666
COAD_AXIS_091,COAD,93,Rutaecarpine | PTGS2/ETV4,Rutaecarpine,PTGS2,ETV4,Myeloid,0.6713665355046065,0.614103261047283,0.2616207894032742,0.7613235364986989,0.625,0.4375,0.625,1.0,0.7,0.0,unprognostic (6.91e-3),0.00691,0.0,unprognostic (1.63e-1),0.163,0.0,no_hit,,,0.0,0,0,,0.6395545580110497,target_class,SB-239063,0.8384434347769175,0.7524171270718232,19,27,"MAPK11, MAPK14, PTGS2",0.6632812499999999,target_class,Curcumin,11.73,0.7803308823529411,3,48,APP:|:CA1:|:CA12:|:CA14:|:CA2:|:CA4:|:CA6:|:CA9:|:CYP3A4:|:DNMT3B:|:EP300:|:MMP13:|:MMP9:|:NOS2:|:PTGS1:|:PTGS2:|:XDH,0.6632812499999999,0.4819589520027624,3,moderate,0,1,1,1,matched_support_present,CMPD025501,0.54,0.5483333333333333,0.5866666666666666,0.6433333333333333,0.5883333333333334,0.61,0.5366666666666667,0.5383333333333333
COAD_AXIS_095,COAD,94,Triptolide | PTGS2/ETV4,Triptolide,PTGS2,ETV4,Myeloid,0.66878543975933,0.614103261047283,0.2616207894032742,0.7425597239476832,0.625,0.4375,0.625,1.0,0.7,0.0,unprognostic (6.91e-3),0.00691,0.0,unprognostic (1.63e-1),0.163,0.0,no_hit,,,0.0,0,0,,0.99896408839779,direct_compound,triptolide,0.0703191682900479,0.99896408839779,1,24,RELA,0.7637867647058824,direct_compound,Triptolide,11.9015,0.7637867647058824,1,48,RELA,0.99896408839779,0.596937713275918,3,moderate,1,0,1,1,matched_support_present,CMPD025693,0.535,0.5516666666666666,0.5650000000000001,0.5783333333333333,0.62,0.5650000000000001,0.5333333333333333,0.54
COAD_AXIS_074,COAD,95,Quercetin | MMP1/ETV4,Quercetin,MMP1,ETV4,Myeloid,0.667467183857063,0.7988538715512771,0.1558556592946188,0.7087235364986989,0.625,0.4375,0.625,1.0,0.7,0.0,unprognostic (1.73e-1),0.173,0.0,unprognostic (1.63e-1),0.163,0.0,no_hit,,,0.0,0,0,,0.6782976519337016,target_class,marimastat,0.8178034966714556,0.7979972375690607,2,27,"MMP1, MMP10, MMP11, MMP12, MMP13, MMP14, MMP15, MMP16, MMP17, MMP19, MMP2, MMP20, MMP21, MMP23A, MMP24, MMP25, MMP26, MMP27, MMP28, MMP3, MMP7, MMP8, MMP9",0.0,no_hit,,,0.0,0,0,,0.6782976519337016,0.3258244129834254,2,limited,0,1,0,1,matched_support_present,CMPD024770,0.53,0.6,0.51,0.5916666666666667,0.5766666666666667,0.52,0.5216666666666666,0.5499999999999999
COAD_AXIS_081,COAD,96,Kaempferol | MMP1/ETV4,Kaempferol,MMP1,ETV4,Myeloid,0.663179871109451,0.7988538715512771,0.1558556592946188,0.6773597239476832,0.625,0.4375,0.625,1.0,0.7,0.0,unprognostic (1.73e-1),0.173,0.0,unprognostic (1.63e-1),0.163,0.0,no_hit,,,0.0,0,0,,0.6782976519337016,target_class,marimastat,0.8178034966714556,0.7979972375690607,2,27,"MMP1, MMP10, MMP11, MMP12, MMP13, MMP14, MMP15, MMP16, MMP17, MMP19, MMP2, MMP20, MMP21, MMP23A, MMP24, MMP25, MMP26, MMP27, MMP28, MMP3, MMP7, MMP8, MMP9",0.0,no_hit,,,0.0,0,0,,0.6782976519337016,0.3258244129834254,2,limited,0,1,0,1,matched_support_present,CMPD024768,0.525,0.5650000000000001,0.51,0.6033333333333334,0.5833333333333334,0.5083333333333333,0.5233333333333333,0.5366666666666667
COAD_AXIS_080,COAD,97,Luteolin | MMP1/ETV4,Luteolin,MMP1,ETV4,Myeloid,0.6631377440811054,0.7988538715512771,0.1558556592946188,0.6773597239476832,0.625,0.4375,0.625,1.0,0.7,0.0,unprognostic (1.73e-1),0.173,0.0,unprognostic (1.63e-1),0.163,0.0,no_hit,,,0.0,0,0,,0.6782976519337016,target_class,marimastat,0.8178034966714556,0.7979972375690607,2,27,"MMP1, MMP10, MMP11, MMP12, MMP13, MMP14, MMP15, MMP16, MMP17, MMP19, MMP2, MMP20, MMP21, MMP23A, MMP24, MMP25, MMP26, MMP27, MMP28, MMP3, MMP7, MMP8, MMP9",0.0,no_hit,,,0.0,0,0,,0.6782976519337016,0.3258244129834254,2,limited,0,1,0,1,matched_support_present,CMPD024820,0.52,0.5716666666666667,0.5166666666666667,0.56,0.5850000000000001,0.51,0.5166666666666667,0.545
COAD_AXIS_086,COAD,98,(-)-epigallocatechin-3-gallate | MMP1/ETV4,(-)-epigallocatechin-3-gallate,MMP1,ETV4,Myeloid,0.6619090628238069,0.7988538715512771,0.1558556592946188,0.6689597239476832,0.625,0.4375,0.625,1.0,0.7,0.0,unprognostic (1.73e-1),0.173,0.0,unprognostic (1.63e-1),0.163,0.0,no_hit,,,0.0,0,0,,0.6782976519337016,target_class,marimastat,0.8178034966714556,0.7979972375690607,2,27,"MMP1, MMP10, MMP11, MMP12, MMP13, MMP14, MMP15, MMP16, MMP17, MMP19, MMP2, MMP20, MMP21, MMP23A, MMP24, MMP25, MMP26, MMP27, MMP28, MMP3, MMP7, MMP8, MMP9",0.0,no_hit,,,0.0,0,0,,0.6782976519337016,0.3258244129834254,2,limited,0,1,0,1,matched_support_present,CMPD024806,0.515,0.5666666666666668,0.5133333333333333,0.5666666666666668,0.5750000000000001,0.5116666666666667,0.5216666666666666,0.5283333333333333
COAD_AXIS_076,COAD,99,Eckol | BACE1/NFKB,Eckol,BACE1,NFKB,Myeloid,0.6529880031223426,0.5959688845533679,0.57086850244255,0.7003235364986989,0.5375,0.0,0.5375,1.0,0.35,0.0,unprognostic (1.97e-1),0.197,0.0,,,0.0,no_hit,,,0.0,0,0,,0.2938017955801105,target_class,TC1,1.02185856797852,0.34564917127071826,1,23,BACE1,0.0,no_hit,,,0.0,0,0,,0.2938017955801105,0.20782544889502763,1,limited,0,1,0,0,matched_support_present,CMPD025671,0.51,0.6466666666666666,0.7416666666666667,0.665,0.6683333333333333,0.7583333333333333,0.52,0.7033333333333333
COAD_AXIS_090,COAD,100,Quercetin | CDK1/E2F1,Quercetin,CDK1,E2F1,Fibroblast_CAF,0.6119779256409024,0.7999999999999999,0.2766196444015838,0.7853194478953663,0.5375,0.37625,0.5375,1.0,0.35,0.0,unprognostic (1.94e-1),0.194,0.0,unprognostic (1.96e-1),0.196,0.8084409594095942,target_class,Dinaciclib,0.635115,0.9511070110701108,4,46,"CDK1, CDK2, CDK5, CDK9",0.7910048342541437,target_class,alvocidib,0.606239361454127,0.9305939226519337,16,27,"CDK1, CDK2, CDK4, CDK5, CDK6, CDK7, CDK8, CDK9, EGFR, PYGM",0.8476562499999999,target_class,Dinaciclib,5.33015688680595,0.9972426470588235,6,48,CDK1:|:CDK2:|:CDK5:|:CDK9,0.8476562499999999,0.7461505109159344,4,strong,0,1,1,1,matched_support_present,CMPD024770,0.505,0.6533333333333333,0.5833333333333334,0.645,0.6,0.63,0.5066666666666667,0.505
COAD_AXIS_181,COAD,101,"3,5-dihydroxy-2-(4-hydroxyphenyl)chromone | PPARG/ETV4","3,5-dihydroxy-2-(4-hydroxyphenyl)chromone",PPARG,ETV4,Myeloid,0.4791087895898294,1.0,0.0,0.0,0.625,0.4375,0.625,1.0,0.7,0.0,unprognostic (4.68e-2),0.0468,0.0,unprognostic (1.63e-1),0.163,0.0,no_hit,,,0.0,0,0,,0.7258459944751381,target_class,bardoxolone-methyl,0.7427916086348201,0.8539364640883977,5,27,"PPARG, STAT3",0.81015625,target_class,Bardoxolone methyl,8.70105,0.953125,1,48,PPARG:|:STAT3,0.81015625,0.5402505611187846,3,moderate,0,1,1,1,matched_support_present,CMPD025602,0.5,0.3416666666666666,0.1416666666666667,0.36000000000000004,0.29833333333333334,0.33,0.40499999999999997,0.45166666666666666
COAD_AXIS_173,COAD,102,Psi-Baptigenin | PPARG/ETV4,Psi-Baptigenin,PPARG,ETV4,Myeloid,0.4790864186021445,1.0,0.0,0.0,0.625,0.4375,0.625,1.0,0.7,0.0,unprognostic (4.68e-2),0.0468,0.0,unprognostic (1.63e-1),0.163,0.0,no_hit,,,0.0,0,0,,0.7258459944751381,target_class,bardoxolone-methyl,0.7427916086348201,0.8539364640883977,5,27,"PPARG, STAT3",0.81015625,target_class,Bardoxolone methyl,8.70105,0.953125,1,48,PPARG:|:STAT3,0.81015625,0.5402505611187846,3,moderate,0,1,1,1,matched_support_present,CMPD025623,0.495,0.28833333333333333,0.23666666666666666,0.4266666666666667,0.3016666666666667,0.37833333333333335,0.43999999999999995,0.4183333333333334
COAD_AXIS_182,COAD,103,Galangin | PPARG/ETV4,Galangin,PPARG,ETV4,Myeloid,0.4790258791670855,1.0,0.0,0.0,0.625,0.4375,0.625,1.0,0.7,0.0,unprognostic (4.68e-2),0.0468,0.0,unprognostic (1.63e-1),0.163,0.0,no_hit,,,0.0,0,0,,0.7258459944751381,target_class,bardoxolone-methyl,0.7427916086348201,0.8539364640883977,5,27,"PPARG, STAT3",0.81015625,target_class,Bardoxolone methyl,8.70105,0.953125,1,48,PPARG:|:STAT3,0.81015625,0.5402505611187846,3,moderate,0,1,1,1,matched_support_present,CMPD025348,0.49,0.3283333333333333,0.105,0.25166666666666665,0.28833333333333333,0.28,0.39999999999999997,0.42333333333333334
COAD_AXIS_150,COAD,104,Artemisinin | CYP2B6/CEBPA,Artemisinin,CYP2B6,CEBPA,Myeloid,0.478047343287994,0.9776499808565172,0.0,0.0,0.625,0.4375,0.625,1.0,0.7,0.0,unprognostic (1.11e-1),0.111,0.0,unprognostic (5.06e-3),0.00506,0.0,no_hit,,,0.0,0,0,,0.41194751381215466,direct_compound,artemisinin,0.978540472647468,0.41194751381215466,2,27,CYP2B6,0.09296875,target_class,Cyclophosphamide,14.89434552971915,0.109375,2,48,Alkylating agent:|:CYP2A6:|:CYP2B6:|:CYP2C18:|:CYP2C19:|:CYP2C8:|:CYP2C9:|:CYP2D6:|:CYP3A4:|:CYP3A5:|:CYP3A7,0.41194751381215466,0.2824790659530387,1,limited,1,1,0,0,matched_support_present,CMPD025929,0.485,0.19666666666666668,0.12166666666666666,0.2683333333333333,0.15666666666666665,0.285,0.4266666666666667,0.3566666666666667
COAD_AXIS_113,COAD,105,Artemisinin | CYP2B6/CEBPG,Artemisinin,CYP2B6,CEBPG,Myeloid,0.4746988450796145,0.995623799661454,0.0,0.0,0.625,0.37625,0.625,1.0,0.7,0.0,unprognostic (1.11e-1),0.111,0.0,unprognostic (3.94e-2),0.0394,0.0,no_hit,,,0.0,0,0,,0.41194751381215466,direct_compound,artemisinin,0.978540472647468,0.41194751381215466,2,27,CYP2B6,0.09296875,target_class,Cyclophosphamide,14.89434552971915,0.109375,2,48,Alkylating agent:|:CYP2A6:|:CYP2B6:|:CYP2C18:|:CYP2C19:|:CYP2C8:|:CYP2C9:|:CYP2D6:|:CYP3A4:|:CYP3A5:|:CYP3A7,0.41194751381215466,0.2824790659530387,1,limited,1,1,0,0,matched_support_present,CMPD025929,0.48,0.245,0.17666666666666667,0.3383333333333334,0.18666666666666668,0.275,0.425,0.37166666666666665
COAD_AXIS_168,COAD,106,Psi-Baptigenin | PPARG/CEBPG,Psi-Baptigenin,PPARG,CEBPG,Myeloid,0.4746929933978693,0.9665927933350524,0.0,0.0,0.625,0.37625,0.625,1.0,0.7,0.0,unprognostic (4.68e-2),0.0468,0.0,unprognostic (3.94e-2),0.0394,0.0,no_hit,,,0.0,0,0,,0.7258459944751381,target_class,bardoxolone-methyl,0.7427916086348201,0.8539364640883977,5,27,"PPARG, STAT3",0.81015625,target_class,Bardoxolone methyl,8.70105,0.953125,1,48,PPARG:|:STAT3,0.81015625,0.5402505611187846,3,moderate,0,1,1,1,matched_support_present,CMPD025623,0.475,0.2783333333333333,0.25166666666666665,0.43166666666666664,0.30333333333333334,0.37166666666666665,0.4116666666666667,0.345
COAD_AXIS_176,COAD,107,Galangin | PPARG/CEBPG,Galangin,PPARG,CEBPG,Myeloid,0.4745415816500182,0.9665927933350524,0.0,0.0,0.625,0.37625,0.625,1.0,0.7,0.0,unprognostic (4.68e-2),0.0468,0.0,unprognostic (3.94e-2),0.0394,0.0,no_hit,,,0.0,0,0,,0.7258459944751381,target_class,bardoxolone-methyl,0.7427916086348201,0.8539364640883977,5,27,"PPARG, STAT3",0.81015625,target_class,Bardoxolone methyl,8.70105,0.953125,1,48,PPARG:|:STAT3,0.81015625,0.5402505611187846,3,moderate,0,1,1,1,matched_support_present,CMPD025348,0.47,0.3,0.12333333333333334,0.25833333333333336,0.3066666666666667,0.26333333333333336,0.36166666666666664,0.3933333333333333
COAD_AXIS_197,COAD,108,Quercetin | PPARG/CEBPG,Quercetin,PPARG,CEBPG,Myeloid,0.474504388238466,0.9665927933350524,0.0,0.0,0.625,0.37625,0.625,1.0,0.7,0.0,unprognostic (4.68e-2),0.0468,0.0,unprognostic (3.94e-2),0.0394,0.0,no_hit,,,0.0,0,0,,0.7258459944751381,target_class,bardoxolone-methyl,0.7427916086348201,0.8539364640883977,5,27,"PPARG, STAT3",0.81015625,target_class,Bardoxolone methyl,8.70105,0.953125,1,48,PPARG:|:STAT3,0.81015625,0.5402505611187846,3,moderate,0,1,1,1,matched_support_present,CMPD024770,0.465,0.30833333333333335,0.225,0.13999999999999999,0.26166666666666666,0.21333333333333335,0.4033333333333333,0.4183333333333333
COAD_AXIS_175,COAD,109,"3,5-dihydroxy-2-(4-hydroxyphenyl)chromone | PPARG/CEBPG","3,5-dihydroxy-2-(4-hydroxyphenyl)chromone",PPARG,CEBPG,Myeloid,0.474438932687561,0.9665927933350524,0.0,0.0,0.625,0.37625,0.625,1.0,0.7,0.0,unprognostic (4.68e-2),0.0468,0.0,unprognostic (3.94e-2),0.0394,0.0,no_hit,,,0.0,0,0,,0.7258459944751381,target_class,bardoxolone-methyl,0.7427916086348201,0.8539364640883977,5,27,"PPARG, STAT3",0.81015625,target_class,Bardoxolone methyl,8.70105,0.953125,1,48,PPARG:|:STAT3,0.81015625,0.5402505611187846,3,moderate,0,1,1,1,matched_support_present,CMPD025602,0.46,0.31833333333333336,0.14833333333333334,0.37166666666666665,0.31666666666666665,0.315,0.3666666666666667,0.395
COAD_AXIS_198,COAD,110,Kaempferol | PPARG/CEBPG,Kaempferol,PPARG,CEBPG,Myeloid,0.4744126216311257,0.9665927933350524,0.0,0.0,0.625,0.37625,0.625,1.0,0.7,0.0,unprognostic (4.68e-2),0.0468,0.0,unprognostic (3.94e-2),0.0394,0.0,no_hit,,,0.0,0,0,,0.7258459944751381,target_class,bardoxolone-methyl,0.7427916086348201,0.8539364640883977,5,27,"PPARG, STAT3",0.81015625,target_class,Bardoxolone methyl,8.70105,0.953125,1,48,PPARG:|:STAT3,0.81015625,0.5402505611187846,3,moderate,0,1,1,1,matched_support_present,CMPD024768,0.455,0.25166666666666665,0.10833333333333334,0.07,0.17666666666666667,0.13333333333333333,0.36166666666666664,0.38833333333333336
COAD_AXIS_160,COAD,111,Quercetin | XDH/CEBPG,Quercetin,XDH,CEBPG,Myeloid,0.4655831758939766,0.9826769287802984,0.0,0.0,0.5375,0.37625,0.5375,1.0,0.35,0.0,unprognostic (6.42e-3),0.00642,0.0,unprognostic (3.94e-2),0.0394,0.0,no_hit,,,0.0,0,0,,0.6178349447513811,target_class,curcumin,0.848816196158253,0.7268646408839778,2,27,"APP, CA1, CA12, CA14, CA2, CA4, CA6, CA9, CYP3A4, DNMT3B, EP300, MMP13, MMP9, NOS2, PTGS1, PTGS2, XDH",0.6632812499999999,target_class,Curcumin,11.73,0.7803308823529411,1,48,APP:|:CA1:|:CA12:|:CA14:|:CA2:|:CA4:|:CA6:|:CA9:|:CYP3A4:|:DNMT3B:|:EP300:|:MMP13:|:MMP9:|:NOS2:|:PTGS1:|:PTGS2:|:XDH,0.6632812499999999,0.4546540486878452,3,moderate,0,1,1,1,matched_support_present,CMPD024770,0.45,0.355,0.36000000000000004,0.2916666666666667,0.32666666666666666,0.23833333333333337,0.4033333333333333,0.44333333333333336
COAD_AXIS_167,COAD,112,Luteolin | XDH/CEBPG,Luteolin,XDH,CEBPG,Myeloid,0.4654886523365059,0.9826769287802984,0.0,0.0,0.5375,0.37625,0.5375,1.0,0.35,0.0,unprognostic (6.42e-3),0.00642,0.0,unprognostic (3.94e-2),0.0394,0.0,no_hit,,,0.0,0,0,,0.6178349447513811,target_class,curcumin,0.848816196158253,0.7268646408839778,2,27,"APP, CA1, CA12, CA14, CA2, CA4, CA6, CA9, CYP3A4, DNMT3B, EP300, MMP13, MMP9, NOS2, PTGS1, PTGS2, XDH",0.6632812499999999,target_class,Curcumin,11.73,0.7803308823529411,1,48,APP:|:CA1:|:CA12:|:CA14:|:CA2:|:CA4:|:CA6:|:CA9:|:CYP3A4:|:DNMT3B:|:EP300:|:MMP13:|:MMP9:|:NOS2:|:PTGS1:|:PTGS2:|:XDH,0.6632812499999999,0.4546540486878452,3,moderate,0,1,1,1,matched_support_present,CMPD024820,0.445,0.26166666666666666,0.2916666666666667,0.325,0.18833333333333335,0.19333333333333333,0.405,0.37166666666666665
COAD_AXIS_147,COAD,113,ellagic acid | GSTP1/CEBPG,ellagic acid,GSTP1,CEBPG,Myeloid,0.4610714675632597,0.957845968735046,0.0,0.0,0.5375,0.37625,0.5375,1.0,0.35,0.0,unprognostic (8.92e-2),0.0892,0.0,unprognostic (3.94e-2),0.0394,0.0,no_hit,,,0.0,0,0,,0.0,no_hit,,,0.0,0,0,,0.0,no_hit,,,0.0,0,0,,0.0,0.134375,1,weak_or_absent,0,0,0,0,matched_support_present,CMPD025051,0.44,0.40166666666666667,0.3,0.49,0.38833333333333336,0.405,0.345,0.4116666666666666
COAD_AXIS_178,COAD,114,"3,5-dihydroxy-2-(4-hydroxyphenyl)chromone | PPARG/DDIT3","3,5-dihydroxy-2-(4-hydroxyphenyl)chromone",PPARG,DDIT3,Myeloid,0.4580025719317563,0.9381225050685548,0.0,0.0,0.625,0.4375,0.625,1.0,0.7,0.0,unprognostic (4.68e-2),0.0468,0.0,unprognostic (1.17e-2),0.0117,0.0,no_hit,,,0.0,0,0,,0.7258459944751381,target_class,bardoxolone-methyl,0.7427916086348201,0.8539364640883977,5,27,"PPARG, STAT3",0.81015625,target_class,Bardoxolone methyl,8.70105,0.953125,1,48,PPARG:|:STAT3,0.81015625,0.5402505611187846,3,moderate,0,1,1,1,matched_support_present,CMPD025602,0.435,0.29,0.10999999999999999,0.36833333333333335,0.29,0.2916666666666667,0.2966666666666667,0.36166666666666664
COAD_AXIS_179,COAD,115,Galangin | PPARG/DDIT3,Galangin,PPARG,DDIT3,Myeloid,0.457948033098587,0.9381225050685548,0.0,0.0,0.625,0.4375,0.625,1.0,0.7,0.0,unprognostic (4.68e-2),0.0468,0.0,unprognostic (1.17e-2),0.0117,0.0,no_hit,,,0.0,0,0,,0.7258459944751381,target_class,bardoxolone-methyl,0.7427916086348201,0.8539364640883977,5,27,"PPARG, STAT3",0.81015625,target_class,Bardoxolone methyl,8.70105,0.953125,1,48,PPARG:|:STAT3,0.81015625,0.5402505611187846,3,moderate,0,1,1,1,matched_support_present,CMPD025348,0.43,0.25666666666666665,0.08833333333333333,0.24833333333333332,0.2783333333333333,0.24333333333333332,0.2866666666666667,0.36000000000000004
COAD_AXIS_174,COAD,116,Psi-Baptigenin | PPARG/DDIT3,Psi-Baptigenin,PPARG,DDIT3,Myeloid,0.4577558487431358,0.9381225050685548,0.0,0.0,0.625,0.4375,0.625,1.0,0.7,0.0,unprognostic (4.68e-2),0.0468,0.0,unprognostic (1.17e-2),0.0117,0.0,no_hit,,,0.0,0,0,,0.7258459944751381,target_class,bardoxolone-methyl,0.7427916086348201,0.8539364640883977,5,27,"PPARG, STAT3",0.81015625,target_class,Bardoxolone methyl,8.70105,0.953125,1,48,PPARG:|:STAT3,0.81015625,0.5402505611187846,3,moderate,0,1,1,1,matched_support_present,CMPD025623,0.425,0.24666666666666667,0.22999999999999998,0.4283333333333333,0.29,0.35666666666666663,0.34833333333333333,0.3
COAD_AXIS_141,COAD,117,Glycyrrhiza flavonol a | ACHE/HR,Glycyrrhiza flavonol a,ACHE,HR,Myeloid,0.4474273138092735,0.9926616682037293,0.0,0.0,0.5375,0.37625,0.5375,1.0,0.35,0.0,unprognostic (2.03e-2),0.0203,0.0,unprognostic (2.82e-1),0.282,0.0,no_hit,,,0.0,0,0,,0.3466332872928176,target_class,chlorpyrifos,0.980879251548097,0.40780386740331487,5,27,ACHE,0.54140625,target_class,PRIMA-1,12.79299479543715,0.6369485294117647,1,48,ACHE:|:TP53,0.54140625,0.35638488432320437,2,limited,0,1,0,1,matched_support_present,CMPD025332,0.42,0.35333333333333333,0.255,0.36000000000000004,0.375,0.38999999999999996,0.4033333333333333,0.36333333333333334
COAD_AXIS_131,COAD,118,"3,5-dihydroxy-2-(4-hydroxyphenyl)chromone | ACHE/HR","3,5-dihydroxy-2-(4-hydroxyphenyl)chromone",ACHE,HR,Myeloid,0.4474104565069895,0.9926616682037293,0.0,0.0,0.5375,0.37625,0.5375,1.0,0.35,0.0,unprognostic (2.03e-2),0.0203,0.0,unprognostic (2.82e-1),0.282,0.0,no_hit,,,0.0,0,0,,0.3466332872928176,target_class,chlorpyrifos,0.980879251548097,0.40780386740331487,5,27,ACHE,0.54140625,target_class,PRIMA-1,12.79299479543715,0.6369485294117647,1,48,ACHE:|:TP53,0.54140625,0.35638488432320437,2,limited,0,1,0,1,matched_support_present,CMPD025602,0.415,0.3383333333333334,0.25,0.2383333333333333,0.24833333333333332,0.26333333333333336,0.36333333333333334,0.3516666666666666
COAD_AXIS_124,COAD,119,"(6S)-6-hydroxy-1-methyl-6-methylol-8,9-dihydro-7H-naphtho[8,7-g]benzofuran-10,11-quinone | ACHE/HR","(6S)-6-hydroxy-1-methyl-6-methylol-8,9-dihydro-7H-naphtho[8,7-g]benzofuran-10,11-quinone",ACHE,HR,Myeloid,0.4473802787921761,0.9926616682037293,0.0,0.0,0.5375,0.37625,0.5375,1.0,0.35,0.0,unprognostic (2.03e-2),0.0203,0.0,unprognostic (2.82e-1),0.282,0.0,no_hit,,,0.0,0,0,,0.3466332872928176,target_class,chlorpyrifos,0.980879251548097,0.40780386740331487,5,27,ACHE,0.54140625,target_class,PRIMA-1,12.79299479543715,0.6369485294117647,1,48,ACHE:|:TP53,0.54140625,0.35638488432320437,2,limited,0,1,0,1,matched_support_present,CMPD025158,0.41,0.2833333333333333,0.3383333333333333,0.405,0.325,0.3433333333333333,0.4483333333333333,0.32833333333333337
COAD_AXIS_137,COAD,120,"5-(1-methoxyethyl)-2,6-dihydroxy-1,7-dimethyl-9,10-dihydrophenanthrene | ACHE/HR","5-(1-methoxyethyl)-2,6-dihydroxy-1,7-dimethyl-9,10-dihydrophenanthrene",ACHE,HR,Myeloid,0.447340488029933,0.9926616682037293,0.0,0.0,0.5375,0.37625,0.5375,1.0,0.35,0.0,unprognostic (2.03e-2),0.0203,0.0,unprognostic (2.82e-1),0.282,0.0,no_hit,,,0.0,0,0,,0.3466332872928176,target_class,chlorpyrifos,0.980879251548097,0.40780386740331487,5,27,ACHE,0.54140625,target_class,PRIMA-1,12.79299479543715,0.6369485294117647,1,48,ACHE:|:TP53,0.54140625,0.35638488432320437,2,limited,0,1,0,1,matched_support_present,CMPD025181,0.405,0.37333333333333335,0.3033333333333333,0.35333333333333333,0.39749999999999996,0.4116666666666666,0.4683333333333333,0.3766666666666667
COAD_AXIS_127,COAD,121,"Quercetin tetramethyl(3',4',5,7) ether | ACHE/HR","Quercetin tetramethyl(3',4',5,7) ether",ACHE,HR,Myeloid,0.4473297096724081,0.9926616682037293,0.0,0.0,0.5375,0.37625,0.5375,1.0,0.35,0.0,unprognostic (2.03e-2),0.0203,0.0,unprognostic (2.82e-1),0.282,0.0,no_hit,,,0.0,0,0,,0.3466332872928176,target_class,chlorpyrifos,0.980879251548097,0.40780386740331487,5,27,ACHE,0.54140625,target_class,PRIMA-1,12.79299479543715,0.6369485294117647,1,48,ACHE:|:TP53,0.54140625,0.35638488432320437,2,limited,0,1,0,1,matched_support_present,CMPD025089,0.4,0.32666666666666666,0.395,0.3216666666666667,0.33916666666666667,0.39166666666666666,0.4166666666666667,0.32
COAD_AXIS_142,COAD,122,Ibogain | ACHE/HR,Ibogain,ACHE,HR,Myeloid,0.447318704801904,0.9926616682037293,0.0,0.0,0.5375,0.37625,0.5375,1.0,0.35,0.0,unprognostic (2.03e-2),0.0203,0.0,unprognostic (2.82e-1),0.282,0.0,no_hit,,,0.0,0,0,,0.3466332872928176,target_class,chlorpyrifos,0.980879251548097,0.40780386740331487,5,27,ACHE,0.54140625,target_class,PRIMA-1,12.79299479543715,0.6369485294117647,1,48,ACHE:|:TP53,0.54140625,0.35638488432320437,2,limited,0,1,0,1,matched_support_present,CMPD025754,0.395,0.265,0.22666666666666666,0.2783333333333334,0.23666666666666666,0.225,0.4116666666666667,0.35333333333333333
COAD_AXIS_138,COAD,123,Xyloidone | ACHE/HR,Xyloidone,ACHE,HR,Myeloid,0.4473164897828529,0.9926616682037293,0.0,0.0,0.5375,0.37625,0.5375,1.0,0.35,0.0,unprognostic (2.03e-2),0.0203,0.0,unprognostic (2.82e-1),0.282,0.0,no_hit,,,0.0,0,0,,0.3466332872928176,target_class,chlorpyrifos,0.980879251548097,0.40780386740331487,5,27,ACHE,0.54140625,target_class,PRIMA-1,12.79299479543715,0.6369485294117647,1,48,ACHE:|:TP53,0.54140625,0.35638488432320437,2,limited,0,1,0,1,matched_support_present,CMPD025893,0.39,0.295,0.3466666666666667,0.4033333333333333,0.32583333333333336,0.355,0.435,0.34
COAD_AXIS_130,COAD,124,Sumatrol | ACHE/HR,Sumatrol,ACHE,HR,Myeloid,0.4473112944268817,0.9926616682037293,0.0,0.0,0.5375,0.37625,0.5375,1.0,0.35,0.0,unprognostic (2.03e-2),0.0203,0.0,unprognostic (2.82e-1),0.282,0.0,no_hit,,,0.0,0,0,,0.3466332872928176,target_class,chlorpyrifos,0.980879251548097,0.40780386740331487,5,27,ACHE,0.54140625,target_class,PRIMA-1,12.79299479543715,0.6369485294117647,1,48,ACHE:|:TP53,0.54140625,0.35638488432320437,2,limited,0,1,0,1,matched_support_present,CMPD024776,0.385,0.3,0.34833333333333333,0.40166666666666667,0.33,0.36000000000000004,0.43,0.34500000000000003
COAD_AXIS_125,COAD,125,Anhydroicaritin | ACHE/HR,Anhydroicaritin,ACHE,HR,Myeloid,0.4472652484865411,0.9926616682037293,0.0,0.0,0.5375,0.37625,0.5375,1.0,0.35,0.0,unprognostic (2.03e-2),0.0203,0.0,unprognostic (2.82e-1),0.282,0.0,no_hit,,,0.0,0,0,,0.3466332872928176,target_class,chlorpyrifos,0.980879251548097,0.40780386740331487,5,27,ACHE,0.54140625,target_class,PRIMA-1,12.79299479543715,0.6369485294117647,1,48,ACHE:|:TP53,0.54140625,0.35638488432320437,2,limited,0,1,0,1,matched_support_present,CMPD025911,0.38,0.40166666666666667,0.34,0.395,0.42083333333333334,0.41333333333333333,0.4183333333333334,0.39833333333333326
COAD_AXIS_121,COAD,126,isodihydrofutoquinol a | ACHE/HR,isodihydrofutoquinol a,ACHE,HR,Myeloid,0.4472425324200726,0.9926616682037293,0.0,0.0,0.5375,0.37625,0.5375,1.0,0.35,0.0,unprognostic (2.03e-2),0.0203,0.0,unprognostic (2.82e-1),0.282,0.0,no_hit,,,0.0,0,0,,0.3466332872928176,target_class,chlorpyrifos,0.980879251548097,0.40780386740331487,5,27,ACHE,0.54140625,target_class,PRIMA-1,12.79299479543715,0.6369485294117647,1,48,ACHE:|:TP53,0.54140625,0.35638488432320437,2,limited,0,1,0,1,matched_support_present,CMPD026110,0.375,0.37833333333333335,0.27999999999999997,0.36166666666666664,0.34833333333333333,0.41500000000000004,0.375,0.38833333333333336
COAD_AXIS_135,COAD,127,Dihydrocorynantheine | ACHE/HR,Dihydrocorynantheine,ACHE,HR,Myeloid,0.4472361842989349,0.9926616682037293,0.0,0.0,0.5375,0.37625,0.5375,1.0,0.35,0.0,unprognostic (2.03e-2),0.0203,0.0,unprognostic (2.82e-1),0.282,0.0,no_hit,,,0.0,0,0,,0.3466332872928176,target_class,chlorpyrifos,0.980879251548097,0.40780386740331487,5,27,ACHE,0.54140625,target_class,PRIMA-1,12.79299479543715,0.6369485294117647,1,48,ACHE:|:TP53,0.54140625,0.35638488432320437,2,limited,0,1,0,1,matched_support_present,CMPD025399,0.37,0.32,0.46,0.285,0.25,0.36833333333333335,0.40499999999999997,0.30833333333333335
COAD_AXIS_132,COAD,128,Glabridin | ACHE/HR,Glabridin,ACHE,HR,Myeloid,0.4472353417244743,0.9926616682037293,0.0,0.0,0.5375,0.37625,0.5375,1.0,0.35,0.0,unprognostic (2.03e-2),0.0203,0.0,unprognostic (2.82e-1),0.282,0.0,no_hit,,,0.0,0,0,,0.3466332872928176,target_class,chlorpyrifos,0.980879251548097,0.40780386740331487,5,27,ACHE,0.54140625,target_class,PRIMA-1,12.79299479543715,0.6369485294117647,1,48,ACHE:|:TP53,0.54140625,0.35638488432320437,2,limited,0,1,0,1,matched_support_present,CMPD025302,0.365,0.3116666666666667,0.3566666666666667,0.39999999999999997,0.30416666666666664,0.37166666666666665,0.4183333333333333,0.3566666666666667
COAD_AXIS_126,COAD,129,7-Methoxy-2-methyl isoflavone | ACHE/HR,7-Methoxy-2-methyl isoflavone,ACHE,HR,Myeloid,0.4472242727990951,0.9926616682037293,0.0,0.0,0.5375,0.37625,0.5375,1.0,0.35,0.0,unprognostic (2.03e-2),0.0203,0.0,unprognostic (2.82e-1),0.282,0.0,no_hit,,,0.0,0,0,,0.3466332872928176,target_class,chlorpyrifos,0.980879251548097,0.40780386740331487,5,27,ACHE,0.54140625,target_class,PRIMA-1,12.79299479543715,0.6369485294117647,1,48,ACHE:|:TP53,0.54140625,0.35638488432320437,2,limited,0,1,0,1,matched_support_present,CMPD025112,0.36,0.31666666666666665,0.35833333333333334,0.39833333333333326,0.3025,0.37666666666666665,0.41333333333333333,0.36166666666666664
COAD_AXIS_123,COAD,130,Dinatin | ACHE/HR,Dinatin,ACHE,HR,Myeloid,0.4471982657788795,0.9926616682037293,0.0,0.0,0.5375,0.37625,0.5375,1.0,0.35,0.0,unprognostic (2.03e-2),0.0203,0.0,unprognostic (2.82e-1),0.282,0.0,no_hit,,,0.0,0,0,,0.3466332872928176,target_class,chlorpyrifos,0.980879251548097,0.40780386740331487,5,27,ACHE,0.54140625,target_class,PRIMA-1,12.79299479543715,0.6369485294117647,1,48,ACHE:|:TP53,0.54140625,0.35638488432320437,2,limited,0,1,0,1,matched_support_present,CMPD024927,0.355,0.3516666666666666,0.42,0.3233333333333333,0.3233333333333333,0.4166666666666667,0.38833333333333336,0.3466666666666667
COAD_AXIS_122,COAD,131,Noscapine | ACHE/HR,Noscapine,ACHE,HR,Myeloid,0.4471770992251562,0.9926616682037293,0.0,0.0,0.5375,0.37625,0.5375,1.0,0.35,0.0,unprognostic (2.03e-2),0.0203,0.0,unprognostic (2.82e-1),0.282,0.0,no_hit,,,0.0,0,0,,0.3466332872928176,target_class,chlorpyrifos,0.980879251548097,0.40780386740331487,5,27,ACHE,0.54140625,target_class,PRIMA-1,12.79299479543715,0.6369485294117647,1,48,ACHE:|:TP53,0.54140625,0.35638488432320437,2,limited,0,1,0,1,matched_support_present,CMPD026195,0.35,0.405,0.33499999999999996,0.355,0.3841666666666666,0.44333333333333336,0.43333333333333335,0.4083333333333334
COAD_AXIS_129,COAD,132,Salvilenone | ACHE/HR,Salvilenone,ACHE,HR,Myeloid,0.4471727709142846,0.9926616682037293,0.0,0.0,0.5375,0.37625,0.5375,1.0,0.35,0.0,unprognostic (2.03e-2),0.0203,0.0,unprognostic (2.82e-1),0.282,0.0,no_hit,,,0.0,0,0,,0.3466332872928176,target_class,chlorpyrifos,0.980879251548097,0.40780386740331487,5,27,ACHE,0.54140625,target_class,PRIMA-1,12.79299479543715,0.6369485294117647,1,48,ACHE:|:TP53,0.54140625,0.35638488432320437,2,limited,0,1,0,1,matched_support_present,CMPD025156,0.345,0.36000000000000004,0.4283333333333334,0.325,0.3033333333333333,0.425,0.37999999999999995,0.355
COAD_AXIS_139,COAD,133,Luteanin | ACHE/HR,Luteanin,ACHE,HR,Myeloid,0.4471640729264007,0.9926616682037293,0.0,0.0,0.5375,0.37625,0.5375,1.0,0.35,0.0,unprognostic (2.03e-2),0.0203,0.0,unprognostic (2.82e-1),0.282,0.0,no_hit,,,0.0,0,0,,0.3466332872928176,target_class,chlorpyrifos,0.980879251548097,0.40780386740331487,5,27,ACHE,0.54140625,target_class,PRIMA-1,12.79299479543715,0.6369485294117647,1,48,ACHE:|:TP53,0.54140625,0.35638488432320437,2,limited,0,1,0,1,matched_support_present,CMPD026150,0.34,0.365,0.43333333333333335,0.32666666666666666,0.3033333333333333,0.43,0.375,0.36000000000000004
COAD_AXIS_134,COAD,134,Isocryptanshinone | ACHE/HR,Isocryptanshinone,ACHE,HR,Myeloid,0.4471480086995774,0.9926616682037293,0.0,0.0,0.5375,0.37625,0.5375,1.0,0.35,0.0,unprognostic (2.03e-2),0.0203,0.0,unprognostic (2.82e-1),0.282,0.0,no_hit,,,0.0,0,0,,0.3466332872928176,target_class,chlorpyrifos,0.980879251548097,0.40780386740331487,5,27,ACHE,0.54140625,target_class,PRIMA-1,12.79299479543715,0.6369485294117647,1,48,ACHE:|:TP53,0.54140625,0.35638488432320437,2,limited,0,1,0,1,matched_support_present,CMPD025143,0.335,0.43,0.365,0.3933333333333333,0.3925,0.44166666666666665,0.38833333333333336,0.4266666666666667
COAD_AXIS_133,COAD,135,Gancaonin A | ACHE/HR,Gancaonin A,ACHE,HR,Myeloid,0.4471244094675624,0.9926616682037293,0.0,0.0,0.5375,0.37625,0.5375,1.0,0.35,0.0,unprognostic (2.03e-2),0.0203,0.0,unprognostic (2.82e-1),0.282,0.0,no_hit,,,0.0,0,0,,0.3466332872928176,target_class,chlorpyrifos,0.980879251548097,0.40780386740331487,5,27,ACHE,0.54140625,target_class,PRIMA-1,12.79299479543715,0.6369485294117647,1,48,ACHE:|:TP53,0.54140625,0.35638488432320437,2,limited,0,1,0,1,matched_support_present,CMPD025287,0.33,0.37333333333333335,0.44166666666666665,0.3283333333333333,0.295,0.4383333333333333,0.3666666666666667,0.36999999999999994
COAD_AXIS_136,COAD,136,Pisatin | ACHE/HR,Pisatin,ACHE,HR,Myeloid,0.4471199006621286,0.9926616682037293,0.0,0.0,0.5375,0.37625,0.5375,1.0,0.35,0.0,unprognostic (2.03e-2),0.0203,0.0,unprognostic (2.82e-1),0.282,0.0,no_hit,,,0.0,0,0,,0.3466332872928176,target_class,chlorpyrifos,0.980879251548097,0.40780386740331487,5,27,ACHE,0.54140625,target_class,PRIMA-1,12.79299479543715,0.6369485294117647,1,48,ACHE:|:TP53,0.54140625,0.35638488432320437,2,limited,0,1,0,1,matched_support_present,CMPD024991,0.325,0.42333333333333334,0.35333333333333333,0.3566666666666667,0.38000000000000006,0.46166666666666667,0.41500000000000004,0.4283333333333333
COAD_AXIS_128,COAD,137,Rhynchophylline | ACHE/HR,Rhynchophylline,ACHE,HR,Myeloid,0.4470758033817855,0.9926616682037293,0.0,0.0,0.5375,0.37625,0.5375,1.0,0.35,0.0,unprognostic (2.03e-2),0.0203,0.0,unprognostic (2.82e-1),0.282,0.0,no_hit,,,0.0,0,0,,0.3466332872928176,target_class,chlorpyrifos,0.980879251548097,0.40780386740331487,5,27,ACHE,0.54140625,target_class,PRIMA-1,12.79299479543715,0.6369485294117647,1,48,ACHE:|:TP53,0.54140625,0.35638488432320437,2,limited,0,1,0,1,matched_support_present,CMPD025391,0.32,0.4283333333333334,0.35833333333333334,0.35833333333333334,0.37833333333333335,0.4666666666666666,0.41,0.43333333333333335
COAD_AXIS_140,COAD,138,Zizyphusine | ACHE/HR,Zizyphusine,ACHE,HR,Myeloid,0.4470558653301505,0.9926616682037293,0.0,0.0,0.5375,0.37625,0.5375,1.0,0.35,0.0,unprognostic (2.03e-2),0.0203,0.0,unprognostic (2.82e-1),0.282,0.0,no_hit,,,0.0,0,0,,0.3466332872928176,target_class,chlorpyrifos,0.980879251548097,0.40780386740331487,5,27,ACHE,0.54140625,target_class,PRIMA-1,12.79299479543715,0.6369485294117647,1,48,ACHE:|:TP53,0.54140625,0.35638488432320437,2,limited,0,1,0,1,matched_support_present,CMPD026024,0.315,0.445,0.37666666666666665,0.39166666666666666,0.385,0.4566666666666667,0.37333333333333335,0.44333333333333336
COAD_AXIS_153,COAD,139,Allopseudococain | SLC6A2/MYB,Allopseudococain,SLC6A2,MYB,T_NK_ILC,0.43774784316373,0.9333333333333332,0.0,0.0,0.625,0.46374999999999994,0.625,1.0,0.7,0.0,,,0.0,unprognostic (1.87e-1),0.187,0.0,no_hit,,,0.0,0,0,,0.17874654696132594,target_class,maprotiline,1.18116936023999,0.21029005524861877,5,27,"ADRA1A, ADRA1B, ADRA1D, ADRA2A, ADRA2B, ADRA2C, CHRM1, CHRM2, CHRM3, CHRM4, CHRM5, DRD2, HRH1, HTR2A, HTR2C, HTR7, SLC6A2",0.0,no_hit,,,0.0,0,0,,0.17874654696132594,0.2009366367403315,1,limited,0,1,0,0,matched_support_present,CMPD025856,0.31,0.315,0.21,0.43,0.31,0.2733333333333334,0.26833333333333337,0.29833333333333334
COAD_AXIS_107,COAD,140,Alpha-lipoic acid | ACHE/TFAP2A,Alpha-lipoic acid,ACHE,TFAP2A,Myeloid,0.4371591208412705,0.9903990119807774,0.0,0.0,0.5375,0.4375,0.5375,1.0,0.35,0.0,unprognostic (2.03e-2),0.0203,0.0,unprognostic (5.60e-2),0.056,0.12269372693726932,direct_compound,alpha-lipoic acid,0.9773125,0.12269372693726932,1,42,Metabolism,0.3466332872928176,target_class,chlorpyrifos,0.980879251548097,0.40780386740331487,5,27,ACHE,0.54140625,target_class,PRIMA-1,12.79299479543715,0.6369485294117647,1,48,ACHE:|:TP53,0.54140625,0.3870583160575217,2,limited,1,1,0,1,matched_support_present,CMPD063162,0.305,0.15666666666666665,0.27666666666666667,0.37333333333333335,0.255,0.25166666666666665,0.36333333333333334,0.21666666666666667
COAD_AXIS_116,COAD,141,"1,2-dimethylbenzene | ACHE/TFAP2A","1,2-dimethylbenzene",ACHE,TFAP2A,Myeloid,0.4365351422518652,0.9903990119807774,0.0,0.0,0.5375,0.4375,0.5375,1.0,0.35,0.0,unprognostic (2.03e-2),0.0203,0.0,unprognostic (5.60e-2),0.056,0.0,no_hit,,,0.0,0,0,,0.3466332872928176,target_class,chlorpyrifos,0.980879251548097,0.40780386740331487,5,27,ACHE,0.54140625,target_class,PRIMA-1,12.79299479543715,0.6369485294117647,1,48,ACHE:|:TP53,0.54140625,0.35638488432320437,2,limited,0,1,0,1,matched_support_present,CMPD013394,0.3,0.19833333333333333,0.2866666666666667,0.32666666666666666,0.3283333333333333,0.28,0.33166666666666667,0.18499999999999997
COAD_AXIS_118,COAD,142,Pcr | ACHE/TFAP2A,Pcr,ACHE,TFAP2A,Myeloid,0.436444569453786,0.9903990119807774,0.0,0.0,0.5375,0.4375,0.5375,1.0,0.35,0.0,unprognostic (2.03e-2),0.0203,0.0,unprognostic (5.60e-2),0.056,0.0,no_hit,,,0.0,0,0,,0.3466332872928176,target_class,chlorpyrifos,0.980879251548097,0.40780386740331487,5,27,ACHE,0.54140625,target_class,PRIMA-1,12.79299479543715,0.6369485294117647,1,48,ACHE:|:TP53,0.54140625,0.35638488432320437,2,limited,0,1,0,1,matched_support_present,CMPD013120,0.295,0.16666666666666666,0.255,0.4116666666666666,0.3233333333333333,0.27666666666666667,0.35000000000000003,0.20166666666666666
COAD_AXIS_117,COAD,143,M-xylene | ACHE/TFAP2A,M-xylene,ACHE,TFAP2A,Myeloid,0.4363984473993007,0.9903990119807774,0.0,0.0,0.5375,0.4375,0.5375,1.0,0.35,0.0,unprognostic (2.03e-2),0.0203,0.0,unprognostic (5.60e-2),0.056,0.0,no_hit,,,0.0,0,0,,0.3466332872928176,target_class,chlorpyrifos,0.980879251548097,0.40780386740331487,5,27,ACHE,0.54140625,target_class,PRIMA-1,12.79299479543715,0.6369485294117647,1,48,ACHE:|:TP53,0.54140625,0.35638488432320437,2,limited,0,1,0,1,matched_support_present,CMPD004807,0.29,0.23166666666666666,0.15166666666666667,0.35333333333333333,0.36166666666666664,0.2783333333333333,0.3033333333333333,0.245
COAD_AXIS_119,COAD,144,Toluene | ACHE/TFAP2A,Toluene,ACHE,TFAP2A,Myeloid,0.4362562975599263,0.9903990119807774,0.0,0.0,0.5375,0.4375,0.5375,1.0,0.35,0.0,unprognostic (2.03e-2),0.0203,0.0,unprognostic (5.60e-2),0.056,0.0,no_hit,,,0.0,0,0,,0.3466332872928176,target_class,chlorpyrifos,0.980879251548097,0.40780386740331487,5,27,ACHE,0.54140625,target_class,PRIMA-1,12.79299479543715,0.6369485294117647,1,48,ACHE:|:TP53,0.54140625,0.35638488432320437,2,limited,0,1,0,1,matched_support_present,CMPD004917,0.285,0.21333333333333335,0.29833333333333334,0.3183333333333333,0.3183333333333333,0.2833333333333333,0.3183333333333333,0.19666666666666666
COAD_AXIS_114,COAD,145,Dihydrotanshinoneⅰ | ACHE/TFAP2A,Dihydrotanshinoneⅰ,ACHE,TFAP2A,Myeloid,0.4362214070778706,0.9903990119807774,0.0,0.0,0.5375,0.4375,0.5375,1.0,0.35,0.0,unprognostic (2.03e-2),0.0203,0.0,unprognostic (5.60e-2),0.056,0.0,no_hit,,,0.0,0,0,,0.3466332872928176,target_class,chlorpyrifos,0.980879251548097,0.40780386740331487,5,27,ACHE,0.54140625,target_class,PRIMA-1,12.79299479543715,0.6369485294117647,1,48,ACHE:|:TP53,0.54140625,0.35638488432320437,2,limited,0,1,0,1,matched_support_present,CMPD025140,0.28,0.265,0.18000000000000002,0.3566666666666667,0.40166666666666667,0.3566666666666667,0.36833333333333335,0.27
COAD_AXIS_120,COAD,146,Glabranin | ACHE/TFAP2A,Glabranin,ACHE,TFAP2A,Myeloid,0.4362042701191735,0.9903990119807774,0.0,0.0,0.5375,0.4375,0.5375,1.0,0.35,0.0,unprognostic (2.03e-2),0.0203,0.0,unprognostic (5.60e-2),0.056,0.0,no_hit,,,0.0,0,0,,0.3466332872928176,target_class,chlorpyrifos,0.980879251548097,0.40780386740331487,5,27,ACHE,0.54140625,target_class,PRIMA-1,12.79299479543715,0.6369485294117647,1,48,ACHE:|:TP53,0.54140625,0.35638488432320437,2,limited,0,1,0,1,matched_support_present,CMPD025303,0.275,0.27666666666666667,0.20166666666666666,0.3416666666666666,0.3933333333333333,0.3566666666666667,0.37333333333333335,0.28833333333333333
COAD_AXIS_108,COAD,147,Alpha-lipoic acid | ACHE/HR,Alpha-lipoic acid,ACHE,HR,Myeloid,0.4336724267357536,0.9926616682037293,0.0,0.0,0.5375,0.37625,0.5375,1.0,0.35,0.0,unprognostic (2.03e-2),0.0203,0.0,unprognostic (2.82e-1),0.282,0.12269372693726932,direct_compound,alpha-lipoic acid,0.9773125,0.12269372693726932,1,42,Metabolism,0.3466332872928176,target_class,chlorpyrifos,0.980879251548097,0.40780386740331487,5,27,ACHE,0.54140625,target_class,PRIMA-1,12.79299479543715,0.6369485294117647,1,48,ACHE:|:TP53,0.54140625,0.3870583160575217,2,limited,1,1,0,1,matched_support_present,CMPD063162,0.27,0.25666666666666665,0.30833333333333335,0.3416666666666666,0.25333333333333335,0.2916666666666667,0.355,0.26666666666666666
COAD_AXIS_161,COAD,148,Allopseudococain | SLC6A2/MYB,Allopseudococain,SLC6A2,MYB,Myeloid,0.43148485490252,1.0,0.0,0.0,0.625,0.46374999999999994,0.625,1.0,0.7,0.0,,,0.0,unprognostic (1.87e-1),0.187,0.0,no_hit,,,0.0,0,0,,0.17874654696132594,target_class,maprotiline,1.18116936023999,0.21029005524861877,5,27,"ADRA1A, ADRA1B, ADRA1D, ADRA2A, ADRA2B, ADRA2C, CHRM1, CHRM2, CHRM3, CHRM4, CHRM5, DRD2, HRH1, HTR2A, HTR2C, HTR7, SLC6A2",0.0,no_hit,,,0.0,0,0,,0.17874654696132594,0.2009366367403315,1,limited,0,1,0,0,matched_support_present,CMPD025856,0.265,0.27666666666666667,0.18833333333333335,0.44166666666666665,0.32666666666666666,0.2316666666666667,0.2783333333333333,0.245
COAD_AXIS_171,COAD,149,Physovenine | ACHE/JUN,Physovenine,ACHE,JUN,Fibroblast_CAF,0.4309798006035071,0.7999999999999999,0.0,0.0,0.5375,0.37625,0.5375,1.0,0.35,0.0,unprognostic (2.03e-2),0.0203,0.0,unprognostic (3.67e-2),0.0367,0.0,no_hit,,,0.0,0,0,,0.63541091160221,tf_or_regulator_class,vinblastine,0.467749748482417,0.9775552486187845,2,27,"JUN, TUBA1A, TUBB, TUBD1, TUBE1, TUBG1",0.54140625,target_class,PRIMA-1,12.79299479543715,0.6369485294117647,1,48,ACHE:|:TP53,0.63541091160221,0.42857929040055254,3,moderate,0,1,1,1,matched_support_present,CMPD025553,0.26,0.13333333333333333,0.18833333333333332,0.09166666666666667,0.19166666666666665,0.085,0.24833333333333332,0.22166666666666668
COAD_AXIS_145,COAD,150,Indirubin | CDK1/E2F1,Indirubin,CDK1,E2F1,Fibroblast_CAF,0.4303507479448958,0.7999999999999999,0.0,0.0,0.5375,0.37625,0.5375,1.0,0.35,0.0,unprognostic (1.94e-1),0.194,0.0,unprognostic (1.96e-1),0.196,0.8084409594095942,target_class,Dinaciclib,0.635115,0.9511070110701108,4,46,"CDK1, CDK2, CDK5, CDK9",0.7910048342541437,target_class,alvocidib,0.606239361454127,0.9305939226519337,16,27,"CDK1, CDK2, CDK4, CDK5, CDK6, CDK7, CDK8, CDK9, EGFR, PYGM",0.8476562499999999,target_class,Dinaciclib,5.33015688680595,0.9972426470588235,6,48,CDK1:|:CDK2:|:CDK5:|:CDK9,0.8476562499999999,0.7461505109159344,4,strong,0,1,1,1,matched_support_present,CMPD025163,0.255,0.18666666666666665,0.2916666666666667,0.13,0.19333333333333336,0.14666666666666667,0.2316666666666667,0.27666666666666667
COAD_AXIS_143,COAD,151,Physovenine | ACHE/MYC,Physovenine,ACHE,MYC,Fibroblast_CAF,0.4297484510900937,0.7999999999999999,0.0,0.0,0.5375,0.37625,0.5375,1.0,0.35,0.0,unprognostic (2.03e-2),0.0203,0.0,unprognostic (1.31e-1),0.131,0.0,no_hit,,,0.0,0,0,,0.3466332872928176,target_class,chlorpyrifos,0.980879251548097,0.40780386740331487,5,27,ACHE,0.54140625,target_class,PRIMA-1,12.79299479543715,0.6369485294117647,1,48,ACHE:|:TP53,0.54140625,0.35638488432320437,2,limited,0,1,0,1,matched_support_present,CMPD025553,0.25,0.14666666666666667,0.145,0.07666666666666666,0.19833333333333333,0.12166666666666666,0.28,0.2833333333333333
COAD_AXIS_157,COAD,152,Baicalein | CDK1/E2F1,Baicalein,CDK1,E2F1,Fibroblast_CAF,0.4294928207226987,0.7999999999999999,0.0,0.0,0.5375,0.37625,0.5375,1.0,0.35,0.0,unprognostic (1.94e-1),0.194,0.0,unprognostic (1.96e-1),0.196,0.8084409594095942,target_class,Dinaciclib,0.635115,0.9511070110701108,4,46,"CDK1, CDK2, CDK5, CDK9",0.7910048342541437,target_class,alvocidib,0.606239361454127,0.9305939226519337,16,27,"CDK1, CDK2, CDK4, CDK5, CDK6, CDK7, CDK8, CDK9, EGFR, PYGM",0.8476562499999999,target_class,Dinaciclib,5.33015688680595,0.9972426470588235,6,48,CDK1:|:CDK2:|:CDK5:|:CDK9,0.8476562499999999,0.7461505109159344,4,strong,0,1,1,1,matched_support_present,CMPD024946,0.245,0.205,0.30833333333333335,0.235,0.24833333333333332,0.23666666666666666,0.23666666666666666,0.2733333333333333
COAD_AXIS_148,COAD,153,Quercetin | CDK1/MYC,Quercetin,CDK1,MYC,Fibroblast_CAF,0.4293052936987406,0.7999999999999999,0.0,0.0,0.5375,0.37625,0.5375,1.0,0.35,0.0,unprognostic (1.94e-1),0.194,0.0,unprognostic (1.31e-1),0.131,0.8084409594095942,target_class,Dinaciclib,0.635115,0.9511070110701108,4,46,"CDK1, CDK2, CDK5, CDK9",0.7910048342541437,target_class,alvocidib,0.606239361454127,0.9305939226519337,16,27,"CDK1, CDK2, CDK4, CDK5, CDK6, CDK7, CDK8, CDK9, EGFR, PYGM",0.8476562499999999,target_class,Dinaciclib,5.33015688680595,0.9972426470588235,6,48,CDK1:|:CDK2:|:CDK5:|:CDK9,0.8476562499999999,0.7461505109159344,4,strong,0,1,1,1,matched_support_present,CMPD024770,0.24,0.29333333333333333,0.3516666666666666,0.19666666666666666,0.2816666666666667,0.22666666666666666,0.24833333333333332,0.37999999999999995
COAD_AXIS_109,COAD,154,Eriodyctiol (flavanone) | HSP90AB1/HSF1,Eriodyctiol (flavanone),HSP90AB1,HSF1,Myeloid,0.4248604188926333,0.7560561134129616,0.0,0.0,0.5375,0.37625,0.5375,1.0,0.35,0.0,unprognostic (3.94e-2),0.0394,0.0,unprognostic (6.32e-2),0.0632,0.4934963099630996,tf_or_regulator_class,CCT245232,0.8461185,0.7592250922509225,2,44,HSF1,0.8050932320441989,target_class,NVP-AUY922,0.5754606584758397,0.9471685082872928,1,27,"HSP90AA1, HSP90AB1",0.0,no_hit,,,0.0,0,0,,0.8050932320441989,0.4590223855018246,2,moderate,0,1,1,1,matched_support_present,CMPD025188,0.235,0.26166666666666666,0.20833333333333334,0.39166666666666666,0.19333333333333333,0.32833333333333337,0.20333333333333334,0.24166666666666667
COAD_AXIS_149,COAD,155,Physovenine | ACHE/SSRP1,Physovenine,ACHE,SSRP1,Myeloid,0.4238070854476703,0.7933913303440004,0.0,0.0,0.5375,0.37625,0.5375,1.0,0.35,0.0,unprognostic (2.03e-2),0.0203,0.0,unprognostic (3.82e-1),0.382,0.0,no_hit,,,0.0,0,0,,0.3466332872928176,target_class,chlorpyrifos,0.980879251548097,0.40780386740331487,5,27,ACHE,0.54140625,target_class,PRIMA-1,12.79299479543715,0.6369485294117647,1,48,ACHE:|:TP53,0.54140625,0.35638488432320437,2,limited,0,1,0,1,matched_support_present,CMPD025553,0.23,0.26999999999999996,0.15833333333333333,0.07333333333333335,0.16333333333333333,0.21333333333333335,0.25166666666666665,0.29
COAD_AXIS_190,COAD,156,Quercetin | ACHE/SSRP1,Quercetin,ACHE,SSRP1,Myeloid,0.4238029157436238,0.7933913303440004,0.0,0.0,0.5375,0.37625,0.5375,1.0,0.35,0.0,unprognostic (2.03e-2),0.0203,0.0,unprognostic (3.82e-1),0.382,0.0,no_hit,,,0.0,0,0,,0.3466332872928176,target_class,chlorpyrifos,0.980879251548097,0.40780386740331487,5,27,ACHE,0.54140625,target_class,PRIMA-1,12.79299479543715,0.6369485294117647,1,48,ACHE:|:TP53,0.54140625,0.35638488432320437,2,limited,0,1,0,1,matched_support_present,CMPD024770,0.225,0.21333333333333335,0.21833333333333335,0.10333333333333333,0.08666666666666667,0.15833333333333333,0.22,0.31
COAD_AXIS_177,COAD,157,Quercetin | CDK1/E2F4,Quercetin,CDK1,E2F4,Fibroblast_CAF,0.41926760582181,0.7999999999999999,0.0,0.0,0.5375,0.37625,0.5375,1.0,0.35,0.0,unprognostic (1.94e-1),0.194,0.0,unprognostic (3.85e-2),0.0385,0.8084409594095942,target_class,Dinaciclib,0.635115,0.9511070110701108,4,46,"CDK1, CDK2, CDK5, CDK9",0.7910048342541437,target_class,alvocidib,0.606239361454127,0.9305939226519337,16,27,"CDK1, CDK2, CDK4, CDK5, CDK6, CDK7, CDK8, CDK9, EGFR, PYGM",0.8476562499999999,target_class,Dinaciclib,5.33015688680595,0.9972426470588235,6,48,CDK1:|:CDK2:|:CDK5:|:CDK9,0.8476562499999999,0.7461505109159344,4,strong,0,1,1,1,matched_support_present,CMPD024770,0.22,0.3,0.3283333333333333,0.19166666666666665,0.2733333333333333,0.225,0.22999999999999998,0.3233333333333333
COAD_AXIS_104,COAD,158,Deltoin | ACHE/JUN,Deltoin,ACHE,JUN,Myeloid,0.417941789308487,0.6027915643979128,0.0,0.0,0.5375,0.37625,0.5375,1.0,0.35,0.0,unprognostic (2.03e-2),0.0203,0.0,unprognostic (3.67e-2),0.0367,0.0,no_hit,,,0.0,0,0,,0.63541091160221,tf_or_regulator_class,vinblastine,0.467749748482417,0.9775552486187845,2,27,"JUN, TUBA1A, TUBB, TUBD1, TUBE1, TUBG1",0.54140625,target_class,PRIMA-1,12.79299479543715,0.6369485294117647,1,48,ACHE:|:TP53,0.63541091160221,0.42857929040055254,3,moderate,0,1,1,1,matched_support_present,CMPD025264,0.215,0.2733333333333334,0.31666666666666665,0.15833333333333333,0.27499999999999997,0.25166666666666665,0.08666666666666667,0.17833333333333334
COAD_AXIS_105,COAD,159,Dihydrosanguinarine | ACHE/JUN,Dihydrosanguinarine,ACHE,JUN,Myeloid,0.4177169343810286,0.6027915643979128,0.0,0.0,0.5375,0.37625,0.5375,1.0,0.35,0.0,unprognostic (2.03e-2),0.0203,0.0,unprognostic (3.67e-2),0.0367,0.0,no_hit,,,0.0,0,0,,0.63541091160221,tf_or_regulator_class,vinblastine,0.467749748482417,0.9775552486187845,2,27,"JUN, TUBA1A, TUBB, TUBD1, TUBE1, TUBG1",0.54140625,target_class,PRIMA-1,12.79299479543715,0.6369485294117647,1,48,ACHE:|:TP53,0.63541091160221,0.42857929040055254,3,moderate,0,1,1,1,matched_support_present,CMPD024843,0.21,0.19833333333333333,0.37166666666666665,0.17333333333333334,0.15166666666666667,0.20833333333333334,0.07333333333333333,0.12666666666666668
COAD_AXIS_103,COAD,160,Pectolinarigenin | ACHE/JUN,Pectolinarigenin,ACHE,JUN,Myeloid,0.4177106335420891,0.6027915643979128,0.0,0.0,0.5375,0.37625,0.5375,1.0,0.35,0.0,unprognostic (2.03e-2),0.0203,0.0,unprognostic (3.67e-2),0.0367,0.0,no_hit,,,0.0,0,0,,0.63541091160221,tf_or_regulator_class,vinblastine,0.467749748482417,0.9775552486187845,2,27,"JUN, TUBA1A, TUBB, TUBD1, TUBE1, TUBG1",0.54140625,target_class,PRIMA-1,12.79299479543715,0.6369485294117647,1,48,ACHE:|:TP53,0.63541091160221,0.42857929040055254,3,moderate,0,1,1,1,matched_support_present,CMPD026190,0.205,0.255,0.32666666666666666,0.145,0.23500000000000001,0.245,0.08,0.17333333333333334
COAD_AXIS_101,COAD,161,Kaempferol | ACHE/JUN,Kaempferol,ACHE,JUN,Myeloid,0.4176224651333201,0.6027915643979128,0.0,0.0,0.5375,0.37625,0.5375,1.0,0.35,0.0,unprognostic (2.03e-2),0.0203,0.0,unprognostic (3.67e-2),0.0367,0.0,no_hit,,,0.0,0,0,,0.63541091160221,tf_or_regulator_class,vinblastine,0.467749748482417,0.9775552486187845,2,27,"JUN, TUBA1A, TUBB, TUBD1, TUBE1, TUBG1",0.54140625,target_class,PRIMA-1,12.79299479543715,0.6369485294117647,1,48,ACHE:|:TP53,0.63541091160221,0.42857929040055254,3,moderate,0,1,1,1,matched_support_present,CMPD024768,0.2,0.18499999999999997,0.19499999999999998,0.03666666666666667,0.07166666666666667,0.075,0.043333333333333335,0.12166666666666666
COAD_AXIS_112,COAD,162,2-epigalanthamine | ACHE/JUN,2-epigalanthamine,ACHE,JUN,Myeloid,0.4175923770747566,0.6027915643979128,0.0,0.0,0.5375,0.37625,0.5375,1.0,0.35,0.0,unprognostic (2.03e-2),0.0203,0.0,unprognostic (3.67e-2),0.0367,0.0,no_hit,,,0.0,0,0,,0.63541091160221,tf_or_regulator_class,vinblastine,0.467749748482417,0.9775552486187845,2,27,"JUN, TUBA1A, TUBB, TUBD1, TUBE1, TUBG1",0.54140625,target_class,PRIMA-1,12.79299479543715,0.6369485294117647,1,48,ACHE:|:TP53,0.63541091160221,0.42857929040055254,3,moderate,0,1,1,1,matched_support_present,CMPD013588,0.195,0.20666666666666667,0.365,0.25333333333333335,0.205,0.225,0.09999999999999999,0.15166666666666667
COAD_AXIS_102,COAD,163,Physostigmine | ACHE/JUN,Physostigmine,ACHE,JUN,Myeloid,0.4175723234522135,0.6027915643979128,0.0,0.0,0.5375,0.37625,0.5375,1.0,0.35,0.0,unprognostic (2.03e-2),0.0203,0.0,unprognostic (3.67e-2),0.0367,0.0,no_hit,,,0.0,0,0,,0.63541091160221,tf_or_regulator_class,vinblastine,0.467749748482417,0.9775552486187845,2,27,"JUN, TUBA1A, TUBB, TUBD1, TUBE1, TUBG1",0.54140625,target_class,PRIMA-1,12.79299479543715,0.6369485294117647,1,48,ACHE:|:TP53,0.63541091160221,0.42857929040055254,3,moderate,0,1,1,1,matched_support_present,CMPD016599,0.19,0.13999999999999999,0.25833333333333336,0.105,0.12833333333333333,0.15833333333333333,0.049999999999999996,0.14083333333333334
COAD_AXIS_111,COAD,164,(-)-huperzine a | ACHE/JUN,(-)-huperzine a,ACHE,JUN,Myeloid,0.4175129810463814,0.6027915643979128,0.0,0.0,0.5375,0.37625,0.5375,1.0,0.35,0.0,unprognostic (2.03e-2),0.0203,0.0,unprognostic (3.67e-2),0.0367,0.0,no_hit,,,0.0,0,0,,0.63541091160221,tf_or_regulator_class,vinblastine,0.467749748482417,0.9775552486187845,2,27,"JUN, TUBA1A, TUBB, TUBD1, TUBE1, TUBG1",0.54140625,target_class,PRIMA-1,12.79299479543715,0.6369485294117647,1,48,ACHE:|:TP53,0.63541091160221,0.42857929040055254,3,moderate,0,1,1,1,matched_support_present,CMPD057237,0.185,0.30333333333333334,0.325,0.22333333333333336,0.31666666666666665,0.31666666666666665,0.08333333333333333,0.20333333333333334
COAD_AXIS_151,COAD,165,Quercetin | PLAU/ETS1,Quercetin,PLAU,ETS1,Myeloid,0.4161344015107175,0.7609261677885263,0.0,0.0,0.5375,0.37625,0.5375,1.0,0.35,0.0,unprognostic (2.67e-1),0.267,0.0,unprognostic (3.45e-2),0.0345,0.0,no_hit,,,0.0,0,0,,0.0,no_hit,,,0.0,0,0,,0.0,no_hit,,,0.0,0,0,,0.0,0.134375,1,weak_or_absent,0,0,0,0,matched_support_present,CMPD024770,0.18,0.32666666666666666,0.3116666666666667,0.25666666666666665,0.25333333333333335,0.22999999999999998,0.15833333333333333,0.3233333333333333
COAD_AXIS_146,COAD,166,Quercetin | ACHE/MYC,Quercetin,ACHE,MYC,T_NK_ILC,0.4158396397145004,0.7477893962008962,0.0,0.0,0.5375,0.37625,0.5375,1.0,0.35,0.0,unprognostic (2.03e-2),0.0203,0.0,unprognostic (1.31e-1),0.131,0.0,no_hit,,,0.0,0,0,,0.3466332872928176,target_class,chlorpyrifos,0.980879251548097,0.40780386740331487,5,27,ACHE,0.54140625,target_class,PRIMA-1,12.79299479543715,0.6369485294117647,1,48,ACHE:|:TP53,0.54140625,0.35638488432320437,2,limited,0,1,0,1,matched_support_present,CMPD024770,0.175,0.15666666666666665,0.27499999999999997,0.13999999999999999,0.13333333333333333,0.12833333333333333,0.18499999999999997,0.205
COAD_AXIS_199,COAD,167,Eriodyctiol (flavanone) | HSP90AB1/MYC,Eriodyctiol (flavanone),HSP90AB1,MYC,Myeloid,0.4153605033609892,0.7867730322639038,0.0,0.0,0.5375,0.37625,0.5375,1.0,0.35,0.0,unprognostic (3.94e-2),0.0394,0.0,unprognostic (1.31e-1),0.131,0.0,no_hit,,,0.0,0,0,,0.8050932320441989,target_class,NVP-AUY922,0.5754606584758397,0.9471685082872928,1,27,"HSP90AA1, HSP90AB1",0.0,no_hit,,,0.0,0,0,,0.8050932320441989,0.3356483080110497,2,limited,0,1,0,1,matched_support_present,CMPD025188,0.17,0.17833333333333332,0.235,0.4166666666666667,0.2583333333333333,0.27666666666666667,0.22166666666666668,0.18000000000000002
COAD_AXIS_159,COAD,168,Quercetin | PLAU/HIF1A,Quercetin,PLAU,HIF1A,Myeloid,0.4149570571795076,0.7391772023443485,0.0,0.0,0.5375,0.37625,0.5375,1.0,0.35,0.0,unprognostic (2.67e-1),0.267,0.0,unprognostic (9.20e-2),0.092,0.0,no_hit,,,0.0,0,0,,0.6174551104972377,tf_or_regulator_class,BAY-87-2243,0.572393682478118,0.9499309392265194,3,27,HIF1A,0.0,no_hit,,,0.0,0,0,,0.6174551104972377,0.28873877762430944,2,limited,0,1,0,1,matched_support_present,CMPD024770,0.165,0.315,0.31,0.25333333333333335,0.2833333333333333,0.295,0.18166666666666664,0.3233333333333333
COAD_AXIS_165,COAD,169,Berberine | ACHE/JUN,Berberine,ACHE,JUN,Myeloid,0.4146581147804163,0.6027915643979128,0.0,0.0,0.5375,0.37625,0.5375,1.0,0.35,0.0,unprognostic (2.03e-2),0.0203,0.0,unprognostic (3.67e-2),0.0367,0.0,no_hit,,,0.0,0,0,,0.8042127071823204,direct_compound,berberine,0.814567549469824,0.8042127071823204,1,27,LDLR,0.54140625,target_class,PRIMA-1,12.79299479543715,0.6369485294117647,1,48,ACHE:|:TP53,0.8042127071823204,0.47077973929558015,3,moderate,1,1,1,1,matched_support_present,CMPD024838,0.16,0.18333333333333332,0.32833333333333337,0.2333333333333333,0.19666666666666666,0.19499999999999998,0.07833333333333334,0.11833333333333333
COAD_AXIS_164,COAD,170,Berberine chloride | ACHE/JUN,Berberine chloride,ACHE,JUN,Myeloid,0.4145494185032715,0.6027915643979128,0.0,0.0,0.5375,0.37625,0.5375,1.0,0.35,0.0,unprognostic (2.03e-2),0.0203,0.0,unprognostic (3.67e-2),0.0367,0.0,no_hit,,,0.0,0,0,,0.63541091160221,tf_or_regulator_class,vinblastine,0.467749748482417,0.9775552486187845,2,27,"JUN, TUBA1A, TUBB, TUBD1, TUBE1, TUBG1",0.54140625,target_class,PRIMA-1,12.79299479543715,0.6369485294117647,1,48,ACHE:|:TP53,0.63541091160221,0.42857929040055254,3,moderate,0,1,1,1,matched_support_present,CMPD019676,0.155,0.2783333333333333,0.285,0.19333333333333336,0.30833333333333335,0.25666666666666665,0.06333333333333334,0.16166666666666665
COAD_AXIS_184,COAD,171,Kaempferol | ACHE/MYC,Kaempferol,ACHE,MYC,T_NK_ILC,0.4125827177370793,0.7477893962008962,0.0,0.0,0.5375,0.37625,0.5375,1.0,0.35,0.0,unprognostic (2.03e-2),0.0203,0.0,unprognostic (1.31e-1),0.131,0.0,no_hit,,,0.0,0,0,,0.3466332872928176,target_class,chlorpyrifos,0.980879251548097,0.40780386740331487,5,27,ACHE,0.54140625,target_class,PRIMA-1,12.79299479543715,0.6369485294117647,1,48,ACHE:|:TP53,0.54140625,0.35638488432320437,2,limited,0,1,0,1,matched_support_present,CMPD024768,0.15,0.08666666666666667,0.105,0.04,0.07666666666666666,0.034999999999999996,0.16166666666666665,0.09333333333333332
COAD_AXIS_188,COAD,172,Decursin | ACHE/MYC,Decursin,ACHE,MYC,T_NK_ILC,0.412523353798953,0.7477893962008962,0.0,0.0,0.5375,0.37625,0.5375,1.0,0.35,0.0,unprognostic (2.03e-2),0.0203,0.0,unprognostic (1.31e-1),0.131,0.0,no_hit,,,0.0,0,0,,0.3466332872928176,target_class,chlorpyrifos,0.980879251548097,0.40780386740331487,5,27,ACHE,0.54140625,target_class,PRIMA-1,12.79299479543715,0.6369485294117647,1,48,ACHE:|:TP53,0.54140625,0.35638488432320437,2,limited,0,1,0,1,matched_support_present,CMPD025251,0.145,0.135,0.16833333333333333,0.155,0.26666666666666666,0.13166666666666668,0.20666666666666667,0.14333333333333334
COAD_AXIS_189,COAD,173,Angustidine | ACHE/MYC,Angustidine,ACHE,MYC,T_NK_ILC,0.4123612375893943,0.7477893962008962,0.0,0.0,0.5375,0.37625,0.5375,1.0,0.35,0.0,unprognostic (2.03e-2),0.0203,0.0,unprognostic (1.31e-1),0.131,0.0,no_hit,,,0.0,0,0,,0.3466332872928176,target_class,chlorpyrifos,0.980879251548097,0.40780386740331487,5,27,ACHE,0.54140625,target_class,PRIMA-1,12.79299479543715,0.6369485294117647,1,48,ACHE:|:TP53,0.54140625,0.35638488432320437,2,limited,0,1,0,1,matched_support_present,CMPD025384,0.14,0.11666666666666668,0.125,0.13333333333333333,0.22,0.09333333333333334,0.18333333333333335,0.12666666666666668
COAD_AXIS_187,COAD,174,"methyl (E)-2-[(2S,3Z,12bS)-3-ethylidene-2,4,6,7,12,12b-hexahydro-1H-indolo[3,2-h]quinolizin-2-yl]-3-methoxyprop-2-enoate | ACHE/MYC","methyl (E)-2-[(2S,3Z,12bS)-3-ethylidene-2,4,6,7,12,12b-hexahydro-1H-indolo[3,2-h]quinolizin-2-yl]-3-methoxyprop-2-enoate",ACHE,MYC,T_NK_ILC,0.4122350365329458,0.7477893962008962,0.0,0.0,0.5375,0.37625,0.5375,1.0,0.35,0.0,unprognostic (2.03e-2),0.0203,0.0,unprognostic (1.31e-1),0.131,0.0,no_hit,,,0.0,0,0,,0.3466332872928176,target_class,chlorpyrifos,0.980879251548097,0.40780386740331487,5,27,ACHE,0.54140625,target_class,PRIMA-1,12.79299479543715,0.6369485294117647,1,48,ACHE:|:TP53,0.54140625,0.35638488432320437,2,limited,0,1,0,1,matched_support_present,CMPD025387,0.135,0.08666666666666667,0.25333333333333335,0.16833333333333333,0.14416666666666667,0.12666666666666668,0.18333333333333335,0.09750000000000002
COAD_AXIS_185,COAD,175,Corydalmine | ACHE/MYC,Corydalmine,ACHE,MYC,T_NK_ILC,0.4122237130124725,0.7477893962008962,0.0,0.0,0.5375,0.37625,0.5375,1.0,0.35,0.0,unprognostic (2.03e-2),0.0203,0.0,unprognostic (1.31e-1),0.131,0.0,no_hit,,,0.0,0,0,,0.3466332872928176,target_class,chlorpyrifos,0.980879251548097,0.40780386740331487,5,27,ACHE,0.54140625,target_class,PRIMA-1,12.79299479543715,0.6369485294117647,1,48,ACHE:|:TP53,0.54140625,0.35638488432320437,2,limited,0,1,0,1,matched_support_present,CMPD026148,0.13,0.14666666666666667,0.16333333333333333,0.1466666666666667,0.2558333333333333,0.135,0.19333333333333333,0.14583333333333334
COAD_AXIS_186,COAD,176,Marmesinin | ACHE/MYC,Marmesinin,ACHE,MYC,T_NK_ILC,0.4119635823467695,0.7477893962008962,0.0,0.0,0.5375,0.37625,0.5375,1.0,0.35,0.0,unprognostic (2.03e-2),0.0203,0.0,unprognostic (1.31e-1),0.131,0.0,no_hit,,,0.0,0,0,,0.3466332872928176,target_class,chlorpyrifos,0.980879251548097,0.40780386740331487,5,27,ACHE,0.54140625,target_class,PRIMA-1,12.79299479543715,0.6369485294117647,1,48,ACHE:|:TP53,0.54140625,0.35638488432320437,2,limited,0,1,0,1,matched_support_present,CMPD025216,0.125,0.07666666666666667,0.22833333333333336,0.17333333333333334,0.13999999999999999,0.11333333333333334,0.18833333333333332,0.10333333333333333
COAD_AXIS_169,COAD,177,Tanshinone iia | ACHE/MYC,Tanshinone iia,ACHE,MYC,T_NK_ILC,0.4118476083703001,0.7477893962008962,0.0,0.0,0.5375,0.37625,0.5375,1.0,0.35,0.0,unprognostic (2.03e-2),0.0203,0.0,unprognostic (1.31e-1),0.131,0.0,no_hit,,,0.0,0,0,,0.3466332872928176,target_class,chlorpyrifos,0.980879251548097,0.40780386740331487,5,27,ACHE,0.54140625,target_class,PRIMA-1,12.79299479543715,0.6369485294117647,1,48,ACHE:|:TP53,0.54140625,0.35638488432320437,2,limited,0,1,0,1,matched_support_present,CMPD025160,0.12,0.08833333333333333,0.27666666666666667,0.17666666666666667,0.125,0.12833333333333333,0.17333333333333334,0.08416666666666667
COAD_AXIS_194,COAD,178,Corydalmine | ACHE/SP1,Corydalmine,ACHE,SP1,Myeloid,0.410567992548167,0.6311459932198535,0.0,0.0,0.5375,0.37625,0.5375,1.0,0.35,0.0,unprognostic (2.03e-2),0.0203,0.0,unprognostic (1.14e-1),0.114,0.0,no_hit,,,0.0,0,0,,0.3466332872928176,target_class,chlorpyrifos,0.980879251548097,0.40780386740331487,5,27,ACHE,0.54140625,target_class,PRIMA-1,12.79299479543715,0.6369485294117647,1,48,ACHE:|:TP53,0.54140625,0.35638488432320437,2,limited,0,1,0,1,matched_support_present,CMPD026148,0.115,0.2383333333333333,0.2316666666666667,0.12333333333333334,0.24833333333333332,0.19666666666666666,0.13166666666666668,0.13999999999999999
COAD_AXIS_158,COAD,179,Quercetin | ACHE/SP1,Quercetin,ACHE,SP1,Myeloid,0.4105076759615705,0.6311459932198535,0.0,0.0,0.5375,0.37625,0.5375,1.0,0.35,0.0,unprognostic (2.03e-2),0.0203,0.0,unprognostic (1.14e-1),0.114,0.0,no_hit,,,0.0,0,0,,0.3466332872928176,target_class,chlorpyrifos,0.980879251548097,0.40780386740331487,5,27,ACHE,0.54140625,target_class,PRIMA-1,12.79299479543715,0.6369485294117647,1,48,ACHE:|:TP53,0.54140625,0.35638488432320437,2,limited,0,1,0,1,matched_support_present,CMPD024770,0.11,0.19499999999999998,0.3283333333333333,0.13166666666666665,0.12833333333333333,0.13166666666666668,0.06,0.145
COAD_AXIS_110,COAD,180,Physovenine | ACHE/SP1,Physovenine,ACHE,SP1,Myeloid,0.4104675027183602,0.6311459932198535,0.0,0.0,0.5375,0.37625,0.5375,1.0,0.35,0.0,unprognostic (2.03e-2),0.0203,0.0,unprognostic (1.14e-1),0.114,0.0,no_hit,,,0.0,0,0,,0.3466332872928176,target_class,chlorpyrifos,0.980879251548097,0.40780386740331487,5,27,ACHE,0.54140625,target_class,PRIMA-1,12.79299479543715,0.6369485294117647,1,48,ACHE:|:TP53,0.54140625,0.35638488432320437,2,limited,0,1,0,1,matched_support_present,CMPD025553,0.105,0.21833333333333335,0.24166666666666667,0.085,0.18333333333333335,0.16666666666666666,0.11166666666666665,0.12333333333333334
COAD_AXIS_172,COAD,181,Tanshinone iia | ACHE/SP1,Tanshinone iia,ACHE,SP1,Myeloid,0.4103420713508404,0.6311459932198535,0.0,0.0,0.5375,0.37625,0.5375,1.0,0.35,0.0,unprognostic (2.03e-2),0.0203,0.0,unprognostic (1.14e-1),0.114,0.0,no_hit,,,0.0,0,0,,0.3466332872928176,target_class,chlorpyrifos,0.980879251548097,0.40780386740331487,5,27,ACHE,0.54140625,target_class,PRIMA-1,12.79299479543715,0.6369485294117647,1,48,ACHE:|:TP53,0.54140625,0.35638488432320437,2,limited,0,1,0,1,matched_support_present,CMPD025160,0.1,0.18000000000000002,0.32,0.15333333333333332,0.09499999999999999,0.16666666666666666,0.11833333333333333,0.07833333333333332
COAD_AXIS_200,COAD,182,Pectolinarigenin | ACHE/SP1,Pectolinarigenin,ACHE,SP1,Myeloid,0.4103355055848776,0.6311459932198535,0.0,0.0,0.5375,0.37625,0.5375,1.0,0.35,0.0,unprognostic (2.03e-2),0.0203,0.0,unprognostic (1.14e-1),0.114,0.0,no_hit,,,0.0,0,0,,0.3466332872928176,target_class,chlorpyrifos,0.980879251548097,0.40780386740331487,5,27,ACHE,0.54140625,target_class,PRIMA-1,12.79299479543715,0.6369485294117647,1,48,ACHE:|:TP53,0.54140625,0.35638488432320437,2,limited,0,1,0,1,matched_support_present,CMPD026190,0.095,0.24333333333333332,0.21666666666666667,0.14833333333333332,0.2333333333333333,0.21333333333333335,0.12666666666666668,0.145
COAD_AXIS_195,COAD,183,Marmesinin | ACHE/SP1,Marmesinin,ACHE,SP1,Myeloid,0.4102712095257542,0.6311459932198535,0.0,0.0,0.5375,0.37625,0.5375,1.0,0.35,0.0,unprognostic (2.03e-2),0.0203,0.0,unprognostic (1.14e-1),0.114,0.0,no_hit,,,0.0,0,0,,0.3466332872928176,target_class,chlorpyrifos,0.980879251548097,0.40780386740331487,5,27,ACHE,0.54140625,target_class,PRIMA-1,12.79299479543715,0.6369485294117647,1,48,ACHE:|:TP53,0.54140625,0.35638488432320437,2,limited,0,1,0,1,matched_support_present,CMPD025216,0.09,0.16166666666666665,0.2833333333333334,0.15666666666666665,0.12833333333333333,0.1366666666666667,0.125,0.09500000000000001
COAD_AXIS_191,COAD,184,"methyl (E)-2-[(2S,3Z,12bS)-3-ethylidene-2,4,6,7,12,12b-hexahydro-1H-indolo[3,2-h]quinolizin-2-yl]-3-methoxyprop-2-enoate | ACHE/SP1","methyl (E)-2-[(2S,3Z,12bS)-3-ethylidene-2,4,6,7,12,12b-hexahydro-1H-indolo[3,2-h]quinolizin-2-yl]-3-methoxyprop-2-enoate",ACHE,SP1,Myeloid,0.4102222916872545,0.6311459932198535,0.0,0.0,0.5375,0.37625,0.5375,1.0,0.35,0.0,unprognostic (2.03e-2),0.0203,0.0,unprognostic (1.14e-1),0.114,0.0,no_hit,,,0.0,0,0,,0.3466332872928176,target_class,chlorpyrifos,0.980879251548097,0.40780386740331487,5,27,ACHE,0.54140625,target_class,PRIMA-1,12.79299479543715,0.6369485294117647,1,48,ACHE:|:TP53,0.54140625,0.35638488432320437,2,limited,0,1,0,1,matched_support_present,CMPD025387,0.085,0.17500000000000002,0.305,0.13833333333333334,0.12166666666666666,0.16333333333333333,0.10833333333333334,0.08833333333333333
COAD_AXIS_192,COAD,185,Angustidine | ACHE/SP1,Angustidine,ACHE,SP1,Myeloid,0.4102175225439338,0.6311459932198535,0.0,0.0,0.5375,0.37625,0.5375,1.0,0.35,0.0,unprognostic (2.03e-2),0.0203,0.0,unprognostic (1.14e-1),0.114,0.0,no_hit,,,0.0,0,0,,0.3466332872928176,target_class,chlorpyrifos,0.980879251548097,0.40780386740331487,5,27,ACHE,0.54140625,target_class,PRIMA-1,12.79299479543715,0.6369485294117647,1,48,ACHE:|:TP53,0.54140625,0.35638488432320437,2,limited,0,1,0,1,matched_support_present,CMPD025384,0.08,0.22999999999999998,0.19833333333333333,0.09666666666666666,0.19416666666666668,0.11666666666666665,0.09666666666666668,0.12
COAD_AXIS_193,COAD,186,Decursin | ACHE/SP1,Decursin,ACHE,SP1,Myeloid,0.4102050043081297,0.6311459932198535,0.0,0.0,0.5375,0.37625,0.5375,1.0,0.35,0.0,unprognostic (2.03e-2),0.0203,0.0,unprognostic (1.14e-1),0.114,0.0,no_hit,,,0.0,0,0,,0.3466332872928176,target_class,chlorpyrifos,0.980879251548097,0.40780386740331487,5,27,ACHE,0.54140625,target_class,PRIMA-1,12.79299479543715,0.6369485294117647,1,48,ACHE:|:TP53,0.54140625,0.35638488432320437,2,limited,0,1,0,1,matched_support_present,CMPD025251,0.075,0.25833333333333336,0.22999999999999998,0.11166666666666668,0.23583333333333334,0.20166666666666666,0.10833333333333334,0.14833333333333334
COAD_AXIS_196,COAD,187,Kaempferol | ACHE/SP1,Kaempferol,ACHE,SP1,Myeloid,0.4101316064901318,0.6311459932198535,0.0,0.0,0.5375,0.37625,0.5375,1.0,0.35,0.0,unprognostic (2.03e-2),0.0203,0.0,unprognostic (1.14e-1),0.114,0.0,no_hit,,,0.0,0,0,,0.3466332872928176,target_class,chlorpyrifos,0.980879251548097,0.40780386740331487,5,27,ACHE,0.54140625,target_class,PRIMA-1,12.79299479543715,0.6369485294117647,1,48,ACHE:|:TP53,0.54140625,0.35638488432320437,2,limited,0,1,0,1,matched_support_present,CMPD024768,0.07,0.165,0.18000000000000002,0.035,0.07,0.051666666666666666,0.07166666666666667,0.09666666666666666
COAD_AXIS_144,COAD,188,Physovenine | ACHE/MYC,Physovenine,ACHE,MYC,T_NK_ILC,0.4092485238219489,0.7477893962008962,0.0,0.0,0.5375,0.37625,0.5375,1.0,0.35,0.0,unprognostic (2.03e-2),0.0203,0.0,unprognostic (1.31e-1),0.131,0.0,no_hit,,,0.0,0,0,,0.3466332872928176,target_class,chlorpyrifos,0.980879251548097,0.40780386740331487,5,27,ACHE,0.54140625,target_class,PRIMA-1,12.79299479543715,0.6369485294117647,1,48,ACHE:|:TP53,0.54140625,0.35638488432320437,2,limited,0,1,0,1,matched_support_present,CMPD025553,0.065,0.105,0.11166666666666668,0.07666666666666666,0.20666666666666667,0.06333333333333334,0.215,0.17
COAD_AXIS_152,COAD,189,Quercetin | ACHE/TP53,Quercetin,ACHE,TP53,Myeloid,0.4085323601991397,0.7938435683833182,0.0,0.0,0.5375,0.37625,0.5375,1.0,0.35,0.0,unprognostic (2.03e-2),0.0203,0.0,unprognostic (4.64e-2),0.0464,0.27283210332103325,tf_or_regulator_class,PRIMA-1MET,0.9518115,0.4197416974169742,2,46,TP53 activation,0.3466332872928176,target_class,chlorpyrifos,0.980879251548097,0.40780386740331487,5,27,ACHE,0.54140625,target_class,PRIMA-1,12.79299479543715,0.6369485294117647,1,48,ACHE:|:TP53,0.54140625,0.4245929101534627,2,moderate,0,1,1,1,matched_support_present,CMPD024770,0.06,0.14333333333333334,0.20833333333333334,0.13,0.10333333333333333,0.14833333333333334,0.15833333333333333,0.07833333333333334
COAD_AXIS_183,COAD,190,Tanshinone iia | ACHE/TP53,Tanshinone iia,ACHE,TP53,Myeloid,0.40504159200083,0.7938435683833182,0.0,0.0,0.5375,0.37625,0.5375,1.0,0.35,0.0,unprognostic (2.03e-2),0.0203,0.0,unprognostic (4.64e-2),0.0464,0.27283210332103325,tf_or_regulator_class,PRIMA-1MET,0.9518115,0.4197416974169742,2,46,TP53 activation,0.3466332872928176,target_class,chlorpyrifos,0.980879251548097,0.40780386740331487,5,27,ACHE,0.54140625,target_class,PRIMA-1,12.79299479543715,0.6369485294117647,1,48,ACHE:|:TP53,0.54140625,0.4245929101534627,2,moderate,0,1,1,1,matched_support_present,CMPD025160,0.055,0.041666666666666664,0.18833333333333335,0.155,0.08166666666666667,0.09666666666666666,0.165,0.01833333333333333
COAD_AXIS_163,COAD,191,Coryincine | ADRA1B/SP1,Coryincine,ADRA1B,SP1,Myeloid,0.4007193799179401,0.5864642881861782,0.0,0.0,0.625,0.37625,0.625,1.0,0.7,0.0,,,0.0,unprognostic (1.14e-1),0.114,0.0,no_hit,,,0.0,0,0,,0.6031595303867403,target_class,dronedarone,0.855310698933502,0.7095994475138121,15,27,"ADRA1A, ADRA1B, ADRA1D, ADRA2A, ADRA2B, ADRA2C, ADRB1, CACNA1C, CACNA1D, CACNA1F, CACNA1S, CACNB1, CACNB2, CACNB3, CACNB4, KCNA5, KCNH2, KCNK2, SCN1A",0.0,no_hit,,,0.0,0,0,,0.6031595303867403,0.3070398825966851,2,limited,0,1,0,1,matched_support_present,CMPD025402,0.05,0.27166666666666667,0.11499999999999999,0.44166666666666665,0.37333333333333335,0.18666666666666665,0.023333333333333334,0.15833333333333333
COAD_AXIS_180,COAD,192,Hyperforin | NR1I2/CDX2,Hyperforin,NR1I2,CDX2,Endothelial,0.3972899838566964,0.7999999999999999,0.0,0.0,0.6625,0.46374999999999994,0.6625,1.0,0.85,0.0,unprognostic (3.36e-2),0.0336,0.0,unprognostic (4.16e-1),0.416,0.0,no_hit,,,0.0,0,0,,0.8103763812154696,target_class,paclitaxel,0.563312522370232,0.9533839779005525,9,27,"BCL2, MAP2, MAP4, MAPT, NR1I2, TLR4, TUBB, TUBB1",0.82890625,target_class,Docetaxel,7.589311062381276,0.9751838235294118,4,48,BCL2:|:MAP2:|:MAP4:|:MAPT:|:Microtubule stabiliser:|:NR1I2:|:TUBB:|:TUBB1,0.82890625,0.5754456578038674,3,moderate,0,1,1,1,matched_support_present,CMPD025678,0.045,0.26,0.18333333333333335,0.4066666666666667,0.30000000000000004,0.19000000000000003,0.16166666666666665,0.21166666666666667
COAD_AXIS_170,COAD,193,Guggulsterone | PGR/PGR,Guggulsterone,PGR,PGR,Myeloid,0.3883638935800146,0.7664827278634773,0.0,0.0,0.6625,0.46374999999999994,0.6625,1.0,0.85,0.0,,,0.0,,,0.0,no_hit,,,0.0,0,0,,0.6642092541436464,target_class,spironolactone,0.8254940589139506,0.7814226519337016,14,27,"AR, CACNA1A, CACNA1B, CACNA1C, CACNA1D, CACNA1F, CACNA1G, CACNA1H, CACNA1I, CACNA1S, CACNA2D1, CACNA2D2, CACNA2D3, CACNB1, CACNB2, CACNB3, CACNB4, CACNG1, CYP11B2, NR3C1, NR3C2, PGR, SHBG",0.0,no_hit,,,0.0,0,0,,0.6642092541436464,0.33167731353591157,2,limited,0,1,0,1,matched_support_present,CMPD025841,0.04,0.17333333333333334,0.22666666666666668,0.2683333333333333,0.20833333333333334,0.13833333333333334,0.12833333333333333,0.15
COAD_AXIS_106,COAD,194,Eckol | BACE1/HIF1A,Eckol,BACE1,HIF1A,Myeloid,0.3870735384476225,0.6119133098770374,0.0,0.0,0.5375,0.37625,0.5375,1.0,0.35,0.0,unprognostic (1.97e-1),0.197,0.0,unprognostic (9.20e-2),0.092,0.0,no_hit,,,0.0,0,0,,0.6174551104972377,tf_or_regulator_class,BAY-87-2243,0.572393682478118,0.9499309392265194,3,27,HIF1A,0.0,no_hit,,,0.0,0,0,,0.6174551104972377,0.28873877762430944,2,limited,0,1,0,1,matched_support_present,CMPD025671,0.035,0.155,0.11,0.10666666666666667,0.215,0.10333333333333333,0.02,0.13
COAD_AXIS_115,COAD,195,Physostigmine | ACHE/TBP,Physostigmine,ACHE,TBP,Myeloid,0.384456955372847,0.661941630426899,0.0,0.0,0.5375,0.37625,0.5375,1.0,0.35,0.0,unprognostic (2.03e-2),0.0203,0.0,unprognostic (5.45e-2),0.0545,0.0,no_hit,,,0.0,0,0,,0.3466332872928176,target_class,chlorpyrifos,0.980879251548097,0.40780386740331487,5,27,ACHE,0.54140625,target_class,PRIMA-1,12.79299479543715,0.6369485294117647,1,48,ACHE:|:TP53,0.54140625,0.35638488432320437,2,limited,0,1,0,1,matched_support_present,CMPD016599,0.03,0.08666666666666667,0.17166666666666666,0.10333333333333333,0.15333333333333335,0.075,0.03333333333333333,0.02
COAD_AXIS_155,COAD,196,(-)-huperzine a | ACHE/TBP,(-)-huperzine a,ACHE,TBP,Myeloid,0.382776214186871,0.661941630426899,0.0,0.0,0.5375,0.37625,0.5375,1.0,0.35,0.0,unprognostic (2.03e-2),0.0203,0.0,unprognostic (5.45e-2),0.0545,0.0,no_hit,,,0.0,0,0,,0.3466332872928176,target_class,chlorpyrifos,0.980879251548097,0.40780386740331487,5,27,ACHE,0.54140625,target_class,PRIMA-1,12.79299479543715,0.6369485294117647,1,48,ACHE:|:TP53,0.54140625,0.35638488432320437,2,limited,0,1,0,1,matched_support_present,CMPD057237,0.025,0.20666666666666667,0.1366666666666667,0.22833333333333336,0.3233333333333333,0.21,0.035,0.04833333333333334
COAD_AXIS_156,COAD,197,2-epigalanthamine | ACHE/TBP,2-epigalanthamine,ACHE,TBP,Myeloid,0.3826681442883171,0.661941630426899,0.0,0.0,0.5375,0.37625,0.5375,1.0,0.35,0.0,unprognostic (2.03e-2),0.0203,0.0,unprognostic (5.45e-2),0.0545,0.0,no_hit,,,0.0,0,0,,0.3466332872928176,target_class,chlorpyrifos,0.980879251548097,0.40780386740331487,5,27,ACHE,0.54140625,target_class,PRIMA-1,12.79299479543715,0.6369485294117647,1,48,ACHE:|:TP53,0.54140625,0.35638488432320437,2,limited,0,1,0,1,matched_support_present,CMPD013588,0.02,0.1366666666666667,0.18500000000000003,0.25166666666666665,0.21333333333333335,0.15333333333333332,0.035,0.02
COAD_AXIS_154,COAD,198,Quercetin | CDK1/MYB,Quercetin,CDK1,MYB,T_NK_ILC,0.3812221917515455,0.6263289998038996,0.0,0.0,0.5375,0.46374999999999994,0.5375,1.0,0.35,0.0,unprognostic (1.94e-1),0.194,0.0,unprognostic (1.87e-1),0.187,0.8084409594095942,target_class,Dinaciclib,0.635115,0.9511070110701108,4,46,"CDK1, CDK2, CDK5, CDK9",0.7910048342541437,target_class,alvocidib,0.606239361454127,0.9305939226519337,16,27,"CDK1, CDK2, CDK4, CDK5, CDK6, CDK7, CDK8, CDK9, EGFR, PYGM",0.8476562499999999,target_class,Dinaciclib,5.33015688680595,0.9972426470588235,6,48,CDK1:|:CDK2:|:CDK5:|:CDK9,0.8476562499999999,0.7461505109159344,4,strong,0,1,1,1,matched_support_present,CMPD024770,0.015,0.3016666666666667,0.3,0.18000000000000002,0.255,0.22833333333333336,0.015,0.18166666666666667
COAD_AXIS_166,COAD,199,Physovenine | ACHE/SP3,Physovenine,ACHE,SP3,Myeloid,0.3750694686353708,0.6029230876128925,0.0,0.0,0.5375,0.37625,0.5375,1.0,0.35,0.0,unprognostic (2.03e-2),0.0203,0.0,unprognostic (3.04e-1),0.304,0.0,no_hit,,,0.0,0,0,,0.3466332872928176,target_class,chlorpyrifos,0.980879251548097,0.40780386740331487,5,27,ACHE,0.54140625,target_class,PRIMA-1,12.79299479543715,0.6369485294117647,1,48,ACHE:|:TP53,0.54140625,0.35638488432320437,2,limited,0,1,0,1,matched_support_present,CMPD025553,0.01,0.27166666666666667,0.12333333333333334,0.06833333333333334,0.14666666666666667,0.225,0.006666666666666667,0.06333333333333334
COAD_AXIS_162,COAD,200,Physovenine | ACHE/AP1,Physovenine,ACHE,AP1,T_NK_ILC,0.3268972928709195,0.703122196801568,0.0,0.0,0.5375,0.0,0.5375,1.0,0.35,0.0,unprognostic (2.03e-2),0.0203,0.0,,,0.0,no_hit,,,0.0,0,0,,0.3466332872928176,target_class,chlorpyrifos,0.980879251548097,0.40780386740331487,5,27,ACHE,0.54140625,target_class,PRIMA-1,12.79299479543715,0.6369485294117647,1,48,ACHE:|:TP53,0.54140625,0.35638488432320437,2,limited,0,1,0,1,matched_support_present,CMPD025553,0.005,0.41500000000000004,0.08833333333333333,0.05833333333333334,0.17833333333333334,0.40166666666666667,0.016666666666666666,0.2316666666666667
LIHC_AXIS_092,LIHC,1,"4',5-Dihydroxyflavone | AR/HDAC1","4',5-Dihydroxyflavone",AR,HDAC1,T_NK_ILC,0.7818611871908144,0.5604529075615624,0.8135140276512416,0.7299597239476832,0.625,0.5442499999999999,0.625,1.0,0.7,0.0,unprognostic (4.25e-3),0.00425,0.8,potential prognostic unfavorable (2.99e-10),2.99e-10,0.636747572815534,tf_or_regulator_class,Belinostat,0.421017,0.9796116504854369,10,16,HDAC1,0.6683183701657459,target_class,galeterone,0.815100901541151,0.7862569060773481,16,17,"AR, CYP17A1",0.6482077205882353,tf_or_regulator_class,Panobinostat,5.7998,0.9972426470588235,18,22,HDAC:|:HDAC1:|:HDAC2:|:HDAC3:|:HDAC4:|:HDAC6:|:HDAC7:|:HDAC8:|:HDAC9,0.6683183701657459,0.6445684158923788,4,strong,0,1,1,1,matched_support_present,CMPD025015,1.0,0.8883333333333333,0.7866666666666666,0.8783333333333333,0.8233333333333333,0.9266666666666667,0.9866666666666667,0.9550000000000001
LIHC_AXIS_008,LIHC,2,Quercetin | MMP1/EHF,Quercetin,MMP1,EHF,Tumor_Lineage,0.7669307042133857,0.6759397196992994,0.7827720351406074,0.7087235364986989,0.865,0.37625,0.865,1.0,0.7,0.8,potential prognostic unfavorable (3.71e-7),3.71e-07,0.0,unprognostic (3.49e-1),0.349,0.0,no_hit,,,0.0,0,0,,0.6606871546961326,target_class,marimastat,0.818983547805346,0.7772790055248618,2,17,"MMP1, MMP10, MMP11, MMP12, MMP13, MMP14, MMP15, MMP16, MMP17, MMP19, MMP2, MMP20, MMP21, MMP23A, MMP24, MMP25, MMP26, MMP27, MMP28, MMP3, MMP7, MMP8, MMP9",0.0,no_hit,,,0.0,0,0,,0.6606871546961326,0.38142178867403315,2,limited,0,1,0,1,matched_support_present,CMPD024770,0.995,0.9266666666666667,0.9766666666666666,0.9133333333333334,0.8933333333333334,0.9833333333333334,0.9516666666666667,0.9
LIHC_AXIS_010,LIHC,3,Kaempferol | MMP1/EHF,Kaempferol,MMP1,EHF,Tumor_Lineage,0.7626603619502674,0.6759397196992994,0.7827720351406074,0.6773597239476832,0.865,0.37625,0.865,1.0,0.7,0.8,potential prognostic unfavorable (3.71e-7),3.71e-07,0.0,unprognostic (3.49e-1),0.349,0.0,no_hit,,,0.0,0,0,,0.6606871546961326,target_class,marimastat,0.818983547805346,0.7772790055248618,2,17,"MMP1, MMP10, MMP11, MMP12, MMP13, MMP14, MMP15, MMP16, MMP17, MMP19, MMP2, MMP20, MMP21, MMP23A, MMP24, MMP25, MMP26, MMP27, MMP28, MMP3, MMP7, MMP8, MMP9",0.0,no_hit,,,0.0,0,0,,0.6606871546961326,0.38142178867403315,2,limited,0,1,0,1,matched_support_present,CMPD024768,0.99,0.9816666666666666,0.9700000000000001,0.9583333333333334,0.94,0.965,0.9416666666666668,0.9383333333333334
LIHC_AXIS_011,LIHC,4,Luteolin | MMP1/EHF,Luteolin,MMP1,EHF,Tumor_Lineage,0.7625300714016211,0.6759397196992994,0.7827720351406074,0.6773597239476832,0.865,0.37625,0.865,1.0,0.7,0.8,potential prognostic unfavorable (3.71e-7),3.71e-07,0.0,unprognostic (3.49e-1),0.349,0.0,no_hit,,,0.0,0,0,,0.6606871546961326,target_class,marimastat,0.818983547805346,0.7772790055248618,2,17,"MMP1, MMP10, MMP11, MMP12, MMP13, MMP14, MMP15, MMP16, MMP17, MMP19, MMP2, MMP20, MMP21, MMP23A, MMP24, MMP25, MMP26, MMP27, MMP28, MMP3, MMP7, MMP8, MMP9",0.0,no_hit,,,0.0,0,0,,0.6606871546961326,0.38142178867403315,2,limited,0,1,0,1,matched_support_present,CMPD024820,0.985,0.9633333333333333,0.9566666666666667,0.9249999999999999,0.9516666666666667,0.9700000000000001,0.9466666666666667,0.9516666666666667
LIHC_AXIS_013,LIHC,5,(-)-epigallocatechin-3-gallate | MMP1/EHF,(-)-epigallocatechin-3-gallate,MMP1,EHF,Tumor_Lineage,0.760857223760948,0.6759397196992994,0.7827720351406074,0.6689597239476832,0.865,0.37625,0.865,1.0,0.7,0.8,potential prognostic unfavorable (3.71e-7),3.71e-07,0.0,unprognostic (3.49e-1),0.349,0.0,no_hit,,,0.0,0,0,,0.6606871546961326,target_class,marimastat,0.818983547805346,0.7772790055248618,2,17,"MMP1, MMP10, MMP11, MMP12, MMP13, MMP14, MMP15, MMP16, MMP17, MMP19, MMP2, MMP20, MMP21, MMP23A, MMP24, MMP25, MMP26, MMP27, MMP28, MMP3, MMP7, MMP8, MMP9",0.0,no_hit,,,0.0,0,0,,0.6606871546961326,0.38142178867403315,2,limited,0,1,0,1,matched_support_present,CMPD024806,0.98,0.8483333333333333,0.8833333333333334,0.8483333333333333,0.9283333333333333,0.985,0.9516666666666667,0.9466666666666667
LIHC_AXIS_050,LIHC,6,Quercetin | MMP1/FOXO1,Quercetin,MMP1,FOXO1,Tumor_Lineage,0.7529986097199449,0.4873395565499758,0.7827720351406074,0.7087235364986989,0.865,0.37625,0.865,1.0,0.7,0.8,potential prognostic unfavorable (3.71e-7),3.71e-07,0.0,unprognostic (4.34e-3),0.00434,0.0,no_hit,,,0.0,0,0,,0.6606871546961326,target_class,marimastat,0.818983547805346,0.7772790055248618,2,17,"MMP1, MMP10, MMP11, MMP12, MMP13, MMP14, MMP15, MMP16, MMP17, MMP19, MMP2, MMP20, MMP21, MMP23A, MMP24, MMP25, MMP26, MMP27, MMP28, MMP3, MMP7, MMP8, MMP9",0.0,no_hit,,,0.0,0,0,,0.6606871546961326,0.38142178867403315,2,limited,0,1,0,1,matched_support_present,CMPD024770,0.975,0.8916666666666666,0.9316666666666666,0.9133333333333334,0.9116666666666666,0.96,0.9416666666666668,0.9249999999999999
LIHC_AXIS_034,LIHC,7,Quercetin | MMP1/SMAD2,Quercetin,MMP1,SMAD2,Plasma_cell,0.7512244494920141,0.852800645331435,0.7827720351406074,0.7087235364986989,0.865,0.5862499999999999,0.865,1.0,0.7,0.8,potential prognostic unfavorable (3.71e-7),3.71e-07,1.0,validated prognostic unfavorable (1.28e-4),0.000128,0.0,no_hit,,,0.0,0,0,,0.6606871546961326,target_class,marimastat,0.818983547805346,0.7772790055248618,2,17,"MMP1, MMP10, MMP11, MMP12, MMP13, MMP14, MMP15, MMP16, MMP17, MMP19, MMP2, MMP20, MMP21, MMP23A, MMP24, MMP25, MMP26, MMP27, MMP28, MMP3, MMP7, MMP8, MMP9",0.0,no_hit,,,0.0,0,0,,0.6606871546961326,0.38142178867403315,2,limited,0,1,0,1,matched_support_present,CMPD024770,0.97,0.9166666666666666,0.9816666666666668,0.9233333333333333,0.8816666666666667,0.9366666666666666,0.9633333333333334,0.855
LIHC_AXIS_043,LIHC,8,Rutaecarpine | CYP1A2/NR1I3,Rutaecarpine,CYP1A2,NR1I3,Tumor_Lineage,0.7490423896172473,0.8891823203641799,0.4138570160967885,0.7425597239476832,0.6625,0.48999999999999994,0.6625,1.0,0.85,0.0,unprognostic (1.50e-1),0.15,0.0,unprognostic (2.89e-2),0.0289,0.0,no_hit,,,0.0,0,0,,0.377296270718232,tf_or_regulator_class,meclizine,0.9021593038812601,0.5804558011049723,2,17,"HRH1, NR1I3",0.0,no_hit,,,0.0,0,0,,0.377296270718232,0.259949067679558,1,limited,0,1,0,0,matched_support_present,CMPD025501,0.965,0.8466666666666667,0.7783333333333333,0.8616666666666667,0.8316666666666667,0.8233333333333333,0.8649999999999999,0.855
LIHC_AXIS_088,LIHC,9,Quercetin | MMP1/MYC,Quercetin,MMP1,MYC,Tumor_Lineage,0.748651323667679,0.5072797050197209,0.7827720351406074,0.7087235364986989,0.865,0.37625,0.865,1.0,0.7,0.8,potential prognostic unfavorable (3.71e-7),3.71e-07,0.0,unprognostic (5.30e-2),0.053,0.0,no_hit,,,0.0,0,0,,0.6606871546961326,target_class,marimastat,0.818983547805346,0.7772790055248618,2,17,"MMP1, MMP10, MMP11, MMP12, MMP13, MMP14, MMP15, MMP16, MMP17, MMP19, MMP2, MMP20, MMP21, MMP23A, MMP24, MMP25, MMP26, MMP27, MMP28, MMP3, MMP7, MMP8, MMP9",0.0,no_hit,,,0.0,0,0,,0.6606871546961326,0.38142178867403315,2,limited,0,1,0,1,matched_support_present,CMPD024770,0.96,0.8283333333333333,0.8716666666666667,0.7866666666666667,0.8716666666666667,0.87,0.935,0.8966666666666666
LIHC_AXIS_001,LIHC,10,Ellipticine | CYP1A1/NR1I3,Ellipticine,CYP1A1,NR1I3,Tumor_Lineage,0.7484698260809698,0.8979727764468793,0.4441415916891483,0.7425597239476832,0.6625,0.48999999999999994,0.6625,1.0,0.85,0.0,unprognostic (2.07e-1),0.207,0.0,unprognostic (2.89e-2),0.0289,0.0,no_hit,,,0.0,0,0,,0.48047306629834247,target_class,2-methoxyestradiol,0.9075264106476512,0.5652624309392265,1,17,"COMT, CYP19A1, CYP1A1, CYP1B1, HIF1A, TUBB",0.0,no_hit,,,0.0,0,0,,0.48047306629834247,0.2857432665745856,1,limited,0,1,0,0,matched_support_present,CMPD025479,0.955,0.8933333333333332,0.8233333333333334,0.7883333333333334,0.85,0.82,0.89,0.8250000000000001
LIHC_AXIS_060,LIHC,11,Kaempferol | MMP1/FOXO1,Kaempferol,MMP1,FOXO1,Tumor_Lineage,0.7478998908278996,0.4873395565499758,0.7827720351406074,0.6773597239476832,0.865,0.37625,0.865,1.0,0.7,0.8,potential prognostic unfavorable (3.71e-7),3.71e-07,0.0,unprognostic (4.34e-3),0.00434,0.0,no_hit,,,0.0,0,0,,0.6606871546961326,target_class,marimastat,0.818983547805346,0.7772790055248618,2,17,"MMP1, MMP10, MMP11, MMP12, MMP13, MMP14, MMP15, MMP16, MMP17, MMP19, MMP2, MMP20, MMP21, MMP23A, MMP24, MMP25, MMP26, MMP27, MMP28, MMP3, MMP7, MMP8, MMP9",0.0,no_hit,,,0.0,0,0,,0.6606871546961326,0.38142178867403315,2,limited,0,1,0,1,matched_support_present,CMPD024768,0.95,0.9199999999999999,0.89,0.9333333333333332,0.9,0.9183333333333333,0.9083333333333333,0.9700000000000001
LIHC_AXIS_059,LIHC,12,Luteolin | MMP1/FOXO1,Luteolin,MMP1,FOXO1,Tumor_Lineage,0.7477621112839113,0.4873395565499758,0.7827720351406074,0.6773597239476832,0.865,0.37625,0.865,1.0,0.7,0.8,potential prognostic unfavorable (3.71e-7),3.71e-07,0.0,unprognostic (4.34e-3),0.00434,0.0,no_hit,,,0.0,0,0,,0.6606871546961326,target_class,marimastat,0.818983547805346,0.7772790055248618,2,17,"MMP1, MMP10, MMP11, MMP12, MMP13, MMP14, MMP15, MMP16, MMP17, MMP19, MMP2, MMP20, MMP21, MMP23A, MMP24, MMP25, MMP26, MMP27, MMP28, MMP3, MMP7, MMP8, MMP9",0.0,no_hit,,,0.0,0,0,,0.6606871546961326,0.38142178867403315,2,limited,0,1,0,1,matched_support_present,CMPD024820,0.945,0.8783333333333333,0.8466666666666667,0.9066666666666667,0.9116666666666666,0.9133333333333334,0.9083333333333333,0.985
LIHC_AXIS_061,LIHC,13,Quercetin | MMP1/CEBPB,Quercetin,MMP1,CEBPB,Plasma_cell,0.7465374437418311,0.8522780795714092,0.7827720351406074,0.7087235364986989,0.865,0.37625,0.865,1.0,0.7,0.8,potential prognostic unfavorable (3.71e-7),3.71e-07,0.0,unprognostic (1.95e-1),0.195,0.0,no_hit,,,0.0,0,0,,0.6606871546961326,target_class,marimastat,0.818983547805346,0.7772790055248618,2,17,"MMP1, MMP10, MMP11, MMP12, MMP13, MMP14, MMP15, MMP16, MMP17, MMP19, MMP2, MMP20, MMP21, MMP23A, MMP24, MMP25, MMP26, MMP27, MMP28, MMP3, MMP7, MMP8, MMP9",0.0,no_hit,,,0.0,0,0,,0.6606871546961326,0.38142178867403315,2,limited,0,1,0,1,matched_support_present,CMPD024770,0.94,0.8633333333333333,0.9083333333333333,0.915,0.89,0.9266666666666667,0.9533333333333333,0.8716666666666667
LIHC_AXIS_045,LIHC,14,Luteolin | MMP1/SMAD2,Luteolin,MMP1,SMAD2,Plasma_cell,0.746413209096492,0.852800645331435,0.7827720351406074,0.6773597239476832,0.865,0.5862499999999999,0.865,1.0,0.7,0.8,potential prognostic unfavorable (3.71e-7),3.71e-07,1.0,validated prognostic unfavorable (1.28e-4),0.000128,0.0,no_hit,,,0.0,0,0,,0.6606871546961326,target_class,marimastat,0.818983547805346,0.7772790055248618,2,17,"MMP1, MMP10, MMP11, MMP12, MMP13, MMP14, MMP15, MMP16, MMP17, MMP19, MMP2, MMP20, MMP21, MMP23A, MMP24, MMP25, MMP26, MMP27, MMP28, MMP3, MMP7, MMP8, MMP9",0.0,no_hit,,,0.0,0,0,,0.6606871546961326,0.38142178867403315,2,limited,0,1,0,1,matched_support_present,CMPD024820,0.935,0.9516666666666667,0.9766666666666666,0.9366666666666666,0.94,0.9216666666666667,0.9633333333333333,0.9033333333333333
LIHC_AXIS_031,LIHC,15,Quercetin | MMP1/CEBPG,Quercetin,MMP1,CEBPG,T_NK_ILC,0.7464101169661174,0.5626183481119715,0.7827720351406074,0.7087235364986989,0.865,0.37625,0.865,1.0,0.7,0.8,potential prognostic unfavorable (3.71e-7),3.71e-07,0.0,unprognostic (1.19e-1),0.119,0.0,no_hit,,,0.0,0,0,,0.6606871546961326,target_class,marimastat,0.818983547805346,0.7772790055248618,2,17,"MMP1, MMP10, MMP11, MMP12, MMP13, MMP14, MMP15, MMP16, MMP17, MMP19, MMP2, MMP20, MMP21, MMP23A, MMP24, MMP25, MMP26, MMP27, MMP28, MMP3, MMP7, MMP8, MMP9",0.0,no_hit,,,0.0,0,0,,0.6606871546961326,0.38142178867403315,2,limited,0,1,0,1,matched_support_present,CMPD024770,0.93,0.8983333333333334,0.9666666666666667,0.9316666666666666,0.8966666666666666,0.9433333333333334,0.93,0.88
LIHC_AXIS_044,LIHC,16,Kaempferol | MMP1/SMAD2,Kaempferol,MMP1,SMAD2,Plasma_cell,0.7460541100288853,0.852800645331435,0.7827720351406074,0.6773597239476832,0.865,0.5862499999999999,0.865,1.0,0.7,0.8,potential prognostic unfavorable (3.71e-7),3.71e-07,1.0,validated prognostic unfavorable (1.28e-4),0.000128,0.0,no_hit,,,0.0,0,0,,0.6606871546961326,target_class,marimastat,0.818983547805346,0.7772790055248618,2,17,"MMP1, MMP10, MMP11, MMP12, MMP13, MMP14, MMP15, MMP16, MMP17, MMP19, MMP2, MMP20, MMP21, MMP23A, MMP24, MMP25, MMP26, MMP27, MMP28, MMP3, MMP7, MMP8, MMP9",0.0,no_hit,,,0.0,0,0,,0.6606871546961326,0.38142178867403315,2,limited,0,1,0,1,matched_support_present,CMPD024768,0.925,0.975,0.9833333333333334,0.9700000000000001,0.93,0.9166666666666666,0.9466666666666667,0.88
LIHC_AXIS_071,LIHC,17,(-)-epigallocatechin-3-gallate | MMP1/FOXO1,(-)-epigallocatechin-3-gallate,MMP1,FOXO1,Tumor_Lineage,0.7457385482107409,0.4873395565499758,0.7827720351406074,0.6689597239476832,0.865,0.37625,0.865,1.0,0.7,0.8,potential prognostic unfavorable (3.71e-7),3.71e-07,0.0,unprognostic (4.34e-3),0.00434,0.0,no_hit,,,0.0,0,0,,0.6606871546961326,target_class,marimastat,0.818983547805346,0.7772790055248618,2,17,"MMP1, MMP10, MMP11, MMP12, MMP13, MMP14, MMP15, MMP16, MMP17, MMP19, MMP2, MMP20, MMP21, MMP23A, MMP24, MMP25, MMP26, MMP27, MMP28, MMP3, MMP7, MMP8, MMP9",0.0,no_hit,,,0.0,0,0,,0.6606871546961326,0.38142178867403315,2,limited,0,1,0,1,matched_support_present,CMPD024806,0.92,0.8083333333333332,0.775,0.8283333333333333,0.8916666666666666,0.8683333333333333,0.9166666666666666,0.9899999999999999
LIHC_AXIS_049,LIHC,18,(-)-epigallocatechin-3-gallate | MMP1/SMAD2,(-)-epigallocatechin-3-gallate,MMP1,SMAD2,Plasma_cell,0.7441341442674382,0.852800645331435,0.7827720351406074,0.6689597239476832,0.865,0.5862499999999999,0.865,1.0,0.7,0.8,potential prognostic unfavorable (3.71e-7),3.71e-07,1.0,validated prognostic unfavorable (1.28e-4),0.000128,0.0,no_hit,,,0.0,0,0,,0.6606871546961326,target_class,marimastat,0.818983547805346,0.7772790055248618,2,17,"MMP1, MMP10, MMP11, MMP12, MMP13, MMP14, MMP15, MMP16, MMP17, MMP19, MMP2, MMP20, MMP21, MMP23A, MMP24, MMP25, MMP26, MMP27, MMP28, MMP3, MMP7, MMP8, MMP9",0.0,no_hit,,,0.0,0,0,,0.6606871546961326,0.38142178867403315,2,limited,0,1,0,1,matched_support_present,CMPD024806,0.915,0.835,0.9466666666666667,0.855,0.8683333333333333,0.985,0.9483333333333333,0.9083333333333333
LIHC_AXIS_078,LIHC,19,Kaempferol | MMP1/CEBPB,Kaempferol,MMP1,CEBPB,Plasma_cell,0.7419367492450862,0.8522780795714092,0.7827720351406074,0.6773597239476832,0.865,0.37625,0.865,1.0,0.7,0.8,potential prognostic unfavorable (3.71e-7),3.71e-07,0.0,unprognostic (1.95e-1),0.195,0.0,no_hit,,,0.0,0,0,,0.6606871546961326,target_class,marimastat,0.818983547805346,0.7772790055248618,2,17,"MMP1, MMP10, MMP11, MMP12, MMP13, MMP14, MMP15, MMP16, MMP17, MMP19, MMP2, MMP20, MMP21, MMP23A, MMP24, MMP25, MMP26, MMP27, MMP28, MMP3, MMP7, MMP8, MMP9",0.0,no_hit,,,0.0,0,0,,0.6606871546961326,0.38142178867403315,2,limited,0,1,0,1,matched_support_present,CMPD024768,0.91,0.8983333333333333,0.9183333333333333,0.9466666666666667,0.9033333333333333,0.9,0.9483333333333333,0.8933333333333334
LIHC_AXIS_079,LIHC,20,Luteolin | MMP1/CEBPB,Luteolin,MMP1,CEBPB,Plasma_cell,0.7415711491839944,0.8522780795714092,0.7827720351406074,0.6773597239476832,0.865,0.37625,0.865,1.0,0.7,0.8,potential prognostic unfavorable (3.71e-7),3.71e-07,0.0,unprognostic (1.95e-1),0.195,0.0,no_hit,,,0.0,0,0,,0.6606871546961326,target_class,marimastat,0.818983547805346,0.7772790055248618,2,17,"MMP1, MMP10, MMP11, MMP12, MMP13, MMP14, MMP15, MMP16, MMP17, MMP19, MMP2, MMP20, MMP21, MMP23A, MMP24, MMP25, MMP26, MMP27, MMP28, MMP3, MMP7, MMP8, MMP9",0.0,no_hit,,,0.0,0,0,,0.6606871546961326,0.38142178867403315,2,limited,0,1,0,1,matched_support_present,CMPD024820,0.905,0.8666666666666667,0.89,0.91,0.9016666666666667,0.8916666666666666,0.9483333333333334,0.9116666666666666
LIHC_AXIS_046,LIHC,21,"4',5-Dihydroxyflavone | AR/E2F1","4',5-Dihydroxyflavone",AR,E2F1,Tumor_Lineage,0.7406596978349425,0.8682644270171137,0.358114836083681,0.7299597239476832,0.625,0.5862499999999999,0.625,1.0,0.7,0.0,unprognostic (4.25e-3),0.00425,1.0,validated prognostic unfavorable (1.27e-4),0.000127,0.40684466019417476,target_class,AZD3514,0.9338519999999999,0.47864077669902916,2,16,AR,0.6683183701657459,target_class,galeterone,0.815100901541151,0.7862569060773481,16,17,"AR, CYP17A1",0.0,no_hit,,,0.0,0,0,,0.6683183701657459,0.42504075758998017,2,moderate,0,1,1,1,matched_support_present,CMPD025015,0.9,0.8466666666666667,0.8250000000000001,0.8716666666666666,0.8616666666666667,0.8083333333333332,0.8516666666666666,0.8933333333333332
LIHC_AXIS_086,LIHC,22,(-)-epigallocatechin-3-gallate | MMP1/CEBPB,(-)-epigallocatechin-3-gallate,MMP1,CEBPB,Plasma_cell,0.7399228437320526,0.8522780795714092,0.7827720351406074,0.6689597239476832,0.865,0.37625,0.865,1.0,0.7,0.8,potential prognostic unfavorable (3.71e-7),3.71e-07,0.0,unprognostic (1.95e-1),0.195,0.0,no_hit,,,0.0,0,0,,0.6606871546961326,target_class,marimastat,0.818983547805346,0.7772790055248618,2,17,"MMP1, MMP10, MMP11, MMP12, MMP13, MMP14, MMP15, MMP16, MMP17, MMP19, MMP2, MMP20, MMP21, MMP23A, MMP24, MMP25, MMP26, MMP27, MMP28, MMP3, MMP7, MMP8, MMP9",0.0,no_hit,,,0.0,0,0,,0.6606871546961326,0.38142178867403315,2,limited,0,1,0,1,matched_support_present,CMPD024806,0.895,0.8066666666666666,0.8250000000000001,0.8483333333333333,0.8266666666666667,0.9066666666666666,0.9249999999999999,0.9066666666666666
LIHC_AXIS_002,LIHC,23,Indirubin | AHR/NR1H3,Indirubin,AHR,NR1H3,Plasma_cell,0.7341620556267837,0.8078295057904876,0.6156618463158938,0.7809597239476832,0.5375,0.37625,0.5375,1.0,0.35,0.0,unprognostic (1.19e-1),0.119,0.0,unprognostic (2.13e-3),0.00213,0.0,no_hit,,,0.0,0,0,,0.6947341160220993,target_class,mexiletine,0.792839114019789,0.8173342541436464,4,17,"AHR, SCN4A, SCN5A",0.37578125,target_class,StemRegenin 1,14.037500000000001,0.44209558823529416,2,22,AHR,0.6947341160220993,0.4020038415055248,2,moderate,0,1,1,1,matched_support_present,CMPD025163,0.89,0.9516666666666667,0.8716666666666667,0.8849999999999999,0.8833333333333333,0.8633333333333333,0.8850000000000001,0.8283333333333333
LIHC_AXIS_009,LIHC,24,Quercetin | CYP1A1/NR1I3,Quercetin,CYP1A1,NR1I3,Tumor_Lineage,0.7313028879123435,0.8979727764468793,0.3111039756886031,0.805278161220686,0.6625,0.48999999999999994,0.6625,1.0,0.85,0.0,unprognostic (2.07e-1),0.207,0.0,unprognostic (2.89e-2),0.0289,0.0,no_hit,,,0.0,0,0,,0.48047306629834247,target_class,2-methoxyestradiol,0.9075264106476512,0.5652624309392265,1,17,"COMT, CYP19A1, CYP1A1, CYP1B1, HIF1A, TUBB",0.0,no_hit,,,0.0,0,0,,0.48047306629834247,0.2857432665745856,1,limited,0,1,0,0,matched_support_present,CMPD024770,0.885,0.85,0.855,0.775,0.8116666666666666,0.8166666666666668,0.8250000000000001,0.805
LIHC_AXIS_020,LIHC,25,Quercetin | MMP1/EWSR1,Quercetin,MMP1,EWSR1,Plasma_cell,0.7306068394582054,0.8453033872102957,0.7827720351406074,0.7087235364986989,0.865,0.5442499999999999,0.865,1.0,0.7,0.8,potential prognostic unfavorable (3.71e-7),3.71e-07,0.8,potential prognostic unfavorable (6.65e-8),6.65e-08,0.0,no_hit,,,0.0,0,0,,0.6606871546961326,target_class,marimastat,0.818983547805346,0.7772790055248618,2,17,"MMP1, MMP10, MMP11, MMP12, MMP13, MMP14, MMP15, MMP16, MMP17, MMP19, MMP2, MMP20, MMP21, MMP23A, MMP24, MMP25, MMP26, MMP27, MMP28, MMP3, MMP7, MMP8, MMP9",0.4122242647058824,tf_or_regulator_class,YK-4-279,13.035499999999999,0.6341911764705883,1,22,DHX9:|:ERG:|:ETV1:|:EWSR1:|:FLI1:|:RNA helicase A,0.6606871546961326,0.48447785485050376,2,moderate,0,1,1,1,matched_support_present,CMPD024770,0.88,0.8766666666666666,0.8983333333333333,0.7916666666666666,0.91,0.8850000000000001,0.9216666666666667,0.8383333333333334
LIHC_AXIS_073,LIHC,26,Kaempferol | AR/E2F1,Kaempferol,AR,E2F1,Tumor_Lineage,0.7295077867067272,0.8682644270171137,0.358114836083681,0.6689597239476832,0.625,0.5862499999999999,0.625,1.0,0.7,0.0,unprognostic (4.25e-3),0.00425,1.0,validated prognostic unfavorable (1.27e-4),0.000127,0.40684466019417476,target_class,AZD3514,0.9338519999999999,0.47864077669902916,2,16,AR,0.6683183701657459,target_class,galeterone,0.815100901541151,0.7862569060773481,16,17,"AR, CYP17A1",0.0,no_hit,,,0.0,0,0,,0.6683183701657459,0.42504075758998017,2,moderate,0,1,1,1,matched_support_present,CMPD024768,0.875,0.8633333333333333,0.8316666666666667,0.8850000000000001,0.8266666666666667,0.7716666666666666,0.805,0.8716666666666667
LIHC_AXIS_006,LIHC,27,Kaempferol | AHR/NR1H3,Kaempferol,AHR,NR1H3,Plasma_cell,0.727638891709885,0.8078295057904876,0.6156618463158938,0.7425597239476832,0.5375,0.37625,0.5375,1.0,0.35,0.0,unprognostic (1.19e-1),0.119,0.0,unprognostic (2.13e-3),0.00213,0.0,no_hit,,,0.0,0,0,,0.6947341160220993,target_class,mexiletine,0.792839114019789,0.8173342541436464,4,17,"AHR, SCN4A, SCN5A",0.37578125,target_class,StemRegenin 1,14.037500000000001,0.44209558823529416,2,22,AHR,0.6947341160220993,0.4020038415055248,2,moderate,0,1,1,1,matched_support_present,CMPD024768,0.87,0.9783333333333334,0.9183333333333333,0.9033333333333333,0.8766666666666666,0.8533333333333334,0.8633333333333333,0.8383333333333334
LIHC_AXIS_068,LIHC,28,Quercetin | MMP1/CTNNB1,Quercetin,MMP1,CTNNB1,Plasma_cell,0.7274079982877729,0.8649558478742714,0.7827720351406074,0.7087235364986989,0.865,0.5442499999999999,0.865,1.0,0.7,0.8,potential prognostic unfavorable (3.71e-7),3.71e-07,0.8,potential prognostic unfavorable (6.51e-4),0.000651,0.0,no_hit,,,0.0,0,0,,0.6606871546961326,target_class,marimastat,0.818983547805346,0.7772790055248618,2,17,"MMP1, MMP10, MMP11, MMP12, MMP13, MMP14, MMP15, MMP16, MMP17, MMP19, MMP2, MMP20, MMP21, MMP23A, MMP24, MMP25, MMP26, MMP27, MMP28, MMP3, MMP7, MMP8, MMP9",0.3817555147058824,tf_or_regulator_class,BRD1812,13.2510682786585,0.5873161764705883,1,22,CTNNB1,0.6606871546961326,0.47686066735050375,2,moderate,0,1,1,1,matched_support_present,CMPD024770,0.865,0.8775000000000001,0.8966666666666666,0.9083333333333333,0.8816666666666667,0.9049999999999999,0.8916666666666666,0.8683333333333333
LIHC_AXIS_026,LIHC,29,Luteolin | MMP1/EWSR1,Luteolin,MMP1,EWSR1,Plasma_cell,0.7257697060838135,0.8453033872102957,0.7827720351406074,0.6773597239476832,0.865,0.5442499999999999,0.865,1.0,0.7,0.8,potential prognostic unfavorable (3.71e-7),3.71e-07,0.8,potential prognostic unfavorable (6.65e-8),6.65e-08,0.0,no_hit,,,0.0,0,0,,0.6606871546961326,target_class,marimastat,0.818983547805346,0.7772790055248618,2,17,"MMP1, MMP10, MMP11, MMP12, MMP13, MMP14, MMP15, MMP16, MMP17, MMP19, MMP2, MMP20, MMP21, MMP23A, MMP24, MMP25, MMP26, MMP27, MMP28, MMP3, MMP7, MMP8, MMP9",0.4122242647058824,tf_or_regulator_class,YK-4-279,13.035499999999999,0.6341911764705883,1,22,DHX9:|:ERG:|:ETV1:|:EWSR1:|:FLI1:|:RNA helicase A,0.6606871546961326,0.48447785485050376,2,moderate,0,1,1,1,matched_support_present,CMPD024820,0.86,0.9066666666666667,0.915,0.7883333333333334,0.9533333333333333,0.8833333333333333,0.9049999999999999,0.8883333333333333
LIHC_AXIS_025,LIHC,30,Kaempferol | MMP1/EWSR1,Kaempferol,MMP1,EWSR1,Plasma_cell,0.7254326932539468,0.8453033872102957,0.7827720351406074,0.6773597239476832,0.865,0.5442499999999999,0.865,1.0,0.7,0.8,potential prognostic unfavorable (3.71e-7),3.71e-07,0.8,potential prognostic unfavorable (6.65e-8),6.65e-08,0.0,no_hit,,,0.0,0,0,,0.6606871546961326,target_class,marimastat,0.818983547805346,0.7772790055248618,2,17,"MMP1, MMP10, MMP11, MMP12, MMP13, MMP14, MMP15, MMP16, MMP17, MMP19, MMP2, MMP20, MMP21, MMP23A, MMP24, MMP25, MMP26, MMP27, MMP28, MMP3, MMP7, MMP8, MMP9",0.4122242647058824,tf_or_regulator_class,YK-4-279,13.035499999999999,0.6341911764705883,1,22,DHX9:|:ERG:|:ETV1:|:EWSR1:|:FLI1:|:RNA helicase A,0.6606871546961326,0.48447785485050376,2,moderate,0,1,1,1,matched_support_present,CMPD024768,0.855,0.9216666666666667,0.9249999999999999,0.835,0.9516666666666667,0.8833333333333333,0.9033333333333333,0.8683333333333333
LIHC_AXIS_017,LIHC,31,Kaempferol | CYP1A1/NR1I3,Kaempferol,CYP1A1,NR1I3,Tumor_Lineage,0.7237502235257974,0.8979727764468793,0.3111039756886031,0.7613235364986989,0.6625,0.48999999999999994,0.6625,1.0,0.85,0.0,unprognostic (2.07e-1),0.207,0.0,unprognostic (2.89e-2),0.0289,0.0,no_hit,,,0.0,0,0,,0.48047306629834247,target_class,2-methoxyestradiol,0.9075264106476512,0.5652624309392265,1,17,"COMT, CYP19A1, CYP1A1, CYP1B1, HIF1A, TUBB",0.0,no_hit,,,0.0,0,0,,0.48047306629834247,0.2857432665745856,1,limited,0,1,0,0,matched_support_present,CMPD024768,0.85,0.9075000000000001,0.8466666666666667,0.8016666666666667,0.8533333333333334,0.7983333333333333,0.7933333333333333,0.835
LIHC_AXIS_030,LIHC,32,(-)-epigallocatechin-3-gallate | MMP1/EWSR1,(-)-epigallocatechin-3-gallate,MMP1,EWSR1,Plasma_cell,0.7237061469971,0.8453033872102957,0.7827720351406074,0.6689597239476832,0.865,0.5442499999999999,0.865,1.0,0.7,0.8,potential prognostic unfavorable (3.71e-7),3.71e-07,0.8,potential prognostic unfavorable (6.65e-8),6.65e-08,0.0,no_hit,,,0.0,0,0,,0.6606871546961326,target_class,marimastat,0.818983547805346,0.7772790055248618,2,17,"MMP1, MMP10, MMP11, MMP12, MMP13, MMP14, MMP15, MMP16, MMP17, MMP19, MMP2, MMP20, MMP21, MMP23A, MMP24, MMP25, MMP26, MMP27, MMP28, MMP3, MMP7, MMP8, MMP9",0.4122242647058824,tf_or_regulator_class,YK-4-279,13.035499999999999,0.6341911764705883,1,22,DHX9:|:ERG:|:ETV1:|:EWSR1:|:FLI1:|:RNA helicase A,0.6606871546961326,0.48447785485050376,2,moderate,0,1,1,1,matched_support_present,CMPD024806,0.845,0.8516666666666667,0.9500000000000001,0.7600000000000001,0.8533333333333334,0.945,0.8533333333333334,0.89
LIHC_AXIS_084,LIHC,33,Kaempferol | MMP1/CTNNB1,Kaempferol,MMP1,CTNNB1,Plasma_cell,0.7228075805919515,0.8649558478742714,0.7827720351406074,0.6773597239476832,0.865,0.5442499999999999,0.865,1.0,0.7,0.8,potential prognostic unfavorable (3.71e-7),3.71e-07,0.8,potential prognostic unfavorable (6.51e-4),0.000651,0.0,no_hit,,,0.0,0,0,,0.6606871546961326,target_class,marimastat,0.818983547805346,0.7772790055248618,2,17,"MMP1, MMP10, MMP11, MMP12, MMP13, MMP14, MMP15, MMP16, MMP17, MMP19, MMP2, MMP20, MMP21, MMP23A, MMP24, MMP25, MMP26, MMP27, MMP28, MMP3, MMP7, MMP8, MMP9",0.3817555147058824,tf_or_regulator_class,BRD1812,13.2510682786585,0.5873161764705883,1,22,CTNNB1,0.6606871546961326,0.47686066735050375,2,moderate,0,1,1,1,matched_support_present,CMPD024768,0.84,0.915,0.9166666666666666,0.9433333333333334,0.8983333333333333,0.87,0.8733333333333334,0.8933333333333332
LIHC_AXIS_083,LIHC,34,Luteolin | MMP1/CTNNB1,Luteolin,MMP1,CTNNB1,Plasma_cell,0.7227737732614814,0.8649558478742714,0.7827720351406074,0.6773597239476832,0.865,0.5442499999999999,0.865,1.0,0.7,0.8,potential prognostic unfavorable (3.71e-7),3.71e-07,0.8,potential prognostic unfavorable (6.51e-4),0.000651,0.0,no_hit,,,0.0,0,0,,0.6606871546961326,target_class,marimastat,0.818983547805346,0.7772790055248618,2,17,"MMP1, MMP10, MMP11, MMP12, MMP13, MMP14, MMP15, MMP16, MMP17, MMP19, MMP2, MMP20, MMP21, MMP23A, MMP24, MMP25, MMP26, MMP27, MMP28, MMP3, MMP7, MMP8, MMP9",0.3817555147058824,tf_or_regulator_class,BRD1812,13.2510682786585,0.5873161764705883,1,22,CTNNB1,0.6606871546961326,0.47686066735050375,2,moderate,0,1,1,1,matched_support_present,CMPD024820,0.835,0.8883333333333333,0.91,0.9016666666666667,0.9033333333333333,0.87,0.8833333333333333,0.9166666666666666
LIHC_AXIS_018,LIHC,35,Galangin | CYP1A1/NR1I3,Galangin,CYP1A1,NR1I3,Tumor_Lineage,0.721826042251698,0.8979727764468793,0.3111039756886031,0.7425597239476832,0.6625,0.48999999999999994,0.6625,1.0,0.85,0.0,unprognostic (2.07e-1),0.207,0.0,unprognostic (2.89e-2),0.0289,0.0,no_hit,,,0.0,0,0,,0.48047306629834247,target_class,2-methoxyestradiol,0.9075264106476512,0.5652624309392265,1,17,"COMT, CYP19A1, CYP1A1, CYP1B1, HIF1A, TUBB",0.0,no_hit,,,0.0,0,0,,0.48047306629834247,0.2857432665745856,1,limited,0,1,0,0,matched_support_present,CMPD025348,0.83,0.8616666666666667,0.7733333333333334,0.77,0.8566666666666666,0.7883333333333334,0.7999999999999999,0.8483333333333333
LIHC_AXIS_089,LIHC,36,(-)-epigallocatechin-3-gallate | MMP1/CTNNB1,(-)-epigallocatechin-3-gallate,MMP1,CTNNB1,Plasma_cell,0.7213934131242542,0.8649558478742714,0.7827720351406074,0.6689597239476832,0.865,0.5442499999999999,0.865,1.0,0.7,0.8,potential prognostic unfavorable (3.71e-7),3.71e-07,0.8,potential prognostic unfavorable (6.51e-4),0.000651,0.0,no_hit,,,0.0,0,0,,0.6606871546961326,target_class,marimastat,0.818983547805346,0.7772790055248618,2,17,"MMP1, MMP10, MMP11, MMP12, MMP13, MMP14, MMP15, MMP16, MMP17, MMP19, MMP2, MMP20, MMP21, MMP23A, MMP24, MMP25, MMP26, MMP27, MMP28, MMP3, MMP7, MMP8, MMP9",0.3817555147058824,tf_or_regulator_class,BRD1812,13.2510682786585,0.5873161764705883,1,22,CTNNB1,0.6606871546961326,0.47686066735050375,2,moderate,0,1,1,1,matched_support_present,CMPD024806,0.825,0.8183333333333334,0.8783333333333333,0.8366666666666666,0.82,0.9066666666666666,0.8516666666666667,0.915
LIHC_AXIS_096,LIHC,37,Quercetin | MMP1/CEBPG,Quercetin,MMP1,CEBPG,Plasma_cell,0.719593937673216,0.8999999999999999,0.7827720351406074,0.7087235364986989,0.865,0.37625,0.865,1.0,0.7,0.8,potential prognostic unfavorable (3.71e-7),3.71e-07,0.0,unprognostic (1.19e-1),0.119,0.0,no_hit,,,0.0,0,0,,0.6606871546961326,target_class,marimastat,0.818983547805346,0.7772790055248618,2,17,"MMP1, MMP10, MMP11, MMP12, MMP13, MMP14, MMP15, MMP16, MMP17, MMP19, MMP2, MMP20, MMP21, MMP23A, MMP24, MMP25, MMP26, MMP27, MMP28, MMP3, MMP7, MMP8, MMP9",0.0,no_hit,,,0.0,0,0,,0.6606871546961326,0.38142178867403315,2,limited,0,1,0,1,matched_support_present,CMPD024770,0.82,0.9049999999999999,0.9316666666666666,0.9249999999999999,0.915,0.98,0.8833333333333333,0.8983333333333334
LIHC_AXIS_047,LIHC,38,Artemisinin | CYP2B6/NR1I3,Artemisinin,CYP2B6,NR1I3,Tumor_Lineage,0.719511303436393,0.9,0.3111039756886031,0.7299597239476832,0.625,0.48999999999999994,0.625,1.0,0.7,0.0,unprognostic (9.93e-2),0.0993,0.0,unprognostic (2.89e-2),0.0289,0.0,no_hit,,,0.0,0,0,,0.377296270718232,tf_or_regulator_class,meclizine,0.9021593038812601,0.5804558011049723,2,17,"HRH1, NR1I3",0.08984375000000001,target_class,Ifosfamide,14.91582437331305,0.10569852941176472,2,22,CYP2A6:|:CYP2B6:|:CYP2C18:|:CYP2C19:|:CYP2C8:|:CYP2C9:|:CYP3A4:|:CYP3A5:|:CYP3A7:|:PTGS1,0.377296270718232,0.27303500517955803,1,limited,0,1,0,0,matched_support_present,CMPD025929,0.815,0.9116666666666666,0.8416666666666667,0.8566666666666666,0.9133333333333334,0.7983333333333333,0.7933333333333333,0.85
LIHC_AXIS_069,LIHC,39,"4',5-Dihydroxyflavone | AR/FOXO1","4',5-Dihydroxyflavone",AR,FOXO1,Tumor_Lineage,0.7066302616178465,0.7261245558197763,0.2572889700395168,0.7299597239476832,0.625,0.37625,0.625,1.0,0.7,0.0,unprognostic (4.25e-3),0.00425,0.0,unprognostic (4.34e-3),0.00434,0.40684466019417476,target_class,AZD3514,0.9338519999999999,0.47864077669902916,2,16,AR,0.6683183701657459,target_class,galeterone,0.815100901541151,0.7862569060773481,16,17,"AR, CYP17A1",0.0,no_hit,,,0.0,0,0,,0.6683183701657459,0.42504075758998017,2,moderate,0,1,1,1,matched_support_present,CMPD025015,0.81,0.8099999999999999,0.7233333333333333,0.84,0.7999999999999999,0.7416666666666667,0.7616666666666667,0.8866666666666667
LIHC_AXIS_004,LIHC,40,"4',5-Dihydroxyflavone | AR/FOXM1","4',5-Dihydroxyflavone",AR,FOXM1,Tumor_Lineage,0.7064039017788981,0.8492549476247163,0.2178553777044699,0.7299597239476832,0.625,0.5862499999999999,0.625,1.0,0.7,0.0,unprognostic (4.25e-3),0.00425,1.0,validated prognostic unfavorable (9.30e-5),9.3e-05,0.40684466019417476,target_class,AZD3514,0.9338519999999999,0.47864077669902916,2,16,AR,0.6683183701657459,target_class,galeterone,0.815100901541151,0.7862569060773481,16,17,"AR, CYP17A1",0.0,no_hit,,,0.0,0,0,,0.6683183701657459,0.42504075758998017,2,moderate,0,1,1,1,matched_support_present,CMPD025015,0.805,0.8133333333333334,0.835,0.8783333333333333,0.8483333333333333,0.7766666666666667,0.7666666666666666,0.82
LIHC_AXIS_040,LIHC,41,Eckol | BACE1/CTNNB1,Eckol,BACE1,CTNNB1,Plasma_cell,0.7042961554837668,0.8353879943982965,0.7052406837396119,0.7003235364986989,0.5375,0.5442499999999999,0.5442499999999999,1.0,0.35,0.0,unprognostic (5.19e-1),0.519,0.8,potential prognostic unfavorable (6.51e-4),0.000651,0.0,no_hit,,,0.0,0,0,,0.45229627071823203,target_class,TC1,0.9200747604354444,0.5321132596685083,1,14,BACE1,0.3817555147058824,tf_or_regulator_class,BRD1812,13.2510682786585,0.5873161764705883,1,22,CTNNB1,0.45229627071823203,0.3445754463560286,1,limited,0,1,0,0,matched_support_present,CMPD025671,0.8,0.9016666666666667,0.9383333333333334,0.8733333333333334,0.8783333333333333,0.9049999999999999,0.8300000000000001,0.9266666666666666
LIHC_AXIS_003,LIHC,42,Hyperforin | NR1I2/NR1I3,Hyperforin,NR1I2,NR1I3,Tumor_Lineage,0.7011171158252517,0.9,0.3538399376312154,0.7425597239476832,0.6625,0.48999999999999994,0.6625,1.0,0.85,0.0,unprognostic (6.31e-3),0.00631,0.0,unprognostic (2.89e-2),0.0289,0.0,no_hit,,,0.0,0,0,,0.7910048342541437,target_class,docetaxel,0.6053160371621904,0.9305939226519337,9,17,"BCL2, MAP2, MAP4, MAPT, NR1I2, TUBB, TUBB1",0.8414062499999999,target_class,Paclitaxel,7.6732499999999995,0.9898897058823529,4,22,BCL2:|:MAP2:|:MAP4:|:MAPT:|:Microtubule stabiliser:|:NR1I2:|:TLR4:|:TUBB:|:TUBB1,0.8414062499999999,0.5737277710635359,3,moderate,0,1,1,1,matched_support_present,CMPD025678,0.795,0.8666666666666667,0.7933333333333333,0.8300000000000001,0.8616666666666667,0.82,0.8433333333333334,0.805
LIHC_AXIS_100,LIHC,43,Quercetin | CYP1A1/NR1H3,Quercetin,CYP1A1,NR1H3,Plasma_cell,0.6993193413761969,0.7082376985774348,0.6156618463158938,0.805278161220686,0.6625,0.37625,0.6625,1.0,0.85,0.0,unprognostic (2.07e-1),0.207,0.0,unprognostic (2.13e-3),0.00213,0.0,no_hit,,,0.0,0,0,,0.48047306629834247,target_class,2-methoxyestradiol,0.9075264106476512,0.5652624309392265,1,17,"COMT, CYP19A1, CYP1A1, CYP1B1, HIF1A, TUBB",0.0,no_hit,,,0.0,0,0,,0.48047306629834247,0.2857432665745856,1,limited,0,1,0,0,matched_support_present,CMPD024770,0.79,0.8416666666666667,0.8533333333333334,0.9083333333333333,0.8383333333333334,0.8816666666666667,0.85,0.8033333333333333
LIHC_AXIS_099,LIHC,44,Quercetin | MMP1/HOPX,Quercetin,MMP1,HOPX,Tumor_Lineage,0.6986866858345353,0.3971302421365207,0.7827720351406074,0.7087235364986989,0.865,0.46374999999999994,0.865,1.0,0.7,0.8,potential prognostic unfavorable (3.71e-7),3.71e-07,0.0,unprognostic (3.12e-1),0.312,0.0,no_hit,,,0.0,0,0,,0.6606871546961326,target_class,marimastat,0.818983547805346,0.7772790055248618,2,17,"MMP1, MMP10, MMP11, MMP12, MMP13, MMP14, MMP15, MMP16, MMP17, MMP19, MMP2, MMP20, MMP21, MMP23A, MMP24, MMP25, MMP26, MMP27, MMP28, MMP3, MMP7, MMP8, MMP9",0.0,no_hit,,,0.0,0,0,,0.6606871546961326,0.38142178867403315,2,limited,0,1,0,1,matched_support_present,CMPD024770,0.785,0.9033333333333333,0.9,0.805,0.8866666666666667,0.995,0.8250000000000001,0.9333333333333332
LIHC_AXIS_091,LIHC,45,Kaempferol | AR/FOXM1,Kaempferol,AR,FOXM1,Tumor_Lineage,0.695766294035061,0.8492549476247163,0.2178553777044699,0.6689597239476832,0.625,0.5862499999999999,0.625,1.0,0.7,0.0,unprognostic (4.25e-3),0.00425,1.0,validated prognostic unfavorable (9.30e-5),9.3e-05,0.40684466019417476,target_class,AZD3514,0.9338519999999999,0.47864077669902916,2,16,AR,0.6683183701657459,target_class,galeterone,0.815100901541151,0.7862569060773481,16,17,"AR, CYP17A1",0.0,no_hit,,,0.0,0,0,,0.6683183701657459,0.42504075758998017,2,moderate,0,1,1,1,matched_support_present,CMPD024768,0.78,0.8466666666666667,0.8316666666666667,0.9066666666666666,0.8116666666666666,0.7566666666666667,0.7583333333333333,0.8250000000000001
LIHC_AXIS_027,LIHC,46,Quercetin | CDK1/KLF5,Quercetin,CDK1,KLF5,Plasma_cell,0.6912572137009905,0.7225037437116446,0.4689051918201709,0.7853194478953663,0.8374999999999999,0.37625,0.8374999999999999,1.0,0.35,1.0,validated prognostic unfavorable (2.85e-7),2.85e-07,0.0,unprognostic (1.17e-1),0.117,0.7947087378640776,target_class,Dinaciclib,0.601909,0.9349514563106796,3,16,"CDK1, CDK2, CDK5, CDK9",0.7980490331491712,target_class,dinaciclib,0.5827022452824816,0.9388812154696132,16,17,"CDK1, CDK2, CDK5, CDK9",0.84453125,target_class,Dinaciclib,6.55195,0.9935661764705882,6,22,CDK1:|:CDK2:|:CDK5:|:CDK9,0.84453125,0.8186972552533123,4,strong,0,1,1,1,matched_support_present,CMPD024770,0.775,0.7883333333333334,0.8333333333333334,0.9383333333333334,0.8633333333333333,0.7999999999999999,0.8166666666666668,0.7666666666666666
LIHC_AXIS_051,LIHC,47,Quercetin | CDK1/SP1,Quercetin,CDK1,SP1,T_NK_ILC,0.6908688516051005,0.365022752811414,0.4689051918201709,0.7853194478953663,0.8374999999999999,0.37625,0.8374999999999999,1.0,0.35,1.0,validated prognostic unfavorable (2.85e-7),2.85e-07,0.0,unprognostic (4.73e-3),0.00473,0.7947087378640776,target_class,Dinaciclib,0.601909,0.9349514563106796,3,16,"CDK1, CDK2, CDK5, CDK9",0.7980490331491712,target_class,dinaciclib,0.5827022452824816,0.9388812154696132,16,17,"CDK1, CDK2, CDK5, CDK9",0.84453125,target_class,Dinaciclib,6.55195,0.9935661764705882,6,22,CDK1:|:CDK2:|:CDK5:|:CDK9,0.84453125,0.8186972552533123,4,strong,0,1,1,1,matched_support_present,CMPD024770,0.77,0.7783333333333333,0.8066666666666666,0.9333333333333332,0.8216666666666667,0.7933333333333333,0.7933333333333333,0.7883333333333334
LIHC_AXIS_028,LIHC,48,Quercetin | CDK1/NFYA,Quercetin,CDK1,NFYA,Plasma_cell,0.6858582910683467,0.8125053624822516,0.4689051918201709,0.7853194478953663,0.8374999999999999,0.37625,0.8374999999999999,1.0,0.35,1.0,validated prognostic unfavorable (2.85e-7),2.85e-07,0.0,unprognostic (2.14e-3),0.00214,0.7947087378640776,target_class,Dinaciclib,0.601909,0.9349514563106796,3,16,"CDK1, CDK2, CDK5, CDK9",0.7980490331491712,target_class,dinaciclib,0.5827022452824816,0.9388812154696132,16,17,"CDK1, CDK2, CDK5, CDK9",0.84453125,target_class,Dinaciclib,6.55195,0.9935661764705882,6,22,CDK1:|:CDK2:|:CDK5:|:CDK9,0.84453125,0.8186972552533123,4,strong,0,1,1,1,matched_support_present,CMPD024770,0.765,0.7949999999999999,0.8266666666666667,0.9433333333333334,0.8649999999999999,0.805,0.8066666666666666,0.7783333333333333
LIHC_AXIS_022,LIHC,49,Indirubin | CDK1/E2F1,Indirubin,CDK1,E2F1,T_NK_ILC,0.6795050577234238,0.4038126482585775,0.4689051918201709,0.7003235364986989,0.8374999999999999,0.5862499999999999,0.8374999999999999,1.0,0.35,1.0,validated prognostic unfavorable (2.85e-7),2.85e-07,1.0,validated prognostic unfavorable (1.27e-4),0.000127,0.7947087378640776,target_class,Dinaciclib,0.601909,0.9349514563106796,3,16,"CDK1, CDK2, CDK5, CDK9",0.7980490331491712,target_class,dinaciclib,0.5827022452824816,0.9388812154696132,16,17,"CDK1, CDK2, CDK5, CDK9",0.84453125,target_class,Dinaciclib,6.55195,0.9935661764705882,6,22,CDK1:|:CDK2:|:CDK5:|:CDK9,0.84453125,0.8186972552533123,4,strong,0,1,1,1,matched_support_present,CMPD025163,0.76,0.815,0.7966666666666667,0.96,0.8616666666666667,0.785,0.7716666666666666,0.7883333333333334
LIHC_AXIS_090,LIHC,50,Triptolide | PTGS2/NR1H3,Triptolide,PTGS2,NR1H3,Plasma_cell,0.679078803856503,0.5578926046488161,0.6156618463158938,0.7425597239476832,0.625,0.37625,0.625,1.0,0.7,0.0,,,0.0,unprognostic (2.13e-3),0.00213,0.0,no_hit,,,0.0,0,0,,0.99896408839779,direct_compound,triptolide,0.0465182923534017,0.99896408839779,1,13,RELA,0.7159926470588236,direct_compound,Triptolide,12.539,0.7159926470588236,1,22,RELA,0.99896408839779,0.5849891838641534,3,moderate,1,0,1,1,matched_support_present,CMPD025693,0.755,0.8966666666666666,0.8333333333333334,0.8416666666666667,0.8250000000000001,0.8366666666666666,0.7983333333333333,0.8583333333333334
LIHC_AXIS_082,LIHC,51,Indirubin | CDK1/SP1,Indirubin,CDK1,SP1,T_NK_ILC,0.6788528398755623,0.365022752811414,0.4689051918201709,0.7003235364986989,0.8374999999999999,0.37625,0.8374999999999999,1.0,0.35,1.0,validated prognostic unfavorable (2.85e-7),2.85e-07,0.0,unprognostic (4.73e-3),0.00473,0.7947087378640776,target_class,Dinaciclib,0.601909,0.9349514563106796,3,16,"CDK1, CDK2, CDK5, CDK9",0.7980490331491712,target_class,dinaciclib,0.5827022452824816,0.9388812154696132,16,17,"CDK1, CDK2, CDK5, CDK9",0.84453125,target_class,Dinaciclib,6.55195,0.9935661764705882,6,22,CDK1:|:CDK2:|:CDK5:|:CDK9,0.84453125,0.8186972552533123,4,strong,0,1,1,1,matched_support_present,CMPD025163,0.75,0.6333333333333333,0.5916666666666667,0.5766666666666667,0.6916666666666668,0.635,0.6533333333333333,0.66
LIHC_AXIS_097,LIHC,52,Beta-naphthoflavone | AHR/NR1H3,Beta-naphthoflavone,AHR,NR1H3,Plasma_cell,0.6784183014071234,0.8078295057904876,0.6156618463158938,0.5544781612206859,0.5375,0.37625,0.5375,1.0,0.35,0.0,unprognostic (1.19e-1),0.119,0.0,unprognostic (2.13e-3),0.00213,0.0,no_hit,,,0.0,0,0,,0.6947341160220993,target_class,mexiletine,0.792839114019789,0.8173342541436464,4,17,"AHR, SCN4A, SCN5A",0.37578125,target_class,StemRegenin 1,14.037500000000001,0.44209558823529416,2,22,AHR,0.6947341160220993,0.4020038415055248,2,moderate,0,1,1,1,matched_support_present,CMPD038626,0.745,0.6683333333333333,0.6866666666666666,0.65,0.6549999999999999,0.7033333333333333,0.7466666666666667,0.7483333333333334
LIHC_AXIS_054,LIHC,53,Indirubin | CDK1/KLF5,Indirubin,CDK1,KLF5,Plasma_cell,0.676266412706014,0.7225037437116446,0.4689051918201709,0.7003235364986989,0.8374999999999999,0.37625,0.8374999999999999,1.0,0.35,1.0,validated prognostic unfavorable (2.85e-7),2.85e-07,0.0,unprognostic (1.17e-1),0.117,0.7947087378640776,target_class,Dinaciclib,0.601909,0.9349514563106796,3,16,"CDK1, CDK2, CDK5, CDK9",0.7980490331491712,target_class,dinaciclib,0.5827022452824816,0.9388812154696132,16,17,"CDK1, CDK2, CDK5, CDK9",0.84453125,target_class,Dinaciclib,6.55195,0.9935661764705882,6,22,CDK1:|:CDK2:|:CDK5:|:CDK9,0.84453125,0.8186972552533123,4,strong,0,1,1,1,matched_support_present,CMPD025163,0.74,0.66,0.645,0.6,0.6749999999999999,0.6816666666666666,0.7266666666666666,0.7233333333333333
LIHC_AXIS_024,LIHC,54,Baicalein | CDK1/E2F1,Baicalein,CDK1,E2F1,T_NK_ILC,0.6752512784997172,0.4038126482585775,0.4689051918201709,0.6689597239476832,0.8374999999999999,0.5862499999999999,0.8374999999999999,1.0,0.35,1.0,validated prognostic unfavorable (2.85e-7),2.85e-07,1.0,validated prognostic unfavorable (1.27e-4),0.000127,0.7947087378640776,target_class,Dinaciclib,0.601909,0.9349514563106796,3,16,"CDK1, CDK2, CDK5, CDK9",0.7980490331491712,target_class,dinaciclib,0.5827022452824816,0.9388812154696132,16,17,"CDK1, CDK2, CDK5, CDK9",0.84453125,target_class,Dinaciclib,6.55195,0.9935661764705882,6,22,CDK1:|:CDK2:|:CDK5:|:CDK9,0.84453125,0.8186972552533123,4,strong,0,1,1,1,matched_support_present,CMPD024946,0.735,0.6833333333333332,0.6166666666666667,0.665,0.6666666666666666,0.6683333333333333,0.6716666666666667,0.6849999999999999
LIHC_AXIS_023,LIHC,55,Quercetin | CDK1/E2F1,Quercetin,CDK1,E2F1,Plasma_cell,0.6727844192289889,0.716493041604515,0.4689051918201709,0.7853194478953663,0.8374999999999999,0.5862499999999999,0.8374999999999999,1.0,0.35,1.0,validated prognostic unfavorable (2.85e-7),2.85e-07,1.0,validated prognostic unfavorable (1.27e-4),0.000127,0.7947087378640776,target_class,Dinaciclib,0.601909,0.9349514563106796,3,16,"CDK1, CDK2, CDK5, CDK9",0.7980490331491712,target_class,dinaciclib,0.5827022452824816,0.9388812154696132,16,17,"CDK1, CDK2, CDK5, CDK9",0.84453125,target_class,Dinaciclib,6.55195,0.9935661764705882,6,22,CDK1:|:CDK2:|:CDK5:|:CDK9,0.84453125,0.8186972552533123,4,strong,0,1,1,1,matched_support_present,CMPD024770,0.73,0.735,0.7416666666666667,0.7216666666666667,0.6316666666666667,0.7366666666666667,0.745,0.7333333333333334
LIHC_AXIS_032,LIHC,56,Quercetin | CDK1/E2F4,Quercetin,CDK1,E2F4,T_NK_ILC,0.6725234616320306,0.3563369758506251,0.4689051918201709,0.7853194478953663,0.8374999999999999,0.5442499999999999,0.8374999999999999,1.0,0.35,1.0,validated prognostic unfavorable (2.85e-7),2.85e-07,0.8,potential prognostic unfavorable (3.17e-5),3.17e-05,0.7947087378640776,target_class,Dinaciclib,0.601909,0.9349514563106796,3,16,"CDK1, CDK2, CDK5, CDK9",0.7980490331491712,target_class,dinaciclib,0.5827022452824816,0.9388812154696132,16,17,"CDK1, CDK2, CDK5, CDK9",0.84453125,target_class,Dinaciclib,6.55195,0.9935661764705882,6,22,CDK1:|:CDK2:|:CDK5:|:CDK9,0.84453125,0.8186972552533123,4,strong,0,1,1,1,matched_support_present,CMPD024770,0.725,0.6933333333333334,0.6833333333333332,0.6583333333333333,0.68,0.71,0.6916666666666668,0.665
LIHC_AXIS_072,LIHC,57,Quercetin | CYP1B1/CREB1,Quercetin,CYP1B1,CREB1,T_NK_ILC,0.6724586895569844,0.3335185820925438,0.4095288797904201,0.8852832604463821,0.5375,0.37625,0.5375,1.0,0.35,0.0,unprognostic (8.48e-2),0.0848,0.0,unprognostic (1.81e-3),0.00181,0.0,no_hit,,,0.0,0,0,,0.48047306629834247,target_class,2-methoxyestradiol,0.9075264106476512,0.5652624309392265,1,17,"COMT, CYP19A1, CYP1A1, CYP1B1, HIF1A, TUBB",0.0,no_hit,,,0.0,0,0,,0.48047306629834247,0.2544932665745856,1,limited,0,1,0,0,matched_support_present,CMPD024770,0.72,0.63,0.6783333333333333,0.69,0.7050000000000001,0.68,0.65,0.6233333333333334
LIHC_AXIS_070,LIHC,58,Baicalein | CDK1/KLF5,Baicalein,CDK1,KLF5,Plasma_cell,0.6709155229487627,0.7225037437116446,0.4689051918201709,0.6689597239476832,0.8374999999999999,0.37625,0.8374999999999999,1.0,0.35,1.0,validated prognostic unfavorable (2.85e-7),2.85e-07,0.0,unprognostic (1.17e-1),0.117,0.7947087378640776,target_class,Dinaciclib,0.601909,0.9349514563106796,3,16,"CDK1, CDK2, CDK5, CDK9",0.7980490331491712,target_class,dinaciclib,0.5827022452824816,0.9388812154696132,16,17,"CDK1, CDK2, CDK5, CDK9",0.84453125,target_class,Dinaciclib,6.55195,0.9935661764705882,6,22,CDK1:|:CDK2:|:CDK5:|:CDK9,0.84453125,0.8186972552533123,4,strong,0,1,1,1,matched_support_present,CMPD024946,0.715,0.65,0.6416666666666667,0.6266666666666666,0.6966666666666667,0.6483333333333333,0.7133333333333333,0.71
LIHC_AXIS_014,LIHC,59,Indirubin | AHR/SMAD2,Indirubin,AHR,SMAD2,Plasma_cell,0.6678513813961284,0.8248583069770052,0.3037921513655354,0.7809597239476832,0.5375,0.5862499999999999,0.5862499999999999,1.0,0.35,0.0,unprognostic (1.19e-1),0.119,1.0,validated prognostic unfavorable (1.28e-4),0.000128,0.0,no_hit,,,0.0,0,0,,0.6947341160220993,target_class,mexiletine,0.792839114019789,0.8173342541436464,4,17,"AHR, SCN4A, SCN5A",0.37578125,target_class,StemRegenin 1,14.037500000000001,0.44209558823529416,2,22,AHR,0.6947341160220993,0.4141913415055248,2,moderate,0,1,1,1,matched_support_present,CMPD025163,0.71,0.6983333333333333,0.6916666666666668,0.6533333333333333,0.6383333333333333,0.63,0.7050000000000001,0.7000000000000001
LIHC_AXIS_029,LIHC,60,Indirubin | AHR/NFE2L2,Indirubin,AHR,NFE2L2,Plasma_cell,0.6645451344426287,0.7921155809608185,0.3513606460750634,0.7809597239476832,0.5375,0.37625,0.5375,1.0,0.35,0.0,unprognostic (1.19e-1),0.119,0.0,unprognostic (1.25e-2),0.0125,0.0,no_hit,,,0.0,0,0,,0.6947341160220993,target_class,mexiletine,0.792839114019789,0.8173342541436464,4,17,"AHR, SCN4A, SCN5A",0.37578125,target_class,StemRegenin 1,14.037500000000001,0.44209558823529416,2,22,AHR,0.6947341160220993,0.4020038415055248,2,moderate,0,1,1,1,matched_support_present,CMPD025163,0.705,0.71,0.7233333333333333,0.6549999999999999,0.6483333333333333,0.65,0.7166666666666667,0.715
LIHC_AXIS_080,LIHC,61,Indirubin | CDK1/TFDP1,Indirubin,CDK1,TFDP1,T_NK_ILC,0.6640070715055019,0.3571364664369299,0.4689051918201709,0.7003235364986989,0.8374999999999999,0.5862499999999999,0.8374999999999999,1.0,0.35,1.0,validated prognostic unfavorable (2.85e-7),2.85e-07,1.0,validated prognostic unfavorable (3.42e-4),0.000342,0.7947087378640776,target_class,Dinaciclib,0.601909,0.9349514563106796,3,16,"CDK1, CDK2, CDK5, CDK9",0.7980490331491712,target_class,dinaciclib,0.5827022452824816,0.9388812154696132,16,17,"CDK1, CDK2, CDK5, CDK9",0.84453125,target_class,Dinaciclib,6.55195,0.9935661764705882,6,22,CDK1:|:CDK2:|:CDK5:|:CDK9,0.84453125,0.8186972552533123,4,strong,0,1,1,1,matched_support_present,CMPD025163,0.7,0.64,0.6066666666666666,0.5816666666666667,0.6916666666666668,0.6633333333333333,0.6366666666666667,0.6483333333333333
LIHC_AXIS_076,LIHC,62,Indirubin | CDK1/FOXO1,Indirubin,CDK1,FOXO1,Tumor_Lineage,0.6635070747602106,0.353472576222184,0.4689051918201709,0.7003235364986989,0.8374999999999999,0.37625,0.8374999999999999,1.0,0.35,1.0,validated prognostic unfavorable (2.85e-7),2.85e-07,0.0,unprognostic (4.34e-3),0.00434,0.7947087378640776,target_class,Dinaciclib,0.601909,0.9349514563106796,3,16,"CDK1, CDK2, CDK5, CDK9",0.7980490331491712,target_class,dinaciclib,0.5827022452824816,0.9388812154696132,16,17,"CDK1, CDK2, CDK5, CDK9",0.84453125,target_class,Dinaciclib,6.55195,0.9935661764705882,6,22,CDK1:|:CDK2:|:CDK5:|:CDK9,0.84453125,0.8186972552533123,4,strong,0,1,1,1,matched_support_present,CMPD025163,0.695,0.6633333333333333,0.6366666666666667,0.5966666666666667,0.68,0.6749999999999999,0.6516666666666667,0.6683333333333333
LIHC_AXIS_081,LIHC,63,Kaempferol | CYP1B1/SP1,Kaempferol,CYP1B1,SP1,T_NK_ILC,0.6634046666605427,0.3163279109880612,0.4095288797904201,0.7739235364986989,0.5375,0.37625,0.5375,1.0,0.35,0.0,unprognostic (8.48e-2),0.0848,0.0,unprognostic (4.73e-3),0.00473,0.0,no_hit,,,0.0,0,0,,0.48047306629834247,target_class,2-methoxyestradiol,0.9075264106476512,0.5652624309392265,1,17,"COMT, CYP19A1, CYP1A1, CYP1B1, HIF1A, TUBB",0.0,no_hit,,,0.0,0,0,,0.48047306629834247,0.2544932665745856,1,limited,0,1,0,0,matched_support_present,CMPD024768,0.69,0.6066666666666666,0.6183333333333333,0.7050000000000001,0.6916666666666668,0.5983333333333333,0.6166666666666667,0.5733333333333334
LIHC_AXIS_035,LIHC,64,Quercetin | CDK1/MYBL2,Quercetin,CDK1,MYBL2,T_NK_ILC,0.6620363634141274,0.3691205120967354,0.4689051918201709,0.7853194478953663,0.8374999999999999,0.7,0.8374999999999999,1.0,0.35,1.0,validated prognostic unfavorable (2.85e-7),2.85e-07,1.0,validated prognostic unfavorable (3.54e-9),3.54e-09,0.7947087378640776,target_class,Dinaciclib,0.601909,0.9349514563106796,3,16,"CDK1, CDK2, CDK5, CDK9",0.7980490331491712,target_class,dinaciclib,0.5827022452824816,0.9388812154696132,16,17,"CDK1, CDK2, CDK5, CDK9",0.84453125,target_class,Dinaciclib,6.55195,0.9935661764705882,6,22,CDK1:|:CDK2:|:CDK5:|:CDK9,0.84453125,0.8186972552533123,4,strong,0,1,1,1,matched_support_present,CMPD024770,0.685,0.7133333333333334,0.71,0.6866666666666666,0.6733333333333333,0.7216666666666667,0.6783333333333333,0.6683333333333333
LIHC_AXIS_021,LIHC,65,Kaempferol | AHR/SMAD2,Kaempferol,AHR,SMAD2,Plasma_cell,0.6614283747742458,0.8248583069770052,0.3037921513655354,0.7425597239476832,0.5375,0.5862499999999999,0.5862499999999999,1.0,0.35,0.0,unprognostic (1.19e-1),0.119,1.0,validated prognostic unfavorable (1.28e-4),0.000128,0.0,no_hit,,,0.0,0,0,,0.6947341160220993,target_class,mexiletine,0.792839114019789,0.8173342541436464,4,17,"AHR, SCN4A, SCN5A",0.37578125,target_class,StemRegenin 1,14.037500000000001,0.44209558823529416,2,22,AHR,0.6947341160220993,0.4141913415055248,2,moderate,0,1,1,1,matched_support_present,CMPD024768,0.68,0.6433333333333333,0.6383333333333333,0.6783333333333333,0.5883333333333334,0.5883333333333334,0.705,0.6699999999999999
LIHC_AXIS_095,LIHC,66,Baicalein | CDK1/FOXO1,Baicalein,CDK1,FOXO1,Tumor_Lineage,0.6586349866436711,0.353472576222184,0.4689051918201709,0.6689597239476832,0.8374999999999999,0.37625,0.8374999999999999,1.0,0.35,1.0,validated prognostic unfavorable (2.85e-7),2.85e-07,0.0,unprognostic (4.34e-3),0.00434,0.7947087378640776,target_class,Dinaciclib,0.601909,0.9349514563106796,3,16,"CDK1, CDK2, CDK5, CDK9",0.7980490331491712,target_class,dinaciclib,0.5827022452824816,0.9388812154696132,16,17,"CDK1, CDK2, CDK5, CDK9",0.84453125,target_class,Dinaciclib,6.55195,0.9935661764705882,6,22,CDK1:|:CDK2:|:CDK5:|:CDK9,0.84453125,0.8186972552533123,4,strong,0,1,1,1,matched_support_present,CMPD024946,0.675,0.645,0.6333333333333333,0.62,0.7033333333333333,0.6416666666666667,0.6333333333333333,0.655
LIHC_AXIS_037,LIHC,67,Kaempferol | AHR/NFE2L2,Kaempferol,AHR,NFE2L2,Plasma_cell,0.6584747448473909,0.7921155809608185,0.3513606460750634,0.7425597239476832,0.5375,0.37625,0.5375,1.0,0.35,0.0,unprognostic (1.19e-1),0.119,0.0,unprognostic (1.25e-2),0.0125,0.0,no_hit,,,0.0,0,0,,0.6947341160220993,target_class,mexiletine,0.792839114019789,0.8173342541436464,4,17,"AHR, SCN4A, SCN5A",0.37578125,target_class,StemRegenin 1,14.037500000000001,0.44209558823529416,2,22,AHR,0.6947341160220993,0.4020038415055248,2,moderate,0,1,1,1,matched_support_present,CMPD024768,0.67,0.6549999999999999,0.6900000000000001,0.6833333333333332,0.6133333333333333,0.6283333333333333,0.7116666666666666,0.6833333333333332
LIHC_AXIS_041,LIHC,68,Indirubin | CDK1/E2F1,Indirubin,CDK1,E2F1,Plasma_cell,0.6582046086393205,0.716493041604515,0.4689051918201709,0.7003235364986989,0.8374999999999999,0.5862499999999999,0.8374999999999999,1.0,0.35,1.0,validated prognostic unfavorable (2.85e-7),2.85e-07,1.0,validated prognostic unfavorable (1.27e-4),0.000127,0.7947087378640776,target_class,Dinaciclib,0.601909,0.9349514563106796,3,16,"CDK1, CDK2, CDK5, CDK9",0.7980490331491712,target_class,dinaciclib,0.5827022452824816,0.9388812154696132,16,17,"CDK1, CDK2, CDK5, CDK9",0.84453125,target_class,Dinaciclib,6.55195,0.9935661764705882,6,22,CDK1:|:CDK2:|:CDK5:|:CDK9,0.84453125,0.8186972552533123,4,strong,0,1,1,1,matched_support_present,CMPD025163,0.665,0.715,0.7066666666666667,0.695,0.6466666666666666,0.7366666666666667,0.7183333333333333,0.7366666666666667
LIHC_AXIS_094,LIHC,69,Quercetin | CDK1/TFDP1,Quercetin,CDK1,TFDP1,Plasma_cell,0.6569473636565769,0.6937320031165087,0.4689051918201709,0.7853194478953663,0.8374999999999999,0.5862499999999999,0.8374999999999999,1.0,0.35,1.0,validated prognostic unfavorable (2.85e-7),2.85e-07,1.0,validated prognostic unfavorable (3.42e-4),0.000342,0.7947087378640776,target_class,Dinaciclib,0.601909,0.9349514563106796,3,16,"CDK1, CDK2, CDK5, CDK9",0.7980490331491712,target_class,dinaciclib,0.5827022452824816,0.9388812154696132,16,17,"CDK1, CDK2, CDK5, CDK9",0.84453125,target_class,Dinaciclib,6.55195,0.9935661764705882,6,22,CDK1:|:CDK2:|:CDK5:|:CDK9,0.84453125,0.8186972552533123,4,strong,0,1,1,1,matched_support_present,CMPD024770,0.66,0.7050000000000001,0.7183333333333333,0.6583333333333333,0.6766666666666667,0.7233333333333333,0.715,0.715
LIHC_AXIS_066,LIHC,70,Indirubin | CDK1/E2F4,Indirubin,CDK1,E2F4,T_NK_ILC,0.6567251841131831,0.3563369758506251,0.4689051918201709,0.7003235364986989,0.8374999999999999,0.5442499999999999,0.8374999999999999,1.0,0.35,1.0,validated prognostic unfavorable (2.85e-7),2.85e-07,0.8,potential prognostic unfavorable (3.17e-5),3.17e-05,0.7947087378640776,target_class,Dinaciclib,0.601909,0.9349514563106796,3,16,"CDK1, CDK2, CDK5, CDK9",0.7980490331491712,target_class,dinaciclib,0.5827022452824816,0.9388812154696132,16,17,"CDK1, CDK2, CDK5, CDK9",0.84453125,target_class,Dinaciclib,6.55195,0.9935661764705882,6,22,CDK1:|:CDK2:|:CDK5:|:CDK9,0.84453125,0.8186972552533123,4,strong,0,1,1,1,matched_support_present,CMPD025163,0.655,0.6466666666666666,0.6166666666666667,0.5883333333333334,0.6900000000000001,0.6633333333333334,0.6383333333333333,0.6433333333333334
LIHC_AXIS_056,LIHC,71,Quercetin | CDK1/E2F4,Quercetin,CDK1,E2F4,Plasma_cell,0.6536323855986432,0.6839889411164581,0.4689051918201709,0.7853194478953663,0.8374999999999999,0.5442499999999999,0.8374999999999999,1.0,0.35,1.0,validated prognostic unfavorable (2.85e-7),2.85e-07,0.8,potential prognostic unfavorable (3.17e-5),3.17e-05,0.7947087378640776,target_class,Dinaciclib,0.601909,0.9349514563106796,3,16,"CDK1, CDK2, CDK5, CDK9",0.7980490331491712,target_class,dinaciclib,0.5827022452824816,0.9388812154696132,16,17,"CDK1, CDK2, CDK5, CDK9",0.84453125,target_class,Dinaciclib,6.55195,0.9935661764705882,6,22,CDK1:|:CDK2:|:CDK5:|:CDK9,0.84453125,0.8186972552533123,4,strong,0,1,1,1,matched_support_present,CMPD024770,0.65,0.7066666666666667,0.7116666666666666,0.65,0.6749999999999999,0.7166666666666667,0.7200000000000001,0.71
LIHC_AXIS_052,LIHC,72,Baicalein | CDK1/E2F1,Baicalein,CDK1,E2F1,Plasma_cell,0.6534091706493719,0.716493041604515,0.4689051918201709,0.6689597239476832,0.8374999999999999,0.5862499999999999,0.8374999999999999,1.0,0.35,1.0,validated prognostic unfavorable (2.85e-7),2.85e-07,1.0,validated prognostic unfavorable (1.27e-4),0.000127,0.7947087378640776,target_class,Dinaciclib,0.601909,0.9349514563106796,3,16,"CDK1, CDK2, CDK5, CDK9",0.7980490331491712,target_class,dinaciclib,0.5827022452824816,0.9388812154696132,16,17,"CDK1, CDK2, CDK5, CDK9",0.84453125,target_class,Dinaciclib,6.55195,0.9935661764705882,6,22,CDK1:|:CDK2:|:CDK5:|:CDK9,0.84453125,0.8186972552533123,4,strong,0,1,1,1,matched_support_present,CMPD024946,0.645,0.6733333333333333,0.67,0.6349999999999999,0.6733333333333333,0.6716666666666667,0.6883333333333334,0.7000000000000001
LIHC_AXIS_065,LIHC,73,Indirubin | AHR/NFE2L2,Indirubin,AHR,NFE2L2,T_NK_ILC,0.653055845600257,0.3494926157143488,0.3513606460750634,0.7809597239476832,0.5375,0.37625,0.5375,1.0,0.35,0.0,unprognostic (1.19e-1),0.119,0.0,unprognostic (1.25e-2),0.0125,0.0,no_hit,,,0.0,0,0,,0.6947341160220993,target_class,mexiletine,0.792839114019789,0.8173342541436464,4,17,"AHR, SCN4A, SCN5A",0.37578125,target_class,StemRegenin 1,14.037500000000001,0.44209558823529416,2,22,AHR,0.6947341160220993,0.4020038415055248,2,moderate,0,1,1,1,matched_support_present,CMPD025163,0.64,0.635,0.6166666666666667,0.625,0.6633333333333333,0.6216666666666667,0.61,0.5916666666666667
LIHC_AXIS_085,LIHC,74,Baicalein | CDK1/E2F4,Baicalein,CDK1,E2F4,T_NK_ILC,0.6512824023445003,0.3563369758506251,0.4689051918201709,0.6689597239476832,0.8374999999999999,0.5442499999999999,0.8374999999999999,1.0,0.35,1.0,validated prognostic unfavorable (2.85e-7),2.85e-07,0.8,potential prognostic unfavorable (3.17e-5),3.17e-05,0.7947087378640776,target_class,Dinaciclib,0.601909,0.9349514563106796,3,16,"CDK1, CDK2, CDK5, CDK9",0.7980490331491712,target_class,dinaciclib,0.5827022452824816,0.9388812154696132,16,17,"CDK1, CDK2, CDK5, CDK9",0.84453125,target_class,Dinaciclib,6.55195,0.9935661764705882,6,22,CDK1:|:CDK2:|:CDK5:|:CDK9,0.84453125,0.8186972552533123,4,strong,0,1,1,1,matched_support_present,CMPD024946,0.635,0.625,0.6033333333333334,0.5983333333333333,0.7116666666666666,0.6266666666666666,0.6216666666666667,0.6333333333333333
LIHC_AXIS_058,LIHC,75,Quercetin | AKR1B1/NFKB2,Quercetin,AKR1B1,NFKB2,T_NK_ILC,0.6487023642980205,0.393110104216234,0.2600137243876134,0.9152791718430496,0.5375,0.37625,0.5375,1.0,0.35,0.0,unprognostic (2.48e-2),0.0248,0.0,unprognostic (1.02e-3),0.00102,0.0,no_hit,,,0.0,0,0,,0.28482389502762434,tf_or_regulator_class,aspirin,0.959412779881419,0.43819060773480667,2,16,"AKR1C1, ASIC3, EDNRA, HSPA5, IKBKB, NFKB1, NFKB2, NFKBIA, PRKAA1, PRKAA2, PRKAB1, PRKAB2, PRKAG1, PRKAG2, PRKAG3, PTGS1, PTGS2, RPS6KA3, TP53",0.0,no_hit,,,0.0,0,0,,0.28482389502762434,0.2055809737569061,1,limited,0,1,0,0,matched_support_present,CMPD024770,0.63,0.6733333333333333,0.6583333333333333,0.6383333333333333,0.5716666666666667,0.6633333333333333,0.58,0.6133333333333333
LIHC_AXIS_005,LIHC,76,Luteolin | XDH/CEBPB,Luteolin,XDH,CEBPB,Plasma_cell,0.6486419808134402,0.8754747460716342,0.1811260103872577,0.805278161220686,0.5375,0.37625,0.5375,1.0,0.35,0.0,unprognostic (2.78e-3),0.00278,0.0,unprognostic (1.95e-1),0.195,0.0,no_hit,,,0.0,0,0,,0.6148998618784531,target_class,curcumin,0.847891471709513,0.7234116022099448,2,17,"APP, CA1, CA12, CA14, CA2, CA4, CA6, CA9, CYP3A4, DNMT3B, EP300, MMP13, MMP9, NOS2, PTGS1, PTGS2, XDH",0.66015625,target_class,Curcumin,12.1105,0.7766544117647058,1,22,APP:|:CA1:|:CA12:|:CA14:|:CA2:|:CA4:|:CA6:|:CA9:|:CYP3A4:|:DNMT3B:|:EP300:|:MMP13:|:MMP9:|:NOS2:|:PTGS1:|:PTGS2:|:XDH,0.66015625,0.45313902796961325,3,moderate,0,1,1,1,matched_support_present,CMPD024820,0.625,0.5266666666666667,0.6016666666666667,0.6783333333333333,0.61,0.5766666666666667,0.6549999999999999,0.6966666666666667
LIHC_AXIS_075,LIHC,77,Indirubin | CDK1/MYBL2,Indirubin,CDK1,MYBL2,T_NK_ILC,0.6466579652633394,0.3691205120967354,0.4689051918201709,0.7003235364986989,0.8374999999999999,0.7,0.8374999999999999,1.0,0.35,1.0,validated prognostic unfavorable (2.85e-7),2.85e-07,1.0,validated prognostic unfavorable (3.54e-9),3.54e-09,0.7947087378640776,target_class,Dinaciclib,0.601909,0.9349514563106796,3,16,"CDK1, CDK2, CDK5, CDK9",0.7980490331491712,target_class,dinaciclib,0.5827022452824816,0.9388812154696132,16,17,"CDK1, CDK2, CDK5, CDK9",0.84453125,target_class,Dinaciclib,6.55195,0.9935661764705882,6,22,CDK1:|:CDK2:|:CDK5:|:CDK9,0.84453125,0.8186972552533123,4,strong,0,1,1,1,matched_support_present,CMPD025163,0.62,0.6683333333333333,0.6516666666666667,0.61,0.6783333333333333,0.695,0.6266666666666666,0.6433333333333334
LIHC_AXIS_015,LIHC,78,Hyperforin | NR1I2/HNF1A,Hyperforin,NR1I2,HNF1A,Tumor_Lineage,0.6461312983427863,0.9,0.1563652231685436,0.7425597239476832,0.6625,0.37625,0.6625,1.0,0.85,0.0,unprognostic (6.31e-3),0.00631,0.0,unprognostic (2.27e-2),0.0227,0.0,no_hit,,,0.0,0,0,,0.7910048342541437,target_class,docetaxel,0.6053160371621904,0.9305939226519337,9,17,"BCL2, MAP2, MAP4, MAPT, NR1I2, TUBB, TUBB1",0.8414062499999999,target_class,Paclitaxel,7.6732499999999995,0.9898897058823529,4,22,BCL2:|:MAP2:|:MAP4:|:MAPT:|:Microtubule stabiliser:|:NR1I2:|:TLR4:|:TUBB:|:TUBB1,0.8414062499999999,0.5737277710635359,3,moderate,0,1,1,1,matched_support_present,CMPD025678,0.615,0.69,0.755,0.7216666666666667,0.5966666666666667,0.7166666666666667,0.6966666666666667,0.7433333333333333
LIHC_AXIS_019,LIHC,79,Physovenine | ACHE/CEBPB,Physovenine,ACHE,CEBPB,Plasma_cell,0.6439669160082451,0.6993910727526285,0.3488200215630325,0.7809597239476832,0.5375,0.37625,0.5375,1.0,0.35,0.0,unprognostic (2.02e-1),0.202,0.0,unprognostic (1.95e-1),0.195,0.0,no_hit,,,0.0,0,0,,0.38009323204419887,target_class,chlorpyrifos,0.954175787087257,0.4471685082872928,5,17,ACHE,0.5687500000000001,target_class,PRIMA-1,12.849,0.6691176470588236,1,22,ACHE:|:TP53,0.5687500000000001,0.37158580801104973,2,limited,0,1,0,1,matched_support_present,CMPD025553,0.61,0.6266666666666666,0.7133333333333333,0.6266666666666666,0.5733333333333334,0.6516666666666667,0.6966666666666667,0.615
LIHC_AXIS_036,LIHC,80,Quercetin | PLAU/E2F1,Quercetin,PLAU,E2F1,T_NK_ILC,0.6390587427607778,0.3479016772748001,0.358114836083681,0.6877235364986989,0.5375,0.5862499999999999,0.5862499999999999,1.0,0.35,0.0,unprognostic (4.94e-3),0.00494,1.0,validated prognostic unfavorable (1.27e-4),0.000127,0.0,no_hit,,,0.0,0,0,,0.0,no_hit,,,0.0,0,0,,0.0,no_hit,,,0.0,0,0,,0.0,0.14656249999999998,1,weak_or_absent,0,0,0,0,matched_support_present,CMPD024770,0.605,0.655,0.5499999999999999,0.6699999999999999,0.665,0.59,0.595,0.6
LIHC_AXIS_038,LIHC,81,Ellipticine | CYP1A1/FOXO1,Ellipticine,CYP1A1,FOXO1,Tumor_Lineage,0.637972604883577,0.3688812818349539,0.2769413207673788,0.7425597239476832,0.6625,0.37625,0.6625,1.0,0.85,0.0,unprognostic (2.07e-1),0.207,0.0,unprognostic (4.34e-3),0.00434,0.0,no_hit,,,0.0,0,0,,0.48047306629834247,target_class,2-methoxyestradiol,0.9075264106476512,0.5652624309392265,1,17,"COMT, CYP19A1, CYP1A1, CYP1B1, HIF1A, TUBB",0.0,no_hit,,,0.0,0,0,,0.48047306629834247,0.2857432665745856,1,limited,0,1,0,0,matched_support_present,CMPD025479,0.6,0.61,0.5716666666666667,0.6233333333333334,0.6166666666666667,0.5933333333333333,0.595,0.5833333333333334
LIHC_AXIS_039,LIHC,82,Galangin | CYP1A1/FOXO1,Galangin,CYP1A1,FOXO1,Tumor_Lineage,0.6377428288024817,0.3688812818349539,0.2769413207673788,0.7425597239476832,0.6625,0.37625,0.6625,1.0,0.85,0.0,unprognostic (2.07e-1),0.207,0.0,unprognostic (4.34e-3),0.00434,0.0,no_hit,,,0.0,0,0,,0.48047306629834247,target_class,2-methoxyestradiol,0.9075264106476512,0.5652624309392265,1,17,"COMT, CYP19A1, CYP1A1, CYP1B1, HIF1A, TUBB",0.0,no_hit,,,0.0,0,0,,0.48047306629834247,0.2857432665745856,1,limited,0,1,0,0,matched_support_present,CMPD025348,0.595,0.6233333333333334,0.61,0.6783333333333333,0.6233333333333334,0.5866666666666667,0.5866666666666666,0.5733333333333334
LIHC_AXIS_053,LIHC,83,Physovenine | ACHE/NFE2L2,Physovenine,ACHE,NFE2L2,Plasma_cell,0.6348483497450143,0.6692504714187348,0.3488200215630325,0.7809597239476832,0.5375,0.37625,0.5375,1.0,0.35,0.0,unprognostic (2.02e-1),0.202,0.0,unprognostic (1.25e-2),0.0125,0.0,no_hit,,,0.0,0,0,,0.38009323204419887,target_class,chlorpyrifos,0.954175787087257,0.4471685082872928,5,17,ACHE,0.5687500000000001,target_class,PRIMA-1,12.849,0.6691176470588236,1,22,ACHE:|:TP53,0.5687500000000001,0.37158580801104973,2,limited,0,1,0,1,matched_support_present,CMPD025553,0.59,0.5833333333333334,0.6916666666666668,0.5783333333333334,0.5599999999999999,0.6066666666666667,0.6533333333333333,0.5916666666666667
LIHC_AXIS_057,LIHC,84,Eckol | BACE1/RELA,Eckol,BACE1,RELA,T_NK_ILC,0.6258297359205042,0.3903658540583448,0.3404414953715226,0.7003235364986989,0.5375,0.5442499999999999,0.5442499999999999,1.0,0.35,0.0,unprognostic (5.19e-1),0.519,0.8,potential prognostic unfavorable (9.99e-4),0.000999,0.0,no_hit,,,0.0,0,0,,0.6493266574585635,tf_or_regulator_class,triptolide,0.0465182923534017,0.99896408839779,5,17,RELA,0.5119944852941177,tf_or_regulator_class,Bortezomib,12.023499999999999,0.7876838235294118,2,22,Proteasome:|:PSMA1:|:PSMA2:|:PSMA3:|:PSMA4:|:PSMA5:|:PSMA6:|:PSMA7:|:PSMA8:|:PSMB1:|:PSMB10:|:PSMB11:|:PSMB2:|:PSMB3:|:PSMB4:|:PSMB5:|:PSMB6:|:PSMB7:|:PSMB8:|:PSMB9:|:PSMD1:|:PSMD2:|:RELA,0.6493266574585635,0.4263927856881703,3,moderate,0,1,1,1,matched_support_present,CMPD025671,0.585,0.5750000000000001,0.5816666666666667,0.56,0.5766666666666667,0.5966666666666667,0.5883333333333333,0.5750000000000001
LIHC_AXIS_093,LIHC,85,Rocaglamide | RELA/E2F1,Rocaglamide,RELA,E2F1,Plasma_cell,0.6242334615724967,0.8208513685609843,0.358114836083681,0.5509261344435874,0.7775,0.5862499999999999,0.7775,1.0,0.35,0.8,potential prognostic unfavorable (9.99e-4),0.000999,1.0,validated prognostic unfavorable (1.27e-4),0.000127,0.0,no_hit,,,0.0,0,0,,0.8491194751381215,target_class,triptolide,0.0465182923534017,0.99896408839779,5,17,RELA,0.66953125,target_class,Bortezomib,12.023499999999999,0.7876838235294118,2,22,Proteasome:|:PSMA1:|:PSMA2:|:PSMA3:|:PSMA4:|:PSMA5:|:PSMA6:|:PSMA7:|:PSMA8:|:PSMB1:|:PSMB10:|:PSMB11:|:PSMB2:|:PSMB3:|:PSMB4:|:PSMB5:|:PSMB6:|:PSMB7:|:PSMB8:|:PSMB9:|:PSMD1:|:PSMD2:|:RELA,0.8491194751381215,0.5740376812845304,3,moderate,0,1,1,1,matched_support_present,CMPD053196,0.58,0.5750000000000001,0.5466666666666667,0.6916666666666668,0.7033333333333333,0.5666666666666668,0.6133333333333333,0.6166666666666667
LIHC_AXIS_077,LIHC,86,Eckol | BACE1/SP1,Eckol,BACE1,SP1,T_NK_ILC,0.6182949159206493,0.3735370345949104,0.1858056562356913,0.7003235364986989,0.5375,0.37625,0.5375,1.0,0.35,0.0,unprognostic (5.19e-1),0.519,0.0,unprognostic (4.73e-3),0.00473,0.0,no_hit,,,0.0,0,0,,0.45229627071823203,target_class,TC1,0.9200747604354444,0.5321132596685083,1,14,BACE1,0.0,no_hit,,,0.0,0,0,,0.45229627071823203,0.247449067679558,1,limited,0,1,0,0,matched_support_present,CMPD025671,0.575,0.535,0.52,0.525,0.56,0.5166666666666667,0.5366666666666667,0.53
LIHC_AXIS_074,LIHC,87,Coryincine | ADRA1D/TBP,Coryincine,ADRA1D,TBP,T_NK_ILC,0.6163616793107816,0.3422487749591816,0.1240588988657132,0.902678161220686,0.625,0.5442499999999999,0.625,1.0,0.7,0.0,,,0.8,potential prognostic unfavorable (5.61e-9),5.61e-09,0.0,no_hit,,,0.0,0,0,,0.5802658839779006,target_class,dronedarone,0.864600057263561,0.6826657458563536,12,17,"ADRA1A, ADRA1B, ADRA1D, ADRA2A, ADRA2B, ADRA2C, ADRB1, CACNA1C, CACNA1D, CACNA1F, CACNA1S, CACNB1, CACNB2, CACNB3, CACNB4, KCNA5, KCNH2, KCNK2, SCN1A",0.0,no_hit,,,0.0,0,0,,0.5802658839779006,0.3013164709944751,2,limited,0,1,0,1,matched_support_present,CMPD025402,0.57,0.5483333333333333,0.5783333333333333,0.5516666666666666,0.5183333333333334,0.5666666666666667,0.5316666666666667,0.5183333333333334
LIHC_AXIS_064,LIHC,88,Pectolinarigenin | MAPK14/CEBPD,Pectolinarigenin,MAPK14,CEBPD,Plasma_cell,0.6049914786913341,0.8175023197072863,0.1646812785854765,0.6563597239476832,0.5375,0.37625,0.5375,1.0,0.35,0.0,unprognostic (6.59e-2),0.0659,0.0,unprognostic (4.05e-2),0.0405,0.0,no_hit,,,0.0,0,0,,0.7223238950276243,target_class,tyrphostin-AG-1478,0.748855585053392,0.8497928176795579,12,17,"EGFR, MAPK14",0.42109374999999993,target_class,Skepinone-L,13.7984004889801,0.49540441176470584,2,22,MAPK14,0.7223238950276243,0.42022941125690605,2,moderate,0,1,1,1,matched_support_present,CMPD026190,0.565,0.5083333333333333,0.52,0.5583333333333333,0.5233333333333333,0.5166666666666667,0.56,0.5533333333333333
LIHC_AXIS_062,LIHC,89,"3,5-dihydroxy-2-(4-hydroxyphenyl)chromone | MAPK14/CEBPD","3,5-dihydroxy-2-(4-hydroxyphenyl)chromone",MAPK14,CEBPD,Plasma_cell,0.6048315524441331,0.8175023197072863,0.1646812785854765,0.6563597239476832,0.5375,0.37625,0.5375,1.0,0.35,0.0,unprognostic (6.59e-2),0.0659,0.0,unprognostic (4.05e-2),0.0405,0.0,no_hit,,,0.0,0,0,,0.7223238950276243,target_class,tyrphostin-AG-1478,0.748855585053392,0.8497928176795579,12,17,"EGFR, MAPK14",0.42109374999999993,target_class,Skepinone-L,13.7984004889801,0.49540441176470584,2,22,MAPK14,0.7223238950276243,0.42022941125690605,2,moderate,0,1,1,1,matched_support_present,CMPD025602,0.56,0.515,0.515,0.6066666666666667,0.5283333333333333,0.5133333333333333,0.5633333333333334,0.5483333333333333
LIHC_AXIS_063,LIHC,90,Chryseriol | MAPK14/CEBPD,Chryseriol,MAPK14,CEBPD,Plasma_cell,0.6045343923458371,0.8175023197072863,0.1646812785854765,0.6563597239476832,0.5375,0.37625,0.5375,1.0,0.35,0.0,unprognostic (6.59e-2),0.0659,0.0,unprognostic (4.05e-2),0.0405,0.0,no_hit,,,0.0,0,0,,0.7223238950276243,target_class,tyrphostin-AG-1478,0.748855585053392,0.8497928176795579,12,17,"EGFR, MAPK14",0.42109374999999993,target_class,Skepinone-L,13.7984004889801,0.49540441176470584,2,22,MAPK14,0.7223238950276243,0.42022941125690605,2,moderate,0,1,1,1,matched_support_present,CMPD024922,0.555,0.5116666666666667,0.5116666666666667,0.5983333333333333,0.525,0.53,0.5566666666666668,0.5466666666666667
LIHC_AXIS_033,LIHC,91,Eckol | BACE1/HIF1A,Eckol,BACE1,HIF1A,T_NK_ILC,0.601077692838057,0.3903492167966402,0.1858056562356913,0.7003235364986989,0.5375,0.37625,0.5375,1.0,0.35,0.0,unprognostic (5.19e-1),0.519,0.0,unprognostic (5.76e-3),0.00576,0.0,no_hit,,,0.0,0,0,,0.6358598066298343,tf_or_regulator_class,BAY-87-2243,0.44410500310198797,0.9782458563535912,3,17,HIF1A,0.0,no_hit,,,0.0,0,0,,0.6358598066298343,0.2933399516574586,2,limited,0,1,0,1,matched_support_present,CMPD025671,0.55,0.5516666666666667,0.535,0.585,0.56,0.5316666666666667,0.5416666666666666,0.5383333333333334
LIHC_AXIS_055,LIHC,92,Triptolide | PTGS2/CEBPB,Triptolide,PTGS2,CEBPB,Plasma_cell,0.6007735409378911,0.6723739667118594,0.1873983047457536,0.7425597239476832,0.625,0.37625,0.625,1.0,0.7,0.0,,,0.0,unprognostic (1.95e-1),0.195,0.0,no_hit,,,0.0,0,0,,0.99896408839779,direct_compound,triptolide,0.0465182923534017,0.99896408839779,1,13,RELA,0.7159926470588236,direct_compound,Triptolide,12.539,0.7159926470588236,1,22,RELA,0.99896408839779,0.5849891838641534,3,moderate,1,0,1,1,matched_support_present,CMPD025693,0.545,0.5466666666666667,0.5466666666666667,0.5416666666666666,0.5566666666666666,0.5366666666666667,0.575,0.5683333333333334
LIHC_AXIS_087,LIHC,93,Quercetin | PLAU/JUN,Quercetin,PLAU,JUN,T_NK_ILC,0.595847418056065,0.3253229113446632,0.1349197529705623,0.6877235364986989,0.5375,0.37625,0.5375,1.0,0.35,0.0,unprognostic (4.94e-3),0.00494,0.0,unprognostic (1.81e-3),0.00181,0.0,no_hit,,,0.0,0,0,,0.63541091160221,tf_or_regulator_class,vinblastine,0.445093134459476,0.9775552486187845,2,17,"JUN, TUBA1A, TUBB, TUBD1, TUBE1, TUBG1",0.0,no_hit,,,0.0,0,0,,0.63541091160221,0.2932277279005525,2,limited,0,1,0,1,matched_support_present,CMPD024770,0.54,0.5966666666666667,0.5116666666666667,0.57,0.5483333333333333,0.505,0.5166666666666667,0.5183333333333334
LIHC_AXIS_012,LIHC,94,Naringenin | CYP19A1/CEBPD,Naringenin,CYP19A1,CEBPD,Plasma_cell,0.5934212077437165,0.5575310247275259,0.1280857765536794,1.0,0.865,0.37625,0.865,1.0,0.7,0.8,potential prognostic unfavorable (2.91e-6),2.91e-06,0.0,unprognostic (4.05e-2),0.0405,0.0,no_hit,,,0.0,0,0,,0.48047306629834247,target_class,2-methoxyestradiol,0.9075264106476512,0.5652624309392265,9,17,"COMT, CYP19A1, CYP1A1, CYP1B1, HIF1A, TUBB",0.0,no_hit,,,0.0,0,0,,0.48047306629834247,0.33636826657458563,1,limited,0,1,0,0,matched_support_present,CMPD025012,0.535,0.6333333333333333,0.75,0.6533333333333333,0.6483333333333333,0.6816666666666666,0.5716666666666667,0.585
LIHC_AXIS_007,LIHC,95,Indirubin | AHR/NFKB,Indirubin,AHR,NFKB,T_NK_ILC,0.5848633980833109,0.3713229854747236,0.1476184981966692,0.7809597239476832,0.5375,0.0,0.5375,1.0,0.35,0.0,unprognostic (1.19e-1),0.119,0.0,,,0.0,no_hit,,,0.0,0,0,,0.6947341160220993,target_class,mexiletine,0.792839114019789,0.8173342541436464,4,17,"AHR, SCN4A, SCN5A",0.37578125,target_class,StemRegenin 1,14.037500000000001,0.44209558823529416,2,22,AHR,0.6947341160220993,0.4020038415055248,2,moderate,0,1,1,1,matched_support_present,CMPD025163,0.53,0.6166666666666667,0.5616666666666666,0.5983333333333333,0.6283333333333333,0.5566666666666666,0.5416666666666666,0.5566666666666666
LIHC_AXIS_098,LIHC,96,Eckol | BACE1/RELA,Eckol,BACE1,RELA,Plasma_cell,0.5835473315789521,0.813463145888072,0.1858056562356913,0.7003235364986989,0.5375,0.5442499999999999,0.5442499999999999,1.0,0.35,0.0,unprognostic (5.19e-1),0.519,0.8,potential prognostic unfavorable (9.99e-4),0.000999,0.0,no_hit,,,0.0,0,0,,0.6493266574585635,tf_or_regulator_class,triptolide,0.0465182923534017,0.99896408839779,5,17,RELA,0.5119944852941177,tf_or_regulator_class,Bortezomib,12.023499999999999,0.7876838235294118,2,22,Proteasome:|:PSMA1:|:PSMA2:|:PSMA3:|:PSMA4:|:PSMA5:|:PSMA6:|:PSMA7:|:PSMA8:|:PSMB1:|:PSMB10:|:PSMB11:|:PSMB2:|:PSMB3:|:PSMB4:|:PSMB5:|:PSMB6:|:PSMB7:|:PSMB8:|:PSMB9:|:PSMD1:|:PSMD2:|:RELA,0.6493266574585635,0.4263927856881703,3,moderate,0,1,1,1,matched_support_present,CMPD025671,0.525,0.55,0.5783333333333334,0.5483333333333333,0.5333333333333333,0.5750000000000001,0.56,0.5733333333333334
LIHC_AXIS_048,LIHC,97,Quercetin | AKR1B1/AP1,Quercetin,AKR1B1,AP1,T_NK_ILC,0.5793807311635282,0.3559397843439067,0.2508633306920625,0.9152791718430496,0.5375,0.0,0.5375,1.0,0.35,0.0,unprognostic (2.48e-2),0.0248,0.0,,,0.0,no_hit,,,0.0,0,0,,0.0,no_hit,,,0.0,0,0,,0.0,no_hit,,,0.0,0,0,,0.0,0.134375,1,weak_or_absent,0,0,0,0,matched_support_present,CMPD024770,0.52,0.7000000000000001,0.7183333333333334,0.66,0.6033333333333334,0.7399999999999999,0.53,0.6366666666666667
LIHC_AXIS_016,LIHC,98,Quercetin | ALOX5/NFKB,Quercetin,ALOX5,NFKB,T_NK_ILC,0.5697647757394363,0.4030058382721752,0.0738076412108734,0.8526791718430495,0.7775,0.0,0.7775,1.0,0.35,0.8,potential prognostic unfavorable (1.86e-4),0.000186,0.0,,,0.0,no_hit,,,0.0,0,0,,0.365417817679558,target_class,tepoxalin,0.9640554041428645,0.4299033149171271,5,17,ALOX5,0.0,no_hit,,,0.0,0,0,,0.365417817679558,0.2857294544198895,1,limited,0,1,0,0,matched_support_present,CMPD024770,0.515,0.6233333333333333,0.5633333333333334,0.6083333333333334,0.5966666666666667,0.5716666666666667,0.5166666666666667,0.5750000000000001
LIHC_AXIS_067,LIHC,99,Naringenin | CYP19A1/CEBPD,Naringenin,CYP19A1,CEBPD,B_cell,0.5139632505404674,0.2948281607868026,0.1280857765536794,1.0,0.865,0.37625,0.865,1.0,0.7,0.8,potential prognostic unfavorable (2.91e-6),2.91e-06,0.0,unprognostic (4.05e-2),0.0405,0.0,no_hit,,,0.0,0,0,,0.48047306629834247,target_class,2-methoxyestradiol,0.9075264106476512,0.5652624309392265,9,17,"COMT, CYP19A1, CYP1A1, CYP1B1, HIF1A, TUBB",0.0,no_hit,,,0.0,0,0,,0.48047306629834247,0.33636826657458563,1,limited,0,1,0,0,matched_support_present,CMPD025012,0.51,0.5733333333333334,0.6366666666666666,0.5766666666666667,0.635,0.6466666666666666,0.5166666666666667,0.5083333333333333
LIHC_AXIS_042,LIHC,100,Luteolin | TYR/MITF,Luteolin,TYR,MITF,Myeloid,0.4782623647591338,0.4267972368736912,0.0695017256560856,0.8123235364986989,0.7,0.4375,0.7,1.0,1.0,0.0,,,0.0,unprognostic (6.23e-3),0.00623,0.0,no_hit,,,0.0,0,0,,0.688863950276243,target_class,hexylresorcinol,0.79771785820139,0.8104281767955801,3,17,TYR,0.0,no_hit,,,0.0,0,0,,0.688863950276243,0.34721598756906075,2,limited,0,1,0,1,matched_support_present,CMPD024820,0.505,0.5233333333333333,0.5516666666666666,0.6183333333333333,0.5683333333333334,0.5433333333333333,0.505,0.5066666666666667
LIHC_AXIS_146,LIHC,101,"4',5-Dihydroxyflavone | AR/HDAC1","4',5-Dihydroxyflavone",AR,HDAC1,Plasma_cell,0.4263158199388302,0.8999999999999999,0.0,0.0,0.625,0.5442499999999999,0.625,1.0,0.7,0.0,unprognostic (4.25e-3),0.00425,0.8,potential prognostic unfavorable (2.99e-10),2.99e-10,0.636747572815534,tf_or_regulator_class,Belinostat,0.421017,0.9796116504854369,10,16,HDAC1,0.6683183701657459,target_class,galeterone,0.815100901541151,0.7862569060773481,16,17,"AR, CYP17A1",0.6482077205882353,tf_or_regulator_class,Panobinostat,5.7998,0.9972426470588235,18,22,HDAC:|:HDAC1:|:HDAC2:|:HDAC3:|:HDAC4:|:HDAC6:|:HDAC7:|:HDAC8:|:HDAC9,0.6683183701657459,0.6445684158923788,4,strong,0,1,1,1,matched_support_present,CMPD025015,0.5,0.12333333333333334,0.25166666666666665,0.28,0.335,0.14666666666666667,0.5,0.305
LIHC_AXIS_151,LIHC,102,Indirubin | GSK3B/CEBPB,Indirubin,GSK3B,CEBPB,Plasma_cell,0.4230439151830618,0.8261958318736755,0.0,0.0,0.5375,0.37625,0.5375,1.0,0.35,0.0,unprognostic (5.99e-3),0.00599,0.0,unprognostic (1.95e-1),0.195,0.5322815533980582,target_class,AZD7969,0.89106,0.6262135922330097,4,16,GSK3B,0.7452175414364641,target_class,LY2090314,0.7140253614211329,0.8767265193370166,15,17,GSK3B,0.61484375,target_class,AT7867,12.5,0.7233455882352942,5,22,AKT:|:AKT1:|:AKT2:|:AKT3:|:GSK3B:|:PKIA:|:PRKACA:|:RPS6KB2,0.7452175414364641,0.6074607112086305,4,strong,0,1,1,1,matched_support_present,CMPD025163,0.495,0.17500000000000002,0.31666666666666665,0.4366666666666667,0.19833333333333333,0.08666666666666667,0.4916666666666667,0.3216666666666667
LIHC_AXIS_141,LIHC,103,Allopseudococain | SLC6A2/CEBPB,Allopseudococain,SLC6A2,CEBPB,Plasma_cell,0.4191031395293524,0.8197390930943154,0.0,0.0,0.625,0.37625,0.625,1.0,0.7,0.0,unprognostic (1.29e-1),0.129,0.0,unprognostic (1.95e-1),0.195,0.0,no_hit,,,0.0,0,0,,0.3390020718232044,target_class,BTS-54505,0.982094096295198,0.3988259668508287,5,16,"SLC6A2, SLC6A3, SLC6A4",0.0,no_hit,,,0.0,0,0,,0.3390020718232044,0.2410005179558011,1,limited,0,1,0,0,matched_support_present,CMPD025856,0.49,0.23166666666666666,0.19333333333333336,0.435,0.39666666666666667,0.255,0.49,0.34833333333333333
LIHC_AXIS_109,LIHC,104,Kaempferol | AR/FOXO1,Kaempferol,AR,FOXO1,Tumor_Lineage,0.4149296633816382,0.7261245558197763,0.0,0.0,0.625,0.37625,0.625,1.0,0.7,0.0,unprognostic (4.25e-3),0.00425,0.0,unprognostic (4.34e-3),0.00434,0.40684466019417476,target_class,AZD3514,0.9338519999999999,0.47864077669902916,2,16,AR,0.6683183701657459,target_class,galeterone,0.815100901541151,0.7862569060773481,16,17,"AR, CYP17A1",0.0,no_hit,,,0.0,0,0,,0.6683183701657459,0.42504075758998017,2,moderate,0,1,1,1,matched_support_present,CMPD024768,0.485,0.26333333333333336,0.18999999999999997,0.20333333333333334,0.22999999999999998,0.13333333333333333,0.38999999999999996,0.36000000000000004
LIHC_AXIS_111,LIHC,105,"4',5-Dihydroxyflavone | AR/MYC","4',5-Dihydroxyflavone",AR,MYC,Tumor_Lineage,0.4143212130502524,0.7503370637527577,0.0,0.0,0.625,0.37625,0.625,1.0,0.7,0.0,unprognostic (4.25e-3),0.00425,0.0,unprognostic (5.30e-2),0.053,0.40684466019417476,target_class,AZD3514,0.9338519999999999,0.47864077669902916,2,16,AR,0.6683183701657459,target_class,galeterone,0.815100901541151,0.7862569060773481,16,17,"AR, CYP17A1",0.0,no_hit,,,0.0,0,0,,0.6683183701657459,0.42504075758998017,2,moderate,0,1,1,1,matched_support_present,CMPD025015,0.48,0.21,0.25166666666666665,0.3333333333333333,0.32,0.19666666666666666,0.4566666666666666,0.32666666666666666
LIHC_AXIS_158,LIHC,106,Daucene | CTNNB1/E2F1,Daucene,CTNNB1,E2F1,Plasma_cell,0.4135050826724852,0.8505503734938621,0.0,0.0,0.7775,0.5862499999999999,0.7775,1.0,0.35,0.8,potential prognostic unfavorable (6.51e-4),0.000651,1.0,validated prognostic unfavorable (1.27e-4),0.000127,0.0,no_hit,,,0.0,0,0,,0.5333045580110497,target_class,ICG-001,0.88388009305628,0.6274171270718232,1,17,CTNNB1,0.49921875000000004,target_class,BRD1812,13.2510682786585,0.5873161764705883,1,22,CTNNB1,0.5333045580110497,0.45250582700276243,2,moderate,0,1,1,1,matched_support_present,CMPD024778,0.475,0.18666666666666668,0.11166666666666668,0.49666666666666665,0.305,0.375,0.46166666666666667,0.34500000000000003
LIHC_AXIS_157,LIHC,107,Fisetin | CTNNB1/E2F1,Fisetin,CTNNB1,E2F1,Plasma_cell,0.4133238712510435,0.8505503734938621,0.0,0.0,0.7775,0.5862499999999999,0.7775,1.0,0.35,0.8,potential prognostic unfavorable (6.51e-4),0.000651,1.0,validated prognostic unfavorable (1.27e-4),0.000127,0.0,no_hit,,,0.0,0,0,,0.5333045580110497,target_class,ICG-001,0.88388009305628,0.6274171270718232,1,17,CTNNB1,0.49921875000000004,target_class,BRD1812,13.2510682786585,0.5873161764705883,1,22,CTNNB1,0.5333045580110497,0.45250582700276243,2,moderate,0,1,1,1,matched_support_present,CMPD026234,0.47,0.13,0.19000000000000003,0.49833333333333335,0.24,0.33666666666666667,0.4566666666666667,0.22999999999999998
LIHC_AXIS_101,LIHC,108,Indirubin | AHR/STAT3,Indirubin,AHR,STAT3,Plasma_cell,0.4128522493678858,0.7881941413026224,0.0,0.0,0.5375,0.37625,0.5375,1.0,0.35,0.0,unprognostic (1.19e-1),0.119,0.0,unprognostic (1.46e-1),0.146,0.0,no_hit,,,0.0,0,0,,0.6947341160220993,target_class,mexiletine,0.792839114019789,0.8173342541436464,4,17,"AHR, SCN4A, SCN5A",0.6314797794117648,tf_or_regulator_class,Bardoxolone methyl,8.3864,0.9715073529411765,3,22,PPARG:|:STAT3,0.6947341160220993,0.46592847385846603,3,moderate,0,1,1,1,matched_support_present,CMPD025163,0.465,0.18000000000000002,0.325,0.27166666666666667,0.17333333333333334,0.08,0.4216666666666667,0.2683333333333333
LIHC_AXIS_114,LIHC,109,Artemisinin | CYP2B6/FOXM1,Artemisinin,CYP2B6,FOXM1,Tumor_Lineage,0.4123978573426335,0.8072078364221588,0.0,0.0,0.625,0.5862499999999999,0.625,1.0,0.7,0.0,unprognostic (9.93e-2),0.0993,1.0,validated prognostic unfavorable (9.30e-5),9.3e-05,0.0,no_hit,,,0.0,0,0,,0.5029868784530387,tf_or_regulator_class,thiostrepton,0.8211711307349849,0.7738259668508287,1,14,FOXM1,0.08984375000000001,target_class,Ifosfamide,14.91582437331305,0.10569852941176472,2,22,CYP2A6:|:CYP2B6:|:CYP2C18:|:CYP2C19:|:CYP2C8:|:CYP2C9:|:CYP3A4:|:CYP3A5:|:CYP3A7:|:PTGS1,0.5029868784530387,0.30445765711325967,2,limited,0,1,0,1,matched_support_present,CMPD025929,0.46,0.21,0.13333333333333333,0.2833333333333334,0.09666666666666666,0.2683333333333333,0.4633333333333333,0.4383333333333333
LIHC_AXIS_126,LIHC,110,Kaempferol | AHR/STAT3,Kaempferol,AHR,STAT3,Plasma_cell,0.4119469518036371,0.7881941413026224,0.0,0.0,0.5375,0.37625,0.5375,1.0,0.35,0.0,unprognostic (1.19e-1),0.119,0.0,unprognostic (1.46e-1),0.146,0.0,no_hit,,,0.0,0,0,,0.6947341160220993,target_class,mexiletine,0.792839114019789,0.8173342541436464,4,17,"AHR, SCN4A, SCN5A",0.6314797794117648,tf_or_regulator_class,Bardoxolone methyl,8.3864,0.9715073529411765,3,22,PPARG:|:STAT3,0.6947341160220993,0.46592847385846603,3,moderate,0,1,1,1,matched_support_present,CMPD024768,0.455,0.21,0.21333333333333335,0.20666666666666667,0.2383333333333333,0.08666666666666667,0.4083333333333334,0.3133333333333333
LIHC_AXIS_175,LIHC,111,Eriodyctiol (flavanone) | HSP90AB1/STAT3,Eriodyctiol (flavanone),HSP90AB1,STAT3,Plasma_cell,0.4113327126990003,0.8226631877769528,0.0,0.0,0.8374999999999999,0.37625,0.8374999999999999,1.0,0.35,1.0,validated prognostic unfavorable (3.93e-4),0.000393,0.0,unprognostic (1.46e-1),0.146,0.0,no_hit,,,0.0,0,0,,0.814485497237569,target_class,NVP-AUY922,0.549868961326182,0.9582182320441989,1,17,"HSP90AA1, HSP90AB1",0.6314797794117648,tf_or_regulator_class,Bardoxolone methyl,8.3864,0.9715073529411765,3,22,PPARG:|:STAT3,0.814485497237569,0.5708663191623334,3,moderate,0,1,1,1,matched_support_present,CMPD025188,0.45,0.14666666666666667,0.13166666666666668,0.39999999999999997,0.22666666666666668,0.295,0.4883333333333333,0.39833333333333326
LIHC_AXIS_152,LIHC,112,Eriodyctiol (flavanone) | HSP90AB1/CEBPD,Eriodyctiol (flavanone),HSP90AB1,CEBPD,Plasma_cell,0.4096474322162869,0.8406938511375388,0.0,0.0,0.8374999999999999,0.37625,0.8374999999999999,1.0,0.35,1.0,validated prognostic unfavorable (3.93e-4),0.000393,0.0,unprognostic (4.05e-2),0.0405,0.0,no_hit,,,0.0,0,0,,0.814485497237569,target_class,NVP-AUY922,0.549868961326182,0.9582182320441989,1,17,"HSP90AA1, HSP90AB1",0.0,no_hit,,,0.0,0,0,,0.814485497237569,0.41299637430939223,2,moderate,0,1,1,1,matched_support_present,CMPD025188,0.445,0.15166666666666667,0.13833333333333334,0.395,0.245,0.2866666666666667,0.45999999999999996,0.37666666666666665
LIHC_AXIS_103,LIHC,113,"4',5-Dihydroxyflavone | AR/E2F1","4',5-Dihydroxyflavone",AR,E2F1,T_NK_ILC,0.4075663783031468,0.5908534333354099,0.0,0.0,0.625,0.5862499999999999,0.625,1.0,0.7,0.0,unprognostic (4.25e-3),0.00425,1.0,validated prognostic unfavorable (1.27e-4),0.000127,0.40684466019417476,target_class,AZD3514,0.9338519999999999,0.47864077669902916,2,16,AR,0.6683183701657459,target_class,galeterone,0.815100901541151,0.7862569060773481,16,17,"AR, CYP17A1",0.0,no_hit,,,0.0,0,0,,0.6683183701657459,0.42504075758998017,2,moderate,0,1,1,1,matched_support_present,CMPD025015,0.44,0.29833333333333334,0.22666666666666666,0.33499999999999996,0.30833333333333335,0.32166666666666666,0.21666666666666667,0.31333333333333335
LIHC_AXIS_200,LIHC,114,Sophoridine | RELA/E2F1,Sophoridine,RELA,E2F1,Plasma_cell,0.4063406944836691,0.8208513685609843,0.0,0.0,0.7775,0.5862499999999999,0.7775,1.0,0.35,0.8,potential prognostic unfavorable (9.99e-4),0.000999,1.0,validated prognostic unfavorable (1.27e-4),0.000127,0.0,no_hit,,,0.0,0,0,,0.8491194751381215,target_class,triptolide,0.0465182923534017,0.99896408839779,5,17,RELA,0.66953125,target_class,Bortezomib,12.023499999999999,0.7876838235294118,2,22,Proteasome:|:PSMA1:|:PSMA2:|:PSMA3:|:PSMA4:|:PSMA5:|:PSMA6:|:PSMA7:|:PSMA8:|:PSMB1:|:PSMB10:|:PSMB11:|:PSMB2:|:PSMB3:|:PSMB4:|:PSMB5:|:PSMB6:|:PSMB7:|:PSMB8:|:PSMB9:|:PSMD1:|:PSMD2:|:RELA,0.8491194751381215,0.5740376812845304,3,moderate,0,1,1,1,matched_support_present,CMPD025676,0.435,0.2833333333333333,0.24,0.38166666666666665,0.3666666666666667,0.4116666666666667,0.4066666666666667,0.365
LIHC_AXIS_147,LIHC,115,Artemisinin | CYP2B6/HNF1A,Artemisinin,CYP2B6,HNF1A,Tumor_Lineage,0.4060954348134288,0.9,0.0,0.0,0.625,0.37625,0.625,1.0,0.7,0.0,unprognostic (9.93e-2),0.0993,0.0,unprognostic (2.27e-2),0.0227,0.0,no_hit,,,0.0,0,0,,0.2862569060773481,direct_compound,artemisinin,1.107228105647725,0.2862569060773481,2,17,CYP2B6,0.08984375000000001,target_class,Ifosfamide,14.91582437331305,0.10569852941176472,2,22,CYP2A6:|:CYP2B6:|:CYP2C18:|:CYP2C19:|:CYP2C8:|:CYP2C9:|:CYP3A4:|:CYP3A5:|:CYP3A7:|:PTGS1,0.2862569060773481,0.250275164019337,1,limited,1,1,0,0,matched_support_present,CMPD025929,0.43,0.22999999999999998,0.13166666666666668,0.245,0.10833333333333334,0.25166666666666665,0.46166666666666667,0.4366666666666667
LIHC_AXIS_195,LIHC,116,Acacetin | RELA/E2F1,Acacetin,RELA,E2F1,Plasma_cell,0.4060228262913,0.8208513685609843,0.0,0.0,0.7775,0.5862499999999999,0.7775,1.0,0.35,0.8,potential prognostic unfavorable (9.99e-4),0.000999,1.0,validated prognostic unfavorable (1.27e-4),0.000127,0.0,no_hit,,,0.0,0,0,,0.8491194751381215,target_class,triptolide,0.0465182923534017,0.99896408839779,5,17,RELA,0.66953125,target_class,Bortezomib,12.023499999999999,0.7876838235294118,2,22,Proteasome:|:PSMA1:|:PSMA2:|:PSMA3:|:PSMA4:|:PSMA5:|:PSMA6:|:PSMA7:|:PSMA8:|:PSMB1:|:PSMB10:|:PSMB11:|:PSMB2:|:PSMB3:|:PSMB4:|:PSMB5:|:PSMB6:|:PSMB7:|:PSMB8:|:PSMB9:|:PSMD1:|:PSMD2:|:RELA,0.8491194751381215,0.5740376812845304,3,moderate,0,1,1,1,matched_support_present,CMPD024817,0.425,0.18166666666666664,0.19499999999999998,0.34833333333333333,0.365,0.2333333333333333,0.33166666666666667,0.3116666666666667
LIHC_AXIS_185,LIHC,117,arachidonic acid | RELA/E2F1,arachidonic acid,RELA,E2F1,Plasma_cell,0.4060015978626656,0.8208513685609843,0.0,0.0,0.7775,0.5862499999999999,0.7775,1.0,0.35,0.8,potential prognostic unfavorable (9.99e-4),0.000999,1.0,validated prognostic unfavorable (1.27e-4),0.000127,0.0,no_hit,,,0.0,0,0,,0.8491194751381215,target_class,triptolide,0.0465182923534017,0.99896408839779,5,17,RELA,0.66953125,target_class,Bortezomib,12.023499999999999,0.7876838235294118,2,22,Proteasome:|:PSMA1:|:PSMA2:|:PSMA3:|:PSMA4:|:PSMA5:|:PSMA6:|:PSMA7:|:PSMA8:|:PSMB1:|:PSMB10:|:PSMB11:|:PSMB2:|:PSMB3:|:PSMB4:|:PSMB5:|:PSMB6:|:PSMB7:|:PSMB8:|:PSMB9:|:PSMD1:|:PSMD2:|:RELA,0.8491194751381215,0.5740376812845304,3,moderate,0,1,1,1,matched_support_present,CMPD025942,0.42,0.25,0.22666666666666666,0.4116666666666667,0.35000000000000003,0.4066666666666667,0.41500000000000004,0.325
LIHC_AXIS_184,LIHC,118,Wogonin | RELA/E2F1,Wogonin,RELA,E2F1,Plasma_cell,0.4059696608862426,0.8208513685609843,0.0,0.0,0.7775,0.5862499999999999,0.7775,1.0,0.35,0.8,potential prognostic unfavorable (9.99e-4),0.000999,1.0,validated prognostic unfavorable (1.27e-4),0.000127,0.0,no_hit,,,0.0,0,0,,0.8491194751381215,target_class,triptolide,0.0465182923534017,0.99896408839779,5,17,RELA,0.66953125,target_class,Bortezomib,12.023499999999999,0.7876838235294118,2,22,Proteasome:|:PSMA1:|:PSMA2:|:PSMA3:|:PSMA4:|:PSMA5:|:PSMA6:|:PSMA7:|:PSMA8:|:PSMB1:|:PSMB10:|:PSMB11:|:PSMB2:|:PSMB3:|:PSMB4:|:PSMB5:|:PSMB6:|:PSMB7:|:PSMB8:|:PSMB9:|:PSMD1:|:PSMD2:|:RELA,0.8491194751381215,0.5740376812845304,3,moderate,0,1,1,1,matched_support_present,CMPD024872,0.415,0.235,0.17166666666666666,0.395,0.33499999999999996,0.37333333333333335,0.38166666666666665,0.33666666666666667
LIHC_AXIS_196,LIHC,119,Deoxypodophyllotoxin | RELA/E2F1,Deoxypodophyllotoxin,RELA,E2F1,Plasma_cell,0.4059152281224003,0.8208513685609843,0.0,0.0,0.7775,0.5862499999999999,0.7775,1.0,0.35,0.8,potential prognostic unfavorable (9.99e-4),0.000999,1.0,validated prognostic unfavorable (1.27e-4),0.000127,0.0,no_hit,,,0.0,0,0,,0.8491194751381215,target_class,triptolide,0.0465182923534017,0.99896408839779,5,17,RELA,0.66953125,target_class,Bortezomib,12.023499999999999,0.7876838235294118,2,22,Proteasome:|:PSMA1:|:PSMA2:|:PSMA3:|:PSMA4:|:PSMA5:|:PSMA6:|:PSMA7:|:PSMA8:|:PSMB1:|:PSMB10:|:PSMB11:|:PSMB2:|:PSMB3:|:PSMB4:|:PSMB5:|:PSMB6:|:PSMB7:|:PSMB8:|:PSMB9:|:PSMD1:|:PSMD2:|:RELA,0.8491194751381215,0.5740376812845304,3,moderate,0,1,1,1,matched_support_present,CMPD025023,0.41,0.22166666666666668,0.3,0.4266666666666667,0.31,0.40499999999999997,0.39333333333333337,0.2816666666666667
LIHC_AXIS_180,LIHC,120,"3,5-dihydroxy-2-(4-hydroxyphenyl)chromone | RELA/E2F1","3,5-dihydroxy-2-(4-hydroxyphenyl)chromone",RELA,E2F1,Plasma_cell,0.4058842991300314,0.8208513685609843,0.0,0.0,0.7775,0.5862499999999999,0.7775,1.0,0.35,0.8,potential prognostic unfavorable (9.99e-4),0.000999,1.0,validated prognostic unfavorable (1.27e-4),0.000127,0.0,no_hit,,,0.0,0,0,,0.8491194751381215,target_class,triptolide,0.0465182923534017,0.99896408839779,5,17,RELA,0.66953125,target_class,Bortezomib,12.023499999999999,0.7876838235294118,2,22,Proteasome:|:PSMA1:|:PSMA2:|:PSMA3:|:PSMA4:|:PSMA5:|:PSMA6:|:PSMA7:|:PSMA8:|:PSMB1:|:PSMB10:|:PSMB11:|:PSMB2:|:PSMB3:|:PSMB4:|:PSMB5:|:PSMB6:|:PSMB7:|:PSMB8:|:PSMB9:|:PSMD1:|:PSMD2:|:RELA,0.8491194751381215,0.5740376812845304,3,moderate,0,1,1,1,matched_support_present,CMPD025602,0.405,0.20166666666666666,0.21,0.34833333333333333,0.34833333333333333,0.24,0.34,0.3
LIHC_AXIS_193,LIHC,121,Triptolide | RELA/E2F1,Triptolide,RELA,E2F1,Plasma_cell,0.4058839237223322,0.8208513685609843,0.0,0.0,0.7775,0.5862499999999999,0.7775,1.0,0.35,0.8,potential prognostic unfavorable (9.99e-4),0.000999,1.0,validated prognostic unfavorable (1.27e-4),0.000127,0.0,no_hit,,,0.0,0,0,,0.99896408839779,direct_compound,triptolide,0.0465182923534017,0.99896408839779,1,13,RELA,0.7159926470588236,direct_compound,Triptolide,12.539,0.7159926470588236,1,22,RELA,0.99896408839779,0.6231141838641534,3,strong,1,0,1,1,matched_support_present,CMPD025693,0.4,0.1366666666666667,0.33166666666666667,0.25166666666666665,0.11333333333333334,0.20833333333333334,0.36166666666666664,0.3
LIHC_AXIS_197,LIHC,122,(-)-epigallocatechin-3-gallate | RELA/E2F1,(-)-epigallocatechin-3-gallate,RELA,E2F1,Plasma_cell,0.4058597831031361,0.8208513685609843,0.0,0.0,0.7775,0.5862499999999999,0.7775,1.0,0.35,0.8,potential prognostic unfavorable (9.99e-4),0.000999,1.0,validated prognostic unfavorable (1.27e-4),0.000127,0.0,no_hit,,,0.0,0,0,,0.8491194751381215,target_class,triptolide,0.0465182923534017,0.99896408839779,5,17,RELA,0.66953125,target_class,Bortezomib,12.023499999999999,0.7876838235294118,2,22,Proteasome:|:PSMA1:|:PSMA2:|:PSMA3:|:PSMA4:|:PSMA5:|:PSMA6:|:PSMA7:|:PSMA8:|:PSMB1:|:PSMB10:|:PSMB11:|:PSMB2:|:PSMB3:|:PSMB4:|:PSMB5:|:PSMB6:|:PSMB7:|:PSMB8:|:PSMB9:|:PSMD1:|:PSMD2:|:RELA,0.8491194751381215,0.5740376812845304,3,moderate,0,1,1,1,matched_support_present,CMPD024806,0.395,0.18833333333333335,0.3016666666666667,0.32,0.35000000000000003,0.12333333333333334,0.3383333333333334,0.29333333333333333
LIHC_AXIS_192,LIHC,123,Picropodophyllin | RELA/E2F1,Picropodophyllin,RELA,E2F1,Plasma_cell,0.4058452978032507,0.8208513685609843,0.0,0.0,0.7775,0.5862499999999999,0.7775,1.0,0.35,0.8,potential prognostic unfavorable (9.99e-4),0.000999,1.0,validated prognostic unfavorable (1.27e-4),0.000127,0.0,no_hit,,,0.0,0,0,,0.8491194751381215,target_class,triptolide,0.0465182923534017,0.99896408839779,5,17,RELA,0.66953125,target_class,Bortezomib,12.023499999999999,0.7876838235294118,2,22,Proteasome:|:PSMA1:|:PSMA2:|:PSMA3:|:PSMA4:|:PSMA5:|:PSMA6:|:PSMA7:|:PSMA8:|:PSMB1:|:PSMB10:|:PSMB11:|:PSMB2:|:PSMB3:|:PSMB4:|:PSMB5:|:PSMB6:|:PSMB7:|:PSMB8:|:PSMB9:|:PSMD1:|:PSMD2:|:RELA,0.8491194751381215,0.5740376812845304,3,moderate,0,1,1,1,matched_support_present,CMPD024903,0.39,0.18666666666666668,0.2683333333333333,0.41,0.295,0.42333333333333334,0.4083333333333334,0.315
LIHC_AXIS_182,LIHC,124,Praeruptorin A | RELA/E2F1,Praeruptorin A,RELA,E2F1,Plasma_cell,0.4058106690571568,0.8208513685609843,0.0,0.0,0.7775,0.5862499999999999,0.7775,1.0,0.35,0.8,potential prognostic unfavorable (9.99e-4),0.000999,1.0,validated prognostic unfavorable (1.27e-4),0.000127,0.0,no_hit,,,0.0,0,0,,0.8491194751381215,target_class,triptolide,0.0465182923534017,0.99896408839779,5,17,RELA,0.66953125,target_class,Bortezomib,12.023499999999999,0.7876838235294118,2,22,Proteasome:|:PSMA1:|:PSMA2:|:PSMA3:|:PSMA4:|:PSMA5:|:PSMA6:|:PSMA7:|:PSMA8:|:PSMB1:|:PSMB10:|:PSMB11:|:PSMB2:|:PSMB3:|:PSMB4:|:PSMB5:|:PSMB6:|:PSMB7:|:PSMB8:|:PSMB9:|:PSMD1:|:PSMD2:|:RELA,0.8491194751381215,0.5740376812845304,3,moderate,0,1,1,1,matched_support_present,CMPD025898,0.385,0.26499999999999996,0.225,0.4266666666666667,0.35250000000000004,0.42333333333333334,0.39666666666666667,0.34
LIHC_AXIS_191,LIHC,125,Fisetin | RELA/E2F1,Fisetin,RELA,E2F1,Plasma_cell,0.4057960390810364,0.8208513685609843,0.0,0.0,0.7775,0.5862499999999999,0.7775,1.0,0.35,0.8,potential prognostic unfavorable (9.99e-4),0.000999,1.0,validated prognostic unfavorable (1.27e-4),0.000127,0.0,no_hit,,,0.0,0,0,,0.8491194751381215,target_class,triptolide,0.0465182923534017,0.99896408839779,5,17,RELA,0.66953125,target_class,Bortezomib,12.023499999999999,0.7876838235294118,2,22,Proteasome:|:PSMA1:|:PSMA2:|:PSMA3:|:PSMA4:|:PSMA5:|:PSMA6:|:PSMA7:|:PSMA8:|:PSMB1:|:PSMB10:|:PSMB11:|:PSMB2:|:PSMB3:|:PSMB4:|:PSMB5:|:PSMB6:|:PSMB7:|:PSMB8:|:PSMB9:|:PSMD1:|:PSMD2:|:RELA,0.8491194751381215,0.5740376812845304,3,moderate,0,1,1,1,matched_support_present,CMPD026234,0.38,0.25666666666666665,0.3383333333333333,0.40499999999999997,0.29,0.38166666666666665,0.3833333333333333,0.27166666666666667
LIHC_AXIS_198,LIHC,126,Yamogenin | RELA/E2F1,Yamogenin,RELA,E2F1,Plasma_cell,0.4057546792741692,0.8208513685609843,0.0,0.0,0.7775,0.5862499999999999,0.7775,1.0,0.35,0.8,potential prognostic unfavorable (9.99e-4),0.000999,1.0,validated prognostic unfavorable (1.27e-4),0.000127,0.0,no_hit,,,0.0,0,0,,0.8491194751381215,target_class,triptolide,0.0465182923534017,0.99896408839779,5,17,RELA,0.66953125,target_class,Bortezomib,12.023499999999999,0.7876838235294118,2,22,Proteasome:|:PSMA1:|:PSMA2:|:PSMA3:|:PSMA4:|:PSMA5:|:PSMA6:|:PSMA7:|:PSMA8:|:PSMB1:|:PSMB10:|:PSMB11:|:PSMB2:|:PSMB3:|:PSMB4:|:PSMB5:|:PSMB6:|:PSMB7:|:PSMB8:|:PSMB9:|:PSMD1:|:PSMD2:|:RELA,0.8491194751381215,0.5740376812845304,3,moderate,0,1,1,1,matched_support_present,CMPD024968,0.375,0.23500000000000001,0.3016666666666667,0.4383333333333333,0.3133333333333333,0.4183333333333333,0.37833333333333335,0.295
LIHC_AXIS_199,LIHC,127,Luteolin | RELA/E2F1,Luteolin,RELA,E2F1,Plasma_cell,0.4057454304047783,0.8208513685609843,0.0,0.0,0.7775,0.5862499999999999,0.7775,1.0,0.35,0.8,potential prognostic unfavorable (9.99e-4),0.000999,1.0,validated prognostic unfavorable (1.27e-4),0.000127,0.0,no_hit,,,0.0,0,0,,0.8491194751381215,target_class,triptolide,0.0465182923534017,0.99896408839779,5,17,RELA,0.66953125,target_class,Bortezomib,12.023499999999999,0.7876838235294118,2,22,Proteasome:|:PSMA1:|:PSMA2:|:PSMA3:|:PSMA4:|:PSMA5:|:PSMA6:|:PSMA7:|:PSMA8:|:PSMB1:|:PSMB10:|:PSMB11:|:PSMB2:|:PSMB3:|:PSMB4:|:PSMB5:|:PSMB6:|:PSMB7:|:PSMB8:|:PSMB9:|:PSMD1:|:PSMD2:|:RELA,0.8491194751381215,0.5740376812845304,3,moderate,0,1,1,1,matched_support_present,CMPD024820,0.37,0.17166666666666666,0.3566666666666667,0.2866666666666667,0.11,0.20333333333333334,0.3333333333333333,0.25333333333333335
LIHC_AXIS_183,LIHC,128,ellagic acid | RELA/E2F1,ellagic acid,RELA,E2F1,Plasma_cell,0.4056781103048706,0.8208513685609843,0.0,0.0,0.7775,0.5862499999999999,0.7775,1.0,0.35,0.8,potential prognostic unfavorable (9.99e-4),0.000999,1.0,validated prognostic unfavorable (1.27e-4),0.000127,0.0,no_hit,,,0.0,0,0,,0.8491194751381215,target_class,triptolide,0.0465182923534017,0.99896408839779,5,17,RELA,0.66953125,target_class,Bortezomib,12.023499999999999,0.7876838235294118,2,22,Proteasome:|:PSMA1:|:PSMA2:|:PSMA3:|:PSMA4:|:PSMA5:|:PSMA6:|:PSMA7:|:PSMA8:|:PSMB1:|:PSMB10:|:PSMB11:|:PSMB2:|:PSMB3:|:PSMB4:|:PSMB5:|:PSMB6:|:PSMB7:|:PSMB8:|:PSMB9:|:PSMD1:|:PSMD2:|:RELA,0.8491194751381215,0.5740376812845304,3,moderate,0,1,1,1,matched_support_present,CMPD025051,0.365,0.26833333333333337,0.20000000000000004,0.38833333333333336,0.32666666666666666,0.365,0.35833333333333334,0.345
LIHC_AXIS_186,LIHC,129,Naringenin | RELA/E2F1,Naringenin,RELA,E2F1,Plasma_cell,0.4056460762932313,0.8208513685609843,0.0,0.0,0.7775,0.5862499999999999,0.7775,1.0,0.35,0.8,potential prognostic unfavorable (9.99e-4),0.000999,1.0,validated prognostic unfavorable (1.27e-4),0.000127,0.0,no_hit,,,0.0,0,0,,0.8491194751381215,target_class,triptolide,0.0465182923534017,0.99896408839779,5,17,RELA,0.66953125,target_class,Bortezomib,12.023499999999999,0.7876838235294118,2,22,Proteasome:|:PSMA1:|:PSMA2:|:PSMA3:|:PSMA4:|:PSMA5:|:PSMA6:|:PSMA7:|:PSMA8:|:PSMB1:|:PSMB10:|:PSMB11:|:PSMB2:|:PSMB3:|:PSMB4:|:PSMB5:|:PSMB6:|:PSMB7:|:PSMB8:|:PSMB9:|:PSMD1:|:PSMD2:|:RELA,0.8491194751381215,0.5740376812845304,3,moderate,0,1,1,1,matched_support_present,CMPD025012,0.36,0.13166666666666668,0.3833333333333333,0.3016666666666667,0.15166666666666664,0.15166666666666667,0.3216666666666667,0.26833333333333337
LIHC_AXIS_194,LIHC,130,Baicalein | RELA/E2F1,Baicalein,RELA,E2F1,Plasma_cell,0.405638631829148,0.8208513685609843,0.0,0.0,0.7775,0.5862499999999999,0.7775,1.0,0.35,0.8,potential prognostic unfavorable (9.99e-4),0.000999,1.0,validated prognostic unfavorable (1.27e-4),0.000127,0.0,no_hit,,,0.0,0,0,,0.8491194751381215,target_class,triptolide,0.0465182923534017,0.99896408839779,5,17,RELA,0.66953125,target_class,Bortezomib,12.023499999999999,0.7876838235294118,2,22,Proteasome:|:PSMA1:|:PSMA2:|:PSMA3:|:PSMA4:|:PSMA5:|:PSMA6:|:PSMA7:|:PSMA8:|:PSMB1:|:PSMB10:|:PSMB11:|:PSMB2:|:PSMB3:|:PSMB4:|:PSMB5:|:PSMB6:|:PSMB7:|:PSMB8:|:PSMB9:|:PSMD1:|:PSMD2:|:RELA,0.8491194751381215,0.5740376812845304,3,moderate,0,1,1,1,matched_support_present,CMPD024946,0.355,0.18500000000000003,0.36833333333333335,0.34500000000000003,0.29833333333333334,0.19499999999999998,0.3333333333333333,0.24333333333333332
LIHC_AXIS_188,LIHC,131,Artemisinin | RELA/E2F1,Artemisinin,RELA,E2F1,Plasma_cell,0.4056384049805612,0.8208513685609843,0.0,0.0,0.7775,0.5862499999999999,0.7775,1.0,0.35,0.8,potential prognostic unfavorable (9.99e-4),0.000999,1.0,validated prognostic unfavorable (1.27e-4),0.000127,0.0,no_hit,,,0.0,0,0,,0.8491194751381215,target_class,triptolide,0.0465182923534017,0.99896408839779,5,17,RELA,0.66953125,target_class,Bortezomib,12.023499999999999,0.7876838235294118,2,22,Proteasome:|:PSMA1:|:PSMA2:|:PSMA3:|:PSMA4:|:PSMA5:|:PSMA6:|:PSMA7:|:PSMA8:|:PSMB1:|:PSMB10:|:PSMB11:|:PSMB2:|:PSMB3:|:PSMB4:|:PSMB5:|:PSMB6:|:PSMB7:|:PSMB8:|:PSMB9:|:PSMD1:|:PSMD2:|:RELA,0.8491194751381215,0.5740376812845304,3,moderate,0,1,1,1,matched_support_present,CMPD025929,0.35,0.13333333333333333,0.3016666666666667,0.3233333333333333,0.13666666666666666,0.2733333333333334,0.37333333333333335,0.28
LIHC_AXIS_190,LIHC,132,Irisolidone | RELA/E2F1,Irisolidone,RELA,E2F1,Plasma_cell,0.4056056874417407,0.8208513685609843,0.0,0.0,0.7775,0.5862499999999999,0.7775,1.0,0.35,0.8,potential prognostic unfavorable (9.99e-4),0.000999,1.0,validated prognostic unfavorable (1.27e-4),0.000127,0.0,no_hit,,,0.0,0,0,,0.8491194751381215,target_class,triptolide,0.0465182923534017,0.99896408839779,5,17,RELA,0.66953125,target_class,Bortezomib,12.023499999999999,0.7876838235294118,2,22,Proteasome:|:PSMA1:|:PSMA2:|:PSMA3:|:PSMA4:|:PSMA5:|:PSMA6:|:PSMA7:|:PSMA8:|:PSMB1:|:PSMB10:|:PSMB11:|:PSMB2:|:PSMB3:|:PSMB4:|:PSMB5:|:PSMB6:|:PSMB7:|:PSMB8:|:PSMB9:|:PSMD1:|:PSMD2:|:RELA,0.8491194751381215,0.5740376812845304,3,moderate,0,1,1,1,matched_support_present,CMPD025067,0.345,0.25333333333333335,0.17416666666666666,0.4141666666666666,0.33666666666666667,0.395,0.35833333333333334,0.35833333333333334
LIHC_AXIS_181,LIHC,133,Taxifolin | RELA/E2F1,Taxifolin,RELA,E2F1,Plasma_cell,0.4056034981295033,0.8208513685609843,0.0,0.0,0.7775,0.5862499999999999,0.7775,1.0,0.35,0.8,potential prognostic unfavorable (9.99e-4),0.000999,1.0,validated prognostic unfavorable (1.27e-4),0.000127,0.0,no_hit,,,0.0,0,0,,0.8491194751381215,target_class,triptolide,0.0465182923534017,0.99896408839779,5,17,RELA,0.66953125,target_class,Bortezomib,12.023499999999999,0.7876838235294118,2,22,Proteasome:|:PSMA1:|:PSMA2:|:PSMA3:|:PSMA4:|:PSMA5:|:PSMA6:|:PSMA7:|:PSMA8:|:PSMB1:|:PSMB10:|:PSMB11:|:PSMB2:|:PSMB3:|:PSMB4:|:PSMB5:|:PSMB6:|:PSMB7:|:PSMB8:|:PSMB9:|:PSMD1:|:PSMD2:|:RELA,0.8491194751381215,0.5740376812845304,3,moderate,0,1,1,1,matched_support_present,CMPD024967,0.34,0.20166666666666666,0.2658333333333333,0.42083333333333334,0.29333333333333333,0.435,0.39166666666666666,0.3316666666666667
LIHC_AXIS_179,LIHC,134,Tanshinone iia | RELA/E2F1,Tanshinone iia,RELA,E2F1,Plasma_cell,0.4055862764752106,0.8208513685609843,0.0,0.0,0.7775,0.5862499999999999,0.7775,1.0,0.35,0.8,potential prognostic unfavorable (9.99e-4),0.000999,1.0,validated prognostic unfavorable (1.27e-4),0.000127,0.0,no_hit,,,0.0,0,0,,0.8491194751381215,target_class,triptolide,0.0465182923534017,0.99896408839779,5,17,RELA,0.66953125,target_class,Bortezomib,12.023499999999999,0.7876838235294118,2,22,Proteasome:|:PSMA1:|:PSMA2:|:PSMA3:|:PSMA4:|:PSMA5:|:PSMA6:|:PSMA7:|:PSMA8:|:PSMB1:|:PSMB10:|:PSMB11:|:PSMB2:|:PSMB3:|:PSMB4:|:PSMB5:|:PSMB6:|:PSMB7:|:PSMB8:|:PSMB9:|:PSMD1:|:PSMD2:|:RELA,0.8491194751381215,0.5740376812845304,3,moderate,0,1,1,1,matched_support_present,CMPD025160,0.335,0.18000000000000002,0.3666666666666667,0.3416666666666666,0.30833333333333335,0.205,0.31666666666666665,0.25
LIHC_AXIS_189,LIHC,135,Licochalcone A | RELA/E2F1,Licochalcone A,RELA,E2F1,Plasma_cell,0.4054997754957802,0.8208513685609843,0.0,0.0,0.7775,0.5862499999999999,0.7775,1.0,0.35,0.8,potential prognostic unfavorable (9.99e-4),0.000999,1.0,validated prognostic unfavorable (1.27e-4),0.000127,0.0,no_hit,,,0.0,0,0,,0.8491194751381215,target_class,triptolide,0.0465182923534017,0.99896408839779,5,17,RELA,0.66953125,target_class,Bortezomib,12.023499999999999,0.7876838235294118,2,22,Proteasome:|:PSMA1:|:PSMA2:|:PSMA3:|:PSMA4:|:PSMA5:|:PSMA6:|:PSMA7:|:PSMA8:|:PSMB1:|:PSMB10:|:PSMB11:|:PSMB2:|:PSMB3:|:PSMB4:|:PSMB5:|:PSMB6:|:PSMB7:|:PSMB8:|:PSMB9:|:PSMD1:|:PSMD2:|:RELA,0.8491194751381215,0.5740376812845304,3,moderate,0,1,1,1,matched_support_present,CMPD025316,0.33,0.315,0.23833333333333337,0.41,0.3658333333333333,0.4466666666666666,0.36000000000000004,0.4000000000000001
LIHC_AXIS_187,LIHC,136,Kaempferol | RELA/E2F1,Kaempferol,RELA,E2F1,Plasma_cell,0.4054817833513263,0.8208513685609843,0.0,0.0,0.7775,0.5862499999999999,0.7775,1.0,0.35,0.8,potential prognostic unfavorable (9.99e-4),0.000999,1.0,validated prognostic unfavorable (1.27e-4),0.000127,0.0,no_hit,,,0.0,0,0,,0.8491194751381215,target_class,triptolide,0.0465182923534017,0.99896408839779,5,17,RELA,0.66953125,target_class,Bortezomib,12.023499999999999,0.7876838235294118,2,22,Proteasome:|:PSMA1:|:PSMA2:|:PSMA3:|:PSMA4:|:PSMA5:|:PSMA6:|:PSMA7:|:PSMA8:|:PSMB1:|:PSMB10:|:PSMB11:|:PSMB2:|:PSMB3:|:PSMB4:|:PSMB5:|:PSMB6:|:PSMB7:|:PSMB8:|:PSMB9:|:PSMD1:|:PSMD2:|:RELA,0.8491194751381215,0.5740376812845304,3,moderate,0,1,1,1,matched_support_present,CMPD024768,0.325,0.24666666666666667,0.33166666666666667,0.22166666666666668,0.205,0.11,0.3016666666666667,0.2916666666666667
LIHC_AXIS_172,LIHC,137,Quercetin | CTNNB1/E2F1,Quercetin,CTNNB1,E2F1,Plasma_cell,0.404798476842427,0.8505503734938621,0.0,0.0,0.7775,0.5862499999999999,0.7775,1.0,0.35,0.8,potential prognostic unfavorable (6.51e-4),0.000651,1.0,validated prognostic unfavorable (1.27e-4),0.000127,0.0,no_hit,,,0.0,0,0,,0.5333045580110497,target_class,ICG-001,0.88388009305628,0.6274171270718232,1,17,CTNNB1,0.49921875000000004,target_class,BRD1812,13.2510682786585,0.5873161764705883,1,22,CTNNB1,0.5333045580110497,0.45250582700276243,2,moderate,0,1,1,1,matched_support_present,CMPD024770,0.32,0.245,0.38999999999999996,0.30166666666666664,0.27666666666666667,0.16833333333333333,0.295,0.26666666666666666
LIHC_AXIS_163,LIHC,138,Rocaglamide | RELA/CEBPB,Rocaglamide,RELA,CEBPB,Plasma_cell,0.4034577704236332,0.8175612685506629,0.0,0.0,0.7775,0.37625,0.7775,1.0,0.35,0.8,potential prognostic unfavorable (9.99e-4),0.000999,0.0,unprognostic (1.95e-1),0.195,0.0,no_hit,,,0.0,0,0,,0.8491194751381215,target_class,triptolide,0.0465182923534017,0.99896408839779,5,17,RELA,0.66953125,target_class,Bortezomib,12.023499999999999,0.7876838235294118,2,22,Proteasome:|:PSMA1:|:PSMA2:|:PSMA3:|:PSMA4:|:PSMA5:|:PSMA6:|:PSMA7:|:PSMA8:|:PSMB1:|:PSMB10:|:PSMB11:|:PSMB2:|:PSMB3:|:PSMB4:|:PSMB5:|:PSMB6:|:PSMB7:|:PSMB8:|:PSMB9:|:PSMD1:|:PSMD2:|:RELA,0.8491194751381215,0.5740376812845304,3,moderate,0,1,1,1,matched_support_present,CMPD053196,0.315,0.11833333333333333,0.2933333333333333,0.325,0.36000000000000004,0.215,0.39166666666666666,0.3283333333333333
LIHC_AXIS_128,LIHC,139,"3,4-benzopyrene | AHR/NR1H3","3,4-benzopyrene",AHR,NR1H3,Plasma_cell,0.4027745409597376,0.8078295057904876,0.0,0.0,0.5375,0.37625,0.5375,1.0,0.35,0.0,unprognostic (1.19e-1),0.119,0.0,unprognostic (2.13e-3),0.00213,0.0,no_hit,,,0.0,0,0,,0.6947341160220993,target_class,mexiletine,0.792839114019789,0.8173342541436464,4,17,"AHR, SCN4A, SCN5A",0.37578125,target_class,StemRegenin 1,14.037500000000001,0.44209558823529416,2,22,AHR,0.6947341160220993,0.4020038415055248,2,moderate,0,1,1,1,matched_support_present,CMPD051922,0.31,0.2783333333333333,0.11166666666666665,0.42333333333333334,0.41500000000000004,0.4083333333333334,0.45,0.33666666666666667
LIHC_AXIS_171,LIHC,140,Beta-naphthoflavone | AHR/SMAD2,Beta-naphthoflavone,AHR,SMAD2,Plasma_cell,0.4021494622456263,0.8248583069770052,0.0,0.0,0.5375,0.5862499999999999,0.5862499999999999,1.0,0.35,0.0,unprognostic (1.19e-1),0.119,1.0,validated prognostic unfavorable (1.28e-4),0.000128,0.0,no_hit,,,0.0,0,0,,0.6947341160220993,target_class,mexiletine,0.792839114019789,0.8173342541436464,4,17,"AHR, SCN4A, SCN5A",0.37578125,target_class,StemRegenin 1,14.037500000000001,0.44209558823529416,2,22,AHR,0.6947341160220993,0.4141913415055248,2,moderate,0,1,1,1,matched_support_present,CMPD038626,0.305,0.09333333333333334,0.19666666666666666,0.37666666666666665,0.3933333333333333,0.25,0.39999999999999997,0.23333333333333336
LIHC_AXIS_159,LIHC,141,Uosolic Acid | RELA/E2F1,Uosolic Acid,RELA,E2F1,Plasma_cell,0.3994215135349186,0.8208513685609843,0.0,0.0,0.7775,0.5862499999999999,0.7775,1.0,0.35,0.8,potential prognostic unfavorable (9.99e-4),0.000999,1.0,validated prognostic unfavorable (1.27e-4),0.000127,0.0,no_hit,,,0.0,0,0,,0.8491194751381215,target_class,triptolide,0.0465182923534017,0.99896408839779,5,17,RELA,0.66953125,target_class,Bortezomib,12.023499999999999,0.7876838235294118,2,22,Proteasome:|:PSMA1:|:PSMA2:|:PSMA3:|:PSMA4:|:PSMA5:|:PSMA6:|:PSMA7:|:PSMA8:|:PSMB1:|:PSMB10:|:PSMB11:|:PSMB2:|:PSMB3:|:PSMB4:|:PSMB5:|:PSMB6:|:PSMB7:|:PSMB8:|:PSMB9:|:PSMD1:|:PSMD2:|:RELA,0.8491194751381215,0.5740376812845304,3,moderate,0,1,1,1,matched_support_present,CMPD015725,0.3,0.19499999999999998,0.325,0.41333333333333333,0.3016666666666667,0.375,0.29333333333333333,0.14833333333333334
LIHC_AXIS_149,LIHC,142,Flavopiridol | CDK1/KLF5,Flavopiridol,CDK1,KLF5,Plasma_cell,0.3962768324826471,0.7225037437116446,0.0,0.0,0.8374999999999999,0.37625,0.8374999999999999,1.0,0.35,1.0,validated prognostic unfavorable (2.85e-7),2.85e-07,0.0,unprognostic (1.17e-1),0.117,0.929126213592233,direct_compound,Flavopiridol,0.617612,0.929126213592233,1,16,CDK,0.7980490331491712,target_class,dinaciclib,0.5827022452824816,0.9388812154696132,16,17,"CDK1, CDK2, CDK5, CDK9",0.84453125,target_class,Dinaciclib,6.55195,0.9935661764705882,6,22,CDK1:|:CDK2:|:CDK5:|:CDK9,0.929126213592233,0.8523016241853509,4,strong,1,1,1,1,matched_support_present,CMPD026829,0.295,0.26166666666666666,0.13166666666666665,0.3383333333333333,0.31333333333333335,0.385,0.29333333333333333,0.4033333333333333
LIHC_AXIS_148,LIHC,143,"4',5-Dihydroxyflavone | AR/MYBL2","4',5-Dihydroxyflavone",AR,MYBL2,Tumor_Lineage,0.3945975278484558,0.7950482410507554,0.0,0.0,0.625,0.7,0.7,1.0,0.7,0.0,unprognostic (4.25e-3),0.00425,1.0,validated prognostic unfavorable (3.54e-9),3.54e-09,0.40684466019417476,target_class,AZD3514,0.9338519999999999,0.47864077669902916,2,16,AR,0.6683183701657459,target_class,galeterone,0.815100901541151,0.7862569060773481,16,17,"AR, CYP17A1",0.0,no_hit,,,0.0,0,0,,0.6683183701657459,0.4437907575899801,2,moderate,0,1,1,1,matched_support_present,CMPD025015,0.29,0.13666666666666666,0.305,0.30333333333333334,0.37166666666666665,0.15333333333333335,0.33,0.12
LIHC_AXIS_124,LIHC,144,Eriodyctiol (flavanone) | HSP90AB1/AHR,Eriodyctiol (flavanone),HSP90AB1,AHR,Plasma_cell,0.3909485206324776,0.8541223968704594,0.0,0.0,0.8374999999999999,0.37625,0.8374999999999999,1.0,0.35,1.0,validated prognostic unfavorable (3.93e-4),0.000393,0.0,unprognostic (1.19e-1),0.119,0.0,no_hit,,,0.0,0,0,,0.814485497237569,target_class,NVP-AUY922,0.549868961326182,0.9582182320441989,1,17,"HSP90AA1, HSP90AB1",0.2873621323529412,tf_or_regulator_class,StemRegenin 1,14.037500000000001,0.44209558823529416,2,22,AHR,0.814485497237569,0.4848369073976275,2,moderate,0,1,1,1,matched_support_present,CMPD025188,0.285,0.10166666666666667,0.24,0.4366666666666667,0.26166666666666666,0.2383333333333333,0.25166666666666665,0.16
LIHC_AXIS_113,LIHC,145,Luteolin | MMP1/CEBPG,Luteolin,MMP1,CEBPG,Plasma_cell,0.3900596166005539,0.8999999999999999,0.0,0.0,0.865,0.37625,0.865,1.0,0.7,0.8,potential prognostic unfavorable (3.71e-7),3.71e-07,0.0,unprognostic (1.19e-1),0.119,0.0,no_hit,,,0.0,0,0,,0.6606871546961326,target_class,marimastat,0.818983547805346,0.7772790055248618,2,17,"MMP1, MMP10, MMP11, MMP12, MMP13, MMP14, MMP15, MMP16, MMP17, MMP19, MMP2, MMP20, MMP21, MMP23A, MMP24, MMP25, MMP26, MMP27, MMP28, MMP3, MMP7, MMP8, MMP9",0.0,no_hit,,,0.0,0,0,,0.6606871546961326,0.38142178867403315,2,limited,0,1,0,1,matched_support_present,CMPD024820,0.28,0.25166666666666665,0.26,0.09000000000000001,0.051666666666666666,0.16166666666666668,0.26666666666666666,0.35833333333333334
LIHC_AXIS_115,LIHC,146,Kaempferol | DPP4/HNF1A,Kaempferol,DPP4,HNF1A,Tumor_Lineage,0.3898680042337687,0.854104918371097,0.0,0.0,0.625,0.37625,0.625,1.0,0.7,0.0,unprognostic (1.78e-1),0.178,0.0,unprognostic (2.27e-2),0.0227,0.0,no_hit,,,0.0,0,0,,0.4798860497237569,target_class,saxagliptin,0.9076051875604569,0.5645718232044199,3,16,DPP4,0.042968749999999986,target_class,Sitagliptin,15.007517967967349,0.05055147058823528,1,22,DPP4,0.4798860497237569,0.28696369993093923,1,limited,0,1,0,0,matched_support_present,CMPD024768,0.275,0.3633333333333333,0.17333333333333334,0.14666666666666667,0.14166666666666666,0.14666666666666667,0.2816666666666667,0.45999999999999996
LIHC_AXIS_112,LIHC,147,Kaempferol | MMP1/CEBPG,Kaempferol,MMP1,CEBPG,Plasma_cell,0.3898458585050922,0.8999999999999999,0.0,0.0,0.865,0.37625,0.865,1.0,0.7,0.8,potential prognostic unfavorable (3.71e-7),3.71e-07,0.0,unprognostic (1.19e-1),0.119,0.0,no_hit,,,0.0,0,0,,0.6606871546961326,target_class,marimastat,0.818983547805346,0.7772790055248618,2,17,"MMP1, MMP10, MMP11, MMP12, MMP13, MMP14, MMP15, MMP16, MMP17, MMP19, MMP2, MMP20, MMP21, MMP23A, MMP24, MMP25, MMP26, MMP27, MMP28, MMP3, MMP7, MMP8, MMP9",0.0,no_hit,,,0.0,0,0,,0.6606871546961326,0.38142178867403315,2,limited,0,1,0,1,matched_support_present,CMPD024768,0.27,0.3133333333333333,0.21833333333333335,0.05333333333333334,0.13833333333333334,0.12,0.25833333333333336,0.395
LIHC_AXIS_122,LIHC,148,(-)-epigallocatechin-3-gallate | MMP1/CEBPG,(-)-epigallocatechin-3-gallate,MMP1,CEBPG,Plasma_cell,0.3896196219913189,0.8999999999999999,0.0,0.0,0.865,0.37625,0.865,1.0,0.7,0.8,potential prognostic unfavorable (3.71e-7),3.71e-07,0.0,unprognostic (1.19e-1),0.119,0.0,no_hit,,,0.0,0,0,,0.6606871546961326,target_class,marimastat,0.818983547805346,0.7772790055248618,2,17,"MMP1, MMP10, MMP11, MMP12, MMP13, MMP14, MMP15, MMP16, MMP17, MMP19, MMP2, MMP20, MMP21, MMP23A, MMP24, MMP25, MMP26, MMP27, MMP28, MMP3, MMP7, MMP8, MMP9",0.0,no_hit,,,0.0,0,0,,0.6606871546961326,0.38142178867403315,2,limited,0,1,0,1,matched_support_present,CMPD024806,0.265,0.26666666666666666,0.22,0.13833333333333334,0.33666666666666667,0.10333333333333333,0.3133333333333333,0.4033333333333333
LIHC_AXIS_137,LIHC,149,Galangin | CYP1A1/NR1H3,Galangin,CYP1A1,NR1H3,Plasma_cell,0.3891978730479331,0.7082376985774348,0.0,0.0,0.6625,0.37625,0.6625,1.0,0.85,0.0,unprognostic (2.07e-1),0.207,0.0,unprognostic (2.13e-3),0.00213,0.0,no_hit,,,0.0,0,0,,0.48047306629834247,target_class,2-methoxyestradiol,0.9075264106476512,0.5652624309392265,1,17,"COMT, CYP19A1, CYP1A1, CYP1B1, HIF1A, TUBB",0.0,no_hit,,,0.0,0,0,,0.48047306629834247,0.2857432665745856,1,limited,0,1,0,0,matched_support_present,CMPD025348,0.26,0.45,0.15,0.3516666666666666,0.3433333333333333,0.365,0.23666666666666666,0.49333333333333335
LIHC_AXIS_136,LIHC,150,Ellipticine | CYP1A1/NR1H3,Ellipticine,CYP1A1,NR1H3,Plasma_cell,0.3890858701506219,0.7082376985774348,0.0,0.0,0.6625,0.37625,0.6625,1.0,0.85,0.0,unprognostic (2.07e-1),0.207,0.0,unprognostic (2.13e-3),0.00213,0.0,no_hit,,,0.0,0,0,,0.48047306629834247,target_class,2-methoxyestradiol,0.9075264106476512,0.5652624309392265,1,17,"COMT, CYP19A1, CYP1A1, CYP1B1, HIF1A, TUBB",0.0,no_hit,,,0.0,0,0,,0.48047306629834247,0.2857432665745856,1,limited,0,1,0,0,matched_support_present,CMPD025479,0.255,0.4633333333333333,0.16166666666666665,0.3666666666666667,0.21333333333333335,0.4266666666666667,0.25499999999999995,0.5
LIHC_AXIS_144,LIHC,151,Luteolin | DPP4/HNF1A,Luteolin,DPP4,HNF1A,Tumor_Lineage,0.3889200061235057,0.854104918371097,0.0,0.0,0.625,0.37625,0.625,1.0,0.7,0.0,unprognostic (1.78e-1),0.178,0.0,unprognostic (2.27e-2),0.0227,0.0,no_hit,,,0.0,0,0,,0.4798860497237569,target_class,saxagliptin,0.9076051875604569,0.5645718232044199,3,16,DPP4,0.042968749999999986,target_class,Sitagliptin,15.007517967967349,0.05055147058823528,1,22,DPP4,0.4798860497237569,0.28696369993093923,1,limited,0,1,0,0,matched_support_present,CMPD024820,0.25,0.305,0.18999999999999997,0.205,0.07833333333333334,0.18000000000000002,0.2866666666666667,0.39999999999999997
LIHC_AXIS_129,LIHC,152,Eriodyctiol (flavanone) | HSP90AB1/DDIT3,Eriodyctiol (flavanone),HSP90AB1,DDIT3,Plasma_cell,0.3885965350793164,0.8860137982925185,0.0,0.0,0.8374999999999999,0.6054999999999999,0.8374999999999999,1.0,0.35,1.0,validated prognostic unfavorable (3.93e-4),0.000393,0.8,potential prognostic unfavorable (7.09e-4),0.000709,0.0,no_hit,,,0.0,0,0,,0.814485497237569,target_class,NVP-AUY922,0.549868961326182,0.9582182320441989,1,17,"HSP90AA1, HSP90AB1",0.0,no_hit,,,0.0,0,0,,0.814485497237569,0.41299637430939223,2,moderate,0,1,1,1,matched_support_present,CMPD025188,0.245,0.07166666666666667,0.25166666666666665,0.39999999999999997,0.27999999999999997,0.26333333333333336,0.24,0.12
LIHC_AXIS_132,LIHC,153,Kaempferol | CYP1A1/NR1H3,Kaempferol,CYP1A1,NR1H3,Plasma_cell,0.3883252053164284,0.7082376985774348,0.0,0.0,0.6625,0.37625,0.6625,1.0,0.85,0.0,unprognostic (2.07e-1),0.207,0.0,unprognostic (2.13e-3),0.00213,0.0,no_hit,,,0.0,0,0,,0.48047306629834247,target_class,2-methoxyestradiol,0.9075264106476512,0.5652624309392265,1,17,"COMT, CYP19A1, CYP1A1, CYP1B1, HIF1A, TUBB",0.0,no_hit,,,0.0,0,0,,0.48047306629834247,0.2857432665745856,1,limited,0,1,0,0,matched_support_present,CMPD024768,0.24,0.4683333333333333,0.225,0.26166666666666666,0.16833333333333333,0.32666666666666666,0.22333333333333336,0.4916666666666667
LIHC_AXIS_166,LIHC,154,(-)-epigallocatechin-3-gallate | BACE1/CTNNB1,(-)-epigallocatechin-3-gallate,BACE1,CTNNB1,Plasma_cell,0.3849797639957676,0.8353879943982965,0.0,0.0,0.5375,0.5442499999999999,0.5442499999999999,1.0,0.35,0.0,unprognostic (5.19e-1),0.519,0.8,potential prognostic unfavorable (6.51e-4),0.000651,0.0,no_hit,,,0.0,0,0,,0.45229627071823203,target_class,TC1,0.9200747604354444,0.5321132596685083,1,14,BACE1,0.3817555147058824,tf_or_regulator_class,BRD1812,13.2510682786585,0.5873161764705883,1,22,CTNNB1,0.45229627071823203,0.3445754463560286,1,limited,0,1,0,0,matched_support_present,CMPD024806,0.235,0.065,0.2783333333333333,0.13333333333333333,0.45166666666666666,0.14333333333333334,0.285,0.10166666666666667
LIHC_AXIS_167,LIHC,155,Acteoside | BACE1/CTNNB1,Acteoside,BACE1,CTNNB1,Plasma_cell,0.3848909110058344,0.8353879943982965,0.0,0.0,0.5375,0.5442499999999999,0.5442499999999999,1.0,0.35,0.0,unprognostic (5.19e-1),0.519,0.8,potential prognostic unfavorable (6.51e-4),0.000651,0.0,no_hit,,,0.0,0,0,,0.45229627071823203,target_class,TC1,0.9200747604354444,0.5321132596685083,1,14,BACE1,0.3817555147058824,tf_or_regulator_class,BRD1812,13.2510682786585,0.5873161764705883,1,22,CTNNB1,0.45229627071823203,0.3445754463560286,1,limited,0,1,0,0,matched_support_present,CMPD008994,0.23,0.06833333333333334,0.22333333333333336,0.20166666666666666,0.47500000000000003,0.17166666666666663,0.29333333333333333,0.09833333333333333
LIHC_AXIS_176,LIHC,156,Collagen | BACE1/CTNNB1,Collagen,BACE1,CTNNB1,Plasma_cell,0.3847986930534876,0.8353879943982965,0.0,0.0,0.5375,0.5442499999999999,0.5442499999999999,1.0,0.35,0.0,unprognostic (5.19e-1),0.519,0.8,potential prognostic unfavorable (6.51e-4),0.000651,0.0,no_hit,,,0.0,0,0,,0.45229627071823203,target_class,TC1,0.9200747604354444,0.5321132596685083,1,14,BACE1,0.3817555147058824,tf_or_regulator_class,BRD1812,13.2510682786585,0.5873161764705883,1,22,CTNNB1,0.45229627071823203,0.3445754463560286,1,limited,0,1,0,0,matched_support_present,CMPD052974,0.225,0.051666666666666666,0.26166666666666666,0.24666666666666667,0.4183333333333333,0.29,0.2916666666666667,0.06166666666666667
LIHC_AXIS_150,LIHC,157,Quercetin | BACE1/CTNNB1,Quercetin,BACE1,CTNNB1,Plasma_cell,0.3847226759128652,0.8353879943982965,0.0,0.0,0.5375,0.5442499999999999,0.5442499999999999,1.0,0.35,0.0,unprognostic (5.19e-1),0.519,0.8,potential prognostic unfavorable (6.51e-4),0.000651,0.0,no_hit,,,0.0,0,0,,0.45229627071823203,target_class,TC1,0.9200747604354444,0.5321132596685083,1,14,BACE1,0.3817555147058824,tf_or_regulator_class,BRD1812,13.2510682786585,0.5873161764705883,1,22,CTNNB1,0.45229627071823203,0.3445754463560286,1,limited,0,1,0,0,matched_support_present,CMPD024770,0.22,0.22666666666666668,0.4166666666666667,0.14,0.375,0.255,0.26166666666666666,0.14166666666666666
LIHC_AXIS_168,LIHC,158,"3',4',7-trihydroxyflavanone | BACE1/CTNNB1","3',4',7-trihydroxyflavanone",BACE1,CTNNB1,Plasma_cell,0.3847190087661371,0.8353879943982965,0.0,0.0,0.5375,0.5442499999999999,0.5442499999999999,1.0,0.35,0.0,unprognostic (5.19e-1),0.519,0.8,potential prognostic unfavorable (6.51e-4),0.000651,0.0,no_hit,,,0.0,0,0,,0.45229627071823203,target_class,TC1,0.9200747604354444,0.5321132596685083,1,14,BACE1,0.3817555147058824,tf_or_regulator_class,BRD1812,13.2510682786585,0.5873161764705883,1,22,CTNNB1,0.45229627071823203,0.3445754463560286,1,limited,0,1,0,0,matched_support_present,CMPD025566,0.215,0.05666666666666667,0.15833333333333335,0.215,0.44333333333333336,0.23833333333333337,0.3016666666666667,0.085
LIHC_AXIS_106,LIHC,159,Flavopiridol | CDK1/E2F1,Flavopiridol,CDK1,E2F1,Plasma_cell,0.3829765596418062,0.716493041604515,0.0,0.0,0.8374999999999999,0.5862499999999999,0.8374999999999999,1.0,0.35,1.0,validated prognostic unfavorable (2.85e-7),2.85e-07,1.0,validated prognostic unfavorable (1.27e-4),0.000127,0.929126213592233,direct_compound,Flavopiridol,0.617612,0.929126213592233,1,16,CDK,0.7980490331491712,target_class,dinaciclib,0.5827022452824816,0.9388812154696132,16,17,"CDK1, CDK2, CDK5, CDK9",0.84453125,target_class,Dinaciclib,6.55195,0.9935661764705882,6,22,CDK1:|:CDK2:|:CDK5:|:CDK9,0.929126213592233,0.8523016241853509,4,strong,1,1,1,1,matched_support_present,CMPD026829,0.21,0.20000000000000004,0.155,0.3633333333333333,0.29833333333333334,0.36333333333333334,0.2333333333333333,0.19333333333333333
LIHC_AXIS_145,LIHC,160,Quercetin | MMP1/RELA,Quercetin,MMP1,RELA,Plasma_cell,0.3805935604865559,0.8388894863457053,0.0,0.0,0.865,0.5442499999999999,0.865,1.0,0.7,0.8,potential prognostic unfavorable (3.71e-7),3.71e-07,0.8,potential prognostic unfavorable (9.99e-4),0.000999,0.0,no_hit,,,0.0,0,0,,0.6606871546961326,target_class,marimastat,0.818983547805346,0.7772790055248618,2,17,"MMP1, MMP10, MMP11, MMP12, MMP13, MMP14, MMP15, MMP16, MMP17, MMP19, MMP2, MMP20, MMP21, MMP23A, MMP24, MMP25, MMP26, MMP27, MMP28, MMP3, MMP7, MMP8, MMP9",0.5119944852941177,tf_or_regulator_class,Bortezomib,12.023499999999999,0.7876838235294118,2,22,Proteasome:|:PSMA1:|:PSMA2:|:PSMA3:|:PSMA4:|:PSMA5:|:PSMA6:|:PSMA7:|:PSMA8:|:PSMB1:|:PSMB10:|:PSMB11:|:PSMB2:|:PSMB3:|:PSMB4:|:PSMB5:|:PSMB6:|:PSMB7:|:PSMB8:|:PSMB9:|:PSMD1:|:PSMD2:|:RELA,0.6606871546961326,0.5094204099975626,3,moderate,0,1,1,1,matched_support_present,CMPD024770,0.205,0.26,0.4066666666666667,0.14166666666666666,0.2333333333333333,0.2383333333333333,0.16666666666666666,0.16833333333333333
LIHC_AXIS_161,LIHC,161,Kaempferol | MMP1/RELA,Kaempferol,MMP1,RELA,Plasma_cell,0.3803730553198369,0.8388894863457053,0.0,0.0,0.865,0.5442499999999999,0.865,1.0,0.7,0.8,potential prognostic unfavorable (3.71e-7),3.71e-07,0.8,potential prognostic unfavorable (9.99e-4),0.000999,0.0,no_hit,,,0.0,0,0,,0.6606871546961326,target_class,marimastat,0.818983547805346,0.7772790055248618,2,17,"MMP1, MMP10, MMP11, MMP12, MMP13, MMP14, MMP15, MMP16, MMP17, MMP19, MMP2, MMP20, MMP21, MMP23A, MMP24, MMP25, MMP26, MMP27, MMP28, MMP3, MMP7, MMP8, MMP9",0.5119944852941177,tf_or_regulator_class,Bortezomib,12.023499999999999,0.7876838235294118,2,22,Proteasome:|:PSMA1:|:PSMA2:|:PSMA3:|:PSMA4:|:PSMA5:|:PSMA6:|:PSMA7:|:PSMA8:|:PSMB1:|:PSMB10:|:PSMB11:|:PSMB2:|:PSMB3:|:PSMB4:|:PSMB5:|:PSMB6:|:PSMB7:|:PSMB8:|:PSMB9:|:PSMD1:|:PSMD2:|:RELA,0.6606871546961326,0.5094204099975626,3,moderate,0,1,1,1,matched_support_present,CMPD024768,0.2,0.11499999999999999,0.2383333333333333,0.08166666666666667,0.13666666666666666,0.11,0.18999999999999997,0.11166666666666665
LIHC_AXIS_160,LIHC,162,Luteolin | MMP1/RELA,Luteolin,MMP1,RELA,Plasma_cell,0.3801546902536862,0.8388894863457053,0.0,0.0,0.865,0.5442499999999999,0.865,1.0,0.7,0.8,potential prognostic unfavorable (3.71e-7),3.71e-07,0.8,potential prognostic unfavorable (9.99e-4),0.000999,0.0,no_hit,,,0.0,0,0,,0.6606871546961326,target_class,marimastat,0.818983547805346,0.7772790055248618,2,17,"MMP1, MMP10, MMP11, MMP12, MMP13, MMP14, MMP15, MMP16, MMP17, MMP19, MMP2, MMP20, MMP21, MMP23A, MMP24, MMP25, MMP26, MMP27, MMP28, MMP3, MMP7, MMP8, MMP9",0.5119944852941177,tf_or_regulator_class,Bortezomib,12.023499999999999,0.7876838235294118,2,22,Proteasome:|:PSMA1:|:PSMA2:|:PSMA3:|:PSMA4:|:PSMA5:|:PSMA6:|:PSMA7:|:PSMA8:|:PSMB1:|:PSMB10:|:PSMB11:|:PSMB2:|:PSMB3:|:PSMB4:|:PSMB5:|:PSMB6:|:PSMB7:|:PSMB8:|:PSMB9:|:PSMD1:|:PSMD2:|:RELA,0.6606871546961326,0.5094204099975626,3,moderate,0,1,1,1,matched_support_present,CMPD024820,0.195,0.09666666666666666,0.32166666666666666,0.11333333333333334,0.04666666666666667,0.18666666666666665,0.18666666666666668,0.105
LIHC_AXIS_170,LIHC,163,(-)-epigallocatechin-3-gallate | MMP1/RELA,(-)-epigallocatechin-3-gallate,MMP1,RELA,Plasma_cell,0.3800449841612706,0.8388894863457053,0.0,0.0,0.865,0.5442499999999999,0.865,1.0,0.7,0.8,potential prognostic unfavorable (3.71e-7),3.71e-07,0.8,potential prognostic unfavorable (9.99e-4),0.000999,0.0,no_hit,,,0.0,0,0,,0.6606871546961326,target_class,marimastat,0.818983547805346,0.7772790055248618,2,17,"MMP1, MMP10, MMP11, MMP12, MMP13, MMP14, MMP15, MMP16, MMP17, MMP19, MMP2, MMP20, MMP21, MMP23A, MMP24, MMP25, MMP26, MMP27, MMP28, MMP3, MMP7, MMP8, MMP9",0.5119944852941177,tf_or_regulator_class,Bortezomib,12.023499999999999,0.7876838235294118,2,22,Proteasome:|:PSMA1:|:PSMA2:|:PSMA3:|:PSMA4:|:PSMA5:|:PSMA6:|:PSMA7:|:PSMA8:|:PSMB1:|:PSMB10:|:PSMB11:|:PSMB2:|:PSMB3:|:PSMB4:|:PSMB5:|:PSMB6:|:PSMB7:|:PSMB8:|:PSMB9:|:PSMD1:|:PSMD2:|:RELA,0.6606871546961326,0.5094204099975626,3,moderate,0,1,1,1,matched_support_present,CMPD024806,0.19,0.08333333333333333,0.26,0.15833333333333333,0.3233333333333333,0.09833333333333334,0.19666666666666666,0.11833333333333333
LIHC_AXIS_142,LIHC,164,Indirubin | CDK1/TFDP1,Indirubin,CDK1,TFDP1,Plasma_cell,0.378072846773314,0.6937320031165087,0.0,0.0,0.8374999999999999,0.5862499999999999,0.8374999999999999,1.0,0.35,1.0,validated prognostic unfavorable (2.85e-7),2.85e-07,1.0,validated prognostic unfavorable (3.42e-4),0.000342,0.7947087378640776,target_class,Dinaciclib,0.601909,0.9349514563106796,3,16,"CDK1, CDK2, CDK5, CDK9",0.7980490331491712,target_class,dinaciclib,0.5827022452824816,0.9388812154696132,16,17,"CDK1, CDK2, CDK5, CDK9",0.84453125,target_class,Dinaciclib,6.55195,0.9935661764705882,6,22,CDK1:|:CDK2:|:CDK5:|:CDK9,0.84453125,0.8186972552533123,4,strong,0,1,1,1,matched_support_present,CMPD025163,0.185,0.2783333333333333,0.3633333333333333,0.09166666666666667,0.09999999999999999,0.08666666666666667,0.19499999999999998,0.18833333333333332
LIHC_AXIS_162,LIHC,165,Baicalein | CDK1/TFDP1,Baicalein,CDK1,TFDP1,Plasma_cell,0.3773118380108221,0.6937320031165087,0.0,0.0,0.8374999999999999,0.5862499999999999,0.8374999999999999,1.0,0.35,1.0,validated prognostic unfavorable (2.85e-7),2.85e-07,1.0,validated prognostic unfavorable (3.42e-4),0.000342,0.7947087378640776,target_class,Dinaciclib,0.601909,0.9349514563106796,3,16,"CDK1, CDK2, CDK5, CDK9",0.7980490331491712,target_class,dinaciclib,0.5827022452824816,0.9388812154696132,16,17,"CDK1, CDK2, CDK5, CDK9",0.84453125,target_class,Dinaciclib,6.55195,0.9935661764705882,6,22,CDK1:|:CDK2:|:CDK5:|:CDK9,0.84453125,0.8186972552533123,4,strong,0,1,1,1,matched_support_present,CMPD024946,0.18,0.285,0.30666666666666664,0.165,0.2683333333333333,0.17500000000000002,0.21166666666666667,0.16666666666666666
LIHC_AXIS_105,LIHC,166,Indirubin | CDK1/E2F4,Indirubin,CDK1,E2F4,Plasma_cell,0.3756883184581209,0.6839889411164581,0.0,0.0,0.8374999999999999,0.5442499999999999,0.8374999999999999,1.0,0.35,1.0,validated prognostic unfavorable (2.85e-7),2.85e-07,0.8,potential prognostic unfavorable (3.17e-5),3.17e-05,0.7947087378640776,target_class,Dinaciclib,0.601909,0.9349514563106796,3,16,"CDK1, CDK2, CDK5, CDK9",0.7980490331491712,target_class,dinaciclib,0.5827022452824816,0.9388812154696132,16,17,"CDK1, CDK2, CDK5, CDK9",0.84453125,target_class,Dinaciclib,6.55195,0.9935661764705882,6,22,CDK1:|:CDK2:|:CDK5:|:CDK9,0.84453125,0.8186972552533123,4,strong,0,1,1,1,matched_support_present,CMPD025163,0.175,0.27166666666666667,0.37666666666666665,0.10666666666666667,0.09666666666666668,0.09000000000000001,0.19666666666666666,0.18999999999999997
LIHC_AXIS_127,LIHC,167,Baicalein | CDK1/E2F4,Baicalein,CDK1,E2F4,Plasma_cell,0.3751718892447585,0.6839889411164581,0.0,0.0,0.8374999999999999,0.5442499999999999,0.8374999999999999,1.0,0.35,1.0,validated prognostic unfavorable (2.85e-7),2.85e-07,0.8,potential prognostic unfavorable (3.17e-5),3.17e-05,0.7947087378640776,target_class,Dinaciclib,0.601909,0.9349514563106796,3,16,"CDK1, CDK2, CDK5, CDK9",0.7980490331491712,target_class,dinaciclib,0.5827022452824816,0.9388812154696132,16,17,"CDK1, CDK2, CDK5, CDK9",0.84453125,target_class,Dinaciclib,6.55195,0.9935661764705882,6,22,CDK1:|:CDK2:|:CDK5:|:CDK9,0.84453125,0.8186972552533123,4,strong,0,1,1,1,matched_support_present,CMPD024946,0.17,0.275,0.3116666666666667,0.17833333333333332,0.26166666666666666,0.18000000000000002,0.21333333333333335,0.17666666666666667
LIHC_AXIS_174,LIHC,168,Kaempferol | DPP4/CDX2,Kaempferol,DPP4,CDX2,Tumor_Lineage,0.3696684043675306,0.8042416416707309,0.0,0.0,0.625,0.46374999999999994,0.625,1.0,0.7,0.0,unprognostic (1.78e-1),0.178,0.0,,,0.0,no_hit,,,0.0,0,0,,0.4798860497237569,target_class,saxagliptin,0.9076051875604569,0.5645718232044199,3,16,DPP4,0.042968749999999986,target_class,Sitagliptin,15.007517967967349,0.05055147058823528,1,22,DPP4,0.4798860497237569,0.28696369993093923,1,limited,0,1,0,0,matched_support_present,CMPD024768,0.165,0.2633333333333333,0.205,0.13333333333333333,0.16166666666666668,0.13666666666666666,0.16333333333333333,0.25166666666666665
LIHC_AXIS_110,LIHC,169,Quercetin | MMP1/TCF7L2,Quercetin,MMP1,TCF7L2,Tumor_Lineage,0.3659959752503892,0.5461627879050014,0.0,0.0,0.865,0.37625,0.865,1.0,0.7,0.8,potential prognostic unfavorable (3.71e-7),3.71e-07,0.0,unprognostic (2.05e-1),0.205,0.0,no_hit,,,0.0,0,0,,0.6606871546961326,target_class,marimastat,0.818983547805346,0.7772790055248618,2,17,"MMP1, MMP10, MMP11, MMP12, MMP13, MMP14, MMP15, MMP16, MMP17, MMP19, MMP2, MMP20, MMP21, MMP23A, MMP24, MMP25, MMP26, MMP27, MMP28, MMP3, MMP7, MMP8, MMP9",0.0,no_hit,,,0.0,0,0,,0.6606871546961326,0.38142178867403315,2,limited,0,1,0,1,matched_support_present,CMPD024770,0.16,0.41333333333333333,0.26499999999999996,0.08666666666666667,0.2333333333333333,0.225,0.10166666666666667,0.36999999999999994
LIHC_AXIS_104,LIHC,170,Eriodyctiol (flavanone) | HSP90AB1/HSF1,Eriodyctiol (flavanone),HSP90AB1,HSF1,Tumor_Lineage,0.3659926828358736,0.626198771596719,0.0,0.0,0.8374999999999999,0.5442499999999999,0.8374999999999999,1.0,0.35,1.0,validated prognostic unfavorable (3.93e-4),0.000393,0.8,potential prognostic unfavorable (9.87e-5),9.87e-05,0.5850000000000001,tf_or_regulator_class,CCT245232,0.70343,0.9,2,15,HSF1,0.814485497237569,target_class,NVP-AUY922,0.549868961326182,0.9582182320441989,1,17,"HSP90AA1, HSP90AB1",0.0,no_hit,,,0.0,0,0,,0.814485497237569,0.5592463743093923,3,moderate,0,1,1,1,matched_support_present,CMPD025188,0.155,0.18666666666666668,0.09666666666666666,0.3833333333333333,0.22999999999999998,0.30833333333333335,0.16,0.23
LIHC_AXIS_133,LIHC,171,Luteolin | MMP1/TCF7L2,Luteolin,MMP1,TCF7L2,Tumor_Lineage,0.3651140192698529,0.5461627879050014,0.0,0.0,0.865,0.37625,0.865,1.0,0.7,0.8,potential prognostic unfavorable (3.71e-7),3.71e-07,0.0,unprognostic (2.05e-1),0.205,0.0,no_hit,,,0.0,0,0,,0.6606871546961326,target_class,marimastat,0.818983547805346,0.7772790055248618,2,17,"MMP1, MMP10, MMP11, MMP12, MMP13, MMP14, MMP15, MMP16, MMP17, MMP19, MMP2, MMP20, MMP21, MMP23A, MMP24, MMP25, MMP26, MMP27, MMP28, MMP3, MMP7, MMP8, MMP9",0.0,no_hit,,,0.0,0,0,,0.6606871546961326,0.38142178867403315,2,limited,0,1,0,1,matched_support_present,CMPD024820,0.15,0.325,0.14833333333333334,0.08833333333333333,0.045000000000000005,0.21666666666666665,0.115,0.2833333333333333
LIHC_AXIS_134,LIHC,172,Kaempferol | MMP1/TCF7L2,Kaempferol,MMP1,TCF7L2,Tumor_Lineage,0.3651083663532577,0.5461627879050014,0.0,0.0,0.865,0.37625,0.865,1.0,0.7,0.8,potential prognostic unfavorable (3.71e-7),3.71e-07,0.0,unprognostic (2.05e-1),0.205,0.0,no_hit,,,0.0,0,0,,0.6606871546961326,target_class,marimastat,0.818983547805346,0.7772790055248618,2,17,"MMP1, MMP10, MMP11, MMP12, MMP13, MMP14, MMP15, MMP16, MMP17, MMP19, MMP2, MMP20, MMP21, MMP23A, MMP24, MMP25, MMP26, MMP27, MMP28, MMP3, MMP7, MMP8, MMP9",0.0,no_hit,,,0.0,0,0,,0.6606871546961326,0.38142178867403315,2,limited,0,1,0,1,matched_support_present,CMPD024768,0.145,0.3566666666666667,0.12333333333333334,0.04,0.10666666666666667,0.16833333333333333,0.12166666666666666,0.32
LIHC_AXIS_107,LIHC,173,Luteolin | MMP1/MYC,Luteolin,MMP1,MYC,Tumor_Lineage,0.359478413726797,0.5072797050197209,0.0,0.0,0.865,0.37625,0.865,1.0,0.7,0.8,potential prognostic unfavorable (3.71e-7),3.71e-07,0.0,unprognostic (5.30e-2),0.053,0.0,no_hit,,,0.0,0,0,,0.6606871546961326,target_class,marimastat,0.818983547805346,0.7772790055248618,2,17,"MMP1, MMP10, MMP11, MMP12, MMP13, MMP14, MMP15, MMP16, MMP17, MMP19, MMP2, MMP20, MMP21, MMP23A, MMP24, MMP25, MMP26, MMP27, MMP28, MMP3, MMP7, MMP8, MMP9",0.0,no_hit,,,0.0,0,0,,0.6606871546961326,0.38142178867403315,2,limited,0,1,0,1,matched_support_present,CMPD024820,0.14,0.27999999999999997,0.205,0.13,0.03333333333333333,0.18499999999999997,0.10000000000000002,0.16833333333333333
LIHC_AXIS_108,LIHC,174,Kaempferol | MMP1/MYC,Kaempferol,MMP1,MYC,Tumor_Lineage,0.3593487248190606,0.5072797050197209,0.0,0.0,0.865,0.37625,0.865,1.0,0.7,0.8,potential prognostic unfavorable (3.71e-7),3.71e-07,0.0,unprognostic (5.30e-2),0.053,0.0,no_hit,,,0.0,0,0,,0.6606871546961326,target_class,marimastat,0.818983547805346,0.7772790055248618,2,17,"MMP1, MMP10, MMP11, MMP12, MMP13, MMP14, MMP15, MMP16, MMP17, MMP19, MMP2, MMP20, MMP21, MMP23A, MMP24, MMP25, MMP26, MMP27, MMP28, MMP3, MMP7, MMP8, MMP9",0.0,no_hit,,,0.0,0,0,,0.6606871546961326,0.38142178867403315,2,limited,0,1,0,1,matched_support_present,CMPD024768,0.135,0.325,0.17833333333333332,0.08166666666666668,0.11499999999999999,0.12166666666666669,0.09833333333333333,0.21
LIHC_AXIS_118,LIHC,175,(-)-epigallocatechin-3-gallate | MMP1/MYC,(-)-epigallocatechin-3-gallate,MMP1,MYC,Tumor_Lineage,0.3587572105212519,0.5072797050197209,0.0,0.0,0.865,0.37625,0.865,1.0,0.7,0.8,potential prognostic unfavorable (3.71e-7),3.71e-07,0.0,unprognostic (5.30e-2),0.053,0.0,no_hit,,,0.0,0,0,,0.6606871546961326,target_class,marimastat,0.818983547805346,0.7772790055248618,2,17,"MMP1, MMP10, MMP11, MMP12, MMP13, MMP14, MMP15, MMP16, MMP17, MMP19, MMP2, MMP20, MMP21, MMP23A, MMP24, MMP25, MMP26, MMP27, MMP28, MMP3, MMP7, MMP8, MMP9",0.0,no_hit,,,0.0,0,0,,0.6606871546961326,0.38142178867403315,2,limited,0,1,0,1,matched_support_present,CMPD024806,0.13,0.2966666666666667,0.16166666666666665,0.165,0.295,0.15,0.09333333333333334,0.19333333333333336
LIHC_AXIS_143,LIHC,176,Quercetin | MMP1/ETV7,Quercetin,MMP1,ETV7,Plasma_cell,0.3541687554342929,0.7014366185836051,0.0,0.0,0.865,0.37625,0.865,1.0,0.7,0.8,potential prognostic unfavorable (3.71e-7),3.71e-07,0.0,unprognostic (1.12e-1),0.112,0.0,no_hit,,,0.0,0,0,,0.6606871546961326,target_class,marimastat,0.818983547805346,0.7772790055248618,2,17,"MMP1, MMP10, MMP11, MMP12, MMP13, MMP14, MMP15, MMP16, MMP17, MMP19, MMP2, MMP20, MMP21, MMP23A, MMP24, MMP25, MMP26, MMP27, MMP28, MMP3, MMP7, MMP8, MMP9",0.0,no_hit,,,0.0,0,0,,0.6606871546961326,0.38142178867403315,2,limited,0,1,0,1,matched_support_present,CMPD024770,0.125,0.4483333333333333,0.2783333333333333,0.06999999999999999,0.24166666666666667,0.27,0.12666666666666668,0.45166666666666666
LIHC_AXIS_164,LIHC,177,Kaempferol | MMP1/ETV7,Kaempferol,MMP1,ETV7,Plasma_cell,0.353307202947219,0.7014366185836051,0.0,0.0,0.865,0.37625,0.865,1.0,0.7,0.8,potential prognostic unfavorable (3.71e-7),3.71e-07,0.0,unprognostic (1.12e-1),0.112,0.0,no_hit,,,0.0,0,0,,0.6606871546961326,target_class,marimastat,0.818983547805346,0.7772790055248618,2,17,"MMP1, MMP10, MMP11, MMP12, MMP13, MMP14, MMP15, MMP16, MMP17, MMP19, MMP2, MMP20, MMP21, MMP23A, MMP24, MMP25, MMP26, MMP27, MMP28, MMP3, MMP7, MMP8, MMP9",0.0,no_hit,,,0.0,0,0,,0.6606871546961326,0.38142178867403315,2,limited,0,1,0,1,matched_support_present,CMPD024768,0.12,0.4033333333333333,0.16666666666666666,0.025000000000000005,0.11499999999999999,0.20166666666666666,0.14166666666666666,0.425
LIHC_AXIS_165,LIHC,178,Luteolin | MMP1/ETV7,Luteolin,MMP1,ETV7,Plasma_cell,0.3532147662711744,0.7014366185836051,0.0,0.0,0.865,0.37625,0.865,1.0,0.7,0.8,potential prognostic unfavorable (3.71e-7),3.71e-07,0.0,unprognostic (1.12e-1),0.112,0.0,no_hit,,,0.0,0,0,,0.6606871546961326,target_class,marimastat,0.818983547805346,0.7772790055248618,2,17,"MMP1, MMP10, MMP11, MMP12, MMP13, MMP14, MMP15, MMP16, MMP17, MMP19, MMP2, MMP20, MMP21, MMP23A, MMP24, MMP25, MMP26, MMP27, MMP28, MMP3, MMP7, MMP8, MMP9",0.0,no_hit,,,0.0,0,0,,0.6606871546961326,0.38142178867403315,2,limited,0,1,0,1,matched_support_present,CMPD024820,0.115,0.36999999999999994,0.17166666666666666,0.05833333333333334,0.06333333333333334,0.22,0.14,0.37833333333333335
LIHC_AXIS_177,LIHC,179,(-)-epigallocatechin-3-gallate | MMP1/ETV7,(-)-epigallocatechin-3-gallate,MMP1,ETV7,Plasma_cell,0.3525819270738791,0.7014366185836051,0.0,0.0,0.865,0.37625,0.865,1.0,0.7,0.8,potential prognostic unfavorable (3.71e-7),3.71e-07,0.0,unprognostic (1.12e-1),0.112,0.0,no_hit,,,0.0,0,0,,0.6606871546961326,target_class,marimastat,0.818983547805346,0.7772790055248618,2,17,"MMP1, MMP10, MMP11, MMP12, MMP13, MMP14, MMP15, MMP16, MMP17, MMP19, MMP2, MMP20, MMP21, MMP23A, MMP24, MMP25, MMP26, MMP27, MMP28, MMP3, MMP7, MMP8, MMP9",0.0,no_hit,,,0.0,0,0,,0.6606871546961326,0.38142178867403315,2,limited,0,1,0,1,matched_support_present,CMPD024806,0.11,0.38666666666666666,0.13833333333333334,0.105,0.3466666666666667,0.2916666666666667,0.14666666666666667,0.4216666666666667
LIHC_AXIS_102,LIHC,180,Indirubin | AHR/AHR,Indirubin,AHR,AHR,Plasma_cell,0.3523864314971027,0.6824830829974121,0.0,0.0,0.5375,0.37625,0.5375,1.0,0.35,0.0,unprognostic (1.19e-1),0.119,0.0,unprognostic (1.19e-1),0.119,0.0,no_hit,,,0.0,0,0,,0.6947341160220993,target_class,mexiletine,0.792839114019789,0.8173342541436464,4,17,"AHR, SCN4A, SCN5A",0.37578125,target_class,StemRegenin 1,14.037500000000001,0.44209558823529416,2,22,AHR,0.6947341160220993,0.4020038415055248,2,moderate,0,1,1,1,matched_support_present,CMPD025163,0.105,0.16833333333333333,0.4083333333333334,0.33666666666666667,0.19833333333333333,0.13166666666666668,0.13166666666666668,0.018333333333333333
LIHC_AXIS_125,LIHC,181,Kaempferol | AHR/AHR,Kaempferol,AHR,AHR,Plasma_cell,0.3519328426331245,0.6824830829974121,0.0,0.0,0.5375,0.37625,0.5375,1.0,0.35,0.0,unprognostic (1.19e-1),0.119,0.0,unprognostic (1.19e-1),0.119,0.0,no_hit,,,0.0,0,0,,0.6947341160220993,target_class,mexiletine,0.792839114019789,0.8173342541436464,4,17,"AHR, SCN4A, SCN5A",0.37578125,target_class,StemRegenin 1,14.037500000000001,0.44209558823529416,2,22,AHR,0.6947341160220993,0.4020038415055248,2,moderate,0,1,1,1,matched_support_present,CMPD024768,0.1,0.15333333333333335,0.26166666666666666,0.27666666666666667,0.27166666666666667,0.13333333333333333,0.13,0.035
LIHC_AXIS_119,LIHC,182,Eriodyctiol (flavanone) | HSP90AB1/DDIT3,Eriodyctiol (flavanone),HSP90AB1,DDIT3,Tumor_Lineage,0.3511176550191607,0.6286629044984028,0.0,0.0,0.8374999999999999,0.6054999999999999,0.8374999999999999,1.0,0.35,1.0,validated prognostic unfavorable (3.93e-4),0.000393,0.8,potential prognostic unfavorable (7.09e-4),0.000709,0.0,no_hit,,,0.0,0,0,,0.814485497237569,target_class,NVP-AUY922,0.549868961326182,0.9582182320441989,1,17,"HSP90AA1, HSP90AB1",0.0,no_hit,,,0.0,0,0,,0.814485497237569,0.41299637430939223,2,moderate,0,1,1,1,matched_support_present,CMPD025188,0.095,0.10833333333333334,0.18666666666666668,0.39666666666666667,0.2683333333333333,0.24833333333333332,0.11333333333333334,0.08166666666666667
LIHC_AXIS_140,LIHC,183,Quercetin | MMP1/CTNNB1,Quercetin,MMP1,CTNNB1,Tumor_Lineage,0.3444437981142678,0.5820766351215025,0.0,0.0,0.865,0.5442499999999999,0.865,1.0,0.7,0.8,potential prognostic unfavorable (3.71e-7),3.71e-07,0.8,potential prognostic unfavorable (6.51e-4),0.000651,0.0,no_hit,,,0.0,0,0,,0.6606871546961326,target_class,marimastat,0.818983547805346,0.7772790055248618,2,17,"MMP1, MMP10, MMP11, MMP12, MMP13, MMP14, MMP15, MMP16, MMP17, MMP19, MMP2, MMP20, MMP21, MMP23A, MMP24, MMP25, MMP26, MMP27, MMP28, MMP3, MMP7, MMP8, MMP9",0.3817555147058824,tf_or_regulator_class,BRD1812,13.2510682786585,0.5873161764705883,1,22,CTNNB1,0.6606871546961326,0.47686066735050375,2,moderate,0,1,1,1,matched_support_present,CMPD024770,0.09,0.29,0.37000000000000005,0.09833333333333334,0.24166666666666667,0.19499999999999998,0.07333333333333335,0.10999999999999999
LIHC_AXIS_156,LIHC,184,Luteolin | MMP1/CTNNB1,Luteolin,MMP1,CTNNB1,Tumor_Lineage,0.3441063668861516,0.5820766351215025,0.0,0.0,0.865,0.5442499999999999,0.865,1.0,0.7,0.8,potential prognostic unfavorable (3.71e-7),3.71e-07,0.8,potential prognostic unfavorable (6.51e-4),0.000651,0.0,no_hit,,,0.0,0,0,,0.6606871546961326,target_class,marimastat,0.818983547805346,0.7772790055248618,2,17,"MMP1, MMP10, MMP11, MMP12, MMP13, MMP14, MMP15, MMP16, MMP17, MMP19, MMP2, MMP20, MMP21, MMP23A, MMP24, MMP25, MMP26, MMP27, MMP28, MMP3, MMP7, MMP8, MMP9",0.3817555147058824,tf_or_regulator_class,BRD1812,13.2510682786585,0.5873161764705883,1,22,CTNNB1,0.6606871546961326,0.47686066735050375,2,moderate,0,1,1,1,matched_support_present,CMPD024820,0.085,0.125,0.2783333333333333,0.08,0.04,0.13666666666666666,0.07666666666666667,0.05833333333333333
LIHC_AXIS_155,LIHC,185,Kaempferol | MMP1/CTNNB1,Kaempferol,MMP1,CTNNB1,Tumor_Lineage,0.343873293614195,0.5820766351215025,0.0,0.0,0.865,0.5442499999999999,0.865,1.0,0.7,0.8,potential prognostic unfavorable (3.71e-7),3.71e-07,0.8,potential prognostic unfavorable (6.51e-4),0.000651,0.0,no_hit,,,0.0,0,0,,0.6606871546961326,target_class,marimastat,0.818983547805346,0.7772790055248618,2,17,"MMP1, MMP10, MMP11, MMP12, MMP13, MMP14, MMP15, MMP16, MMP17, MMP19, MMP2, MMP20, MMP21, MMP23A, MMP24, MMP25, MMP26, MMP27, MMP28, MMP3, MMP7, MMP8, MMP9",0.3817555147058824,tf_or_regulator_class,BRD1812,13.2510682786585,0.5873161764705883,1,22,CTNNB1,0.6606871546961326,0.47686066735050375,2,moderate,0,1,1,1,matched_support_present,CMPD024768,0.08,0.16666666666666666,0.22,0.03833333333333333,0.12666666666666668,0.06833333333333334,0.08333333333333333,0.06666666666666667
LIHC_AXIS_139,LIHC,186,Quercetin | CDK1/MYBL2,Quercetin,CDK1,MYBL2,Plasma_cell,0.3434877298349622,0.5602103481288611,0.0,0.0,0.8374999999999999,0.7,0.8374999999999999,1.0,0.35,1.0,validated prognostic unfavorable (2.85e-7),2.85e-07,1.0,validated prognostic unfavorable (3.54e-9),3.54e-09,0.7947087378640776,target_class,Dinaciclib,0.601909,0.9349514563106796,3,16,"CDK1, CDK2, CDK5, CDK9",0.7980490331491712,target_class,dinaciclib,0.5827022452824816,0.9388812154696132,16,17,"CDK1, CDK2, CDK5, CDK9",0.84453125,target_class,Dinaciclib,6.55195,0.9935661764705882,6,22,CDK1:|:CDK2:|:CDK5:|:CDK9,0.84453125,0.8186972552533123,4,strong,0,1,1,1,matched_support_present,CMPD024770,0.075,0.35333333333333333,0.43166666666666664,0.13333333333333333,0.29,0.20333333333333334,0.06833333333333334,0.12666666666666668
LIHC_AXIS_138,LIHC,187,Quercetin | CDK1/SMAD7,Quercetin,CDK1,SMAD7,Tumor_Lineage,0.3430547242354816,0.3791827453848272,0.0,0.0,0.8374999999999999,0.37625,0.8374999999999999,1.0,0.35,1.0,validated prognostic unfavorable (2.85e-7),2.85e-07,0.0,unprognostic (1.18e-1),0.118,0.7947087378640776,target_class,Dinaciclib,0.601909,0.9349514563106796,3,16,"CDK1, CDK2, CDK5, CDK9",0.7980490331491712,target_class,dinaciclib,0.5827022452824816,0.9388812154696132,16,17,"CDK1, CDK2, CDK5, CDK9",0.84453125,target_class,Dinaciclib,6.55195,0.9935661764705882,6,22,CDK1:|:CDK2:|:CDK5:|:CDK9,0.84453125,0.8186972552533123,4,strong,0,1,1,1,matched_support_present,CMPD024770,0.07,0.43333333333333335,0.3233333333333333,0.11666666666666665,0.2333333333333333,0.27499999999999997,0.051666666666666666,0.18333333333333335
LIHC_AXIS_173,LIHC,188,Quercetin | CDK1/ARID3A,Quercetin,CDK1,ARID3A,Tumor_Lineage,0.3352007362444272,0.5442700756903167,0.0,0.0,0.8374999999999999,0.37625,0.8374999999999999,1.0,0.35,1.0,validated prognostic unfavorable (2.85e-7),2.85e-07,0.0,unprognostic (1.51e-2),0.0151,0.7947087378640776,target_class,Dinaciclib,0.601909,0.9349514563106796,3,16,"CDK1, CDK2, CDK5, CDK9",0.7980490331491712,target_class,dinaciclib,0.5827022452824816,0.9388812154696132,16,17,"CDK1, CDK2, CDK5, CDK9",0.84453125,target_class,Dinaciclib,6.55195,0.9935661764705882,6,22,CDK1:|:CDK2:|:CDK5:|:CDK9,0.84453125,0.8186972552533123,4,strong,0,1,1,1,matched_support_present,CMPD024770,0.065,0.36166666666666664,0.20833333333333334,0.22,0.3833333333333333,0.48333333333333334,0.09999999999999999,0.3983333333333334
LIHC_AXIS_135,LIHC,189,Quercetin | CDK1/E2F1,Quercetin,CDK1,E2F1,T_NK_ILC,0.3310384342478659,0.4038126482585775,0.0,0.0,0.8374999999999999,0.5862499999999999,0.8374999999999999,1.0,0.35,1.0,validated prognostic unfavorable (2.85e-7),2.85e-07,1.0,validated prognostic unfavorable (1.27e-4),0.000127,0.7947087378640776,target_class,Dinaciclib,0.601909,0.9349514563106796,3,16,"CDK1, CDK2, CDK5, CDK9",0.7980490331491712,target_class,dinaciclib,0.5827022452824816,0.9388812154696132,16,17,"CDK1, CDK2, CDK5, CDK9",0.84453125,target_class,Dinaciclib,6.55195,0.9935661764705882,6,22,CDK1:|:CDK2:|:CDK5:|:CDK9,0.84453125,0.8186972552533123,4,strong,0,1,1,1,matched_support_present,CMPD024770,0.06,0.37333333333333335,0.35166666666666674,0.19999999999999998,0.33166666666666667,0.4666666666666666,0.06,0.23666666666666666
LIHC_AXIS_169,LIHC,190,Quercetin | CDK1/E2F1,Quercetin,CDK1,E2F1,Tumor_Lineage,0.3295979010579403,0.5880939774115039,0.0,0.0,0.8374999999999999,0.5862499999999999,0.8374999999999999,1.0,0.35,1.0,validated prognostic unfavorable (2.85e-7),2.85e-07,1.0,validated prognostic unfavorable (1.27e-4),0.000127,0.7947087378640776,target_class,Dinaciclib,0.601909,0.9349514563106796,3,16,"CDK1, CDK2, CDK5, CDK9",0.7980490331491712,target_class,dinaciclib,0.5827022452824816,0.9388812154696132,16,17,"CDK1, CDK2, CDK5, CDK9",0.84453125,target_class,Dinaciclib,6.55195,0.9935661764705882,6,22,CDK1:|:CDK2:|:CDK5:|:CDK9,0.84453125,0.8186972552533123,4,strong,0,1,1,1,matched_support_present,CMPD024770,0.055,0.2783333333333333,0.36000000000000004,0.24333333333333332,0.37999999999999995,0.465,0.135,0.26166666666666666
LIHC_AXIS_123,LIHC,191,Quercetin | PLAU/FOXM1,Quercetin,PLAU,FOXM1,Tumor_Lineage,0.3254424857379604,0.4056573908734339,0.0,0.0,0.5375,0.5862499999999999,0.5862499999999999,1.0,0.35,0.0,unprognostic (4.94e-3),0.00494,1.0,validated prognostic unfavorable (9.30e-5),9.3e-05,0.0,no_hit,,,0.0,0,0,,0.5029868784530387,tf_or_regulator_class,thiostrepton,0.8211711307349849,0.7738259668508287,1,14,FOXM1,0.0,no_hit,,,0.0,0,0,,0.5029868784530387,0.27230921961325966,2,limited,0,1,0,1,matched_support_present,CMPD024770,0.05,0.41333333333333333,0.4066666666666667,0.18833333333333332,0.2966666666666667,0.22999999999999998,0.045000000000000005,0.09166666666666667
LIHC_AXIS_154,LIHC,192,Quercetin | PLAU/E2F1,Quercetin,PLAU,E2F1,Tumor_Lineage,0.3189431299441522,0.3518414938229399,0.0,0.0,0.5375,0.5862499999999999,0.5862499999999999,1.0,0.35,0.0,unprognostic (4.94e-3),0.00494,1.0,validated prognostic unfavorable (1.27e-4),0.000127,0.0,no_hit,,,0.0,0,0,,0.0,no_hit,,,0.0,0,0,,0.0,no_hit,,,0.0,0,0,,0.0,0.14656249999999998,1,weak_or_absent,0,0,0,0,matched_support_present,CMPD024770,0.045,0.39999999999999997,0.455,0.25333333333333335,0.3016666666666667,0.21166666666666667,0.028333333333333332,0.04
LIHC_AXIS_153,LIHC,193,Kaempferol | CYP1B1/CREB1,Kaempferol,CYP1B1,CREB1,T_NK_ILC,0.3124221334115356,0.3335185820925438,0.0,0.0,0.5375,0.37625,0.5375,1.0,0.35,0.0,unprognostic (8.48e-2),0.0848,0.0,unprognostic (1.81e-3),0.00181,0.0,no_hit,,,0.0,0,0,,0.48047306629834247,target_class,2-methoxyestradiol,0.9075264106476512,0.5652624309392265,1,17,"COMT, CYP19A1, CYP1A1, CYP1B1, HIF1A, TUBB",0.0,no_hit,,,0.0,0,0,,0.48047306629834247,0.2544932665745856,1,limited,0,1,0,0,matched_support_present,CMPD024768,0.04,0.39999999999999997,0.18499999999999997,0.1366666666666667,0.16166666666666668,0.3833333333333333,0.03666666666666667,0.09000000000000001
LIHC_AXIS_130,LIHC,194,Quercetin | PLAU/GTF3A,Quercetin,PLAU,GTF3A,Tumor_Lineage,0.3121022201734661,0.4027534525616808,0.0,0.0,0.5375,0.5862499999999999,0.5862499999999999,1.0,0.35,0.0,unprognostic (4.94e-3),0.00494,1.0,validated prognostic unfavorable (2.72e-4),0.000272,0.0,no_hit,,,0.0,0,0,,0.0,no_hit,,,0.0,0,0,,0.0,no_hit,,,0.0,0,0,,0.0,0.14656249999999998,1,weak_or_absent,0,0,0,0,matched_support_present,CMPD024770,0.035,0.465,0.37666666666666665,0.18166666666666667,0.30333333333333334,0.26166666666666666,0.02,0.10166666666666667
LIHC_AXIS_117,LIHC,195,Quercetin | CYP1B1/TBP,Quercetin,CYP1B1,TBP,T_NK_ILC,0.3071089177642529,0.306237549076412,0.0,0.0,0.5375,0.5442499999999999,0.5442499999999999,1.0,0.35,0.0,unprognostic (8.48e-2),0.0848,0.8,potential prognostic unfavorable (5.61e-9),5.61e-09,0.0,no_hit,,,0.0,0,0,,0.48047306629834247,target_class,2-methoxyestradiol,0.9075264106476512,0.5652624309392265,1,17,"COMT, CYP19A1, CYP1A1, CYP1B1, HIF1A, TUBB",0.0,no_hit,,,0.0,0,0,,0.48047306629834247,0.2561807665745856,1,limited,0,1,0,0,matched_support_present,CMPD024770,0.03,0.4883333333333333,0.355,0.225,0.33,0.4266666666666667,0.008333333333333333,0.10666666666666667
LIHC_AXIS_120,LIHC,196,Luteolin | MMP1/HOPX,Luteolin,MMP1,HOPX,Tumor_Lineage,0.3069937270387501,0.3971302421365207,0.0,0.0,0.865,0.46374999999999994,0.865,1.0,0.7,0.8,potential prognostic unfavorable (3.71e-7),3.71e-07,0.0,unprognostic (3.12e-1),0.312,0.0,no_hit,,,0.0,0,0,,0.6606871546961326,target_class,marimastat,0.818983547805346,0.7772790055248618,2,17,"MMP1, MMP10, MMP11, MMP12, MMP13, MMP14, MMP15, MMP16, MMP17, MMP19, MMP2, MMP20, MMP21, MMP23A, MMP24, MMP25, MMP26, MMP27, MMP28, MMP3, MMP7, MMP8, MMP9",0.0,no_hit,,,0.0,0,0,,0.6606871546961326,0.38142178867403315,2,limited,0,1,0,1,matched_support_present,CMPD024820,0.025,0.405,0.15,0.09833333333333334,0.051666666666666666,0.31333333333333335,0.03,0.12
LIHC_AXIS_121,LIHC,197,Kaempferol | MMP1/HOPX,Kaempferol,MMP1,HOPX,Tumor_Lineage,0.30679238847308,0.3971302421365207,0.0,0.0,0.865,0.46374999999999994,0.865,1.0,0.7,0.8,potential prognostic unfavorable (3.71e-7),3.71e-07,0.0,unprognostic (3.12e-1),0.312,0.0,no_hit,,,0.0,0,0,,0.6606871546961326,target_class,marimastat,0.818983547805346,0.7772790055248618,2,17,"MMP1, MMP10, MMP11, MMP12, MMP13, MMP14, MMP15, MMP16, MMP17, MMP19, MMP2, MMP20, MMP21, MMP23A, MMP24, MMP25, MMP26, MMP27, MMP28, MMP3, MMP7, MMP8, MMP9",0.0,no_hit,,,0.0,0,0,,0.6606871546961326,0.38142178867403315,2,limited,0,1,0,1,matched_support_present,CMPD024768,0.02,0.43500000000000005,0.15666666666666665,0.065,0.12666666666666668,0.29,0.04,0.14
LIHC_AXIS_131,LIHC,198,(-)-epigallocatechin-3-gallate | MMP1/HOPX,(-)-epigallocatechin-3-gallate,MMP1,HOPX,Tumor_Lineage,0.306024049447442,0.3971302421365207,0.0,0.0,0.865,0.46374999999999994,0.865,1.0,0.7,0.8,potential prognostic unfavorable (3.71e-7),3.71e-07,0.0,unprognostic (3.12e-1),0.312,0.0,no_hit,,,0.0,0,0,,0.6606871546961326,target_class,marimastat,0.818983547805346,0.7772790055248618,2,17,"MMP1, MMP10, MMP11, MMP12, MMP13, MMP14, MMP15, MMP16, MMP17, MMP19, MMP2, MMP20, MMP21, MMP23A, MMP24, MMP25, MMP26, MMP27, MMP28, MMP3, MMP7, MMP8, MMP9",0.0,no_hit,,,0.0,0,0,,0.6606871546961326,0.38142178867403315,2,limited,0,1,0,1,matched_support_present,CMPD024806,0.015,0.4166666666666667,0.12833333333333333,0.14,0.32,0.3666666666666667,0.028333333333333332,0.14333333333333334
LIHC_AXIS_178,LIHC,199,Kaempferol | CYP1B1/TBP,Kaempferol,CYP1B1,TBP,T_NK_ILC,0.3054781402664537,0.306237549076412,0.0,0.0,0.5375,0.5442499999999999,0.5442499999999999,1.0,0.35,0.0,unprognostic (8.48e-2),0.0848,0.8,potential prognostic unfavorable (5.61e-9),5.61e-09,0.0,no_hit,,,0.0,0,0,,0.48047306629834247,target_class,2-methoxyestradiol,0.9075264106476512,0.5652624309392265,1,17,"COMT, CYP19A1, CYP1A1, CYP1B1, HIF1A, TUBB",0.0,no_hit,,,0.0,0,0,,0.48047306629834247,0.2561807665745856,1,limited,0,1,0,0,matched_support_present,CMPD024768,0.01,0.41500000000000004,0.20333333333333334,0.16166666666666665,0.17833333333333334,0.39666666666666667,0.021666666666666667,0.055
LIHC_AXIS_116,LIHC,200,Quercetin | CYP1B1/TBP,Quercetin,CYP1B1,TBP,Tumor_Lineage,0.3035654756898819,0.3674720807272065,0.0,0.0,0.5375,0.5442499999999999,0.5442499999999999,1.0,0.35,0.0,unprognostic (8.48e-2),0.0848,0.8,potential prognostic unfavorable (5.61e-9),5.61e-09,0.0,no_hit,,,0.0,0,0,,0.48047306629834247,target_class,2-methoxyestradiol,0.9075264106476512,0.5652624309392265,1,17,"COMT, CYP19A1, CYP1A1, CYP1B1, HIF1A, TUBB",0.0,no_hit,,,0.0,0,0,,0.48047306629834247,0.2561807665745856,1,limited,0,1,0,0,matched_support_present,CMPD024770,0.005,0.35333333333333333,0.4716666666666667,0.18833333333333332,0.3116666666666667,0.20666666666666667,0.02,0.018333333333333333
STAD_AXIS_017,STAD,1,Quercetin | PLAU/ETS1,Quercetin,PLAU,ETS1,Fibroblast_CAF,0.831244882031456,0.8471185487289651,0.8158751301563165,0.6877235364986989,0.5375,0.37625,0.5375,1.0,0.35,0.0,unprognostic (7.18e-2),0.0718,0.0,unprognostic (9.36e-2),0.0936,0.0,no_hit,,,0.0,0,0,,0.0,no_hit,,,0.0,0,0,,0.0,no_hit,,,0.0,0,0,,0.0,0.134375,1,weak_or_absent,0,0,0,0,matched_support_present,CMPD024770,1.0,0.8333333333333334,0.9316666666666666,0.9316666666666666,0.8133333333333334,0.9166666666666666,0.965,0.8533333333333334
STAD_AXIS_010,STAD,2,Quercetin | PLAU/MYC,Quercetin,PLAU,MYC,Fibroblast_CAF,0.8267994771279995,0.8125986023801656,0.8158751301563165,0.6877235364986989,0.5375,0.37625,0.5375,1.0,0.35,0.0,unprognostic (7.18e-2),0.0718,0.0,unprognostic (1.43e-1),0.143,0.0,no_hit,,,0.0,0,0,,0.33869129834254147,tf_or_regulator_class,TWS-119,0.901523037520438,0.5210635359116023,1,15,"GSK3B, JUN, MYC",0.0,no_hit,,,0.0,0,0,,0.33869129834254147,0.21904782458563538,1,limited,0,1,0,0,matched_support_present,CMPD024770,0.995,0.8316666666666667,0.8166666666666668,0.805,0.9266666666666667,0.8233333333333333,0.9183333333333333,0.7933333333333333
STAD_AXIS_027,STAD,3,Quercetin | PLAU/FOS,Quercetin,PLAU,FOS,Fibroblast_CAF,0.8194719619094621,0.7937741885572319,0.8158751301563165,0.6877235364986989,0.5375,0.37625,0.5375,1.0,0.35,0.0,unprognostic (7.18e-2),0.0718,0.0,unprognostic (8.11e-3),0.00811,0.0,no_hit,,,0.0,0,0,,0.0,no_hit,,,0.0,0,0,,0.0,no_hit,,,0.0,0,0,,0.0,0.134375,1,weak_or_absent,0,0,0,0,matched_support_present,CMPD024770,0.99,0.8316666666666667,0.9016666666666667,0.9233333333333333,0.8266666666666667,0.895,0.9483333333333333,0.8250000000000001
STAD_AXIS_021,STAD,4,Eriodyctiol (flavanone) | HSP90AB1/HOPX,Eriodyctiol (flavanone),HSP90AB1,HOPX,Fibroblast_CAF,0.8192460420844396,0.7440378530815416,0.9645813597317514,0.6806,0.5375,0.46374999999999994,0.5375,1.0,0.35,0.0,unprognostic (1.53e-1),0.153,0.0,unprognostic (2.32e-2),0.0232,0.0,no_hit,,,0.0,0,0,,0.8133114640883978,target_class,NVP-AUY922,0.5123550692340035,0.9568370165745856,1,17,"HSP90AA1, HSP90AB1",0.0,no_hit,,,0.0,0,0,,0.8133114640883978,0.3377028660220994,2,limited,0,1,0,1,matched_support_present,CMPD025188,0.985,1.0,0.985,0.8150000000000001,0.9833333333333334,0.9883333333333333,1.0,0.9833333333333334
STAD_AXIS_029,STAD,5,Quercetin | PLAU/HIF1A,Quercetin,PLAU,HIF1A,Fibroblast_CAF,0.8191509548381224,0.8353754176461786,0.8158751301563165,0.6877235364986989,0.5375,0.37625,0.5375,1.0,0.35,0.0,unprognostic (7.18e-2),0.0718,0.0,unprognostic (1.53e-3),0.00153,0.0,no_hit,,,0.0,0,0,,0.6259841160220995,tf_or_regulator_class,BAY-87-2243,0.49670731346938546,0.9630524861878453,3,17,HIF1A,0.0,no_hit,,,0.0,0,0,,0.6259841160220995,0.29087102900552486,2,limited,0,1,0,1,matched_support_present,CMPD024770,0.98,0.8216666666666667,0.9183333333333333,0.9416666666666668,0.8283333333333333,0.9166666666666666,0.9466666666666667,0.855
STAD_AXIS_085,STAD,6,(-)-epigallocatechin-3-gallate | APP/MYC,(-)-epigallocatechin-3-gallate,APP,MYC,Fibroblast_CAF,0.8168519714642093,0.757989510713169,0.6840762923679519,0.805278161220686,0.5375,0.37625,0.5375,1.0,0.35,0.0,unprognostic (3.59e-1),0.359,0.0,unprognostic (1.43e-1),0.143,0.0,no_hit,,,0.0,0,0,,0.6148998618784531,target_class,curcumin,0.8267721964036365,0.7234116022099448,3,17,"APP, CA1, CA12, CA14, CA2, CA4, CA6, CA9, CYP3A4, DNMT3B, EP300, MMP13, MMP9, NOS2, PTGS1, PTGS2, XDH",0.61953125,target_class,Curcumin,12.075,0.7288602941176471,1,33,APP:|:CA1:|:CA12:|:CA14:|:CA2:|:CA4:|:CA6:|:CA9:|:CYP3A4:|:DNMT3B:|:EP300:|:MMP13:|:MMP9:|:NOS2:|:PTGS1:|:PTGS2:|:XDH,0.61953125,0.4429827779696133,3,moderate,0,1,1,1,matched_support_present,CMPD024806,0.975,0.935,0.7966666666666667,0.8133333333333334,0.9316666666666666,0.8383333333333333,0.9683333333333333,0.9366666666666666
STAD_AXIS_008,STAD,7,Quercetin | PLAU/E2F1,Quercetin,PLAU,E2F1,Fibroblast_CAF,0.8162413546880012,0.7684291478312152,0.8158751301563165,0.6877235364986989,0.5375,0.37625,0.5375,1.0,0.35,0.0,unprognostic (7.18e-2),0.0718,0.0,unprognostic (2.09e-2),0.0209,0.0,no_hit,,,0.0,0,0,,0.0,no_hit,,,0.0,0,0,,0.0,no_hit,,,0.0,0,0,,0.0,0.134375,1,weak_or_absent,0,0,0,0,matched_support_present,CMPD024770,0.97,0.8083333333333332,0.8516666666666666,0.8966666666666666,0.84,0.8533333333333334,0.8933333333333334,0.7866666666666667
STAD_AXIS_024,STAD,8,Quercetin | PLAU/JUN,Quercetin,PLAU,JUN,Fibroblast_CAF,0.8162367726106996,0.7665448788795638,0.8158751301563165,0.6877235364986989,0.5375,0.37625,0.5375,1.0,0.35,0.0,unprognostic (7.18e-2),0.0718,0.0,unprognostic (2.48e-2),0.0248,0.0,no_hit,,,0.0,0,0,,0.6407976519337016,tf_or_regulator_class,vinblastine,0.344311066090248,0.9858425414364641,2,17,"JUN, TUBA1A, TUBB, TUBD1, TUBE1, TUBG1",0.0,no_hit,,,0.0,0,0,,0.6407976519337016,0.2945744129834254,2,limited,0,1,0,1,matched_support_present,CMPD024770,0.965,0.82,0.8966666666666666,0.9366666666666666,0.8566666666666668,0.89,0.9466666666666667,0.8183333333333334
STAD_AXIS_022,STAD,9,Quercetin | PLAU/HOXD3,Quercetin,PLAU,HOXD3,Fibroblast_CAF,0.8149238429555395,0.8623801854796856,0.8158751301563165,0.6877235364986989,0.5375,0.4375,0.5375,1.0,0.35,0.0,unprognostic (7.18e-2),0.0718,0.0,,,0.0,no_hit,,,0.0,0,0,,0.0,no_hit,,,0.0,0,0,,0.0,no_hit,,,0.0,0,0,,0.0,0.134375,1,weak_or_absent,0,0,0,0,matched_support_present,CMPD024770,0.96,0.8683333333333333,0.965,0.8216666666666667,0.895,0.945,0.9216666666666667,0.875
STAD_AXIS_007,STAD,10,Quercetin | PLAU/RELA,Quercetin,PLAU,RELA,Fibroblast_CAF,0.8127682175218977,0.8027634798436195,0.8158751301563165,0.6877235364986989,0.5375,0.37625,0.5375,1.0,0.35,0.0,unprognostic (7.18e-2),0.0718,0.0,unprognostic (3.64e-1),0.364,0.0,no_hit,,,0.0,0,0,,0.6493266574585635,tf_or_regulator_class,triptolide,0.03441906103100975,0.99896408839779,5,17,RELA,0.5131893382352941,tf_or_regulator_class,Bortezomib,11.573,0.7895220588235294,2,33,Proteasome:|:PSMA1:|:PSMA2:|:PSMA3:|:PSMA4:|:PSMA5:|:PSMA6:|:PSMA7:|:PSMA8:|:PSMB1:|:PSMB10:|:PSMB11:|:PSMB2:|:PSMB3:|:PSMB4:|:PSMB5:|:PSMB6:|:PSMB7:|:PSMB8:|:PSMB9:|:PSMD1:|:PSMD2:|:RELA,0.6493266574585635,0.4250039989234644,3,moderate,0,1,1,1,matched_support_present,CMPD024770,0.955,0.8633333333333333,0.85,0.8666666666666667,0.8816666666666667,0.8366666666666666,0.875,0.785
STAD_AXIS_078,STAD,11,Quercetin | PLAU/RBPJ,Quercetin,PLAU,RBPJ,Fibroblast_CAF,0.8119326960824196,0.8423367244837209,0.8158751301563165,0.6877235364986989,0.5375,0.37625,0.5375,1.0,0.35,0.0,unprognostic (7.18e-2),0.0718,0.0,unprognostic (1.80e-1),0.18,0.0,no_hit,,,0.0,0,0,,0.0,no_hit,,,0.0,0,0,,0.0,no_hit,,,0.0,0,0,,0.0,0.134375,1,weak_or_absent,0,0,0,0,matched_support_present,CMPD024770,0.95,0.805,0.8383333333333334,0.9483333333333333,0.8233333333333333,0.91,0.8933333333333334,0.8383333333333333
STAD_AXIS_049,STAD,12,Quercetin | PLAU/NR3C1,Quercetin,PLAU,NR3C1,Fibroblast_CAF,0.8114054178277956,0.8344634995523436,0.8158751301563165,0.6877235364986989,0.5375,0.37625,0.5375,1.0,0.35,0.0,unprognostic (7.18e-2),0.0718,0.0,unprognostic (1.11e-2),0.0111,0.0,no_hit,,,0.0,0,0,,0.5393473756906078,tf_or_regulator_class,difluprednate,0.7573061140196935,0.8297651933701657,27,17,NR3C1,0.025689338235294134,tf_or_regulator_class,Dexamethasone,15.007,0.03952205882352944,1,33,NR3C1,0.5393473756906078,0.2756341784814755,2,limited,0,1,0,1,matched_support_present,CMPD024770,0.945,0.82,0.9233333333333333,0.9316666666666666,0.8383333333333334,0.9349999999999999,0.9333333333333332,0.8666666666666667
STAD_AXIS_005,STAD,13,Quercetin | PLAU/GTF3A,Quercetin,PLAU,GTF3A,Fibroblast_CAF,0.8091136413838345,0.7991736594746827,0.8158751301563165,0.6877235364986989,0.5375,0.37625,0.5375,1.0,0.35,0.0,unprognostic (7.18e-2),0.0718,0.0,unprognostic (1.11e-1),0.111,0.0,no_hit,,,0.0,0,0,,0.0,no_hit,,,0.0,0,0,,0.0,no_hit,,,0.0,0,0,,0.0,0.134375,1,weak_or_absent,0,0,0,0,matched_support_present,CMPD024770,0.94,0.8233333333333334,0.7966666666666667,0.7833333333333333,0.9199999999999999,0.8250000000000001,0.8633333333333333,0.7883333333333334
STAD_AXIS_050,STAD,14,Quercetin | PLAU/NFKB1,Quercetin,PLAU,NFKB1,Fibroblast_CAF,0.8082891741944616,0.7951166035555758,0.8158751301563165,0.6877235364986989,0.5375,0.37625,0.5375,1.0,0.35,0.0,unprognostic (7.18e-2),0.0718,0.0,unprognostic (2.80e-1),0.28,0.0,no_hit,,,0.0,0,0,,0.22512085635359114,tf_or_regulator_class,aspirin,0.9736055101211525,0.3463397790055248,1,14,"AKR1C1, ASIC3, EDNRA, HSPA5, IKBKB, NFKB1, NFKB2, NFKBIA, PRKAA1, PRKAA2, PRKAB1, PRKAB2, PRKAG1, PRKAG2, PRKAG3, PTGS1, PTGS2, RPS6KA3, TP53",0.16369485294117647,tf_or_regulator_class,Thalidomide,14.559,0.25183823529411764,1,33,CRBN:|:FGFR2:|:NFKB1:|:ORM1:|:ORM2:|:PTGS2:|:TNF,0.22512085635359114,0.2315789273236919,1,limited,0,1,0,0,matched_support_present,CMPD024770,0.935,0.8250000000000001,0.9049999999999999,0.9199999999999999,0.8316666666666667,0.92,0.9266666666666667,0.8433333333333333
STAD_AXIS_041,STAD,15,Quercetin | PLAU/RUNX2,Quercetin,PLAU,RUNX2,Fibroblast_CAF,0.8067579978038836,0.8255590264073033,0.8158751301563165,0.6877235364986989,0.5375,0.37625,0.5375,1.0,0.35,0.0,unprognostic (7.18e-2),0.0718,0.0,unprognostic (3.76e-3),0.00376,0.0,no_hit,,,0.0,0,0,,0.0,no_hit,,,0.0,0,0,,0.0,no_hit,,,0.0,0,0,,0.0,0.134375,1,weak_or_absent,0,0,0,0,matched_support_present,CMPD024770,0.93,0.8099999999999999,0.9016666666666667,0.9183333333333333,0.8583333333333334,0.9233333333333333,0.915,0.8483333333333333
STAD_AXIS_040,STAD,16,Quercetin | PLAU/REL,Quercetin,PLAU,REL,Fibroblast_CAF,0.8044152302204229,0.7870429301074885,0.8158751301563165,0.6877235364986989,0.5375,0.37625,0.5375,1.0,0.35,0.0,unprognostic (7.18e-2),0.0718,0.0,unprognostic (1.21e-1),0.121,0.0,no_hit,,,0.0,0,0,,0.0,no_hit,,,0.0,0,0,,0.0,no_hit,,,0.0,0,0,,0.0,0.134375,1,weak_or_absent,0,0,0,0,matched_support_present,CMPD024770,0.925,0.8333333333333334,0.9400000000000001,0.9333333333333332,0.8283333333333333,0.9483333333333333,0.94,0.8733333333333334
STAD_AXIS_100,STAD,17,Quercetin | PLAU/CREB1,Quercetin,PLAU,CREB1,Fibroblast_CAF,0.8019077494430396,0.8098541253267094,0.8158751301563165,0.6877235364986989,0.5375,0.37625,0.5375,1.0,0.35,0.0,unprognostic (7.18e-2),0.0718,0.0,unprognostic (1.69e-2),0.0169,0.0,no_hit,,,0.0,0,0,,0.3992921270718232,tf_or_regulator_class,naloxone,0.876997494216834,0.6142955801104972,1,9,"CREB1, ESR1, OPRD1, OPRK1, OPRM1, TLR4",0.0,no_hit,,,0.0,0,0,,0.3992921270718232,0.23419803176795578,1,limited,0,1,0,0,matched_support_present,CMPD024770,0.92,0.805,0.8333333333333334,0.9383333333333334,0.83,0.9116666666666666,0.895,0.8483333333333333
STAD_AXIS_020,STAD,18,Coryincine | ADRA1D/RELA,Coryincine,ADRA1D,RELA,Fibroblast_CAF,0.7959308804985041,0.719761898257144,0.6073973279369225,0.902678161220686,0.625,0.37625,0.625,1.0,0.7,0.0,unprognostic (2.05e-3),0.00205,0.0,unprognostic (3.64e-1),0.364,0.0,no_hit,,,0.0,0,0,,0.6493266574585635,tf_or_regulator_class,triptolide,0.03441906103100975,0.99896408839779,5,17,RELA,0.5131893382352941,tf_or_regulator_class,Bortezomib,11.573,0.7895220588235294,2,33,Proteasome:|:PSMA1:|:PSMA2:|:PSMA3:|:PSMA4:|:PSMA5:|:PSMA6:|:PSMA7:|:PSMA8:|:PSMB1:|:PSMB10:|:PSMB11:|:PSMB2:|:PSMB3:|:PSMB4:|:PSMB5:|:PSMB6:|:PSMB7:|:PSMB8:|:PSMB9:|:PSMD1:|:PSMD2:|:RELA,0.6493266574585635,0.4468789989234644,3,moderate,0,1,1,1,matched_support_present,CMPD025402,0.915,0.975,0.9483333333333333,0.7999999999999999,0.9633333333333333,0.9483333333333333,0.9583333333333334,0.9899999999999999
STAD_AXIS_019,STAD,19,Quercetin | AKR1B1/RELA,Quercetin,AKR1B1,RELA,Fibroblast_CAF,0.7948038136923004,0.7582800460221685,0.5807625322928605,0.9152791718430496,0.7775,0.37625,0.7775,1.0,0.35,0.8,potential prognostic unfavorable (6.55e-6),6.55e-06,0.0,unprognostic (3.64e-1),0.364,0.0,no_hit,,,0.0,0,0,,0.6493266574585635,tf_or_regulator_class,triptolide,0.03441906103100975,0.99896408839779,5,17,RELA,0.5131893382352941,tf_or_regulator_class,Bortezomib,11.573,0.7895220588235294,2,33,Proteasome:|:PSMA1:|:PSMA2:|:PSMA3:|:PSMA4:|:PSMA5:|:PSMA6:|:PSMA7:|:PSMA8:|:PSMB1:|:PSMB10:|:PSMB11:|:PSMB2:|:PSMB3:|:PSMB4:|:PSMB5:|:PSMB6:|:PSMB7:|:PSMB8:|:PSMB9:|:PSMD1:|:PSMD2:|:RELA,0.6493266574585635,0.4850039989234644,3,moderate,0,1,1,1,matched_support_present,CMPD024770,0.91,0.8766666666666666,0.8216666666666667,0.8366666666666666,0.8883333333333333,0.8316666666666667,0.8783333333333333,0.8433333333333334
STAD_AXIS_013,STAD,20,Quercetin | CYP1B1/ESR1,Quercetin,CYP1B1,ESR1,Fibroblast_CAF,0.7883330953808916,0.92617777888343,0.462386342460207,0.8852832604463821,0.7775,0.4375,0.7775,1.0,0.35,0.8,potential prognostic unfavorable (1.61e-4),0.000161,0.0,,,0.24345018450184505,tf_or_regulator_class,Fulvestrant,0.9536515,0.3745387453874539,3,24,ESR1,0.47636395027624306,target_class,2-methoxyestradiol,0.8906470227188827,0.5604281767955801,1,17,"COMT, CYP19A1, CYP1A1, CYP1B1, HIF1A, TUBB",0.6302849264705883,tf_or_regulator_class,Brefeldin A,7.6426,0.9696691176470589,3,33,ARF1:|:CYP11B1:|:CYTH2:|:ESR1:|:FDX1,0.6302849264705883,0.5318997653121691,2,moderate,0,1,1,1,matched_support_present,CMPD024770,0.905,0.8683333333333333,0.9016666666666667,0.84,0.915,0.93,0.9216666666666667,0.9433333333333334
STAD_AXIS_039,STAD,21,Quercetin | PLAU/ETV4,Quercetin,PLAU,ETV4,Fibroblast_CAF,0.7857710830761634,0.7633409177196001,0.8158751301563165,0.6877235364986989,0.5375,0.4375,0.5375,1.0,0.35,0.0,unprognostic (7.18e-2),0.0718,0.0,unprognostic (2.84e-1),0.284,0.0,no_hit,,,0.0,0,0,,0.0,no_hit,,,0.0,0,0,,0.0,no_hit,,,0.0,0,0,,0.0,0.134375,1,weak_or_absent,0,0,0,0,matched_support_present,CMPD024770,0.9,0.83,0.8933333333333334,0.9533333333333333,0.8516666666666666,0.9349999999999999,0.875,0.8166666666666668
STAD_AXIS_002,STAD,22,Quercetin | CYP1B1/EP300,Quercetin,CYP1B1,EP300,Fibroblast_CAF,0.7822277309126494,0.7798245182635885,0.4685072778903261,0.8852832604463821,0.7775,0.37625,0.7775,1.0,0.35,0.8,potential prognostic unfavorable (1.61e-4),0.000161,0.0,unprognostic (2.89e-1),0.289,0.21886531365313658,tf_or_regulator_class,SGC-CBP30,0.9597935,0.33671586715867163,3,23,"EP300, CBP",0.47636395027624306,target_class,2-methoxyestradiol,0.8906470227188827,0.5604281767955801,1,17,"COMT, CYP19A1, CYP1A1, CYP1B1, HIF1A, TUBB",0.47375919117647064,tf_or_regulator_class,Curcumin,12.075,0.7288602941176471,3,33,APP:|:CA1:|:CA12:|:CA14:|:CA2:|:CA4:|:CA6:|:CA9:|:CYP3A4:|:DNMT3B:|:EP300:|:MMP13:|:MMP9:|:NOS2:|:PTGS1:|:PTGS2:|:XDH,0.47636395027624306,0.4866221137764626,1,moderate,0,1,1,0,matched_support_present,CMPD024770,0.895,0.8883333333333333,0.85,0.9249999999999999,0.7783333333333333,0.8366666666666666,0.875,0.8566666666666668
STAD_AXIS_028,STAD,23,Quercetin | MMP1/HOPX,Quercetin,MMP1,HOPX,Fibroblast_CAF,0.771803090168974,0.7252714366832248,0.8182438385359458,0.7087235364986989,0.625,0.46374999999999994,0.625,1.0,0.7,0.0,unprognostic (2.56e-2),0.0256,0.0,unprognostic (2.32e-2),0.0232,0.0,no_hit,,,0.0,0,0,,0.6824067679558011,target_class,marimastat,0.77698054815304,0.8028314917127072,2,16,"MMP1, MMP10, MMP11, MMP12, MMP13, MMP14, MMP15, MMP16, MMP17, MMP19, MMP2, MMP20, MMP21, MMP23A, MMP24, MMP25, MMP26, MMP27, MMP28, MMP3, MMP7, MMP8, MMP9",0.0,no_hit,,,0.0,0,0,,0.6824067679558011,0.32685169198895025,2,limited,0,1,0,1,matched_support_present,CMPD024770,0.89,0.8816666666666667,0.9683333333333333,0.8083333333333335,0.9433333333333334,0.9866666666666667,0.945,0.9116666666666666
STAD_AXIS_018,STAD,24,Kaempferol | CYP1B1/ESR1,Kaempferol,CYP1B1,ESR1,Fibroblast_CAF,0.7704307133465835,0.92617777888343,0.462386342460207,0.7739235364986989,0.7775,0.4375,0.7775,1.0,0.35,0.8,potential prognostic unfavorable (1.61e-4),0.000161,0.0,,,0.24345018450184505,tf_or_regulator_class,Fulvestrant,0.9536515,0.3745387453874539,3,24,ESR1,0.47636395027624306,target_class,2-methoxyestradiol,0.8906470227188827,0.5604281767955801,1,17,"COMT, CYP19A1, CYP1A1, CYP1B1, HIF1A, TUBB",0.6302849264705883,tf_or_regulator_class,Brefeldin A,7.6426,0.9696691176470589,3,33,ARF1:|:CYP11B1:|:CYTH2:|:ESR1:|:FDX1,0.6302849264705883,0.5318997653121691,2,moderate,0,1,1,1,matched_support_present,CMPD024768,0.885,0.8983333333333333,0.9316666666666666,0.8783333333333333,0.9483333333333333,0.8766666666666666,0.9066666666666666,0.9583333333333334
STAD_AXIS_011,STAD,25,Eckol | BACE1/RELA,Eckol,BACE1,RELA,Fibroblast_CAF,0.7700667820785164,0.7757791655943417,0.5876069621317833,0.7003235364986989,0.5375,0.37625,0.5375,1.0,0.35,0.0,unprognostic (3.13e-2),0.0313,0.0,unprognostic (3.64e-1),0.364,0.0,no_hit,,,0.0,0,0,,0.6493266574585635,tf_or_regulator_class,triptolide,0.03441906103100975,0.99896408839779,5,17,RELA,0.5131893382352941,tf_or_regulator_class,Bortezomib,11.573,0.7895220588235294,2,33,Proteasome:|:PSMA1:|:PSMA2:|:PSMA3:|:PSMA4:|:PSMA5:|:PSMA6:|:PSMA7:|:PSMA8:|:PSMB1:|:PSMB10:|:PSMB11:|:PSMB2:|:PSMB3:|:PSMB4:|:PSMB5:|:PSMB6:|:PSMB7:|:PSMB8:|:PSMB9:|:PSMD1:|:PSMD2:|:RELA,0.6493266574585635,0.4250039989234644,3,moderate,0,1,1,1,matched_support_present,CMPD025671,0.88,0.9733333333333333,0.9483333333333333,0.8416666666666667,0.9533333333333333,0.91,0.8916666666666666,0.9716666666666667
STAD_AXIS_014,STAD,26,Naringenin | CYP19A1/RELA,Naringenin,CYP19A1,RELA,Fibroblast_CAF,0.7681238864924904,0.7137553610237729,0.3941270728033731,1.0,0.625,0.37625,0.625,1.0,0.7,0.0,,,0.0,unprognostic (3.64e-1),0.364,0.0,no_hit,,,0.0,0,0,,0.6493266574585635,tf_or_regulator_class,triptolide,0.03441906103100975,0.99896408839779,5,17,RELA,0.5131893382352941,tf_or_regulator_class,Bortezomib,11.573,0.7895220588235294,2,33,Proteasome:|:PSMA1:|:PSMA2:|:PSMA3:|:PSMA4:|:PSMA5:|:PSMA6:|:PSMA7:|:PSMA8:|:PSMB1:|:PSMB10:|:PSMB11:|:PSMB2:|:PSMB3:|:PSMB4:|:PSMB5:|:PSMB6:|:PSMB7:|:PSMB8:|:PSMB9:|:PSMD1:|:PSMD2:|:RELA,0.6493266574585635,0.4468789989234644,3,moderate,0,1,1,1,matched_support_present,CMPD025012,0.875,0.9166666666666666,0.8033333333333333,0.86,0.9116666666666666,0.84,0.8283333333333333,0.9216666666666667
STAD_AXIS_003,STAD,27,Kaempferol | CYP1B1/EP300,Kaempferol,CYP1B1,EP300,Fibroblast_CAF,0.7676943087178263,0.7798245182635885,0.4685072778903261,0.7739235364986989,0.7775,0.37625,0.7775,1.0,0.35,0.8,potential prognostic unfavorable (1.61e-4),0.000161,0.0,unprognostic (2.89e-1),0.289,0.21886531365313658,tf_or_regulator_class,SGC-CBP30,0.9597935,0.33671586715867163,3,23,"EP300, CBP",0.47636395027624306,target_class,2-methoxyestradiol,0.8906470227188827,0.5604281767955801,1,17,"COMT, CYP19A1, CYP1A1, CYP1B1, HIF1A, TUBB",0.47375919117647064,tf_or_regulator_class,Curcumin,12.075,0.7288602941176471,3,33,APP:|:CA1:|:CA12:|:CA14:|:CA2:|:CA4:|:CA6:|:CA9:|:CYP3A4:|:DNMT3B:|:EP300:|:MMP13:|:MMP9:|:NOS2:|:PTGS1:|:PTGS2:|:XDH,0.47636395027624306,0.4866221137764626,1,moderate,0,1,1,0,matched_support_present,CMPD024768,0.87,0.9083333333333333,0.8733333333333334,0.9700000000000001,0.8300000000000001,0.8000000000000002,0.8283333333333333,0.8833333333333333
STAD_AXIS_001,STAD,28,Quercetin | CYP1B1/AHR,Quercetin,CYP1B1,AHR,Fibroblast_CAF,0.7675518441280316,0.7983003511548469,0.462386342460207,0.8852832604463821,0.7775,0.37625,0.7775,1.0,0.35,0.8,potential prognostic unfavorable (1.61e-4),0.000161,0.0,unprognostic (2.11e-1),0.211,0.0,no_hit,,,0.0,0,0,,0.5492230662983425,tf_or_regulator_class,mexiletine,0.7363321788523876,0.8449585635359116,4,17,"AHR, SCN4A, SCN5A",0.35188419117647063,tf_or_regulator_class,StemRegenin 1,13.279,0.5413602941176471,2,33,AHR,0.5492230662983425,0.41965181436870325,2,moderate,0,1,1,1,matched_support_present,CMPD024770,0.865,0.9133333333333334,0.8866666666666667,0.8733333333333334,0.8733333333333334,0.9066666666666666,0.86,0.915
STAD_AXIS_034,STAD,29,Kaempferol | MMP1/HOPX,Kaempferol,MMP1,HOPX,Fibroblast_CAF,0.7674709101076617,0.7252714366832248,0.8182438385359458,0.6773597239476832,0.625,0.46374999999999994,0.625,1.0,0.7,0.0,unprognostic (2.56e-2),0.0256,0.0,unprognostic (2.32e-2),0.0232,0.0,no_hit,,,0.0,0,0,,0.6824067679558011,target_class,marimastat,0.77698054815304,0.8028314917127072,2,16,"MMP1, MMP10, MMP11, MMP12, MMP13, MMP14, MMP15, MMP16, MMP17, MMP19, MMP2, MMP20, MMP21, MMP23A, MMP24, MMP25, MMP26, MMP27, MMP28, MMP3, MMP7, MMP8, MMP9",0.0,no_hit,,,0.0,0,0,,0.6824067679558011,0.32685169198895025,2,limited,0,1,0,1,matched_support_present,CMPD024768,0.86,0.9266666666666667,0.98,0.8649999999999999,0.9766666666666666,0.9833333333333334,0.9483333333333333,0.9566666666666667
STAD_AXIS_035,STAD,30,Luteolin | MMP1/HOPX,Luteolin,MMP1,HOPX,Fibroblast_CAF,0.7673778471681771,0.7252714366832248,0.8182438385359458,0.6773597239476832,0.625,0.46374999999999994,0.625,1.0,0.7,0.0,unprognostic (2.56e-2),0.0256,0.0,unprognostic (2.32e-2),0.0232,0.0,no_hit,,,0.0,0,0,,0.6824067679558011,target_class,marimastat,0.77698054815304,0.8028314917127072,2,16,"MMP1, MMP10, MMP11, MMP12, MMP13, MMP14, MMP15, MMP16, MMP17, MMP19, MMP2, MMP20, MMP21, MMP23A, MMP24, MMP25, MMP26, MMP27, MMP28, MMP3, MMP7, MMP8, MMP9",0.0,no_hit,,,0.0,0,0,,0.6824067679558011,0.32685169198895025,2,limited,0,1,0,1,matched_support_present,CMPD024820,0.855,0.9233333333333333,0.9833333333333334,0.805,0.9866666666666667,0.9916666666666667,0.9500000000000001,0.9700000000000001
STAD_AXIS_036,STAD,31,(-)-epigallocatechin-3-gallate | MMP1/HOPX,(-)-epigallocatechin-3-gallate,MMP1,HOPX,Fibroblast_CAF,0.7662527349149594,0.7252714366832248,0.8182438385359458,0.6689597239476832,0.625,0.46374999999999994,0.625,1.0,0.7,0.0,unprognostic (2.56e-2),0.0256,0.0,unprognostic (2.32e-2),0.0232,0.0,no_hit,,,0.0,0,0,,0.6824067679558011,target_class,marimastat,0.77698054815304,0.8028314917127072,2,16,"MMP1, MMP10, MMP11, MMP12, MMP13, MMP14, MMP15, MMP16, MMP17, MMP19, MMP2, MMP20, MMP21, MMP23A, MMP24, MMP25, MMP26, MMP27, MMP28, MMP3, MMP7, MMP8, MMP9",0.0,no_hit,,,0.0,0,0,,0.6824067679558011,0.32685169198895025,2,limited,0,1,0,1,matched_support_present,CMPD024806,0.85,0.98,0.9933333333333333,0.7733333333333334,0.975,1.0,0.9816666666666666,1.0
STAD_AXIS_042,STAD,32,Quercetin | PLAU/ATF4,Quercetin,PLAU,ATF4,Fibroblast_CAF,0.7657956955663129,0.7788053887607217,0.8158751301563165,0.6877235364986989,0.5375,0.37625,0.5375,1.0,0.35,0.0,unprognostic (7.18e-2),0.0718,0.0,unprognostic (5.87e-2),0.0587,0.0,no_hit,,,0.0,0,0,,0.0,no_hit,,,0.0,0,0,,0.0,no_hit,,,0.0,0,0,,0.0,0.134375,1,weak_or_absent,0,0,0,0,matched_support_present,CMPD024770,0.845,0.8366666666666668,0.8216666666666667,0.805,0.9383333333333334,0.8683333333333333,0.8233333333333334,0.7883333333333334
STAD_AXIS_026,STAD,33,Quercetin | CYP1B1/CREB1,Quercetin,CYP1B1,CREB1,Fibroblast_CAF,0.7644971461414323,0.8056868957203825,0.462386342460207,0.8852832604463821,0.7775,0.37625,0.7775,1.0,0.35,0.8,potential prognostic unfavorable (1.61e-4),0.000161,0.0,unprognostic (1.69e-2),0.0169,0.0,no_hit,,,0.0,0,0,,0.47636395027624306,target_class,2-methoxyestradiol,0.8906470227188827,0.5604281767955801,1,17,"COMT, CYP19A1, CYP1A1, CYP1B1, HIF1A, TUBB",0.0,no_hit,,,0.0,0,0,,0.47636395027624306,0.31346598756906074,1,limited,0,1,0,0,matched_support_present,CMPD024770,0.84,0.875,0.8866666666666667,0.9283333333333333,0.7966666666666667,0.915,0.8666666666666667,0.9283333333333333
STAD_AXIS_032,STAD,34,Triptolide | PLAU/GTF3A,Triptolide,PLAU,GTF3A,Fibroblast_CAF,0.7626656743931722,0.7991736594746827,0.8158751301563165,0.33,0.5375,0.37625,0.5375,1.0,0.35,0.0,unprognostic (7.18e-2),0.0718,0.0,unprognostic (1.11e-1),0.111,0.0,no_hit,,,0.0,0,0,,0.99896408839779,direct_compound,triptolide,0.03441906103100975,0.99896408839779,1,14,RELA,0.7215073529411764,direct_compound,Triptolide,12.175,0.7215073529411764,1,33,RELA,0.99896408839779,0.5644928603347417,3,moderate,1,0,1,1,matched_support_present,CMPD025693,0.835,0.8483333333333333,0.7883333333333334,0.8483333333333333,0.9133333333333334,0.7733333333333334,0.8266666666666667,0.8183333333333334
STAD_AXIS_033,STAD,35,(-)-epigallocatechin-3-gallate | PLAU/GTF3A,(-)-epigallocatechin-3-gallate,PLAU,GTF3A,Fibroblast_CAF,0.7623598978737824,0.7991736594746827,0.8158751301563165,0.33,0.5375,0.37625,0.5375,1.0,0.35,0.0,unprognostic (7.18e-2),0.0718,0.0,unprognostic (1.11e-1),0.111,0.0,no_hit,,,0.0,0,0,,0.0,no_hit,,,0.0,0,0,,0.0,no_hit,,,0.0,0,0,,0.0,0.134375,1,weak_or_absent,0,0,0,0,matched_support_present,CMPD024806,0.83,0.9216666666666667,0.9216666666666667,0.8250000000000001,0.9216666666666667,0.79,0.7999999999999999,0.8116666666666666
STAD_AXIS_067,STAD,36,Quercetin | AKR1B1/NFKB2,Quercetin,AKR1B1,NFKB2,Fibroblast_CAF,0.7588029925796724,0.7430265184678052,0.5807625322928605,0.9152791718430496,0.7775,0.37625,0.7775,1.0,0.35,0.8,potential prognostic unfavorable (6.55e-6),6.55e-06,0.0,unprognostic (3.84e-2),0.0384,0.0,no_hit,,,0.0,0,0,,0.22512085635359114,tf_or_regulator_class,aspirin,0.9736055101211525,0.3463397790055248,2,16,"AKR1C1, ASIC3, EDNRA, HSPA5, IKBKB, NFKB1, NFKB2, NFKBIA, PRKAA1, PRKAA2, PRKAB1, PRKAB2, PRKAG1, PRKAG2, PRKAG3, PTGS1, PTGS2, RPS6KA3, TP53",0.0,no_hit,,,0.0,0,0,,0.22512085635359114,0.25065521408839775,1,limited,0,1,0,0,matched_support_present,CMPD024770,0.825,0.8166666666666668,0.7783333333333333,0.9049999999999999,0.8383333333333334,0.8883333333333333,0.8383333333333333,0.8933333333333334
STAD_AXIS_051,STAD,37,Guggulsterone | PGR/FOS,Guggulsterone,PGR,FOS,Fibroblast_CAF,0.755440714135613,0.7313631955603866,0.4913546697241152,0.7299597239476832,0.6625,0.37625,0.6625,1.0,0.85,0.0,,,0.0,unprognostic (8.11e-3),0.00811,0.0,no_hit,,,0.0,0,0,,0.632510359116022,target_class,spironolactone,0.817057971451514,0.7441298342541436,14,17,"AR, CACNA1A, CACNA1B, CACNA1C, CACNA1D, CACNA1F, CACNA1G, CACNA1H, CACNA1I, CACNA1S, CACNA2D1, CACNA2D2, CACNA2D3, CACNB1, CACNB2, CACNB3, CACNB4, CACNG1, CYP11B2, NR3C1, NR3C2, PGR, SHBG",0.0,no_hit,,,0.0,0,0,,0.632510359116022,0.3237525897790055,2,limited,0,1,0,1,matched_support_present,CMPD025841,0.82,0.8533333333333334,0.7916666666666666,0.9466666666666667,0.8250000000000001,0.8066666666666666,0.815,0.9183333333333333
STAD_AXIS_083,STAD,38,(-)-epigallocatechin-3-gallate | PLAU/E2F1,(-)-epigallocatechin-3-gallate,PLAU,E2F1,Fibroblast_CAF,0.7554036462629652,0.7684291478312152,0.8158751301563165,0.33,0.5375,0.37625,0.5375,1.0,0.35,0.0,unprognostic (7.18e-2),0.0718,0.0,unprognostic (2.09e-2),0.0209,0.0,no_hit,,,0.0,0,0,,0.0,no_hit,,,0.0,0,0,,0.0,no_hit,,,0.0,0,0,,0.0,0.134375,1,weak_or_absent,0,0,0,0,matched_support_present,CMPD024806,0.815,0.8433333333333334,0.8333333333333334,0.895,0.7716666666666666,0.7733333333333334,0.8366666666666666,0.81
STAD_AXIS_082,STAD,39,Triptolide | PLAU/E2F1,Triptolide,PLAU,E2F1,Fibroblast_CAF,0.7551196371346708,0.7684291478312152,0.8158751301563165,0.33,0.5375,0.37625,0.5375,1.0,0.35,0.0,unprognostic (7.18e-2),0.0718,0.0,unprognostic (2.09e-2),0.0209,0.0,no_hit,,,0.0,0,0,,0.99896408839779,direct_compound,triptolide,0.03441906103100975,0.99896408839779,1,14,RELA,0.7215073529411764,direct_compound,Triptolide,12.175,0.7215073529411764,1,33,RELA,0.99896408839779,0.5644928603347417,3,moderate,1,0,1,1,matched_support_present,CMPD025693,0.81,0.8033333333333333,0.7733333333333334,0.94,0.81,0.7633333333333333,0.8383333333333334,0.8133333333333334
STAD_AXIS_076,STAD,40,Triptolide | PLAU/RELA,Triptolide,PLAU,RELA,Fibroblast_CAF,0.7525800159457713,0.8027634798436195,0.8158751301563165,0.33,0.5375,0.37625,0.5375,1.0,0.35,0.0,unprognostic (7.18e-2),0.0718,0.0,unprognostic (3.64e-1),0.364,0.0,no_hit,,,0.0,0,0,,0.99896408839779,direct_compound,triptolide,0.03441906103100975,0.99896408839779,1,14,RELA,0.7215073529411764,direct_compound,Triptolide,12.175,0.7215073529411764,1,33,RELA,0.99896408839779,0.5644928603347417,3,moderate,1,0,1,1,matched_support_present,CMPD025693,0.805,0.8250000000000001,0.7866666666666667,0.8966666666666666,0.8116666666666666,0.7583333333333333,0.8466666666666667,0.8133333333333334
STAD_AXIS_077,STAD,41,(-)-epigallocatechin-3-gallate | PLAU/RELA,(-)-epigallocatechin-3-gallate,PLAU,RELA,Fibroblast_CAF,0.7522367122416209,0.8027634798436195,0.8158751301563165,0.33,0.5375,0.37625,0.5375,1.0,0.35,0.0,unprognostic (7.18e-2),0.0718,0.0,unprognostic (3.64e-1),0.364,0.0,no_hit,,,0.0,0,0,,0.6493266574585635,tf_or_regulator_class,triptolide,0.03441906103100975,0.99896408839779,5,17,RELA,0.5131893382352941,tf_or_regulator_class,Bortezomib,11.573,0.7895220588235294,2,33,Proteasome:|:PSMA1:|:PSMA2:|:PSMA3:|:PSMA4:|:PSMA5:|:PSMA6:|:PSMA7:|:PSMA8:|:PSMB1:|:PSMB10:|:PSMB11:|:PSMB2:|:PSMB3:|:PSMB4:|:PSMB5:|:PSMB6:|:PSMB7:|:PSMB8:|:PSMB9:|:PSMD1:|:PSMD2:|:RELA,0.6493266574585635,0.4250039989234644,3,moderate,0,1,1,1,matched_support_present,CMPD024806,0.8,0.9216666666666667,0.8383333333333334,0.86,0.7916666666666666,0.7666666666666666,0.8366666666666666,0.8116666666666666
STAD_AXIS_004,STAD,42,Kaempferol | CYP1B1/AHR,Kaempferol,CYP1B1,AHR,Fibroblast_CAF,0.750446947801712,0.7983003511548469,0.462386342460207,0.7739235364986989,0.7775,0.37625,0.7775,1.0,0.35,0.8,potential prognostic unfavorable (1.61e-4),0.000161,0.0,unprognostic (2.11e-1),0.211,0.0,no_hit,,,0.0,0,0,,0.5492230662983425,tf_or_regulator_class,mexiletine,0.7363321788523876,0.8449585635359116,4,17,"AHR, SCN4A, SCN5A",0.35188419117647063,tf_or_regulator_class,StemRegenin 1,13.279,0.5413602941176471,2,33,AHR,0.5492230662983425,0.41965181436870325,2,moderate,0,1,1,1,matched_support_present,CMPD024768,0.795,0.9400000000000001,0.9333333333333332,0.9316666666666666,0.9183333333333333,0.8450000000000001,0.8066666666666666,0.9216666666666667
STAD_AXIS_057,STAD,43,Indirubin | AHR/EPAS1,Indirubin,AHR,EPAS1,Fibroblast_CAF,0.7484634629199624,0.7428100514509154,0.4863131860251095,0.7809597239476832,0.5375,0.4375,0.5375,1.0,0.35,0.0,unprognostic (2.11e-1),0.211,0.0,unprognostic (1.49e-2),0.0149,0.0,no_hit,,,0.0,0,0,,0.7182147790055249,target_class,mexiletine,0.7363321788523876,0.8449585635359116,4,17,"AHR, SCN4A, SCN5A",0.46015625,target_class,StemRegenin 1,13.279,0.5413602941176471,2,33,AHR,0.7182147790055249,0.4289677572513812,2,moderate,0,1,1,1,matched_support_present,CMPD025163,0.79,0.9416666666666668,0.835,0.8116666666666666,0.8816666666666667,0.8566666666666666,0.8233333333333334,0.9233333333333333
STAD_AXIS_045,STAD,44,Kaempferol | CYP1B1/CREB1,Kaempferol,CYP1B1,CREB1,Fibroblast_CAF,0.7474551390518688,0.8056868957203825,0.462386342460207,0.7739235364986989,0.7775,0.37625,0.7775,1.0,0.35,0.8,potential prognostic unfavorable (1.61e-4),0.000161,0.0,unprognostic (1.69e-2),0.0169,0.0,no_hit,,,0.0,0,0,,0.47636395027624306,target_class,2-methoxyestradiol,0.8906470227188827,0.5604281767955801,1,17,"COMT, CYP19A1, CYP1A1, CYP1B1, HIF1A, TUBB",0.0,no_hit,,,0.0,0,0,,0.47636395027624306,0.31346598756906074,1,limited,0,1,0,0,matched_support_present,CMPD024768,0.785,0.8883333333333333,0.9166666666666666,0.9683333333333334,0.8483333333333333,0.87,0.8116666666666666,0.9316666666666666
STAD_AXIS_086,STAD,45,Stigmasterol | PLAU/GTF3A,Stigmasterol,PLAU,GTF3A,Fibroblast_CAF,0.7445435619563407,0.7991736594746827,0.8158751301563165,0.285,0.5375,0.37625,0.5375,1.0,0.35,0.0,unprognostic (7.18e-2),0.0718,0.0,unprognostic (1.11e-1),0.111,0.0,no_hit,,,0.0,0,0,,0.0,no_hit,,,0.0,0,0,,0.0,no_hit,,,0.0,0,0,,0.0,0.134375,1,weak_or_absent,0,0,0,0,matched_support_present,CMPD024773,0.78,0.9083333333333333,0.84,0.8333333333333334,0.855,0.7600000000000001,0.7600000000000001,0.7966666666666667
STAD_AXIS_084,STAD,46,Kaempferol | AHR/EPAS1,Kaempferol,AHR,EPAS1,Fibroblast_CAF,0.741730161874226,0.7428100514509154,0.4863131860251095,0.7425597239476832,0.5375,0.4375,0.5375,1.0,0.35,0.0,unprognostic (2.11e-1),0.211,0.0,unprognostic (1.49e-2),0.0149,0.0,no_hit,,,0.0,0,0,,0.7182147790055249,target_class,mexiletine,0.7363321788523876,0.8449585635359116,4,17,"AHR, SCN4A, SCN5A",0.46015625,target_class,StemRegenin 1,13.279,0.5413602941176471,2,33,AHR,0.7182147790055249,0.4289677572513812,2,moderate,0,1,1,1,matched_support_present,CMPD024768,0.775,0.9550000000000001,0.8733333333333334,0.86,0.8783333333333334,0.8266666666666667,0.7966666666666667,0.9249999999999999
STAD_AXIS_079,STAD,47,Quercetin | CYP1B1/AR,Quercetin,CYP1B1,AR,Fibroblast_CAF,0.7408042782897484,0.8105382269836826,0.462386342460207,0.8852832604463821,0.7775,0.4375,0.7775,1.0,0.35,0.8,potential prognostic unfavorable (1.61e-4),0.000161,0.0,,,0.2704335793357934,tf_or_regulator_class,AZD3514,0.94408,0.41605166051660514,2,24,AR,0.48368439226519333,tf_or_regulator_class,spironolactone,0.817057971451514,0.7441298342541436,16,17,"AR, CACNA1A, CACNA1B, CACNA1C, CACNA1D, CACNA1F, CACNA1G, CACNA1H, CACNA1I, CACNA1S, CACNA2D1, CACNA2D2, CACNA2D3, CACNB1, CACNB2, CACNB3, CACNB4, CACNG1, CYP11B2, NR3C1, NR3C2, PGR, SHBG",0.0,no_hit,,,0.0,0,0,,0.48368439226519333,0.38290449290024664,1,limited,0,1,0,0,matched_support_present,CMPD024770,0.77,0.8533333333333334,0.8066666666666666,0.8516666666666666,0.9033333333333333,0.9466666666666667,0.805,0.945
STAD_AXIS_015,STAD,48,Eckol | BACE1/HSF1,Eckol,BACE1,HSF1,Fibroblast_CAF,0.7385558422147566,0.7620795463250641,0.4916431586456512,0.7003235364986989,0.5375,0.37625,0.5375,1.0,0.35,0.0,unprognostic (3.13e-2),0.0313,0.0,unprognostic (1.45e-1),0.145,0.5414667896678967,tf_or_regulator_class,CCT245232,0.7774875,0.8330258302583026,2,24,HSF1,0.27853936464088397,target_class,TC1,0.98817712531005,0.32769337016574585,1,17,BACE1,0.0,no_hit,,,0.0,0,0,,0.5414667896678967,0.3393765385771952,2,limited,0,1,0,1,matched_support_present,CMPD025671,0.765,0.9533333333333333,0.9066666666666666,0.9116666666666666,0.9166666666666666,0.86,0.775,0.9133333333333332
STAD_AXIS_016,STAD,49,Quercetin | ALOX5/RELA,Quercetin,ALOX5,RELA,Fibroblast_CAF,0.7383217993334894,0.7339835317779703,0.3655427071283723,0.8526791718430495,0.5375,0.37625,0.5375,1.0,0.35,0.0,unprognostic (1.71e-1),0.171,0.0,unprognostic (3.64e-1),0.364,0.0,no_hit,,,0.0,0,0,,0.6493266574585635,tf_or_regulator_class,triptolide,0.03441906103100975,0.99896408839779,5,17,RELA,0.5131893382352941,tf_or_regulator_class,Bortezomib,11.573,0.7895220588235294,2,33,Proteasome:|:PSMA1:|:PSMA2:|:PSMA3:|:PSMA4:|:PSMA5:|:PSMA6:|:PSMA7:|:PSMA8:|:PSMB1:|:PSMB10:|:PSMB11:|:PSMB2:|:PSMB3:|:PSMB4:|:PSMB5:|:PSMB6:|:PSMB7:|:PSMB8:|:PSMB9:|:PSMD1:|:PSMD2:|:RELA,0.6493266574585635,0.4250039989234644,3,moderate,0,1,1,1,matched_support_present,CMPD024770,0.76,0.9049999999999999,0.8283333333333333,0.8566666666666666,0.8666666666666667,0.79,0.7733333333333334,0.8300000000000001
STAD_AXIS_038,STAD,50,Quercetin | ALOX5/RORA,Quercetin,ALOX5,RORA,Fibroblast_CAF,0.7372148171989216,0.7633167984586083,0.3655427071283723,0.8526791718430495,0.5375,0.37625,0.5375,1.0,0.35,0.0,unprognostic (1.71e-1),0.171,0.0,unprognostic (1.07e-1),0.107,0.0,no_hit,,,0.0,0,0,,0.2738432320441989,target_class,tepoxalin,0.992655010727688,0.3221685082872928,5,17,ALOX5,0.09319852941176474,tf_or_regulator_class,SR1001,14.819,0.14338235294117652,1,33,RORA:|:RORC,0.2738432320441989,0.2261354403639909,1,limited,0,1,0,0,matched_support_present,CMPD024770,0.755,0.89,0.8683333333333333,0.8450000000000001,0.88,0.89,0.7966666666666667,0.9249999999999999
STAD_AXIS_023,STAD,51,Guggulsterone | PGR/EPAS1,Guggulsterone,PGR,EPAS1,Fibroblast_CAF,0.7330060886796682,0.7837217096933972,0.4913546697241152,0.7299597239476832,0.6625,0.4375,0.6625,1.0,0.85,0.0,,,0.0,unprognostic (1.49e-2),0.0149,0.0,no_hit,,,0.0,0,0,,0.632510359116022,target_class,spironolactone,0.817057971451514,0.7441298342541436,14,17,"AR, CACNA1A, CACNA1B, CACNA1C, CACNA1D, CACNA1F, CACNA1G, CACNA1H, CACNA1I, CACNA1S, CACNA2D1, CACNA2D2, CACNA2D3, CACNB1, CACNB2, CACNB3, CACNB4, CACNG1, CYP11B2, NR3C1, NR3C2, PGR, SHBG",0.0,no_hit,,,0.0,0,0,,0.632510359116022,0.3237525897790055,2,limited,0,1,0,1,matched_support_present,CMPD025841,0.75,0.6766666666666666,0.7399999999999999,0.7000000000000001,0.6466666666666666,0.7316666666666666,0.7316666666666666,0.7416666666666667
STAD_AXIS_046,STAD,52,Alpha-naphthoflavone | CYP1B1/EP300,Alpha-naphthoflavone,CYP1B1,EP300,Fibroblast_CAF,0.7316855382919377,0.7798245182635885,0.462386342460207,0.6416,0.7775,0.37625,0.7775,1.0,0.35,0.8,potential prognostic unfavorable (1.61e-4),0.000161,0.0,unprognostic (2.89e-1),0.289,0.21886531365313658,tf_or_regulator_class,SGC-CBP30,0.9597935,0.33671586715867163,3,23,"EP300, CBP",0.47636395027624306,target_class,2-methoxyestradiol,0.8906470227188827,0.5604281767955801,1,17,"COMT, CYP19A1, CYP1A1, CYP1B1, HIF1A, TUBB",0.47375919117647064,tf_or_regulator_class,Curcumin,12.075,0.7288602941176471,3,33,APP:|:CA1:|:CA12:|:CA14:|:CA2:|:CA4:|:CA6:|:CA9:|:CYP3A4:|:DNMT3B:|:EP300:|:MMP13:|:MMP9:|:NOS2:|:PTGS1:|:PTGS2:|:XDH,0.47636395027624306,0.4866221137764626,1,moderate,0,1,1,0,matched_support_present,CMPD029494,0.745,0.6583333333333333,0.6916666666666668,0.69,0.6316666666666667,0.7033333333333333,0.7183333333333333,0.7266666666666666
STAD_AXIS_053,STAD,53,Quercetin | MMP9/RELA,Quercetin,MMP9,RELA,Fibroblast_CAF,0.7289249124036327,0.7325733011939298,0.3941270728033731,0.7613235364986989,0.5375,0.37625,0.5375,1.0,0.35,0.0,unprognostic (3.13e-1),0.313,0.0,unprognostic (3.64e-1),0.364,0.0,no_hit,,,0.0,0,0,,0.6824067679558011,target_class,marimastat,0.77698054815304,0.8028314917127072,5,17,"MMP1, MMP10, MMP11, MMP12, MMP13, MMP14, MMP15, MMP16, MMP17, MMP19, MMP2, MMP20, MMP21, MMP23A, MMP24, MMP25, MMP26, MMP27, MMP28, MMP3, MMP7, MMP8, MMP9",0.61953125,target_class,Curcumin,12.075,0.7288602941176471,1,33,APP:|:CA1:|:CA12:|:CA14:|:CA2:|:CA4:|:CA6:|:CA9:|:CYP3A4:|:DNMT3B:|:EP300:|:MMP13:|:MMP9:|:NOS2:|:PTGS1:|:PTGS2:|:XDH,0.6824067679558011,0.4598595044889503,3,moderate,0,1,1,1,matched_support_present,CMPD024770,0.74,0.5183333333333334,0.6466666666666666,0.6,0.6466666666666666,0.6333333333333333,0.7266666666666666,0.62
STAD_AXIS_037,STAD,54,Indirubin | AHR/PITX2,Indirubin,AHR,PITX2,Fibroblast_CAF,0.7267858488073485,0.7315843205942639,0.316495710508462,0.7809597239476832,0.5375,0.37625,0.5375,1.0,0.35,0.0,unprognostic (2.11e-1),0.211,0.0,unprognostic (2.19e-2),0.0219,0.0,no_hit,,,0.0,0,0,,0.7182147790055249,target_class,mexiletine,0.7363321788523876,0.8449585635359116,4,17,"AHR, SCN4A, SCN5A",0.46015625,target_class,StemRegenin 1,13.279,0.5413602941176471,2,33,AHR,0.7182147790055249,0.4289677572513812,2,moderate,0,1,1,1,matched_support_present,CMPD025163,0.735,0.7233333333333333,0.705,0.5516666666666666,0.6183333333333333,0.5966666666666667,0.6866666666666666,0.5950000000000001
STAD_AXIS_044,STAD,55,Kaempferol | AHR/PITX2,Kaempferol,AHR,PITX2,Fibroblast_CAF,0.7216021092115471,0.7315843205942639,0.316495710508462,0.7425597239476832,0.5375,0.37625,0.5375,1.0,0.35,0.0,unprognostic (2.11e-1),0.211,0.0,unprognostic (2.19e-2),0.0219,0.0,no_hit,,,0.0,0,0,,0.7182147790055249,target_class,mexiletine,0.7363321788523876,0.8449585635359116,4,17,"AHR, SCN4A, SCN5A",0.46015625,target_class,StemRegenin 1,13.279,0.5413602941176471,2,33,AHR,0.7182147790055249,0.4289677572513812,2,moderate,0,1,1,1,matched_support_present,CMPD024768,0.73,0.7016666666666667,0.68,0.5733333333333334,0.5666666666666667,0.5599999999999999,0.6933333333333334,0.5583333333333333
STAD_AXIS_081,STAD,56,Guggulsterone | PGR/RELA,Guggulsterone,PGR,RELA,Fibroblast_CAF,0.7191692107697676,0.74096197557136,0.4913546697241152,0.7299597239476832,0.6625,0.37625,0.6625,1.0,0.85,0.0,,,0.0,unprognostic (3.64e-1),0.364,0.0,no_hit,,,0.0,0,0,,0.6493266574585635,tf_or_regulator_class,triptolide,0.03441906103100975,0.99896408839779,5,17,RELA,0.5131893382352941,tf_or_regulator_class,Bortezomib,11.573,0.7895220588235294,2,33,Proteasome:|:PSMA1:|:PSMA2:|:PSMA3:|:PSMA4:|:PSMA5:|:PSMA6:|:PSMA7:|:PSMA8:|:PSMB1:|:PSMB10:|:PSMB11:|:PSMB2:|:PSMB3:|:PSMB4:|:PSMB5:|:PSMB6:|:PSMB7:|:PSMB8:|:PSMB9:|:PSMD1:|:PSMD2:|:RELA,0.6493266574585635,0.4562539989234644,3,moderate,0,1,1,1,matched_support_present,CMPD025841,0.725,0.645,0.715,0.62,0.6483333333333333,0.7333333333333334,0.7166666666666667,0.7466666666666667
STAD_AXIS_031,STAD,57,Eckol | BACE1/HIF1A,Eckol,BACE1,HIF1A,Fibroblast_CAF,0.7181141313331327,0.8109677203150819,0.3178279625760204,0.7003235364986989,0.5375,0.37625,0.5375,1.0,0.35,0.0,unprognostic (3.13e-2),0.0313,0.0,unprognostic (1.53e-3),0.00153,0.0,no_hit,,,0.0,0,0,,0.6259841160220995,tf_or_regulator_class,BAY-87-2243,0.49670731346938546,0.9630524861878453,3,17,HIF1A,0.0,no_hit,,,0.0,0,0,,0.6259841160220995,0.29087102900552486,2,limited,0,1,0,1,matched_support_present,CMPD025671,0.72,0.645,0.6383333333333333,0.5766666666666667,0.5833333333333334,0.5516666666666666,0.6933333333333334,0.6266666666666666
STAD_AXIS_068,STAD,58,Quercetin | MMP1/EWSR1,Quercetin,MMP1,EWSR1,Fibroblast_CAF,0.7163547940104228,0.6616285967167275,0.5539186351597969,0.7087235364986989,0.625,0.37625,0.625,1.0,0.7,0.0,unprognostic (2.56e-2),0.0256,0.0,unprognostic (4.16e-2),0.0416,0.0,no_hit,,,0.0,0,0,,0.6824067679558011,target_class,marimastat,0.77698054815304,0.8028314917127072,2,16,"MMP1, MMP10, MMP11, MMP12, MMP13, MMP14, MMP15, MMP16, MMP17, MMP19, MMP2, MMP20, MMP21, MMP23A, MMP24, MMP25, MMP26, MMP27, MMP28, MMP3, MMP7, MMP8, MMP9",0.4199908088235294,tf_or_regulator_class,YK-4-279,12.684,0.6461397058823529,1,33,DHX9:|:ERG:|:ETV1:|:EWSR1:|:FLI1:|:RNA helicase A,0.6824067679558011,0.4318493941948326,2,moderate,0,1,1,1,matched_support_present,CMPD024770,0.715,0.7133333333333334,0.7183333333333333,0.615,0.6816666666666666,0.695,0.7466666666666667,0.6983333333333333
STAD_AXIS_006,STAD,59,Indirubin | AHR/AHR,Indirubin,AHR,AHR,Fibroblast_CAF,0.7162146907963093,0.7132425748041523,0.3771862459664283,0.7809597239476832,0.5375,0.37625,0.5375,1.0,0.35,0.0,unprognostic (2.11e-1),0.211,0.0,unprognostic (2.11e-1),0.211,0.0,no_hit,,,0.0,0,0,,0.7182147790055249,target_class,mexiletine,0.7363321788523876,0.8449585635359116,4,17,"AHR, SCN4A, SCN5A",0.46015625,target_class,StemRegenin 1,13.279,0.5413602941176471,2,33,AHR,0.7182147790055249,0.4289677572513812,2,moderate,0,1,1,1,matched_support_present,CMPD025163,0.71,0.7333333333333334,0.7266666666666666,0.5733333333333334,0.6333333333333333,0.6616666666666666,0.6933333333333334,0.6283333333333333
STAD_AXIS_058,STAD,60,Eckol | BACE1/STAT3,Eckol,BACE1,STAT3,Fibroblast_CAF,0.7156356548168985,0.7925041918654095,0.3178279625760204,0.7003235364986989,0.5375,0.37625,0.5375,1.0,0.35,0.0,unprognostic (3.13e-2),0.0313,0.0,unprognostic (9.39e-3),0.00939,0.0,no_hit,,,0.0,0,0,,0.5689744475138121,tf_or_regulator_class,napabucasin,0.6909810364874518,0.8753453038674033,5,17,STAT3,0.6243106617647058,tf_or_regulator_class,Bardoxolone methyl,8.27214812378087,0.9604779411764706,3,33,PPARG:|:STAT3,0.6243106617647058,0.4326962773196295,3,moderate,0,1,1,1,matched_support_present,CMPD025671,0.705,0.5883333333333333,0.6166666666666667,0.5333333333333333,0.5766666666666667,0.5633333333333334,0.6866666666666666,0.6016666666666667
STAD_AXIS_074,STAD,61,Indirubin | AHR/NR3C1,Indirubin,AHR,NR3C1,Fibroblast_CAF,0.7154509771722767,0.7424942154099802,0.3191368967044284,0.7809597239476832,0.5375,0.37625,0.5375,1.0,0.35,0.0,unprognostic (2.11e-1),0.211,0.0,unprognostic (1.11e-2),0.0111,0.0,no_hit,,,0.0,0,0,,0.7182147790055249,target_class,mexiletine,0.7363321788523876,0.8449585635359116,4,17,"AHR, SCN4A, SCN5A",0.46015625,target_class,StemRegenin 1,13.279,0.5413602941176471,2,33,AHR,0.7182147790055249,0.4289677572513812,2,moderate,0,1,1,1,matched_support_present,CMPD025163,0.7,0.7066666666666667,0.6683333333333333,0.5533333333333333,0.6266666666666666,0.5950000000000001,0.6549999999999999,0.585
STAD_AXIS_075,STAD,62,Indirubin | AHR/STAT3,Indirubin,AHR,STAT3,Fibroblast_CAF,0.7148777968927486,0.7349993615269795,0.2813185619153577,0.7809597239476832,0.5375,0.37625,0.5375,1.0,0.35,0.0,unprognostic (2.11e-1),0.211,0.0,unprognostic (9.39e-3),0.00939,0.0,no_hit,,,0.0,0,0,,0.7182147790055249,target_class,mexiletine,0.7363321788523876,0.8449585635359116,4,17,"AHR, SCN4A, SCN5A",0.6243106617647058,tf_or_regulator_class,Bardoxolone methyl,8.27214812378087,0.9604779411764706,3,33,PPARG:|:STAT3,0.7182147790055249,0.47000636019255765,3,moderate,0,1,1,1,matched_support_present,CMPD025163,0.695,0.695,0.655,0.5366666666666666,0.6116666666666667,0.57,0.62,0.5566666666666666
STAD_AXIS_025,STAD,63,Alpha-naphthoflavone | CYP1B1/AHR,Alpha-naphthoflavone,CYP1B1,AHR,Fibroblast_CAF,0.7124052798775042,0.7983003511548469,0.462386342460207,0.6416,0.7775,0.37625,0.7775,1.0,0.35,0.8,potential prognostic unfavorable (1.61e-4),0.000161,0.0,unprognostic (2.11e-1),0.211,0.0,no_hit,,,0.0,0,0,,0.5492230662983425,tf_or_regulator_class,mexiletine,0.7363321788523876,0.8449585635359116,4,17,"AHR, SCN4A, SCN5A",0.35188419117647063,tf_or_regulator_class,StemRegenin 1,13.279,0.5413602941176471,2,33,AHR,0.5492230662983425,0.41965181436870325,2,moderate,0,1,1,1,matched_support_present,CMPD029494,0.69,0.6633333333333332,0.71,0.7000000000000001,0.6483333333333333,0.73,0.7033333333333333,0.7200000000000001
STAD_AXIS_095,STAD,64,Quercetin | CYP1B1/TBP,Quercetin,CYP1B1,TBP,Fibroblast_CAF,0.7115908545116185,0.7863343918923885,0.462386342460207,0.8852832604463821,0.7775,0.37625,0.7775,1.0,0.35,0.8,potential prognostic unfavorable (1.61e-4),0.000161,0.0,unprognostic (1.31e-1),0.131,0.0,no_hit,,,0.0,0,0,,0.47636395027624306,target_class,2-methoxyestradiol,0.8906470227188827,0.5604281767955801,1,17,"COMT, CYP19A1, CYP1A1, CYP1B1, HIF1A, TUBB",0.0,no_hit,,,0.0,0,0,,0.47636395027624306,0.31346598756906074,1,limited,0,1,0,0,matched_support_present,CMPD024770,0.685,0.6699999999999999,0.7416666666666667,0.6150000000000001,0.6483333333333333,0.6633333333333333,0.6233333333333334,0.6816666666666666
STAD_AXIS_098,STAD,65,Kaempferol | MMP1/EWSR1,Kaempferol,MMP1,EWSR1,Fibroblast_CAF,0.7109642819408365,0.6616285967167275,0.5539186351597969,0.6773597239476832,0.625,0.37625,0.625,1.0,0.7,0.0,unprognostic (2.56e-2),0.0256,0.0,unprognostic (4.16e-2),0.0416,0.0,no_hit,,,0.0,0,0,,0.6824067679558011,target_class,marimastat,0.77698054815304,0.8028314917127072,2,16,"MMP1, MMP10, MMP11, MMP12, MMP13, MMP14, MMP15, MMP16, MMP17, MMP19, MMP2, MMP20, MMP21, MMP23A, MMP24, MMP25, MMP26, MMP27, MMP28, MMP3, MMP7, MMP8, MMP9",0.4199908088235294,tf_or_regulator_class,YK-4-279,12.684,0.6461397058823529,1,33,DHX9:|:ERG:|:ETV1:|:EWSR1:|:FLI1:|:RNA helicase A,0.6824067679558011,0.4318493941948326,2,moderate,0,1,1,1,matched_support_present,CMPD024768,0.68,0.7066666666666667,0.71,0.6466666666666666,0.6416666666666666,0.69,0.7283333333333334,0.6966666666666667
STAD_AXIS_097,STAD,66,Luteolin | MMP1/EWSR1,Luteolin,MMP1,EWSR1,Fibroblast_CAF,0.7108339758362037,0.6616285967167275,0.5539186351597969,0.6773597239476832,0.625,0.37625,0.625,1.0,0.7,0.0,unprognostic (2.56e-2),0.0256,0.0,unprognostic (4.16e-2),0.0416,0.0,no_hit,,,0.0,0,0,,0.6824067679558011,target_class,marimastat,0.77698054815304,0.8028314917127072,2,16,"MMP1, MMP10, MMP11, MMP12, MMP13, MMP14, MMP15, MMP16, MMP17, MMP19, MMP2, MMP20, MMP21, MMP23A, MMP24, MMP25, MMP26, MMP27, MMP28, MMP3, MMP7, MMP8, MMP9",0.4199908088235294,tf_or_regulator_class,YK-4-279,12.684,0.6461397058823529,1,33,DHX9:|:ERG:|:ETV1:|:EWSR1:|:FLI1:|:RNA helicase A,0.6824067679558011,0.4318493941948326,2,moderate,0,1,1,1,matched_support_present,CMPD024820,0.675,0.71,0.7066666666666667,0.5866666666666667,0.6683333333333333,0.7066666666666667,0.7333333333333334,0.6916666666666668
STAD_AXIS_012,STAD,67,Kaempferol | AHR/AHR,Kaempferol,AHR,AHR,Fibroblast_CAF,0.70958302159201,0.7132425748041523,0.3771862459664283,0.7425597239476832,0.5375,0.37625,0.5375,1.0,0.35,0.0,unprognostic (2.11e-1),0.211,0.0,unprognostic (2.11e-1),0.211,0.0,no_hit,,,0.0,0,0,,0.7182147790055249,target_class,mexiletine,0.7363321788523876,0.8449585635359116,4,17,"AHR, SCN4A, SCN5A",0.46015625,target_class,StemRegenin 1,13.279,0.5413602941176471,2,33,AHR,0.7182147790055249,0.4289677572513812,2,moderate,0,1,1,1,matched_support_present,CMPD024768,0.67,0.7166666666666667,0.7116666666666666,0.605,0.5933333333333333,0.6133333333333333,0.6999999999999998,0.5783333333333333
STAD_AXIS_009,STAD,68,Baicalein | ALOX12/FOS,Baicalein,ALOX12,FOS,Fibroblast_CAF,0.7087064947223843,0.661226728643779,0.3037716187203229,0.7853194478953663,0.5375,0.37625,0.5375,1.0,0.35,0.0,unprognostic (2.63e-1),0.263,0.0,unprognostic (8.11e-3),0.00811,0.0,no_hit,,,0.0,0,0,,0.07976519337016574,direct_compound,baicalein,1.29360358246314,0.07976519337016574,1,15,"ALOX5, GLO1, PREP, SELL, SELP, TNF, XDH",0.0,no_hit,,,0.0,0,0,,0.07976519337016574,0.15431629834254143,1,weak_or_absent,1,0,0,0,matched_support_present,CMPD024946,0.665,0.5333333333333333,0.7066666666666667,0.5499999999999999,0.65,0.64,0.6,0.5466666666666667
STAD_AXIS_047,STAD,69,Kaempferol | ALOX5/RELA,Kaempferol,ALOX5,RELA,Fibroblast_CAF,0.7058635903169588,0.7339835317779703,0.3655427071283723,0.6689597239476832,0.5375,0.37625,0.5375,1.0,0.35,0.0,unprognostic (1.71e-1),0.171,0.0,unprognostic (3.64e-1),0.364,0.0,no_hit,,,0.0,0,0,,0.6493266574585635,tf_or_regulator_class,triptolide,0.03441906103100975,0.99896408839779,5,17,RELA,0.5131893382352941,tf_or_regulator_class,Bortezomib,11.573,0.7895220588235294,2,33,Proteasome:|:PSMA1:|:PSMA2:|:PSMA3:|:PSMA4:|:PSMA5:|:PSMA6:|:PSMA7:|:PSMA8:|:PSMB1:|:PSMB10:|:PSMB11:|:PSMB2:|:PSMB3:|:PSMB4:|:PSMB5:|:PSMB6:|:PSMB7:|:PSMB8:|:PSMB9:|:PSMD1:|:PSMD2:|:RELA,0.6493266574585635,0.4250039989234644,3,moderate,0,1,1,1,matched_support_present,CMPD024768,0.66,0.68,0.6266666666666666,0.6366666666666667,0.5933333333333334,0.5783333333333333,0.6750000000000002,0.6016666666666667
STAD_AXIS_056,STAD,70,Eckol | BACE1/NFKB1,Eckol,BACE1,NFKB1,Fibroblast_CAF,0.7030606781561636,0.7663725704545595,0.3065428846369267,0.7003235364986989,0.5375,0.37625,0.5375,1.0,0.35,0.0,unprognostic (3.13e-2),0.0313,0.0,unprognostic (2.80e-1),0.28,0.0,no_hit,,,0.0,0,0,,0.27853936464088397,target_class,TC1,0.98817712531005,0.32769337016574585,1,17,BACE1,0.16369485294117647,tf_or_regulator_class,Thalidomide,14.559,0.25183823529411764,1,33,CRBN:|:FGFR2:|:NFKB1:|:ORM1:|:ORM2:|:PTGS2:|:TNF,0.27853936464088397,0.2449335543955151,1,limited,0,1,0,0,matched_support_present,CMPD025671,0.655,0.5650000000000001,0.615,0.525,0.5733333333333334,0.5566666666666666,0.6316666666666667,0.56
STAD_AXIS_043,STAD,71,Acacetin | CYP1B1/AHR,Acacetin,CYP1B1,AHR,Fibroblast_CAF,0.6957734391125764,0.7983003511548469,0.462386342460207,0.556278161220686,0.7775,0.37625,0.7775,1.0,0.35,0.8,potential prognostic unfavorable (1.61e-4),0.000161,0.0,unprognostic (2.11e-1),0.211,0.0,no_hit,,,0.0,0,0,,0.5492230662983425,tf_or_regulator_class,mexiletine,0.7363321788523876,0.8449585635359116,4,17,"AHR, SCN4A, SCN5A",0.35188419117647063,tf_or_regulator_class,StemRegenin 1,13.279,0.5413602941176471,2,33,AHR,0.5492230662983425,0.41965181436870325,2,moderate,0,1,1,1,matched_support_present,CMPD024817,0.65,0.6716666666666667,0.6733333333333333,0.7416666666666667,0.6766666666666666,0.6833333333333332,0.6699999999999999,0.71
STAD_AXIS_096,STAD,72,Indirubin | AHR/NR1H3,Indirubin,AHR,NR1H3,Myeloid,0.6931866636330284,0.5641016609905113,0.9079513309863144,0.7809597239476832,0.5375,0.37625,0.5375,1.0,0.35,0.0,unprognostic (2.11e-1),0.211,0.0,unprognostic (1.47e-1),0.147,0.0,no_hit,,,0.0,0,0,,0.7182147790055249,target_class,mexiletine,0.7363321788523876,0.8449585635359116,4,17,"AHR, SCN4A, SCN5A",0.46015625,target_class,StemRegenin 1,13.279,0.5413602941176471,2,33,AHR,0.7182147790055249,0.4289677572513812,2,moderate,0,1,1,1,matched_support_present,CMPD025163,0.645,0.75,0.7600000000000001,0.6633333333333333,0.6983333333333333,0.8233333333333333,0.7066666666666667,0.7000000000000001
STAD_AXIS_048,STAD,73,"3,5-dihydroxy-2-(4-hydroxyphenyl)chromone | CYP1B1/AHR","3,5-dihydroxy-2-(4-hydroxyphenyl)chromone",CYP1B1,AHR,Fibroblast_CAF,0.6919366979867971,0.7983003511548469,0.462386342460207,0.5363194478953663,0.7775,0.37625,0.7775,1.0,0.35,0.8,potential prognostic unfavorable (1.61e-4),0.000161,0.0,unprognostic (2.11e-1),0.211,0.0,no_hit,,,0.0,0,0,,0.5492230662983425,tf_or_regulator_class,mexiletine,0.7363321788523876,0.8449585635359116,4,17,"AHR, SCN4A, SCN5A",0.35188419117647063,tf_or_regulator_class,StemRegenin 1,13.279,0.5413602941176471,2,33,AHR,0.5492230662983425,0.41965181436870325,2,moderate,0,1,1,1,matched_support_present,CMPD025602,0.64,0.6699999999999999,0.65,0.7433333333333333,0.6749999999999999,0.65,0.6533333333333333,0.705
STAD_AXIS_030,STAD,74,Eckol | BACE1/CTNNB1,Eckol,BACE1,CTNNB1,Fibroblast_CAF,0.6901395176871422,0.766477755666389,0.3178279625760204,0.7003235364986989,0.5375,0.37625,0.5375,1.0,0.35,0.0,unprognostic (3.13e-2),0.0313,0.0,unprognostic (7.32e-3),0.00732,0.0,no_hit,,,0.0,0,0,,0.41859461325966857,tf_or_regulator_class,ICG-001,0.863991476114277,0.6439917127071824,1,15,CTNNB1,0.40565257352941175,tf_or_regulator_class,BRD1812,12.808,0.6240808823529411,1,33,CTNNB1,0.41859461325966857,0.3404367966972701,1,limited,0,1,0,0,matched_support_present,CMPD025671,0.635,0.64,0.665,0.5733333333333334,0.5633333333333334,0.5516666666666666,0.59,0.5716666666666667
STAD_AXIS_066,STAD,75,Eckol | BACE1/TCF7L2,Eckol,BACE1,TCF7L2,Fibroblast_CAF,0.689148860105871,0.7230753741769286,0.3178279625760204,0.7003235364986989,0.5375,0.37625,0.5375,1.0,0.35,0.0,unprognostic (3.13e-2),0.0313,0.0,unprognostic (2.99e-1),0.299,0.0,no_hit,,,0.0,0,0,,0.27853936464088397,target_class,TC1,0.98817712531005,0.32769337016574585,1,17,BACE1,0.0,no_hit,,,0.0,0,0,,0.27853936464088397,0.20400984116022097,1,limited,0,1,0,0,matched_support_present,CMPD025671,0.63,0.5916666666666667,0.6366666666666667,0.5383333333333333,0.5916666666666667,0.5783333333333333,0.5883333333333334,0.545
STAD_AXIS_059,STAD,76,"1-(3,5-dihydroxyphenyl)-2-(4-hydroxyphenyl)ethylene; (e)-form | CYP1B1/AHR","1-(3,5-dihydroxyphenyl)-2-(4-hydroxyphenyl)ethylene; (e)-form",CYP1B1,AHR,Fibroblast_CAF,0.6880599570902012,0.7983003511548469,0.462386342460207,0.513678161220686,0.7775,0.37625,0.7775,1.0,0.35,0.8,potential prognostic unfavorable (1.61e-4),0.000161,0.0,unprognostic (2.11e-1),0.211,0.0,no_hit,,,0.0,0,0,,0.5492230662983425,tf_or_regulator_class,mexiletine,0.7363321788523876,0.8449585635359116,4,17,"AHR, SCN4A, SCN5A",0.35188419117647063,tf_or_regulator_class,StemRegenin 1,13.279,0.5413602941176471,2,33,AHR,0.5492230662983425,0.41965181436870325,2,moderate,0,1,1,1,matched_support_present,CMPD015715,0.625,0.6566666666666667,0.6283333333333333,0.635,0.6583333333333333,0.6866666666666666,0.6216666666666667,0.695
STAD_AXIS_061,STAD,77,Galangin | CYP1B1/AHR,Galangin,CYP1B1,AHR,Fibroblast_CAF,0.687926582479102,0.7983003511548469,0.462386342460207,0.5123235364986989,0.7775,0.37625,0.7775,1.0,0.35,0.8,potential prognostic unfavorable (1.61e-4),0.000161,0.0,unprognostic (2.11e-1),0.211,0.0,no_hit,,,0.0,0,0,,0.5492230662983425,tf_or_regulator_class,mexiletine,0.7363321788523876,0.8449585635359116,4,17,"AHR, SCN4A, SCN5A",0.35188419117647063,tf_or_regulator_class,StemRegenin 1,13.279,0.5413602941176471,2,33,AHR,0.5492230662983425,0.41965181436870325,2,moderate,0,1,1,1,matched_support_present,CMPD025348,0.62,0.6333333333333333,0.605,0.68,0.6516666666666667,0.6233333333333334,0.6133333333333333,0.6916666666666668
STAD_AXIS_060,STAD,78,Pyrene | CYP1B1/AHR,Pyrene,CYP1B1,AHR,Fibroblast_CAF,0.6878060440780552,0.7983003511548469,0.462386342460207,0.5123235364986989,0.7775,0.37625,0.7775,1.0,0.35,0.8,potential prognostic unfavorable (1.61e-4),0.000161,0.0,unprognostic (2.11e-1),0.211,0.0,no_hit,,,0.0,0,0,,0.5492230662983425,tf_or_regulator_class,mexiletine,0.7363321788523876,0.8449585635359116,4,17,"AHR, SCN4A, SCN5A",0.35188419117647063,tf_or_regulator_class,StemRegenin 1,13.279,0.5413602941176471,2,33,AHR,0.5492230662983425,0.41965181436870325,2,moderate,0,1,1,1,matched_support_present,CMPD003852,0.615,0.6483333333333333,0.62,0.6441666666666667,0.6699999999999999,0.6783333333333333,0.6083333333333333,0.69
STAD_AXIS_062,STAD,79,Kaempferide | CYP1B1/AHR,Kaempferide,CYP1B1,AHR,Fibroblast_CAF,0.6877902055270049,0.7983003511548469,0.462386342460207,0.5123235364986989,0.7775,0.37625,0.7775,1.0,0.35,0.8,potential prognostic unfavorable (1.61e-4),0.000161,0.0,unprognostic (2.11e-1),0.211,0.0,no_hit,,,0.0,0,0,,0.5492230662983425,tf_or_regulator_class,mexiletine,0.7363321788523876,0.8449585635359116,4,17,"AHR, SCN4A, SCN5A",0.35188419117647063,tf_or_regulator_class,StemRegenin 1,13.279,0.5413602941176471,2,33,AHR,0.5492230662983425,0.41965181436870325,2,moderate,0,1,1,1,matched_support_present,CMPD024964,0.61,0.6216666666666667,0.6133333333333333,0.6875,0.6416666666666667,0.7033333333333333,0.6083333333333333,0.6833333333333332
STAD_AXIS_072,STAD,80,Luteolin | CYP1B1/AHR,Luteolin,CYP1B1,AHR,Fibroblast_CAF,0.6855756522316929,0.7983003511548469,0.462386342460207,0.4979194478953663,0.7775,0.37625,0.7775,1.0,0.35,0.8,potential prognostic unfavorable (1.61e-4),0.000161,0.0,unprognostic (2.11e-1),0.211,0.0,no_hit,,,0.0,0,0,,0.5492230662983425,tf_or_regulator_class,mexiletine,0.7363321788523876,0.8449585635359116,4,17,"AHR, SCN4A, SCN5A",0.35188419117647063,tf_or_regulator_class,StemRegenin 1,13.279,0.5413602941176471,2,33,AHR,0.5492230662983425,0.41965181436870325,2,moderate,0,1,1,1,matched_support_present,CMPD024820,0.605,0.6516666666666667,0.5516666666666666,0.64,0.65,0.57,0.5966666666666667,0.6749999999999999
STAD_AXIS_070,STAD,81,Diosmetin | CYP1B1/AHR,Diosmetin,CYP1B1,AHR,Fibroblast_CAF,0.6855513405958058,0.7983003511548469,0.462386342460207,0.4979194478953663,0.7775,0.37625,0.7775,1.0,0.35,0.8,potential prognostic unfavorable (1.61e-4),0.000161,0.0,unprognostic (2.11e-1),0.211,0.0,no_hit,,,0.0,0,0,,0.5492230662983425,tf_or_regulator_class,mexiletine,0.7363321788523876,0.8449585635359116,4,17,"AHR, SCN4A, SCN5A",0.35188419117647063,tf_or_regulator_class,StemRegenin 1,13.279,0.5413602941176471,2,33,AHR,0.5492230662983425,0.41965181436870325,2,moderate,0,1,1,1,matched_support_present,CMPD024921,0.6,0.6116666666666667,0.6,0.645,0.6416666666666667,0.6733333333333333,0.6266666666666666,0.6333333333333334
STAD_AXIS_071,STAD,82,Apigenin | CYP1B1/AHR,Apigenin,CYP1B1,AHR,Fibroblast_CAF,0.68548999075962,0.7983003511548469,0.462386342460207,0.4979194478953663,0.7775,0.37625,0.7775,1.0,0.35,0.8,potential prognostic unfavorable (1.61e-4),0.000161,0.0,unprognostic (2.11e-1),0.211,0.0,no_hit,,,0.0,0,0,,0.5492230662983425,tf_or_regulator_class,mexiletine,0.7363321788523876,0.8449585635359116,4,17,"AHR, SCN4A, SCN5A",0.35188419117647063,tf_or_regulator_class,StemRegenin 1,13.279,0.5413602941176471,2,33,AHR,0.5492230662983425,0.41965181436870325,2,moderate,0,1,1,1,matched_support_present,CMPD012823,0.595,0.6416666666666667,0.6116666666666667,0.6566666666666666,0.705,0.6616666666666667,0.5716666666666667,0.6816666666666666
STAD_AXIS_069,STAD,83,Chrysin | CYP1B1/AHR,Chrysin,CYP1B1,AHR,Fibroblast_CAF,0.6852883143673485,0.7983003511548469,0.462386342460207,0.4979194478953663,0.7775,0.37625,0.7775,1.0,0.35,0.8,potential prognostic unfavorable (1.61e-4),0.000161,0.0,unprognostic (2.11e-1),0.211,0.0,no_hit,,,0.0,0,0,,0.5492230662983425,tf_or_regulator_class,mexiletine,0.7363321788523876,0.8449585635359116,4,17,"AHR, SCN4A, SCN5A",0.35188419117647063,tf_or_regulator_class,StemRegenin 1,13.279,0.5413602941176471,2,33,AHR,0.5492230662983425,0.41965181436870325,2,moderate,0,1,1,1,matched_support_present,CMPD003951,0.59,0.6216666666666667,0.6,0.6683333333333333,0.695,0.6966666666666667,0.5650000000000001,0.6833333333333332
STAD_AXIS_052,STAD,84,Quercetin | BACE1/RELA,Quercetin,BACE1,RELA,Fibroblast_CAF,0.6840573514990518,0.7757791655943417,0.3941270728033731,0.505278161220686,0.5375,0.37625,0.5375,1.0,0.35,0.0,unprognostic (3.13e-2),0.0313,0.0,unprognostic (3.64e-1),0.364,0.0,no_hit,,,0.0,0,0,,0.6493266574585635,tf_or_regulator_class,triptolide,0.03441906103100975,0.99896408839779,5,17,RELA,0.5131893382352941,tf_or_regulator_class,Bortezomib,11.573,0.7895220588235294,2,33,Proteasome:|:PSMA1:|:PSMA2:|:PSMA3:|:PSMA4:|:PSMA5:|:PSMA6:|:PSMA7:|:PSMA8:|:PSMB1:|:PSMB10:|:PSMB11:|:PSMB2:|:PSMB3:|:PSMB4:|:PSMB5:|:PSMB6:|:PSMB7:|:PSMB8:|:PSMB9:|:PSMD1:|:PSMD2:|:RELA,0.6493266574585635,0.4250039989234644,3,moderate,0,1,1,1,matched_support_present,CMPD024770,0.585,0.5433333333333333,0.52,0.61,0.5950000000000001,0.5333333333333333,0.5766666666666667,0.5716666666666667
STAD_AXIS_080,STAD,85,Pinosylvin | CYP1B1/AHR,Pinosylvin,CYP1B1,AHR,Fibroblast_CAF,0.6825261306449846,0.7983003511548469,0.462386342460207,0.4809597239476831,0.7775,0.37625,0.7775,1.0,0.35,0.8,potential prognostic unfavorable (1.61e-4),0.000161,0.0,unprognostic (2.11e-1),0.211,0.0,no_hit,,,0.0,0,0,,0.5492230662983425,tf_or_regulator_class,mexiletine,0.7363321788523876,0.8449585635359116,4,17,"AHR, SCN4A, SCN5A",0.35188419117647063,tf_or_regulator_class,StemRegenin 1,13.279,0.5413602941176471,2,33,AHR,0.5492230662983425,0.41965181436870325,2,moderate,0,1,1,1,matched_support_present,CMPD014972,0.58,0.5883333333333333,0.5783333333333333,0.6583333333333333,0.65,0.66,0.6133333333333334,0.6183333333333333
STAD_AXIS_087,STAD,86,Homoeriodictyol | CYP1B1/AHR,Homoeriodictyol,CYP1B1,AHR,Fibroblast_CAF,0.6819251077605081,0.7983003511548469,0.462386342460207,0.4853194478953664,0.7775,0.37625,0.7775,1.0,0.35,0.8,potential prognostic unfavorable (1.61e-4),0.000161,0.0,unprognostic (2.11e-1),0.211,0.0,no_hit,,,0.0,0,0,,0.5492230662983425,tf_or_regulator_class,mexiletine,0.7363321788523876,0.8449585635359116,4,17,"AHR, SCN4A, SCN5A",0.35188419117647063,tf_or_regulator_class,StemRegenin 1,13.279,0.5413602941176471,2,33,AHR,0.5492230662983425,0.41965181436870325,2,moderate,0,1,1,1,matched_support_present,CMPD025549,0.575,0.5933333333333333,0.5766666666666667,0.7116666666666666,0.6333333333333333,0.6816666666666666,0.5750000000000001,0.6533333333333333
STAD_AXIS_054,STAD,87,Rocaglamide | RELA/RELA,Rocaglamide,RELA,RELA,Fibroblast_CAF,0.6817114321793174,0.7170672649778081,0.3941270728033731,0.5509261344435874,0.5375,0.37625,0.5375,1.0,0.35,0.0,unprognostic (3.64e-1),0.364,0.0,unprognostic (3.64e-1),0.364,0.0,no_hit,,,0.0,0,0,,0.8491194751381215,target_class,triptolide,0.03441906103100975,0.99896408839779,5,17,RELA,0.67109375,target_class,Bortezomib,11.573,0.7895220588235294,2,33,Proteasome:|:PSMA1:|:PSMA2:|:PSMA3:|:PSMA4:|:PSMA5:|:PSMA6:|:PSMA7:|:PSMA8:|:PSMB1:|:PSMB10:|:PSMB11:|:PSMB2:|:PSMB3:|:PSMB4:|:PSMB5:|:PSMB6:|:PSMB7:|:PSMB8:|:PSMB9:|:PSMD1:|:PSMD2:|:RELA,0.8491194751381215,0.5144283062845303,3,moderate,0,1,1,1,matched_support_present,CMPD053196,0.57,0.6883333333333334,0.595,0.615,0.7000000000000001,0.58,0.5416666666666666,0.5783333333333333
STAD_AXIS_063,STAD,88,"3',4',7-trihydroxyflavanone | BACE1/RELA","3',4',7-trihydroxyflavanone",BACE1,RELA,Fibroblast_CAF,0.6813742623343874,0.7757791655943417,0.3941270728033731,0.4809597239476831,0.5375,0.37625,0.5375,1.0,0.35,0.0,unprognostic (3.13e-2),0.0313,0.0,unprognostic (3.64e-1),0.364,0.0,no_hit,,,0.0,0,0,,0.6493266574585635,tf_or_regulator_class,triptolide,0.03441906103100975,0.99896408839779,5,17,RELA,0.5131893382352941,tf_or_regulator_class,Bortezomib,11.573,0.7895220588235294,2,33,Proteasome:|:PSMA1:|:PSMA2:|:PSMA3:|:PSMA4:|:PSMA5:|:PSMA6:|:PSMA7:|:PSMA8:|:PSMB1:|:PSMB10:|:PSMB11:|:PSMB2:|:PSMB3:|:PSMB4:|:PSMB5:|:PSMB6:|:PSMB7:|:PSMB8:|:PSMB9:|:PSMD1:|:PSMD2:|:RELA,0.6493266574585635,0.4250039989234644,3,moderate,0,1,1,1,matched_support_present,CMPD025566,0.565,0.53,0.5266666666666667,0.6316666666666667,0.56,0.5183333333333334,0.5650000000000001,0.5566666666666666
STAD_AXIS_089,STAD,89,Eupatorin | CYP1B1/AHR,Eupatorin,CYP1B1,AHR,Fibroblast_CAF,0.6813484846243728,0.7983003511548469,0.462386342460207,0.4739235364986989,0.7775,0.37625,0.7775,1.0,0.35,0.8,potential prognostic unfavorable (1.61e-4),0.000161,0.0,unprognostic (2.11e-1),0.211,0.0,no_hit,,,0.0,0,0,,0.5492230662983425,tf_or_regulator_class,mexiletine,0.7363321788523876,0.8449585635359116,4,17,"AHR, SCN4A, SCN5A",0.35188419117647063,tf_or_regulator_class,StemRegenin 1,13.279,0.5413602941176471,2,33,AHR,0.5492230662983425,0.41965181436870325,2,moderate,0,1,1,1,matched_support_present,CMPD024925,0.56,0.5933333333333333,0.5633333333333334,0.6749999999999999,0.6416666666666667,0.65,0.5583333333333333,0.6316666666666667
STAD_AXIS_094,STAD,90,Berberine chloride | CYP1B1/AHR,Berberine chloride,CYP1B1,AHR,Fibroblast_CAF,0.6813277781458813,0.7983003511548469,0.462386342460207,0.4739235364986989,0.7775,0.37625,0.7775,1.0,0.35,0.8,potential prognostic unfavorable (1.61e-4),0.000161,0.0,unprognostic (2.11e-1),0.211,0.0,no_hit,,,0.0,0,0,,0.5492230662983425,tf_or_regulator_class,mexiletine,0.7363321788523876,0.8449585635359116,4,17,"AHR, SCN4A, SCN5A",0.35188419117647063,tf_or_regulator_class,StemRegenin 1,13.279,0.5413602941176471,2,33,AHR,0.5492230662983425,0.41965181436870325,2,moderate,0,1,1,1,matched_support_present,CMPD019676,0.555,0.5716666666666667,0.5566666666666666,0.6516666666666667,0.6066666666666667,0.6166666666666667,0.5983333333333333,0.6116666666666667
STAD_AXIS_064,STAD,91,Acteoside | BACE1/RELA,Acteoside,BACE1,RELA,Fibroblast_CAF,0.6812743160266714,0.7757791655943417,0.3941270728033731,0.4809597239476831,0.5375,0.37625,0.5375,1.0,0.35,0.0,unprognostic (3.13e-2),0.0313,0.0,unprognostic (3.64e-1),0.364,0.0,no_hit,,,0.0,0,0,,0.6493266574585635,tf_or_regulator_class,triptolide,0.03441906103100975,0.99896408839779,5,17,RELA,0.5131893382352941,tf_or_regulator_class,Bortezomib,11.573,0.7895220588235294,2,33,Proteasome:|:PSMA1:|:PSMA2:|:PSMA3:|:PSMA4:|:PSMA5:|:PSMA6:|:PSMA7:|:PSMA8:|:PSMB1:|:PSMB10:|:PSMB11:|:PSMB2:|:PSMB3:|:PSMB4:|:PSMB5:|:PSMB6:|:PSMB7:|:PSMB8:|:PSMB9:|:PSMD1:|:PSMD2:|:RELA,0.6493266574585635,0.4250039989234644,3,moderate,0,1,1,1,matched_support_present,CMPD008994,0.55,0.53,0.5266666666666667,0.5716666666666667,0.5499999999999999,0.5316666666666667,0.5916666666666667,0.54
STAD_AXIS_092,STAD,92,Chryseriol | CYP1B1/AHR,Chryseriol,CYP1B1,AHR,Fibroblast_CAF,0.6812610605862187,0.7983003511548469,0.462386342460207,0.4739235364986989,0.7775,0.37625,0.7775,1.0,0.35,0.8,potential prognostic unfavorable (1.61e-4),0.000161,0.0,unprognostic (2.11e-1),0.211,0.0,no_hit,,,0.0,0,0,,0.5492230662983425,tf_or_regulator_class,mexiletine,0.7363321788523876,0.8449585635359116,4,17,"AHR, SCN4A, SCN5A",0.35188419117647063,tf_or_regulator_class,StemRegenin 1,13.279,0.5413602941176471,2,33,AHR,0.5492230662983425,0.41965181436870325,2,moderate,0,1,1,1,matched_support_present,CMPD024922,0.545,0.5766666666666667,0.55,0.715,0.6133333333333334,0.6666666666666666,0.5583333333333332,0.64
STAD_AXIS_093,STAD,93,Rutaecarpine | CYP1B1/AHR,Rutaecarpine,CYP1B1,AHR,Fibroblast_CAF,0.6811682436601993,0.7983003511548469,0.462386342460207,0.4739235364986989,0.7775,0.37625,0.7775,1.0,0.35,0.8,potential prognostic unfavorable (1.61e-4),0.000161,0.0,unprognostic (2.11e-1),0.211,0.0,no_hit,,,0.0,0,0,,0.5492230662983425,tf_or_regulator_class,mexiletine,0.7363321788523876,0.8449585635359116,4,17,"AHR, SCN4A, SCN5A",0.35188419117647063,tf_or_regulator_class,StemRegenin 1,13.279,0.5413602941176471,2,33,AHR,0.5492230662983425,0.41965181436870325,2,moderate,0,1,1,1,matched_support_present,CMPD025501,0.54,0.5783333333333333,0.5416666666666666,0.71,0.6116666666666667,0.6666666666666666,0.5516666666666666,0.6483333333333333
STAD_AXIS_091,STAD,94,Berberine | CYP1B1/AHR,Berberine,CYP1B1,AHR,Fibroblast_CAF,0.6811580804653354,0.7983003511548469,0.462386342460207,0.4739235364986989,0.7775,0.37625,0.7775,1.0,0.35,0.8,potential prognostic unfavorable (1.61e-4),0.000161,0.0,unprognostic (2.11e-1),0.211,0.0,no_hit,,,0.0,0,0,,0.7945441988950276,direct_compound,berberine,0.790015081774511,0.7945441988950276,1,17,LDLR,0.35188419117647063,tf_or_regulator_class,StemRegenin 1,13.279,0.5413602941176471,2,33,AHR,0.7945441988950276,0.4809820975178746,2,moderate,1,1,1,1,matched_support_present,CMPD024838,0.535,0.6083333333333334,0.5566666666666668,0.6616666666666666,0.665,0.6083333333333333,0.5466666666666667,0.635
STAD_AXIS_090,STAD,95,Myricetin | CYP1B1/AHR,Myricetin,CYP1B1,AHR,Fibroblast_CAF,0.6810953655748775,0.7983003511548469,0.462386342460207,0.4739235364986989,0.7775,0.37625,0.7775,1.0,0.35,0.8,potential prognostic unfavorable (1.61e-4),0.000161,0.0,unprognostic (2.11e-1),0.211,0.0,no_hit,,,0.0,0,0,,0.6571132596685083,direct_compound,dihydromyricetin,0.858323865391774,0.6571132596685083,1,13,nan,0.35188419117647063,tf_or_regulator_class,StemRegenin 1,13.279,0.5413602941176471,2,33,AHR,0.6571132596685083,0.4466243627112447,2,moderate,1,1,1,1,matched_support_present,CMPD015728,0.53,0.5883333333333333,0.575,0.6566666666666667,0.6633333333333332,0.6133333333333333,0.5766666666666667,0.5950000000000001
STAD_AXIS_065,STAD,96,(-)-epigallocatechin-3-gallate | BACE1/RELA,(-)-epigallocatechin-3-gallate,BACE1,RELA,Fibroblast_CAF,0.6806114262808594,0.7757791655943417,0.3941270728033731,0.4853194478953664,0.5375,0.37625,0.5375,1.0,0.35,0.0,unprognostic (3.13e-2),0.0313,0.0,unprognostic (3.64e-1),0.364,0.0,no_hit,,,0.0,0,0,,0.6493266574585635,tf_or_regulator_class,triptolide,0.03441906103100975,0.99896408839779,5,17,RELA,0.5131893382352941,tf_or_regulator_class,Bortezomib,11.573,0.7895220588235294,2,33,Proteasome:|:PSMA1:|:PSMA2:|:PSMA3:|:PSMA4:|:PSMA5:|:PSMA6:|:PSMA7:|:PSMA8:|:PSMB1:|:PSMB10:|:PSMB11:|:PSMB2:|:PSMB3:|:PSMB4:|:PSMB5:|:PSMB6:|:PSMB7:|:PSMB8:|:PSMB9:|:PSMD1:|:PSMD2:|:RELA,0.6493266574585635,0.4250039989234644,3,moderate,0,1,1,1,matched_support_present,CMPD024806,0.525,0.5283333333333333,0.525,0.5750000000000001,0.54,0.5316666666666667,0.5950000000000001,0.5499999999999999
STAD_AXIS_073,STAD,97,Collagen | BACE1/RELA,Collagen,BACE1,RELA,Fibroblast_CAF,0.6787459982504523,0.7757791655943417,0.3941270728033731,0.4697235364986989,0.5375,0.37625,0.5375,1.0,0.35,0.0,unprognostic (3.13e-2),0.0313,0.0,unprognostic (3.64e-1),0.364,0.0,no_hit,,,0.0,0,0,,0.6493266574585635,tf_or_regulator_class,triptolide,0.03441906103100975,0.99896408839779,5,17,RELA,0.5131893382352941,tf_or_regulator_class,Bortezomib,11.573,0.7895220588235294,2,33,Proteasome:|:PSMA1:|:PSMA2:|:PSMA3:|:PSMA4:|:PSMA5:|:PSMA6:|:PSMA7:|:PSMA8:|:PSMB1:|:PSMB10:|:PSMB11:|:PSMB2:|:PSMB3:|:PSMB4:|:PSMB5:|:PSMB6:|:PSMB7:|:PSMB8:|:PSMB9:|:PSMD1:|:PSMD2:|:RELA,0.6493266574585635,0.4250039989234644,3,moderate,0,1,1,1,matched_support_present,CMPD052974,0.52,0.5266666666666667,0.525,0.5816666666666667,0.5783333333333333,0.5233333333333333,0.5466666666666667,0.5483333333333333
STAD_AXIS_088,STAD,98,Hydroxytyrosol | BACE1/RELA,Hydroxytyrosol,BACE1,RELA,Fibroblast_CAF,0.6748771029972853,0.7757791655943417,0.3941270728033731,0.4425597239476831,0.5375,0.37625,0.5375,1.0,0.35,0.0,unprognostic (3.13e-2),0.0313,0.0,unprognostic (3.64e-1),0.364,0.0,no_hit,,,0.0,0,0,,0.6493266574585635,tf_or_regulator_class,triptolide,0.03441906103100975,0.99896408839779,5,17,RELA,0.5131893382352941,tf_or_regulator_class,Bortezomib,11.573,0.7895220588235294,2,33,Proteasome:|:PSMA1:|:PSMA2:|:PSMA3:|:PSMA4:|:PSMA5:|:PSMA6:|:PSMA7:|:PSMA8:|:PSMB1:|:PSMB10:|:PSMB11:|:PSMB2:|:PSMB3:|:PSMB4:|:PSMB5:|:PSMB6:|:PSMB7:|:PSMB8:|:PSMB9:|:PSMD1:|:PSMD2:|:RELA,0.6493266574585635,0.4250039989234644,3,moderate,0,1,1,1,matched_support_present,CMPD005156,0.515,0.5133333333333333,0.5083333333333333,0.64,0.5433333333333333,0.525,0.5416666666666666,0.54
STAD_AXIS_099,STAD,99,"2,4,2',4'-tetrahydroxychalcone | BACE1/RELA","2,4,2',4'-tetrahydroxychalcone",BACE1,RELA,Fibroblast_CAF,0.6739703272986793,0.7757791655943417,0.3941270728033731,0.4383597239476832,0.5375,0.37625,0.5375,1.0,0.35,0.0,unprognostic (3.13e-2),0.0313,0.0,unprognostic (3.64e-1),0.364,0.0,no_hit,,,0.0,0,0,,0.6493266574585635,tf_or_regulator_class,triptolide,0.03441906103100975,0.99896408839779,5,17,RELA,0.5131893382352941,tf_or_regulator_class,Bortezomib,11.573,0.7895220588235294,2,33,Proteasome:|:PSMA1:|:PSMA2:|:PSMA3:|:PSMA4:|:PSMA5:|:PSMA6:|:PSMA7:|:PSMA8:|:PSMB1:|:PSMB10:|:PSMB11:|:PSMB2:|:PSMB3:|:PSMB4:|:PSMB5:|:PSMB6:|:PSMB7:|:PSMB8:|:PSMB9:|:PSMD1:|:PSMD2:|:RELA,0.6493266574585635,0.4250039989234644,3,moderate,0,1,1,1,matched_support_present,CMPD002559,0.51,0.5116666666666667,0.5083333333333333,0.585,0.5416666666666666,0.5116666666666667,0.5499999999999999,0.525
STAD_AXIS_055,STAD,100,Quercetin | CYP1B1/AHR,Quercetin,CYP1B1,AHR,Myeloid,0.6071036952811092,0.5403218648750293,0.462386342460207,0.8852832604463821,0.7775,0.37625,0.7775,1.0,0.35,0.8,potential prognostic unfavorable (1.61e-4),0.000161,0.0,unprognostic (2.11e-1),0.211,0.0,no_hit,,,0.0,0,0,,0.5492230662983425,tf_or_regulator_class,mexiletine,0.7363321788523876,0.8449585635359116,4,17,"AHR, SCN4A, SCN5A",0.35188419117647063,tf_or_regulator_class,StemRegenin 1,13.279,0.5413602941176471,2,33,AHR,0.5492230662983425,0.41965181436870325,2,moderate,0,1,1,1,matched_support_present,CMPD024770,0.505,0.645,0.7083333333333334,0.62,0.6749999999999999,0.6766666666666667,0.505,0.505
STAD_AXIS_150,STAD,101,Coryincine | HTR2A/PITX2,Coryincine,HTR2A,PITX2,Fibroblast_CAF,0.4385164617809201,0.8646301766104117,0.0,0.0,0.625,0.37625,0.625,1.0,0.7,0.0,,,0.0,unprognostic (2.19e-2),0.0219,0.0,no_hit,,,0.0,0,0,,0.7323031767955801,target_class,pirenperone,0.716009293643569,0.8615331491712708,19,17,"HTR2A, HTR7",0.37890625,target_class,Trifluoperazine,13.8776411455007,0.44577205882352944,1,33,ADRA1A:|:CALM1:|:CALY:|:DRD2:|:DRD4:|:HRH1:|:HTR2A:|:HTR2C:|:S100A4:|:TNNC1,0.7323031767955801,0.434052356698895,2,moderate,0,1,1,1,matched_support_present,CMPD025402,0.5,0.3416666666666666,0.3016666666666667,0.37166666666666665,0.23166666666666666,0.19166666666666665,0.49333333333333335,0.5
STAD_AXIS_189,STAD,102,Fisetin | CDK2/MYC,Fisetin,CDK2,MYC,Fibroblast_CAF,0.4250142746133777,0.731668138009154,0.0,0.0,0.625,0.37625,0.625,1.0,0.7,0.0,unprognostic (8.60e-2),0.086,0.0,unprognostic (1.43e-1),0.143,0.8194188191881918,target_class,Dinaciclib,0.5264789999999999,0.9640221402214022,7,24,"CDK1, CDK2, CDK5, CDK9",0.7939399171270718,target_class,BMS-387032,0.5748557680867425,0.9340469613259669,17,17,"CDK2, CDK7, CDK9",0.8476562499999999,target_class,Dinaciclib,5.15143775299872,0.9972426470588235,7,33,CDK1:|:CDK2:|:CDK5:|:CDK9,0.8476562499999999,0.7715037465788159,4,strong,0,1,1,1,matched_support_present,CMPD026234,0.495,0.36999999999999994,0.42,0.42,0.36833333333333335,0.445,0.42,0.445
STAD_AXIS_114,STAD,103,Triptolide | PLAU/MYC,Triptolide,PLAU,MYC,Fibroblast_CAF,0.4235187034841121,0.8125986023801656,0.0,0.0,0.5375,0.37625,0.5375,1.0,0.35,0.0,unprognostic (7.18e-2),0.0718,0.0,unprognostic (1.43e-1),0.143,0.0,no_hit,,,0.0,0,0,,0.99896408839779,direct_compound,triptolide,0.03441906103100975,0.99896408839779,1,14,RELA,0.7215073529411764,direct_compound,Triptolide,12.175,0.7215073529411764,1,33,RELA,0.99896408839779,0.5644928603347417,3,moderate,1,0,1,1,matched_support_present,CMPD025693,0.49,0.16333333333333336,0.31833333333333336,0.21833333333333335,0.085,0.11166666666666668,0.49499999999999994,0.43
STAD_AXIS_115,STAD,104,(-)-epigallocatechin-3-gallate | PLAU/MYC,(-)-epigallocatechin-3-gallate,PLAU,MYC,Fibroblast_CAF,0.4234476028067535,0.8125986023801656,0.0,0.0,0.5375,0.37625,0.5375,1.0,0.35,0.0,unprognostic (7.18e-2),0.0718,0.0,unprognostic (1.43e-1),0.143,0.0,no_hit,,,0.0,0,0,,0.33869129834254147,tf_or_regulator_class,TWS-119,0.901523037520438,0.5210635359116023,1,15,"GSK3B, JUN, MYC",0.0,no_hit,,,0.0,0,0,,0.33869129834254147,0.21904782458563538,1,limited,0,1,0,0,matched_support_present,CMPD024806,0.485,0.225,0.2783333333333333,0.2383333333333333,0.21833333333333335,0.125,0.49666666666666665,0.47333333333333333
STAD_AXIS_119,STAD,105,Kaempferol | AHR/STAT3,Kaempferol,AHR,STAT3,Fibroblast_CAF,0.4153980907872489,0.7349993615269795,0.0,0.0,0.5375,0.37625,0.5375,1.0,0.35,0.0,unprognostic (2.11e-1),0.211,0.0,unprognostic (9.39e-3),0.00939,0.0,no_hit,,,0.0,0,0,,0.7182147790055249,target_class,mexiletine,0.7363321788523876,0.8449585635359116,4,17,"AHR, SCN4A, SCN5A",0.6243106617647058,tf_or_regulator_class,Bardoxolone methyl,8.27214812378087,0.9604779411764706,3,33,PPARG:|:STAT3,0.7182147790055249,0.47000636019255765,3,moderate,0,1,1,1,matched_support_present,CMPD024768,0.48,0.1416666666666667,0.19166666666666668,0.16333333333333333,0.16666666666666666,0.06,0.34833333333333333,0.34833333333333333
STAD_AXIS_124,STAD,106,(-)-epigallocatechin-3-gallate | APP/AHR,(-)-epigallocatechin-3-gallate,APP,AHR,Fibroblast_CAF,0.4140603422786704,0.7500405457679885,0.0,0.0,0.5375,0.37625,0.5375,1.0,0.35,0.0,unprognostic (3.59e-1),0.359,0.0,unprognostic (2.11e-1),0.211,0.0,no_hit,,,0.0,0,0,,0.6148998618784531,target_class,curcumin,0.8267721964036365,0.7234116022099448,3,17,"APP, CA1, CA12, CA14, CA2, CA4, CA6, CA9, CYP3A4, DNMT3B, EP300, MMP13, MMP9, NOS2, PTGS1, PTGS2, XDH",0.61953125,target_class,Curcumin,12.075,0.7288602941176471,1,33,APP:|:CA1:|:CA12:|:CA14:|:CA2:|:CA4:|:CA6:|:CA9:|:CYP3A4:|:DNMT3B:|:EP300:|:MMP13:|:MMP9:|:NOS2:|:PTGS1:|:PTGS2:|:XDH,0.61953125,0.4429827779696133,3,moderate,0,1,1,1,matched_support_present,CMPD024806,0.475,0.25,0.2916666666666667,0.385,0.2283333333333333,0.145,0.4566666666666667,0.46166666666666667
STAD_AXIS_148,STAD,107,Acacetin | CYP1B1/EP300,Acacetin,CYP1B1,EP300,Fibroblast_CAF,0.4109420707122832,0.7798245182635885,0.0,0.0,0.7775,0.37625,0.7775,1.0,0.35,0.8,potential prognostic unfavorable (1.61e-4),0.000161,0.0,unprognostic (2.89e-1),0.289,0.21886531365313658,tf_or_regulator_class,SGC-CBP30,0.9597935,0.33671586715867163,3,23,"EP300, CBP",0.47636395027624306,target_class,2-methoxyestradiol,0.8906470227188827,0.5604281767955801,1,17,"COMT, CYP19A1, CYP1A1, CYP1B1, HIF1A, TUBB",0.47375919117647064,tf_or_regulator_class,Curcumin,12.075,0.7288602941176471,3,33,APP:|:CA1:|:CA12:|:CA14:|:CA2:|:CA4:|:CA6:|:CA9:|:CYP3A4:|:DNMT3B:|:EP300:|:MMP13:|:MMP9:|:NOS2:|:PTGS1:|:PTGS2:|:XDH,0.47636395027624306,0.4866221137764626,1,moderate,0,1,1,0,matched_support_present,CMPD024817,0.47,0.17333333333333334,0.18833333333333332,0.16,0.27666666666666667,0.17166666666666666,0.4033333333333333,0.35166666666666674
STAD_AXIS_111,STAD,108,Leonticine | BACE1/RELA,Leonticine,BACE1,RELA,Fibroblast_CAF,0.4099297459454531,0.7757791655943417,0.0,0.0,0.5375,0.37625,0.5375,1.0,0.35,0.0,unprognostic (3.13e-2),0.0313,0.0,unprognostic (3.64e-1),0.364,0.0,no_hit,,,0.0,0,0,,0.6493266574585635,tf_or_regulator_class,triptolide,0.03441906103100975,0.99896408839779,5,17,RELA,0.5131893382352941,tf_or_regulator_class,Bortezomib,11.573,0.7895220588235294,2,33,Proteasome:|:PSMA1:|:PSMA2:|:PSMA3:|:PSMA4:|:PSMA5:|:PSMA6:|:PSMA7:|:PSMA8:|:PSMB1:|:PSMB10:|:PSMB11:|:PSMB2:|:PSMB3:|:PSMB4:|:PSMB5:|:PSMB6:|:PSMB7:|:PSMB8:|:PSMB9:|:PSMD1:|:PSMD2:|:RELA,0.6493266574585635,0.4250039989234644,3,moderate,0,1,1,1,matched_support_present,CMPD026161,0.465,0.19333333333333336,0.20833333333333334,0.35333333333333333,0.36083333333333334,0.33,0.4749999999999999,0.205
STAD_AXIS_110,STAD,109,Evodiamide | BACE1/RELA,Evodiamide,BACE1,RELA,Fibroblast_CAF,0.4098427078671298,0.7757791655943417,0.0,0.0,0.5375,0.37625,0.5375,1.0,0.35,0.0,unprognostic (3.13e-2),0.0313,0.0,unprognostic (3.64e-1),0.364,0.0,no_hit,,,0.0,0,0,,0.6493266574585635,tf_or_regulator_class,triptolide,0.03441906103100975,0.99896408839779,5,17,RELA,0.5131893382352941,tf_or_regulator_class,Bortezomib,11.573,0.7895220588235294,2,33,Proteasome:|:PSMA1:|:PSMA2:|:PSMA3:|:PSMA4:|:PSMA5:|:PSMA6:|:PSMA7:|:PSMA8:|:PSMB1:|:PSMB10:|:PSMB11:|:PSMB2:|:PSMB3:|:PSMB4:|:PSMB5:|:PSMB6:|:PSMB7:|:PSMB8:|:PSMB9:|:PSMD1:|:PSMD2:|:RELA,0.6493266574585635,0.4250039989234644,3,moderate,0,1,1,1,matched_support_present,CMPD026068,0.46,0.225,0.2333333333333333,0.27499999999999997,0.37333333333333335,0.3016666666666667,0.45166666666666666,0.18666666666666665
STAD_AXIS_108,STAD,110,Dasycarpamin | BACE1/RELA,Dasycarpamin,BACE1,RELA,Fibroblast_CAF,0.4097387201606601,0.7757791655943417,0.0,0.0,0.5375,0.37625,0.5375,1.0,0.35,0.0,unprognostic (3.13e-2),0.0313,0.0,unprognostic (3.64e-1),0.364,0.0,no_hit,,,0.0,0,0,,0.6493266574585635,tf_or_regulator_class,triptolide,0.03441906103100975,0.99896408839779,5,17,RELA,0.5131893382352941,tf_or_regulator_class,Bortezomib,11.573,0.7895220588235294,2,33,Proteasome:|:PSMA1:|:PSMA2:|:PSMA3:|:PSMA4:|:PSMA5:|:PSMA6:|:PSMA7:|:PSMA8:|:PSMB1:|:PSMB10:|:PSMB11:|:PSMB2:|:PSMB3:|:PSMB4:|:PSMB5:|:PSMB6:|:PSMB7:|:PSMB8:|:PSMB9:|:PSMD1:|:PSMD2:|:RELA,0.6493266574585635,0.4250039989234644,3,moderate,0,1,1,1,matched_support_present,CMPD024876,0.455,0.35000000000000003,0.19000000000000003,0.3416666666666666,0.4675,0.3433333333333333,0.4566666666666667,0.31
STAD_AXIS_113,STAD,111,Tetramethoxyluteolin | BACE1/RELA,Tetramethoxyluteolin,BACE1,RELA,Fibroblast_CAF,0.4097179345894896,0.7757791655943417,0.0,0.0,0.5375,0.37625,0.5375,1.0,0.35,0.0,unprognostic (3.13e-2),0.0313,0.0,unprognostic (3.64e-1),0.364,0.0,no_hit,,,0.0,0,0,,0.6493266574585635,tf_or_regulator_class,triptolide,0.03441906103100975,0.99896408839779,5,17,RELA,0.5131893382352941,tf_or_regulator_class,Bortezomib,11.573,0.7895220588235294,2,33,Proteasome:|:PSMA1:|:PSMA2:|:PSMA3:|:PSMA4:|:PSMA5:|:PSMA6:|:PSMA7:|:PSMA8:|:PSMB1:|:PSMB10:|:PSMB11:|:PSMB2:|:PSMB3:|:PSMB4:|:PSMB5:|:PSMB6:|:PSMB7:|:PSMB8:|:PSMB9:|:PSMD1:|:PSMD2:|:RELA,0.6493266574585635,0.4250039989234644,3,moderate,0,1,1,1,matched_support_present,CMPD025191,0.45,0.2333333333333333,0.24166666666666667,0.27666666666666667,0.3658333333333334,0.31,0.44166666666666665,0.19833333333333333
STAD_AXIS_109,STAD,112,Dihydrocorynantheine | BACE1/RELA,Dihydrocorynantheine,BACE1,RELA,Fibroblast_CAF,0.4096664668675022,0.7757791655943417,0.0,0.0,0.5375,0.37625,0.5375,1.0,0.35,0.0,unprognostic (3.13e-2),0.0313,0.0,unprognostic (3.64e-1),0.364,0.0,no_hit,,,0.0,0,0,,0.6493266574585635,tf_or_regulator_class,triptolide,0.03441906103100975,0.99896408839779,5,17,RELA,0.5131893382352941,tf_or_regulator_class,Bortezomib,11.573,0.7895220588235294,2,33,Proteasome:|:PSMA1:|:PSMA2:|:PSMA3:|:PSMA4:|:PSMA5:|:PSMA6:|:PSMA7:|:PSMA8:|:PSMB1:|:PSMB10:|:PSMB11:|:PSMB2:|:PSMB3:|:PSMB4:|:PSMB5:|:PSMB6:|:PSMB7:|:PSMB8:|:PSMB9:|:PSMD1:|:PSMD2:|:RELA,0.6493266574585635,0.4250039989234644,3,moderate,0,1,1,1,matched_support_present,CMPD025399,0.445,0.19666666666666666,0.27666666666666667,0.25333333333333335,0.31666666666666665,0.24666666666666667,0.4383333333333333,0.18166666666666664
STAD_AXIS_107,STAD,113,Futokadsurin C | BACE1/RELA,Futokadsurin C,BACE1,RELA,Fibroblast_CAF,0.4096570454030704,0.7757791655943417,0.0,0.0,0.5375,0.37625,0.5375,1.0,0.35,0.0,unprognostic (3.13e-2),0.0313,0.0,unprognostic (3.64e-1),0.364,0.0,no_hit,,,0.0,0,0,,0.6493266574585635,tf_or_regulator_class,triptolide,0.03441906103100975,0.99896408839779,5,17,RELA,0.5131893382352941,tf_or_regulator_class,Bortezomib,11.573,0.7895220588235294,2,33,Proteasome:|:PSMA1:|:PSMA2:|:PSMA3:|:PSMA4:|:PSMA5:|:PSMA6:|:PSMA7:|:PSMA8:|:PSMB1:|:PSMB10:|:PSMB11:|:PSMB2:|:PSMB3:|:PSMB4:|:PSMB5:|:PSMB6:|:PSMB7:|:PSMB8:|:PSMB9:|:PSMD1:|:PSMD2:|:RELA,0.6493266574585635,0.4250039989234644,3,moderate,0,1,1,1,matched_support_present,CMPD025439,0.44,0.2733333333333334,0.12333333333333334,0.305,0.40166666666666667,0.29,0.43,0.27499999999999997
STAD_AXIS_102,STAD,114,Goshuyuamide I | BACE1/RELA,Goshuyuamide I,BACE1,RELA,Fibroblast_CAF,0.4096163314487223,0.7757791655943417,0.0,0.0,0.5375,0.37625,0.5375,1.0,0.35,0.0,unprognostic (3.13e-2),0.0313,0.0,unprognostic (3.64e-1),0.364,0.0,no_hit,,,0.0,0,0,,0.6493266574585635,tf_or_regulator_class,triptolide,0.03441906103100975,0.99896408839779,5,17,RELA,0.5131893382352941,tf_or_regulator_class,Bortezomib,11.573,0.7895220588235294,2,33,Proteasome:|:PSMA1:|:PSMA2:|:PSMA3:|:PSMA4:|:PSMA5:|:PSMA6:|:PSMA7:|:PSMA8:|:PSMB1:|:PSMB10:|:PSMB11:|:PSMB2:|:PSMB3:|:PSMB4:|:PSMB5:|:PSMB6:|:PSMB7:|:PSMB8:|:PSMB9:|:PSMD1:|:PSMD2:|:RELA,0.6493266574585635,0.4250039989234644,3,moderate,0,1,1,1,matched_support_present,CMPD026069,0.435,0.21333333333333335,0.22333333333333336,0.3516666666666666,0.3441666666666667,0.345,0.4533333333333333,0.22833333333333336
STAD_AXIS_101,STAD,115,Euchrenone | BACE1/RELA,Euchrenone,BACE1,RELA,Fibroblast_CAF,0.4095940003319411,0.7757791655943417,0.0,0.0,0.5375,0.37625,0.5375,1.0,0.35,0.0,unprognostic (3.13e-2),0.0313,0.0,unprognostic (3.64e-1),0.364,0.0,no_hit,,,0.0,0,0,,0.6493266574585635,tf_or_regulator_class,triptolide,0.03441906103100975,0.99896408839779,5,17,RELA,0.5131893382352941,tf_or_regulator_class,Bortezomib,11.573,0.7895220588235294,2,33,Proteasome:|:PSMA1:|:PSMA2:|:PSMA3:|:PSMA4:|:PSMA5:|:PSMA6:|:PSMA7:|:PSMA8:|:PSMB1:|:PSMB10:|:PSMB11:|:PSMB2:|:PSMB3:|:PSMB4:|:PSMB5:|:PSMB6:|:PSMB7:|:PSMB8:|:PSMB9:|:PSMD1:|:PSMD2:|:RELA,0.6493266574585635,0.4250039989234644,3,moderate,0,1,1,1,matched_support_present,CMPD025269,0.43,0.2816666666666667,0.13166666666666665,0.30666666666666664,0.3908333333333333,0.29833333333333334,0.42,0.2833333333333334
STAD_AXIS_103,STAD,116,"5-hydroxy-7-methoxy-2-(3,4,5-trimethoxyphenyl)chromone | BACE1/RELA","5-hydroxy-7-methoxy-2-(3,4,5-trimethoxyphenyl)chromone",BACE1,RELA,Fibroblast_CAF,0.4095810749283471,0.7757791655943417,0.0,0.0,0.5375,0.37625,0.5375,1.0,0.35,0.0,unprognostic (3.13e-2),0.0313,0.0,unprognostic (3.64e-1),0.364,0.0,no_hit,,,0.0,0,0,,0.6493266574585635,tf_or_regulator_class,triptolide,0.03441906103100975,0.99896408839779,5,17,RELA,0.5131893382352941,tf_or_regulator_class,Bortezomib,11.573,0.7895220588235294,2,33,Proteasome:|:PSMA1:|:PSMA2:|:PSMA3:|:PSMA4:|:PSMA5:|:PSMA6:|:PSMA7:|:PSMA8:|:PSMB1:|:PSMB10:|:PSMB11:|:PSMB2:|:PSMB3:|:PSMB4:|:PSMB5:|:PSMB6:|:PSMB7:|:PSMB8:|:PSMB9:|:PSMD1:|:PSMD2:|:RELA,0.6493266574585635,0.4250039989234644,3,moderate,0,1,1,1,matched_support_present,CMPD025607,0.425,0.32166666666666666,0.17666666666666667,0.3,0.43083333333333335,0.375,0.44166666666666665,0.3
STAD_AXIS_112,STAD,117,Kadsurenone | BACE1/RELA,Kadsurenone,BACE1,RELA,Fibroblast_CAF,0.4095421276607157,0.7757791655943417,0.0,0.0,0.5375,0.37625,0.5375,1.0,0.35,0.0,unprognostic (3.13e-2),0.0313,0.0,unprognostic (3.64e-1),0.364,0.0,no_hit,,,0.0,0,0,,0.6493266574585635,tf_or_regulator_class,triptolide,0.03441906103100975,0.99896408839779,5,17,RELA,0.5131893382352941,tf_or_regulator_class,Bortezomib,11.573,0.7895220588235294,2,33,Proteasome:|:PSMA1:|:PSMA2:|:PSMA3:|:PSMA4:|:PSMA5:|:PSMA6:|:PSMA7:|:PSMA8:|:PSMB1:|:PSMB10:|:PSMB11:|:PSMB2:|:PSMB3:|:PSMB4:|:PSMB5:|:PSMB6:|:PSMB7:|:PSMB8:|:PSMB9:|:PSMD1:|:PSMD2:|:RELA,0.6493266574585635,0.4250039989234644,3,moderate,0,1,1,1,matched_support_present,CMPD025446,0.42,0.25166666666666665,0.26,0.2783333333333333,0.34833333333333333,0.32833333333333337,0.42,0.21999999999999997
STAD_AXIS_106,STAD,118,N-(2-Methylaminobenzoyl)Tryptamine | BACE1/RELA,N-(2-Methylaminobenzoyl)Tryptamine,BACE1,RELA,Fibroblast_CAF,0.4094594648696625,0.7757791655943417,0.0,0.0,0.5375,0.37625,0.5375,1.0,0.35,0.0,unprognostic (3.13e-2),0.0313,0.0,unprognostic (3.64e-1),0.364,0.0,no_hit,,,0.0,0,0,,0.6493266574585635,tf_or_regulator_class,triptolide,0.03441906103100975,0.99896408839779,5,17,RELA,0.5131893382352941,tf_or_regulator_class,Bortezomib,11.573,0.7895220588235294,2,33,Proteasome:|:PSMA1:|:PSMA2:|:PSMA3:|:PSMA4:|:PSMA5:|:PSMA6:|:PSMA7:|:PSMA8:|:PSMB1:|:PSMB10:|:PSMB11:|:PSMB2:|:PSMB3:|:PSMB4:|:PSMB5:|:PSMB6:|:PSMB7:|:PSMB8:|:PSMB9:|:PSMD1:|:PSMD2:|:RELA,0.6493266574585635,0.4250039989234644,3,moderate,0,1,1,1,matched_support_present,CMPD026072,0.415,0.33,0.18166666666666664,0.3016666666666667,0.425,0.3833333333333333,0.43333333333333335,0.3083333333333333
STAD_AXIS_104,STAD,119,8-o-methylreyusi | BACE1/RELA,8-o-methylreyusi,BACE1,RELA,Fibroblast_CAF,0.4093889054351802,0.7757791655943417,0.0,0.0,0.5375,0.37625,0.5375,1.0,0.35,0.0,unprognostic (3.13e-2),0.0313,0.0,unprognostic (3.64e-1),0.364,0.0,no_hit,,,0.0,0,0,,0.6493266574585635,tf_or_regulator_class,triptolide,0.03441906103100975,0.99896408839779,5,17,RELA,0.5131893382352941,tf_or_regulator_class,Bortezomib,11.573,0.7895220588235294,2,33,Proteasome:|:PSMA1:|:PSMA2:|:PSMA3:|:PSMA4:|:PSMA5:|:PSMA6:|:PSMA7:|:PSMA8:|:PSMB1:|:PSMB10:|:PSMB11:|:PSMB2:|:PSMB3:|:PSMB4:|:PSMB5:|:PSMB6:|:PSMB7:|:PSMB8:|:PSMB9:|:PSMD1:|:PSMD2:|:RELA,0.6493266574585635,0.4250039989234644,3,moderate,0,1,1,1,matched_support_present,CMPD025353,0.41,0.26,0.2683333333333333,0.28,0.3383333333333333,0.33666666666666667,0.4116666666666666,0.22999999999999998
STAD_AXIS_105,STAD,120,16-epi-Isositsirikine | BACE1/RELA,16-epi-Isositsirikine,BACE1,RELA,Fibroblast_CAF,0.4092241406722853,0.7757791655943417,0.0,0.0,0.5375,0.37625,0.5375,1.0,0.35,0.0,unprognostic (3.13e-2),0.0313,0.0,unprognostic (3.64e-1),0.364,0.0,no_hit,,,0.0,0,0,,0.6493266574585635,tf_or_regulator_class,triptolide,0.03441906103100975,0.99896408839779,5,17,RELA,0.5131893382352941,tf_or_regulator_class,Bortezomib,11.573,0.7895220588235294,2,33,Proteasome:|:PSMA1:|:PSMA2:|:PSMA3:|:PSMA4:|:PSMA5:|:PSMA6:|:PSMA7:|:PSMA8:|:PSMB1:|:PSMB10:|:PSMB11:|:PSMB2:|:PSMB3:|:PSMB4:|:PSMB5:|:PSMB6:|:PSMB7:|:PSMB8:|:PSMB9:|:PSMD1:|:PSMD2:|:RELA,0.6493266574585635,0.4250039989234644,3,moderate,0,1,1,1,matched_support_present,CMPD025921,0.405,0.3,0.15,0.30833333333333335,0.375,0.31666666666666665,0.40166666666666667,0.3066666666666667
STAD_AXIS_141,STAD,121,Luteolin | MMP9/RELA,Luteolin,MMP9,RELA,Fibroblast_CAF,0.4091198467374067,0.7325733011939298,0.0,0.0,0.5375,0.37625,0.5375,1.0,0.35,0.0,unprognostic (3.13e-1),0.313,0.0,unprognostic (3.64e-1),0.364,0.0,no_hit,,,0.0,0,0,,0.6824067679558011,target_class,marimastat,0.77698054815304,0.8028314917127072,5,17,"MMP1, MMP10, MMP11, MMP12, MMP13, MMP14, MMP15, MMP16, MMP17, MMP19, MMP2, MMP20, MMP21, MMP23A, MMP24, MMP25, MMP26, MMP27, MMP28, MMP3, MMP7, MMP8, MMP9",0.61953125,target_class,Curcumin,12.075,0.7288602941176471,1,33,APP:|:CA1:|:CA12:|:CA14:|:CA2:|:CA4:|:CA6:|:CA9:|:CYP3A4:|:DNMT3B:|:EP300:|:MMP13:|:MMP9:|:NOS2:|:PTGS1:|:PTGS2:|:XDH,0.6824067679558011,0.4598595044889503,3,moderate,0,1,1,1,matched_support_present,CMPD024820,0.4,0.16333333333333333,0.385,0.3283333333333333,0.09833333333333334,0.15333333333333335,0.33166666666666667,0.35333333333333333
STAD_AXIS_198,STAD,122,Citromitin | HSP90AB1/HOPX,Citromitin,HSP90AB1,HOPX,Fibroblast_CAF,0.4088483682153641,0.7440378530815416,0.0,0.0,0.5375,0.46374999999999994,0.5375,1.0,0.35,0.0,unprognostic (1.53e-1),0.153,0.0,unprognostic (2.32e-2),0.0232,0.0,no_hit,,,0.0,0,0,,0.8133114640883978,target_class,NVP-AUY922,0.5123550692340035,0.9568370165745856,1,17,"HSP90AA1, HSP90AB1",0.0,no_hit,,,0.0,0,0,,0.8133114640883978,0.3377028660220994,2,limited,0,1,0,1,matched_support_present,CMPD025039,0.395,0.39999999999999997,0.19499999999999998,0.4083333333333334,0.36833333333333335,0.4166666666666667,0.36166666666666664,0.4383333333333333
STAD_AXIS_197,STAD,123,Negletein | HSP90AB1/HOPX,Negletein,HSP90AB1,HOPX,Fibroblast_CAF,0.4087838656548919,0.7440378530815416,0.0,0.0,0.5375,0.46374999999999994,0.5375,1.0,0.35,0.0,unprognostic (1.53e-1),0.153,0.0,unprognostic (2.32e-2),0.0232,0.0,no_hit,,,0.0,0,0,,0.8133114640883978,target_class,NVP-AUY922,0.5123550692340035,0.9568370165745856,1,17,"HSP90AA1, HSP90AB1",0.0,no_hit,,,0.0,0,0,,0.8133114640883978,0.3377028660220994,2,limited,0,1,0,1,matched_support_present,CMPD025848,0.39,0.35000000000000003,0.13,0.4083333333333334,0.295,0.37666666666666665,0.34833333333333333,0.42333333333333334
STAD_AXIS_200,STAD,124,"5,2'-Dihydroxy-6,7,8-trimethoxyflavone | HSP90AB1/HOPX","5,2'-Dihydroxy-6,7,8-trimethoxyflavone",HSP90AB1,HOPX,Fibroblast_CAF,0.4086115344845129,0.7440378530815416,0.0,0.0,0.5375,0.46374999999999994,0.5375,1.0,0.35,0.0,unprognostic (1.53e-1),0.153,0.0,unprognostic (2.32e-2),0.0232,0.0,no_hit,,,0.0,0,0,,0.8133114640883978,target_class,NVP-AUY922,0.5123550692340035,0.9568370165745856,1,17,"HSP90AA1, HSP90AB1",0.0,no_hit,,,0.0,0,0,,0.8133114640883978,0.3377028660220994,2,limited,0,1,0,1,matched_support_present,CMPD025520,0.385,0.27166666666666667,0.205,0.4116666666666666,0.245,0.40166666666666667,0.375,0.3666666666666667
STAD_AXIS_116,STAD,125,Kaempferol | AHR/NR3C1,Kaempferol,AHR,NR3C1,Fibroblast_CAF,0.4085567512703134,0.7424942154099802,0.0,0.0,0.5375,0.37625,0.5375,1.0,0.35,0.0,unprognostic (2.11e-1),0.211,0.0,unprognostic (1.11e-2),0.0111,0.0,no_hit,,,0.0,0,0,,0.7182147790055249,target_class,mexiletine,0.7363321788523876,0.8449585635359116,4,17,"AHR, SCN4A, SCN5A",0.46015625,target_class,StemRegenin 1,13.279,0.5413602941176471,2,33,AHR,0.7182147790055249,0.4289677572513812,2,moderate,0,1,1,1,matched_support_present,CMPD024768,0.38,0.115,0.17333333333333334,0.155,0.16166666666666665,0.051666666666666666,0.295,0.26833333333333337
STAD_AXIS_194,STAD,126,Lucidumoside D | HSP90AB1/HOPX,Lucidumoside D,HSP90AB1,HOPX,Fibroblast_CAF,0.4085469882473653,0.7440378530815416,0.0,0.0,0.5375,0.46374999999999994,0.5375,1.0,0.35,0.0,unprognostic (1.53e-1),0.153,0.0,unprognostic (2.32e-2),0.0232,0.0,no_hit,,,0.0,0,0,,0.8133114640883978,target_class,NVP-AUY922,0.5123550692340035,0.9568370165745856,1,17,"HSP90AA1, HSP90AB1",0.0,no_hit,,,0.0,0,0,,0.8133114640883978,0.3377028660220994,2,limited,0,1,0,1,matched_support_present,CMPD025871,0.375,0.30833333333333335,0.24166666666666667,0.41333333333333333,0.2775,0.40166666666666667,0.34833333333333333,0.35333333333333333
STAD_AXIS_199,STAD,127,Isoxanthohumol | HSP90AB1/HOPX,Isoxanthohumol,HSP90AB1,HOPX,Fibroblast_CAF,0.408541715254129,0.7440378530815416,0.0,0.0,0.5375,0.46374999999999994,0.5375,1.0,0.35,0.0,unprognostic (1.53e-1),0.153,0.0,unprognostic (2.32e-2),0.0232,0.0,no_hit,,,0.0,0,0,,0.8133114640883978,target_class,NVP-AUY922,0.5123550692340035,0.9568370165745856,1,17,"HSP90AA1, HSP90AB1",0.0,no_hit,,,0.0,0,0,,0.8133114640883978,0.3377028660220994,2,limited,0,1,0,1,matched_support_present,CMPD025679,0.37,0.41500000000000004,0.19333333333333333,0.3933333333333333,0.3658333333333333,0.43166666666666664,0.3466666666666667,0.4533333333333333
STAD_AXIS_196,STAD,128,Palmatine | HSP90AB1/HOPX,Palmatine,HSP90AB1,HOPX,Fibroblast_CAF,0.408495197080471,0.7440378530815416,0.0,0.0,0.5375,0.46374999999999994,0.5375,1.0,0.35,0.0,unprognostic (1.53e-1),0.153,0.0,unprognostic (2.32e-2),0.0232,0.0,no_hit,,,0.0,0,0,,0.8133114640883978,target_class,NVP-AUY922,0.5123550692340035,0.9568370165745856,1,17,"HSP90AA1, HSP90AB1",0.0,no_hit,,,0.0,0,0,,0.8133114640883978,0.3377028660220994,2,limited,0,1,0,1,matched_support_present,CMPD025356,0.365,0.2833333333333334,0.20333333333333334,0.39999999999999997,0.245,0.41,0.36333333333333334,0.37833333333333335
STAD_AXIS_195,STAD,129,prolithospermic acid | HSP90AB1/HOPX,prolithospermic acid,HSP90AB1,HOPX,Fibroblast_CAF,0.4084397269807799,0.7440378530815416,0.0,0.0,0.5375,0.46374999999999994,0.5375,1.0,0.35,0.0,unprognostic (1.53e-1),0.153,0.0,unprognostic (2.32e-2),0.0232,0.0,no_hit,,,0.0,0,0,,0.8133114640883978,target_class,NVP-AUY922,0.5123550692340035,0.9568370165745856,1,17,"HSP90AA1, HSP90AB1",0.0,no_hit,,,0.0,0,0,,0.8133114640883978,0.3377028660220994,2,limited,0,1,0,1,matched_support_present,CMPD025152,0.36,0.36833333333333335,0.13166666666666668,0.3933333333333333,0.2933333333333334,0.395,0.33,0.44166666666666665
STAD_AXIS_192,STAD,130,Quercetin | ALOX5/NFKB1,Quercetin,ALOX5,NFKB1,Fibroblast_CAF,0.4084100777679382,0.7212601861213345,0.0,0.0,0.5375,0.37625,0.5375,1.0,0.35,0.0,unprognostic (1.71e-1),0.171,0.0,unprognostic (2.80e-1),0.28,0.0,no_hit,,,0.0,0,0,,0.2738432320441989,target_class,tepoxalin,0.992655010727688,0.3221685082872928,5,17,ALOX5,0.16369485294117647,tf_or_regulator_class,Thalidomide,14.559,0.25183823529411764,1,33,CRBN:|:FGFR2:|:NFKB1:|:ORM1:|:ORM2:|:PTGS2:|:TNF,0.2738432320441989,0.24375952124634384,1,limited,0,1,0,0,matched_support_present,CMPD024770,0.355,0.295,0.435,0.18833333333333332,0.19833333333333333,0.20666666666666667,0.18666666666666668,0.445
STAD_AXIS_183,STAD,131,Kaempferol | ALOX5/RORA,Kaempferol,ALOX5,RORA,Fibroblast_CAF,0.4076687899558271,0.7633167984586083,0.0,0.0,0.5375,0.37625,0.5375,1.0,0.35,0.0,unprognostic (1.71e-1),0.171,0.0,unprognostic (1.07e-1),0.107,0.0,no_hit,,,0.0,0,0,,0.2738432320441989,target_class,tepoxalin,0.992655010727688,0.3221685082872928,5,17,ALOX5,0.09319852941176474,tf_or_regulator_class,SR1001,14.819,0.14338235294117652,1,33,RORA:|:RORC,0.2738432320441989,0.2261354403639909,1,limited,0,1,0,0,matched_support_present,CMPD024768,0.35,0.325,0.3133333333333333,0.135,0.09000000000000001,0.12666666666666668,0.26166666666666666,0.47833333333333333
STAD_AXIS_191,STAD,132,Eriodyctiol (flavanone) | HSP90AB1/HIF1A,Eriodyctiol (flavanone),HSP90AB1,HIF1A,Fibroblast_CAF,0.4066426392476417,0.7294701568515752,0.0,0.0,0.5375,0.37625,0.5375,1.0,0.35,0.0,unprognostic (1.53e-1),0.153,0.0,unprognostic (1.53e-3),0.00153,0.0,no_hit,,,0.0,0,0,,0.8133114640883978,target_class,NVP-AUY922,0.5123550692340035,0.9568370165745856,1,17,"HSP90AA1, HSP90AB1",0.0,no_hit,,,0.0,0,0,,0.8133114640883978,0.3377028660220994,2,limited,0,1,0,1,matched_support_present,CMPD025188,0.345,0.125,0.215,0.36000000000000004,0.09000000000000001,0.19666666666666666,0.39666666666666667,0.25833333333333336
STAD_AXIS_182,STAD,133,Stigmasterol | PLAU/RELA,Stigmasterol,PLAU,RELA,Fibroblast_CAF,0.4056972949205156,0.8027634798436195,0.0,0.0,0.5375,0.37625,0.5375,1.0,0.35,0.0,unprognostic (7.18e-2),0.0718,0.0,unprognostic (3.64e-1),0.364,0.0,no_hit,,,0.0,0,0,,0.6493266574585635,tf_or_regulator_class,triptolide,0.03441906103100975,0.99896408839779,5,17,RELA,0.5131893382352941,tf_or_regulator_class,Bortezomib,11.573,0.7895220588235294,2,33,Proteasome:|:PSMA1:|:PSMA2:|:PSMA3:|:PSMA4:|:PSMA5:|:PSMA6:|:PSMA7:|:PSMA8:|:PSMB1:|:PSMB10:|:PSMB11:|:PSMB2:|:PSMB3:|:PSMB4:|:PSMB5:|:PSMB6:|:PSMB7:|:PSMB8:|:PSMB9:|:PSMD1:|:PSMD2:|:RELA,0.6493266574585635,0.4250039989234644,3,moderate,0,1,1,1,matched_support_present,CMPD024773,0.34,0.2233333333333333,0.20833333333333334,0.3433333333333333,0.3016666666666667,0.21666666666666667,0.4766666666666666,0.34833333333333333
STAD_AXIS_171,STAD,134,Stepholidine | DRD1/FOS,Stepholidine,DRD1,FOS,Fibroblast_CAF,0.402868583016626,0.7064987240101327,0.0,0.0,0.45,0.37625,0.45,1.0,0.0,0.0,,,0.0,unprognostic (8.11e-3),0.00811,0.0,no_hit,,,0.0,0,0,,0.45640538674033143,target_class,aripiprazole,0.896837463951919,0.5369475138121547,6,17,"ADRA1A, ADRA1B, ADRA2A, ADRA2B, ADRA2C, CHRM1, CHRM2, CHRM3, CHRM4, CHRM5, DRD1, DRD2, DRD3, DRD4, DRD5, HRH1, HTR1A, HTR1B, HTR1D, HTR1E, HTR2A, HTR2C, HTR3A, HTR6, HTR7",0.46640624999999997,target_class,Prochlorperazine,13.27,0.5487132352941176,1,33,DRD1:|:DRD2:|:DRD3:|:DRD4,0.46640624999999997,0.34320290918508284,0,limited,0,1,0,0,matched_support_present,CMPD025173,0.335,0.17,0.16,0.21833333333333335,0.355,0.10833333333333334,0.245,0.40166666666666667
STAD_AXIS_147,STAD,135,Marmesinin | ACHE/SP1,Marmesinin,ACHE,SP1,T_NK_ILC,0.4022974232065026,0.5323895532085545,0.0,0.0,0.5375,0.37625,0.5375,1.0,0.35,0.0,unprognostic (3.58e-1),0.358,0.0,unprognostic (1.32e-1),0.132,0.0,no_hit,,,0.0,0,0,,0.33841505524861876,target_class,chlorpyrifos,0.949880907830941,0.39813535911602205,5,17,ACHE,0.4765625,target_class,PRIMA-1,13.209,0.5606617647058824,1,33,ACHE:|:TP53,0.4765625,0.3381193888121547,1,limited,0,1,0,0,matched_support_present,CMPD025216,0.33,0.18499999999999997,0.33666666666666667,0.09500000000000001,0.08166666666666667,0.13333333333333333,0.125,0.19833333333333333
STAD_AXIS_144,STAD,136,Kaempferol | ACHE/SP1,Kaempferol,ACHE,SP1,T_NK_ILC,0.4022573203585201,0.5323895532085545,0.0,0.0,0.5375,0.37625,0.5375,1.0,0.35,0.0,unprognostic (3.58e-1),0.358,0.0,unprognostic (1.32e-1),0.132,0.0,no_hit,,,0.0,0,0,,0.33841505524861876,target_class,chlorpyrifos,0.949880907830941,0.39813535911602205,5,17,ACHE,0.4765625,target_class,PRIMA-1,13.209,0.5606617647058824,1,33,ACHE:|:TP53,0.4765625,0.3381193888121547,1,limited,0,1,0,0,matched_support_present,CMPD024768,0.325,0.18166666666666667,0.27,0.024999999999999998,0.049999999999999996,0.065,0.10166666666666667,0.25
STAD_AXIS_169,STAD,137,Deltoin | ACHE/SP1,Deltoin,ACHE,SP1,T_NK_ILC,0.4021768044575745,0.5323895532085545,0.0,0.0,0.5375,0.37625,0.5375,1.0,0.35,0.0,unprognostic (3.58e-1),0.358,0.0,unprognostic (1.32e-1),0.132,0.0,no_hit,,,0.0,0,0,,0.33841505524861876,target_class,chlorpyrifos,0.949880907830941,0.39813535911602205,5,17,ACHE,0.4765625,target_class,PRIMA-1,13.209,0.5606617647058824,1,33,ACHE:|:TP53,0.4765625,0.3381193888121547,1,limited,0,1,0,0,matched_support_present,CMPD025264,0.32,0.27,0.29666666666666663,0.09499999999999999,0.22583333333333333,0.24666666666666667,0.10833333333333334,0.29833333333333334
STAD_AXIS_132,STAD,138,Tanshinone iia | ACHE/SP1,Tanshinone iia,ACHE,SP1,T_NK_ILC,0.4021515439661969,0.5323895532085545,0.0,0.0,0.5375,0.37625,0.5375,1.0,0.35,0.0,unprognostic (3.58e-1),0.358,0.0,unprognostic (1.32e-1),0.132,0.0,no_hit,,,0.0,0,0,,0.33841505524861876,target_class,chlorpyrifos,0.949880907830941,0.39813535911602205,5,17,ACHE,0.4765625,target_class,PRIMA-1,13.209,0.5606617647058824,1,33,ACHE:|:TP53,0.4765625,0.3381193888121547,1,limited,0,1,0,0,matched_support_present,CMPD025160,0.315,0.19999999999999998,0.37166666666666665,0.10666666666666667,0.056666666666666664,0.18000000000000002,0.12,0.17666666666666667
STAD_AXIS_168,STAD,139,Dihydrosanguinarine | ACHE/SP1,Dihydrosanguinarine,ACHE,SP1,T_NK_ILC,0.4021456279609778,0.5323895532085545,0.0,0.0,0.5375,0.37625,0.5375,1.0,0.35,0.0,unprognostic (3.58e-1),0.358,0.0,unprognostic (1.32e-1),0.132,0.0,no_hit,,,0.0,0,0,,0.33841505524861876,target_class,chlorpyrifos,0.949880907830941,0.39813535911602205,5,17,ACHE,0.4765625,target_class,PRIMA-1,13.209,0.5606617647058824,1,33,ACHE:|:TP53,0.4765625,0.3381193888121547,1,limited,0,1,0,0,matched_support_present,CMPD024843,0.31,0.205,0.35333333333333333,0.10333333333333333,0.1125,0.19666666666666666,0.11166666666666665,0.21666666666666667
STAD_AXIS_143,STAD,140,Corydalmine | ACHE/SP1,Corydalmine,ACHE,SP1,T_NK_ILC,0.4020490754759102,0.5323895532085545,0.0,0.0,0.5375,0.37625,0.5375,1.0,0.35,0.0,unprognostic (3.58e-1),0.358,0.0,unprognostic (1.32e-1),0.132,0.0,no_hit,,,0.0,0,0,,0.33841505524861876,target_class,chlorpyrifos,0.949880907830941,0.39813535911602205,5,17,ACHE,0.4765625,target_class,PRIMA-1,13.209,0.5606617647058824,1,33,ACHE:|:TP53,0.4765625,0.3381193888121547,1,limited,0,1,0,0,matched_support_present,CMPD026148,0.305,0.25,0.32166666666666666,0.06166666666666667,0.18833333333333332,0.22166666666666668,0.09500000000000001,0.2833333333333333
STAD_AXIS_170,STAD,141,Pectolinarigenin | ACHE/SP1,Pectolinarigenin,ACHE,SP1,T_NK_ILC,0.4020097105851427,0.5323895532085545,0.0,0.0,0.5375,0.37625,0.5375,1.0,0.35,0.0,unprognostic (3.58e-1),0.358,0.0,unprognostic (1.32e-1),0.132,0.0,no_hit,,,0.0,0,0,,0.33841505524861876,target_class,chlorpyrifos,0.949880907830941,0.39813535911602205,5,17,ACHE,0.4765625,target_class,PRIMA-1,13.209,0.5606617647058824,1,33,ACHE:|:TP53,0.4765625,0.3381193888121547,1,limited,0,1,0,0,matched_support_present,CMPD026190,0.3,0.25833333333333336,0.30666666666666664,0.10666666666666669,0.17666666666666667,0.24,0.11,0.2916666666666667
STAD_AXIS_145,STAD,142,"methyl (E)-2-[(2S,3Z,12bS)-3-ethylidene-2,4,6,7,12,12b-hexahydro-1H-indolo[3,2-h]quinolizin-2-yl]-3-methoxyprop-2-enoate | ACHE/SP1","methyl (E)-2-[(2S,3Z,12bS)-3-ethylidene-2,4,6,7,12,12b-hexahydro-1H-indolo[3,2-h]quinolizin-2-yl]-3-methoxyprop-2-enoate",ACHE,SP1,T_NK_ILC,0.4019541665631814,0.5323895532085545,0.0,0.0,0.5375,0.37625,0.5375,1.0,0.35,0.0,unprognostic (3.58e-1),0.358,0.0,unprognostic (1.32e-1),0.132,0.0,no_hit,,,0.0,0,0,,0.33841505524861876,target_class,chlorpyrifos,0.949880907830941,0.39813535911602205,5,17,ACHE,0.4765625,target_class,PRIMA-1,13.209,0.5606617647058824,1,33,ACHE:|:TP53,0.4765625,0.3381193888121547,1,limited,0,1,0,0,matched_support_present,CMPD025387,0.295,0.19499999999999998,0.37166666666666665,0.075,0.07333333333333333,0.17500000000000002,0.10166666666666667,0.20166666666666666
STAD_AXIS_142,STAD,143,Angustidine | ACHE/SP1,Angustidine,ACHE,SP1,T_NK_ILC,0.4018398111607366,0.5323895532085545,0.0,0.0,0.5375,0.37625,0.5375,1.0,0.35,0.0,unprognostic (3.58e-1),0.358,0.0,unprognostic (1.32e-1),0.132,0.0,no_hit,,,0.0,0,0,,0.33841505524861876,target_class,chlorpyrifos,0.949880907830941,0.39813535911602205,5,17,ACHE,0.4765625,target_class,PRIMA-1,13.209,0.5606617647058824,1,33,ACHE:|:TP53,0.4765625,0.3381193888121547,1,limited,0,1,0,0,matched_support_present,CMPD025384,0.29,0.24,0.2833333333333333,0.045000000000000005,0.13833333333333334,0.13166666666666668,0.09499999999999999,0.2733333333333333
STAD_AXIS_146,STAD,144,Decursin | ACHE/SP1,Decursin,ACHE,SP1,T_NK_ILC,0.4016353220179404,0.5323895532085545,0.0,0.0,0.5375,0.37625,0.5375,1.0,0.35,0.0,unprognostic (3.58e-1),0.358,0.0,unprognostic (1.32e-1),0.132,0.0,no_hit,,,0.0,0,0,,0.33841505524861876,target_class,chlorpyrifos,0.949880907830941,0.39813535911602205,5,17,ACHE,0.4765625,target_class,PRIMA-1,13.209,0.5606617647058824,1,33,ACHE:|:TP53,0.4765625,0.3381193888121547,1,limited,0,1,0,0,matched_support_present,CMPD025251,0.285,0.26999999999999996,0.33,0.05333333333333334,0.17666666666666667,0.23500000000000001,0.08333333333333333,0.305
STAD_AXIS_126,STAD,145,3-hydroxy-4-methoxy-acetophenone | PLAU/RELA,3-hydroxy-4-methoxy-acetophenone,PLAU,RELA,Fibroblast_CAF,0.3997418424031972,0.8027634798436195,0.0,0.0,0.5375,0.37625,0.5375,1.0,0.35,0.0,unprognostic (7.18e-2),0.0718,0.0,unprognostic (3.64e-1),0.364,0.0,no_hit,,,0.0,0,0,,0.6493266574585635,tf_or_regulator_class,triptolide,0.03441906103100975,0.99896408839779,5,17,RELA,0.5131893382352941,tf_or_regulator_class,Bortezomib,11.573,0.7895220588235294,2,33,Proteasome:|:PSMA1:|:PSMA2:|:PSMA3:|:PSMA4:|:PSMA5:|:PSMA6:|:PSMA7:|:PSMA8:|:PSMB1:|:PSMB10:|:PSMB11:|:PSMB2:|:PSMB3:|:PSMB4:|:PSMB5:|:PSMB6:|:PSMB7:|:PSMB8:|:PSMB9:|:PSMD1:|:PSMD2:|:RELA,0.6493266574585635,0.4250039989234644,3,moderate,0,1,1,1,matched_support_present,CMPD027440,0.28,0.16666666666666666,0.29333333333333333,0.43333333333333335,0.2733333333333334,0.26333333333333336,0.40166666666666667,0.17333333333333334
STAD_AXIS_138,STAD,146,"3',4',7-trihydroxyflavanone | PLAU/RELA","3',4',7-trihydroxyflavanone",PLAU,RELA,Fibroblast_CAF,0.399636296762159,0.8027634798436195,0.0,0.0,0.5375,0.37625,0.5375,1.0,0.35,0.0,unprognostic (7.18e-2),0.0718,0.0,unprognostic (3.64e-1),0.364,0.0,no_hit,,,0.0,0,0,,0.6493266574585635,tf_or_regulator_class,triptolide,0.03441906103100975,0.99896408839779,5,17,RELA,0.5131893382352941,tf_or_regulator_class,Bortezomib,11.573,0.7895220588235294,2,33,Proteasome:|:PSMA1:|:PSMA2:|:PSMA3:|:PSMA4:|:PSMA5:|:PSMA6:|:PSMA7:|:PSMA8:|:PSMB1:|:PSMB10:|:PSMB11:|:PSMB2:|:PSMB3:|:PSMB4:|:PSMB5:|:PSMB6:|:PSMB7:|:PSMB8:|:PSMB9:|:PSMD1:|:PSMD2:|:RELA,0.6493266574585635,0.4250039989234644,3,moderate,0,1,1,1,matched_support_present,CMPD025566,0.275,0.16333333333333333,0.11833333333333333,0.3333333333333333,0.24166666666666667,0.17,0.3833333333333333,0.26166666666666666
STAD_AXIS_123,STAD,147,Podocarpusflavone A | BACE1/RELA,Podocarpusflavone A,BACE1,RELA,Fibroblast_CAF,0.3996209493525656,0.7757791655943417,0.0,0.0,0.5375,0.37625,0.5375,1.0,0.35,0.0,unprognostic (3.13e-2),0.0313,0.0,unprognostic (3.64e-1),0.364,0.0,no_hit,,,0.0,0,0,,0.6493266574585635,tf_or_regulator_class,triptolide,0.03441906103100975,0.99896408839779,5,17,RELA,0.5131893382352941,tf_or_regulator_class,Bortezomib,11.573,0.7895220588235294,2,33,Proteasome:|:PSMA1:|:PSMA2:|:PSMA3:|:PSMA4:|:PSMA5:|:PSMA6:|:PSMA7:|:PSMA8:|:PSMB1:|:PSMB10:|:PSMB11:|:PSMB2:|:PSMB3:|:PSMB4:|:PSMB5:|:PSMB6:|:PSMB7:|:PSMB8:|:PSMB9:|:PSMD1:|:PSMD2:|:RELA,0.6493266574585635,0.4250039989234644,3,moderate,0,1,1,1,matched_support_present,CMPD011207,0.27,0.16833333333333333,0.07916666666666666,0.365,0.4033333333333333,0.215,0.35333333333333333,0.145
STAD_AXIS_121,STAD,148,Luteolin | BACE1/RELA,Luteolin,BACE1,RELA,Fibroblast_CAF,0.3996061762432096,0.7757791655943417,0.0,0.0,0.5375,0.37625,0.5375,1.0,0.35,0.0,unprognostic (3.13e-2),0.0313,0.0,unprognostic (3.64e-1),0.364,0.0,no_hit,,,0.0,0,0,,0.6493266574585635,tf_or_regulator_class,triptolide,0.03441906103100975,0.99896408839779,5,17,RELA,0.5131893382352941,tf_or_regulator_class,Bortezomib,11.573,0.7895220588235294,2,33,Proteasome:|:PSMA1:|:PSMA2:|:PSMA3:|:PSMA4:|:PSMA5:|:PSMA6:|:PSMA7:|:PSMA8:|:PSMB1:|:PSMB10:|:PSMB11:|:PSMB2:|:PSMB3:|:PSMB4:|:PSMB5:|:PSMB6:|:PSMB7:|:PSMB8:|:PSMB9:|:PSMD1:|:PSMD2:|:RELA,0.6493266574585635,0.4250039989234644,3,moderate,0,1,1,1,matched_support_present,CMPD024820,0.265,0.04666666666666667,0.23666666666666666,0.12,0.15833333333333333,0.08833333333333333,0.33,0.10833333333333334
STAD_AXIS_122,STAD,149,Bergaptin | BACE1/RELA,Bergaptin,BACE1,RELA,Fibroblast_CAF,0.3995389108914338,0.7757791655943417,0.0,0.0,0.5375,0.37625,0.5375,1.0,0.35,0.0,unprognostic (3.13e-2),0.0313,0.0,unprognostic (3.64e-1),0.364,0.0,no_hit,,,0.0,0,0,,0.6493266574585635,tf_or_regulator_class,triptolide,0.03441906103100975,0.99896408839779,5,17,RELA,0.5131893382352941,tf_or_regulator_class,Bortezomib,11.573,0.7895220588235294,2,33,Proteasome:|:PSMA1:|:PSMA2:|:PSMA3:|:PSMA4:|:PSMA5:|:PSMA6:|:PSMA7:|:PSMA8:|:PSMB1:|:PSMB10:|:PSMB11:|:PSMB2:|:PSMB3:|:PSMB4:|:PSMB5:|:PSMB6:|:PSMB7:|:PSMB8:|:PSMB9:|:PSMD1:|:PSMD2:|:RELA,0.6493266574585635,0.4250039989234644,3,moderate,0,1,1,1,matched_support_present,CMPD024977,0.26,0.17333333333333334,0.0825,0.3666666666666667,0.3983333333333334,0.22,0.34833333333333333,0.15
STAD_AXIS_133,STAD,150,Myricetin | BACE1/RELA,Myricetin,BACE1,RELA,Fibroblast_CAF,0.3987217240158668,0.7757791655943417,0.0,0.0,0.5375,0.37625,0.5375,1.0,0.35,0.0,unprognostic (3.13e-2),0.0313,0.0,unprognostic (3.64e-1),0.364,0.0,no_hit,,,0.0,0,0,,0.6571132596685083,direct_compound,dihydromyricetin,0.858323865391774,0.6571132596685083,1,13,nan,0.5131893382352941,tf_or_regulator_class,Bortezomib,11.573,0.7895220588235294,2,33,Proteasome:|:PSMA1:|:PSMA2:|:PSMA3:|:PSMA4:|:PSMA5:|:PSMA6:|:PSMA7:|:PSMA8:|:PSMB1:|:PSMB10:|:PSMB11:|:PSMB2:|:PSMB3:|:PSMB4:|:PSMB5:|:PSMB6:|:PSMB7:|:PSMB8:|:PSMB9:|:PSMD1:|:PSMD2:|:RELA,0.6571132596685083,0.4269506494759506,3,moderate,1,1,1,1,matched_support_present,CMPD015728,0.255,0.12166666666666666,0.09666666666666668,0.18500000000000003,0.35333333333333333,0.11166666666666668,0.32,0.13999999999999999
STAD_AXIS_134,STAD,151,Curcumin | BACE1/RELA,Curcumin,BACE1,RELA,Fibroblast_CAF,0.3986828640468282,0.7757791655943417,0.0,0.0,0.5375,0.37625,0.5375,1.0,0.35,0.0,unprognostic (3.13e-2),0.0313,0.0,unprognostic (3.64e-1),0.364,0.0,no_hit,,,0.0,0,0,,0.7234116022099448,direct_compound,curcumin,0.8267721964036365,0.7234116022099448,1,16,"APP, CA1, CA12, CA14, CA2, CA4, CA6, CA9, CYP3A4, DNMT3B, EP300, MMP13, MMP9, NOS2, PTGS1, PTGS2, XDH",0.7288602941176471,direct_compound,Curcumin,12.075,0.7288602941176471,1,33,APP:|:CA1:|:CA12:|:CA14:|:CA2:|:CA4:|:CA6:|:CA9:|:CYP3A4:|:DNMT3B:|:EP300:|:MMP13:|:MMP9:|:NOS2:|:PTGS1:|:PTGS2:|:XDH,0.7288602941176471,0.49744297408189797,3,moderate,1,0,1,1,matched_support_present,CMPD021553,0.25,0.25666666666666665,0.145,0.40499999999999997,0.45,0.2833333333333334,0.3433333333333333,0.19000000000000003
STAD_AXIS_117,STAD,152,Quercetin | MMP9/AHR,Quercetin,MMP9,AHR,Fibroblast_CAF,0.3986279379425433,0.6991386739203065,0.0,0.0,0.5375,0.37625,0.5375,1.0,0.35,0.0,unprognostic (3.13e-1),0.313,0.0,unprognostic (2.11e-1),0.211,0.0,no_hit,,,0.0,0,0,,0.6824067679558011,target_class,marimastat,0.77698054815304,0.8028314917127072,5,17,"MMP1, MMP10, MMP11, MMP12, MMP13, MMP14, MMP15, MMP16, MMP17, MMP19, MMP2, MMP20, MMP21, MMP23A, MMP24, MMP25, MMP26, MMP27, MMP28, MMP3, MMP7, MMP8, MMP9",0.61953125,target_class,Curcumin,12.075,0.7288602941176471,1,33,APP:|:CA1:|:CA12:|:CA14:|:CA2:|:CA4:|:CA6:|:CA9:|:CYP3A4:|:DNMT3B:|:EP300:|:MMP13:|:MMP9:|:NOS2:|:PTGS1:|:PTGS2:|:XDH,0.6824067679558011,0.4598595044889503,3,moderate,0,1,1,1,matched_support_present,CMPD024770,0.245,0.35000000000000003,0.45999999999999996,0.26333333333333336,0.22833333333333336,0.23166666666666666,0.14833333333333332,0.4566666666666667
STAD_AXIS_179,STAD,153,Apigenin | BACE1/RELA,Apigenin,BACE1,RELA,Fibroblast_CAF,0.3979779469395932,0.7757791655943417,0.0,0.0,0.5375,0.37625,0.5375,1.0,0.35,0.0,unprognostic (3.13e-2),0.0313,0.0,unprognostic (3.64e-1),0.364,0.0,no_hit,,,0.0,0,0,,0.6493266574585635,tf_or_regulator_class,triptolide,0.03441906103100975,0.99896408839779,5,17,RELA,0.5131893382352941,tf_or_regulator_class,Bortezomib,11.573,0.7895220588235294,2,33,Proteasome:|:PSMA1:|:PSMA2:|:PSMA3:|:PSMA4:|:PSMA5:|:PSMA6:|:PSMA7:|:PSMA8:|:PSMB1:|:PSMB10:|:PSMB11:|:PSMB2:|:PSMB3:|:PSMB4:|:PSMB5:|:PSMB6:|:PSMB7:|:PSMB8:|:PSMB9:|:PSMD1:|:PSMD2:|:RELA,0.6493266574585635,0.4250039989234644,3,moderate,0,1,1,1,matched_support_present,CMPD012823,0.24,0.07666666666666666,0.19666666666666666,0.16,0.25,0.13166666666666668,0.32666666666666666,0.06
STAD_AXIS_181,STAD,154,Eugeniin | BACE1/RELA,Eugeniin,BACE1,RELA,Fibroblast_CAF,0.3978843885433991,0.7757791655943417,0.0,0.0,0.5375,0.37625,0.5375,1.0,0.35,0.0,unprognostic (3.13e-2),0.0313,0.0,unprognostic (3.64e-1),0.364,0.0,no_hit,,,0.0,0,0,,0.6493266574585635,tf_or_regulator_class,triptolide,0.03441906103100975,0.99896408839779,5,17,RELA,0.5131893382352941,tf_or_regulator_class,Bortezomib,11.573,0.7895220588235294,2,33,Proteasome:|:PSMA1:|:PSMA2:|:PSMA3:|:PSMA4:|:PSMA5:|:PSMA6:|:PSMA7:|:PSMA8:|:PSMB1:|:PSMB10:|:PSMB11:|:PSMB2:|:PSMB3:|:PSMB4:|:PSMB5:|:PSMB6:|:PSMB7:|:PSMB8:|:PSMB9:|:PSMD1:|:PSMD2:|:RELA,0.6493266574585635,0.4250039989234644,3,moderate,0,1,1,1,matched_support_present,CMPD010794,0.235,0.12166666666666666,0.20166666666666666,0.34833333333333333,0.35833333333333334,0.2316666666666667,0.3466666666666667,0.05666666666666667
STAD_AXIS_180,STAD,155,Catechin | BACE1/RELA,Catechin,BACE1,RELA,Fibroblast_CAF,0.397780219703566,0.7757791655943417,0.0,0.0,0.5375,0.37625,0.5375,1.0,0.35,0.0,unprognostic (3.13e-2),0.0313,0.0,unprognostic (3.64e-1),0.364,0.0,no_hit,,,0.0,0,0,,0.6493266574585635,tf_or_regulator_class,triptolide,0.03441906103100975,0.99896408839779,5,17,RELA,0.5131893382352941,tf_or_regulator_class,Bortezomib,11.573,0.7895220588235294,2,33,Proteasome:|:PSMA1:|:PSMA2:|:PSMA3:|:PSMA4:|:PSMA5:|:PSMA6:|:PSMA7:|:PSMA8:|:PSMB1:|:PSMB10:|:PSMB11:|:PSMB2:|:PSMB3:|:PSMB4:|:PSMB5:|:PSMB6:|:PSMB7:|:PSMB8:|:PSMB9:|:PSMD1:|:PSMD2:|:RELA,0.6493266574585635,0.4250039989234644,3,moderate,0,1,1,1,matched_support_present,CMPD025017,0.23,0.10500000000000002,0.17,0.42,0.34,0.2733333333333334,0.3516666666666666,0.07666666666666666
STAD_AXIS_137,STAD,156,"3',4',7-trihydroxyflavanone | PLAU/GTF3A","3',4',7-trihydroxyflavanone",PLAU,GTF3A,Fibroblast_CAF,0.3954915665837787,0.7991736594746827,0.0,0.0,0.5375,0.37625,0.5375,1.0,0.35,0.0,unprognostic (7.18e-2),0.0718,0.0,unprognostic (1.11e-1),0.111,0.0,no_hit,,,0.0,0,0,,0.0,no_hit,,,0.0,0,0,,0.0,no_hit,,,0.0,0,0,,0.0,0.134375,1,weak_or_absent,0,0,0,0,matched_support_present,CMPD025566,0.225,0.29,0.17333333333333334,0.29,0.23833333333333337,0.225,0.2733333333333333,0.37166666666666665
STAD_AXIS_187,STAD,157,Quercetin | PLAU/EGR1,Quercetin,PLAU,EGR1,Fibroblast_CAF,0.3951659966466753,0.7695255652886533,0.0,0.0,0.5375,0.37625,0.5375,1.0,0.35,0.0,unprognostic (7.18e-2),0.0718,0.0,unprognostic (1.94e-2),0.0194,0.0,no_hit,,,0.0,0,0,,0.0,no_hit,,,0.0,0,0,,0.0,no_hit,,,0.0,0,0,,0.0,0.134375,1,weak_or_absent,0,0,0,0,matched_support_present,CMPD024770,0.22,0.27166666666666667,0.3466666666666667,0.12833333333333333,0.14,0.20833333333333334,0.20666666666666667,0.3233333333333333
STAD_AXIS_149,STAD,158,Quercetin | PLAU/JUND,Quercetin,PLAU,JUND,Fibroblast_CAF,0.3948874157090116,0.7591239846689563,0.0,0.0,0.5375,0.37625,0.5375,1.0,0.35,0.0,unprognostic (7.18e-2),0.0718,0.0,unprognostic (1.29e-1),0.129,0.0,no_hit,,,0.0,0,0,,0.0,no_hit,,,0.0,0,0,,0.0,no_hit,,,0.0,0,0,,0.0,0.134375,1,weak_or_absent,0,0,0,0,matched_support_present,CMPD024770,0.215,0.3033333333333333,0.35166666666666674,0.11666666666666665,0.1366666666666667,0.215,0.16166666666666665,0.4583333333333333
STAD_AXIS_125,STAD,159,3-hydroxy-4-methoxy-acetophenone | PLAU/GTF3A,3-hydroxy-4-methoxy-acetophenone,PLAU,GTF3A,Fibroblast_CAF,0.394518699526242,0.7991736594746827,0.0,0.0,0.5375,0.37625,0.5375,1.0,0.35,0.0,unprognostic (7.18e-2),0.0718,0.0,unprognostic (1.11e-1),0.111,0.0,no_hit,,,0.0,0,0,,0.0,no_hit,,,0.0,0,0,,0.0,no_hit,,,0.0,0,0,,0.0,0.134375,1,weak_or_absent,0,0,0,0,matched_support_present,CMPD027440,0.21,0.355,0.3016666666666667,0.3466666666666667,0.21,0.3233333333333333,0.31666666666666665,0.27
STAD_AXIS_188,STAD,160,Uosolic Acid | RELA/RELA,Uosolic Acid,RELA,RELA,Fibroblast_CAF,0.3896475221439345,0.7170672649778081,0.0,0.0,0.5375,0.37625,0.5375,1.0,0.35,0.0,unprognostic (3.64e-1),0.364,0.0,unprognostic (3.64e-1),0.364,0.0,no_hit,,,0.0,0,0,,0.8491194751381215,target_class,triptolide,0.03441906103100975,0.99896408839779,5,17,RELA,0.67109375,target_class,Bortezomib,11.573,0.7895220588235294,2,33,Proteasome:|:PSMA1:|:PSMA2:|:PSMA3:|:PSMA4:|:PSMA5:|:PSMA6:|:PSMA7:|:PSMA8:|:PSMB1:|:PSMB10:|:PSMB11:|:PSMB2:|:PSMB3:|:PSMB4:|:PSMB5:|:PSMB6:|:PSMB7:|:PSMB8:|:PSMB9:|:PSMD1:|:PSMD2:|:RELA,0.8491194751381215,0.5144283062845303,3,moderate,0,1,1,1,matched_support_present,CMPD015725,0.205,0.25833333333333336,0.3583333333333334,0.40499999999999997,0.3383333333333334,0.29333333333333333,0.15833333333333333,0.09833333333333334
STAD_AXIS_131,STAD,161,"Kampferol-3,4'-dimethyl ether | CYP1B1/AHR","Kampferol-3,4'-dimethyl ether",CYP1B1,AHR,Fibroblast_CAF,0.3889014728116256,0.7983003511548469,0.0,0.0,0.7775,0.37625,0.7775,1.0,0.35,0.8,potential prognostic unfavorable (1.61e-4),0.000161,0.0,unprognostic (2.11e-1),0.211,0.0,no_hit,,,0.0,0,0,,0.5492230662983425,tf_or_regulator_class,mexiletine,0.7363321788523876,0.8449585635359116,4,17,"AHR, SCN4A, SCN5A",0.35188419117647063,tf_or_regulator_class,StemRegenin 1,13.279,0.5413602941176471,2,33,AHR,0.5492230662983425,0.41965181436870325,2,moderate,0,1,1,1,matched_support_present,CMPD011790,0.2,0.4066666666666667,0.24,0.295,0.375,0.4466666666666666,0.29333333333333333,0.30333333333333334
STAD_AXIS_175,STAD,162,"methyl (E)-2-[(2S,3Z,12bS)-3-ethylidene-2,4,6,7,12,12b-hexahydro-1H-indolo[3,2-h]quinolizin-2-yl]-3-methoxyprop-2-enoate | ACHE/JUN","methyl (E)-2-[(2S,3Z,12bS)-3-ethylidene-2,4,6,7,12,12b-hexahydro-1H-indolo[3,2-h]quinolizin-2-yl]-3-methoxyprop-2-enoate",ACHE,JUN,T_NK_ILC,0.3888326528571719,0.482782514430073,0.0,0.0,0.5375,0.37625,0.5375,1.0,0.35,0.0,unprognostic (3.58e-1),0.358,0.0,unprognostic (2.48e-2),0.0248,0.0,no_hit,,,0.0,0,0,,0.6407976519337016,tf_or_regulator_class,vinblastine,0.344311066090248,0.9858425414364641,2,17,"JUN, TUBA1A, TUBB, TUBD1, TUBE1, TUBG1",0.4765625,target_class,PRIMA-1,13.209,0.5606617647058824,1,33,ACHE:|:TP53,0.6407976519337016,0.4137150379834254,2,moderate,0,1,1,1,matched_support_present,CMPD025387,0.195,0.13749999999999998,0.3383333333333333,0.10666666666666665,0.10333333333333333,0.12333333333333334,0.06,0.04666666666666667
STAD_AXIS_130,STAD,163,Karanjin | CYP1B1/AHR,Karanjin,CYP1B1,AHR,Fibroblast_CAF,0.388827749937891,0.7983003511548469,0.0,0.0,0.7775,0.37625,0.7775,1.0,0.35,0.8,potential prognostic unfavorable (1.61e-4),0.000161,0.0,unprognostic (2.11e-1),0.211,0.0,no_hit,,,0.0,0,0,,0.5492230662983425,tf_or_regulator_class,mexiletine,0.7363321788523876,0.8449585635359116,4,17,"AHR, SCN4A, SCN5A",0.35188419117647063,tf_or_regulator_class,StemRegenin 1,13.279,0.5413602941176471,2,33,AHR,0.5492230662983425,0.41965181436870325,2,moderate,0,1,1,1,matched_support_present,CMPD025266,0.19,0.455,0.27166666666666667,0.3133333333333333,0.38833333333333336,0.4266666666666667,0.24333333333333332,0.3516666666666666
STAD_AXIS_128,STAD,164,Flavonol | CYP1B1/AHR,Flavonol,CYP1B1,AHR,Fibroblast_CAF,0.3888051943288235,0.7983003511548469,0.0,0.0,0.7775,0.37625,0.7775,1.0,0.35,0.8,potential prognostic unfavorable (1.61e-4),0.000161,0.0,unprognostic (2.11e-1),0.211,0.0,no_hit,,,0.0,0,0,,0.5492230662983425,tf_or_regulator_class,mexiletine,0.7363321788523876,0.8449585635359116,4,17,"AHR, SCN4A, SCN5A",0.35188419117647063,tf_or_regulator_class,StemRegenin 1,13.279,0.5413602941176471,2,33,AHR,0.5492230662983425,0.41965181436870325,2,moderate,0,1,1,1,matched_support_present,CMPD010476,0.185,0.3216666666666667,0.295,0.32666666666666666,0.2816666666666667,0.39999999999999997,0.26,0.24833333333333332
STAD_AXIS_129,STAD,165,Tamarixetin | CYP1B1/AHR,Tamarixetin,CYP1B1,AHR,Fibroblast_CAF,0.3887753762476474,0.7983003511548469,0.0,0.0,0.7775,0.37625,0.7775,1.0,0.35,0.8,potential prognostic unfavorable (1.61e-4),0.000161,0.0,unprognostic (2.11e-1),0.211,0.0,no_hit,,,0.0,0,0,,0.5492230662983425,tf_or_regulator_class,mexiletine,0.7363321788523876,0.8449585635359116,4,17,"AHR, SCN4A, SCN5A",0.35188419117647063,tf_or_regulator_class,StemRegenin 1,13.279,0.5413602941176471,2,33,AHR,0.5492230662983425,0.41965181436870325,2,moderate,0,1,1,1,matched_support_present,CMPD025924,0.18,0.3666666666666667,0.34833333333333333,0.25666666666666665,0.3033333333333333,0.3866666666666667,0.28833333333333333,0.225
STAD_AXIS_186,STAD,166,Deltoin | ACHE/JUN,Deltoin,ACHE,JUN,T_NK_ILC,0.3886091652248914,0.482782514430073,0.0,0.0,0.5375,0.37625,0.5375,1.0,0.35,0.0,unprognostic (3.58e-1),0.358,0.0,unprognostic (2.48e-2),0.0248,0.0,no_hit,,,0.0,0,0,,0.6407976519337016,tf_or_regulator_class,vinblastine,0.344311066090248,0.9858425414364641,2,17,"JUN, TUBA1A, TUBB, TUBD1, TUBE1, TUBG1",0.4765625,target_class,PRIMA-1,13.209,0.5606617647058824,1,33,ACHE:|:TP53,0.6407976519337016,0.4137150379834254,2,moderate,0,1,1,1,matched_support_present,CMPD025264,0.175,0.22499999999999998,0.265,0.11333333333333334,0.23416666666666666,0.19333333333333336,0.04,0.135
STAD_AXIS_185,STAD,167,Dihydrosanguinarine | ACHE/JUN,Dihydrosanguinarine,ACHE,JUN,T_NK_ILC,0.3885993824919957,0.482782514430073,0.0,0.0,0.5375,0.37625,0.5375,1.0,0.35,0.0,unprognostic (3.58e-1),0.358,0.0,unprognostic (2.48e-2),0.0248,0.0,no_hit,,,0.0,0,0,,0.6407976519337016,tf_or_regulator_class,vinblastine,0.344311066090248,0.9858425414364641,2,17,"JUN, TUBA1A, TUBB, TUBD1, TUBE1, TUBG1",0.4765625,target_class,PRIMA-1,13.209,0.5606617647058824,1,33,ACHE:|:TP53,0.6407976519337016,0.4137150379834254,2,moderate,0,1,1,1,matched_support_present,CMPD024843,0.17,0.15166666666666667,0.33,0.12166666666666666,0.1225,0.15166666666666667,0.049999999999999996,0.06999999999999999
STAD_AXIS_184,STAD,168,Pectolinarigenin | ACHE/JUN,Pectolinarigenin,ACHE,JUN,T_NK_ILC,0.3885709439449266,0.482782514430073,0.0,0.0,0.5375,0.37625,0.5375,1.0,0.35,0.0,unprognostic (3.58e-1),0.358,0.0,unprognostic (2.48e-2),0.0248,0.0,no_hit,,,0.0,0,0,,0.6407976519337016,tf_or_regulator_class,vinblastine,0.344311066090248,0.9858425414364641,2,17,"JUN, TUBA1A, TUBB, TUBD1, TUBE1, TUBG1",0.4765625,target_class,PRIMA-1,13.209,0.5606617647058824,1,33,ACHE:|:TP53,0.6407976519337016,0.4137150379834254,2,moderate,0,1,1,1,matched_support_present,CMPD026190,0.165,0.20666666666666667,0.27,0.11333333333333334,0.20166666666666666,0.18666666666666668,0.04666666666666667,0.12166666666666666
STAD_AXIS_174,STAD,169,Marmesinin | ACHE/JUN,Marmesinin,ACHE,JUN,T_NK_ILC,0.3884987062029061,0.482782514430073,0.0,0.0,0.5375,0.37625,0.5375,1.0,0.35,0.0,unprognostic (3.58e-1),0.358,0.0,unprognostic (2.48e-2),0.0248,0.0,no_hit,,,0.0,0,0,,0.6407976519337016,tf_or_regulator_class,vinblastine,0.344311066090248,0.9858425414364641,2,17,"JUN, TUBA1A, TUBB, TUBD1, TUBE1, TUBG1",0.4765625,target_class,PRIMA-1,13.209,0.5606617647058824,1,33,ACHE:|:TP53,0.6407976519337016,0.4137150379834254,2,moderate,0,1,1,1,matched_support_present,CMPD025216,0.16,0.14416666666666667,0.31083333333333335,0.11666666666666665,0.09999999999999999,0.10333333333333333,0.04,0.05833333333333333
STAD_AXIS_173,STAD,170,Corydalmine | ACHE/JUN,Corydalmine,ACHE,JUN,T_NK_ILC,0.3884964104721582,0.482782514430073,0.0,0.0,0.5375,0.37625,0.5375,1.0,0.35,0.0,unprognostic (3.58e-1),0.358,0.0,unprognostic (2.48e-2),0.0248,0.0,no_hit,,,0.0,0,0,,0.6407976519337016,tf_or_regulator_class,vinblastine,0.344311066090248,0.9858425414364641,2,17,"JUN, TUBA1A, TUBB, TUBD1, TUBE1, TUBG1",0.4765625,target_class,PRIMA-1,13.209,0.5606617647058824,1,33,ACHE:|:TP53,0.6407976519337016,0.4137150379834254,2,moderate,0,1,1,1,matched_support_present,CMPD026148,0.155,0.21,0.28583333333333333,0.08666666666666667,0.21166666666666667,0.17333333333333334,0.028333333333333335,0.12666666666666668
STAD_AXIS_177,STAD,171,Angustidine | ACHE/JUN,Angustidine,ACHE,JUN,T_NK_ILC,0.3883405347055519,0.482782514430073,0.0,0.0,0.5375,0.37625,0.5375,1.0,0.35,0.0,unprognostic (3.58e-1),0.358,0.0,unprognostic (2.48e-2),0.0248,0.0,no_hit,,,0.0,0,0,,0.6407976519337016,tf_or_regulator_class,vinblastine,0.344311066090248,0.9858425414364641,2,17,"JUN, TUBA1A, TUBB, TUBD1, TUBE1, TUBG1",0.4765625,target_class,PRIMA-1,13.209,0.5606617647058824,1,33,ACHE:|:TP53,0.6407976519337016,0.4137150379834254,2,moderate,0,1,1,1,matched_support_present,CMPD025384,0.15,0.20166666666666666,0.24833333333333332,0.07,0.16166666666666665,0.09500000000000001,0.03833333333333333,0.10666666666666667
STAD_AXIS_178,STAD,172,Kaempferol | ACHE/JUN,Kaempferol,ACHE,JUN,T_NK_ILC,0.3883153301724376,0.482782514430073,0.0,0.0,0.5375,0.37625,0.5375,1.0,0.35,0.0,unprognostic (3.58e-1),0.358,0.0,unprognostic (2.48e-2),0.0248,0.0,no_hit,,,0.0,0,0,,0.6407976519337016,tf_or_regulator_class,vinblastine,0.344311066090248,0.9858425414364641,2,17,"JUN, TUBA1A, TUBB, TUBD1, TUBE1, TUBG1",0.4765625,target_class,PRIMA-1,13.209,0.5606617647058824,1,33,ACHE:|:TP53,0.6407976519337016,0.4137150379834254,2,moderate,0,1,1,1,matched_support_present,CMPD024768,0.145,0.17333333333333334,0.26499999999999996,0.02666666666666667,0.05666666666666667,0.049999999999999996,0.03166666666666667,0.10166666666666667
STAD_AXIS_176,STAD,173,Decursin | ACHE/JUN,Decursin,ACHE,JUN,T_NK_ILC,0.3879922266763709,0.482782514430073,0.0,0.0,0.5375,0.37625,0.5375,1.0,0.35,0.0,unprognostic (3.58e-1),0.358,0.0,unprognostic (2.48e-2),0.0248,0.0,no_hit,,,0.0,0,0,,0.6407976519337016,tf_or_regulator_class,vinblastine,0.344311066090248,0.9858425414364641,2,17,"JUN, TUBA1A, TUBB, TUBD1, TUBE1, TUBG1",0.4765625,target_class,PRIMA-1,13.209,0.5606617647058824,1,33,ACHE:|:TP53,0.6407976519337016,0.4137150379834254,2,moderate,0,1,1,1,matched_support_present,CMPD025251,0.14,0.22666666666666668,0.2916666666666667,0.08166666666666667,0.20166666666666666,0.18166666666666667,0.018333333333333333,0.1416666666666667
STAD_AXIS_127,STAD,174,Kaempferol | AHR/NR1H3,Kaempferol,AHR,NR1H3,Myeloid,0.3878801455071073,0.5641016609905113,0.0,0.0,0.5375,0.37625,0.5375,1.0,0.35,0.0,unprognostic (2.11e-1),0.211,0.0,unprognostic (1.47e-1),0.147,0.0,no_hit,,,0.0,0,0,,0.7182147790055249,target_class,mexiletine,0.7363321788523876,0.8449585635359116,4,17,"AHR, SCN4A, SCN5A",0.46015625,target_class,StemRegenin 1,13.279,0.5413602941176471,2,33,AHR,0.7182147790055249,0.4289677572513812,2,moderate,0,1,1,1,matched_support_present,CMPD024768,0.135,0.26333333333333336,0.2383333333333333,0.165,0.165,0.10166666666666667,0.10333333333333333,0.3433333333333333
STAD_AXIS_161,STAD,175,Alizarin | CYP1B1/AHR,Alizarin,CYP1B1,AHR,Fibroblast_CAF,0.3873112016477865,0.7983003511548469,0.0,0.0,0.7775,0.37625,0.7775,1.0,0.35,0.8,potential prognostic unfavorable (1.61e-4),0.000161,0.0,unprognostic (2.11e-1),0.211,0.0,no_hit,,,0.0,0,0,,0.5492230662983425,tf_or_regulator_class,mexiletine,0.7363321788523876,0.8449585635359116,4,17,"AHR, SCN4A, SCN5A",0.35188419117647063,tf_or_regulator_class,StemRegenin 1,13.279,0.5413602941176471,2,33,AHR,0.5492230662983425,0.41965181436870325,2,moderate,0,1,1,1,matched_support_present,CMPD004403,0.13,0.3183333333333333,0.17833333333333332,0.3166666666666667,0.3416666666666666,0.38000000000000006,0.26166666666666666,0.23
STAD_AXIS_162,STAD,176,Flavone | CYP1B1/AHR,Flavone,CYP1B1,AHR,Fibroblast_CAF,0.3872714007684521,0.7983003511548469,0.0,0.0,0.7775,0.37625,0.7775,1.0,0.35,0.8,potential prognostic unfavorable (1.61e-4),0.000161,0.0,unprognostic (2.11e-1),0.211,0.0,no_hit,,,0.0,0,0,,0.5492230662983425,tf_or_regulator_class,mexiletine,0.7363321788523876,0.8449585635359116,4,17,"AHR, SCN4A, SCN5A",0.35188419117647063,tf_or_regulator_class,StemRegenin 1,13.279,0.5413602941176471,2,33,AHR,0.5492230662983425,0.41965181436870325,2,moderate,0,1,1,1,matched_support_present,CMPD004090,0.125,0.2333333333333333,0.23666666666666666,0.3516666666666666,0.2516666666666667,0.34,0.24,0.16833333333333333
STAD_AXIS_158,STAD,177,Purpurin | CYP1B1/AHR,Purpurin,CYP1B1,AHR,Fibroblast_CAF,0.3872567833515585,0.7983003511548469,0.0,0.0,0.7775,0.37625,0.7775,1.0,0.35,0.8,potential prognostic unfavorable (1.61e-4),0.000161,0.0,unprognostic (2.11e-1),0.211,0.0,no_hit,,,0.0,0,0,,0.5492230662983425,tf_or_regulator_class,mexiletine,0.7363321788523876,0.8449585635359116,4,17,"AHR, SCN4A, SCN5A",0.35188419117647063,tf_or_regulator_class,StemRegenin 1,13.279,0.5413602941176471,2,33,AHR,0.5492230662983425,0.41965181436870325,2,moderate,0,1,1,1,matched_support_present,CMPD008074,0.12,0.28833333333333333,0.13333333333333333,0.3066666666666667,0.30833333333333335,0.295,0.2316666666666667,0.215
STAD_AXIS_152,STAD,178,Ammidin | CYP1B1/AHR,Ammidin,CYP1B1,AHR,Fibroblast_CAF,0.3872097339020124,0.7983003511548469,0.0,0.0,0.7775,0.37625,0.7775,1.0,0.35,0.8,potential prognostic unfavorable (1.61e-4),0.000161,0.0,unprognostic (2.11e-1),0.211,0.0,no_hit,,,0.0,0,0,,0.5492230662983425,tf_or_regulator_class,mexiletine,0.7363321788523876,0.8449585635359116,4,17,"AHR, SCN4A, SCN5A",0.35188419117647063,tf_or_regulator_class,StemRegenin 1,13.279,0.5413602941176471,2,33,AHR,0.5492230662983425,0.41965181436870325,2,moderate,0,1,1,1,matched_support_present,CMPD024882,0.115,0.33,0.18666666666666668,0.31833333333333336,0.3441666666666667,0.39166666666666666,0.25,0.24333333333333332
STAD_AXIS_157,STAD,179,7-hydroxy flavone | CYP1B1/AHR,7-hydroxy flavone,CYP1B1,AHR,Fibroblast_CAF,0.3871986665905824,0.7983003511548469,0.0,0.0,0.7775,0.37625,0.7775,1.0,0.35,0.8,potential prognostic unfavorable (1.61e-4),0.000161,0.0,unprognostic (2.11e-1),0.211,0.0,no_hit,,,0.0,0,0,,0.5492230662983425,tf_or_regulator_class,mexiletine,0.7363321788523876,0.8449585635359116,4,17,"AHR, SCN4A, SCN5A",0.35188419117647063,tf_or_regulator_class,StemRegenin 1,13.279,0.5413602941176471,2,33,AHR,0.5492230662983425,0.41965181436870325,2,moderate,0,1,1,1,matched_support_present,CMPD051525,0.11,0.24666666666666667,0.245,0.35000000000000003,0.255,0.34833333333333333,0.2283333333333333,0.18000000000000002
STAD_AXIS_159,STAD,180,Cirsiliol | CYP1B1/AHR,Cirsiliol,CYP1B1,AHR,Fibroblast_CAF,0.3871860435759551,0.7983003511548469,0.0,0.0,0.7775,0.37625,0.7775,1.0,0.35,0.8,potential prognostic unfavorable (1.61e-4),0.000161,0.0,unprognostic (2.11e-1),0.211,0.0,no_hit,,,0.0,0,0,,0.5492230662983425,tf_or_regulator_class,mexiletine,0.7363321788523876,0.8449585635359116,4,17,"AHR, SCN4A, SCN5A",0.35188419117647063,tf_or_regulator_class,StemRegenin 1,13.279,0.5413602941176471,2,33,AHR,0.5492230662983425,0.41965181436870325,2,moderate,0,1,1,1,matched_support_present,CMPD025925,0.105,0.25166666666666665,0.24666666666666667,0.34833333333333333,0.25,0.35000000000000003,0.2233333333333333,0.18499999999999997
STAD_AXIS_160,STAD,181,"Trans-3,5-dihydroxy-5-methoxy-stilbene | CYP1B1/AHR","Trans-3,5-dihydroxy-5-methoxy-stilbene",CYP1B1,AHR,Fibroblast_CAF,0.3871627816856187,0.7983003511548469,0.0,0.0,0.7775,0.37625,0.7775,1.0,0.35,0.8,potential prognostic unfavorable (1.61e-4),0.000161,0.0,unprognostic (2.11e-1),0.211,0.0,no_hit,,,0.0,0,0,,0.5492230662983425,tf_or_regulator_class,mexiletine,0.7363321788523876,0.8449585635359116,4,17,"AHR, SCN4A, SCN5A",0.35188419117647063,tf_or_regulator_class,StemRegenin 1,13.279,0.5413602941176471,2,33,AHR,0.5492230662983425,0.41965181436870325,2,moderate,0,1,1,1,matched_support_present,CMPD034648,0.1,0.305,0.14833333333333334,0.30833333333333335,0.3025,0.3116666666666667,0.21666666666666667,0.22999999999999998
STAD_AXIS_154,STAD,182,Cannabinol | CYP1B1/AHR,Cannabinol,CYP1B1,AHR,Fibroblast_CAF,0.3871516635018364,0.7983003511548469,0.0,0.0,0.7775,0.37625,0.7775,1.0,0.35,0.8,potential prognostic unfavorable (1.61e-4),0.000161,0.0,unprognostic (2.11e-1),0.211,0.0,no_hit,,,0.0,0,0,,0.5492230662983425,tf_or_regulator_class,mexiletine,0.7363321788523876,0.8449585635359116,4,17,"AHR, SCN4A, SCN5A",0.35188419117647063,tf_or_regulator_class,StemRegenin 1,13.279,0.5413602941176471,2,33,AHR,0.5492230662983425,0.41965181436870325,2,moderate,0,1,1,1,matched_support_present,CMPD007412,0.095,0.2991666666666667,0.3041666666666667,0.2783333333333333,0.27166666666666667,0.34,0.25,0.1708333333333333
STAD_AXIS_153,STAD,183,Chalkone | CYP1B1/AHR,Chalkone,CYP1B1,AHR,Fibroblast_CAF,0.3871507743177699,0.7983003511548469,0.0,0.0,0.7775,0.37625,0.7775,1.0,0.35,0.8,potential prognostic unfavorable (1.61e-4),0.000161,0.0,unprognostic (2.11e-1),0.211,0.0,no_hit,,,0.0,0,0,,0.5492230662983425,tf_or_regulator_class,mexiletine,0.7363321788523876,0.8449585635359116,4,17,"AHR, SCN4A, SCN5A",0.35188419117647063,tf_or_regulator_class,StemRegenin 1,13.279,0.5413602941176471,2,33,AHR,0.5492230662983425,0.41965181436870325,2,moderate,0,1,1,1,matched_support_present,CMPD006353,0.09,0.3475,0.20083333333333334,0.32,0.3466666666666667,0.41,0.2316666666666667,0.2608333333333333
STAD_AXIS_155,STAD,184,Evodiamine | CYP1B1/AHR,Evodiamine,CYP1B1,AHR,Fibroblast_CAF,0.3871438820451562,0.7983003511548469,0.0,0.0,0.7775,0.37625,0.7775,1.0,0.35,0.8,potential prognostic unfavorable (1.61e-4),0.000161,0.0,unprognostic (2.11e-1),0.211,0.0,no_hit,,,0.0,0,0,,0.7144337016574586,direct_compound,evodiamine,0.835071897886433,0.7144337016574586,1,17,TRPV1,0.6829044117647058,direct_compound,Isoevodiamine,12.3949399492202,0.6829044117647058,1,33,TRPV1,0.7144337016574586,0.5437095283555411,3,moderate,1,0,1,1,matched_support_present,CMPD026062,0.085,0.31749999999999995,0.16,0.31,0.30583333333333335,0.32416666666666666,0.205,0.24250000000000002
STAD_AXIS_156,STAD,185,Pterostilbene | CYP1B1/AHR,Pterostilbene,CYP1B1,AHR,Fibroblast_CAF,0.3871435201508959,0.7983003511548469,0.0,0.0,0.7775,0.37625,0.7775,1.0,0.35,0.8,potential prognostic unfavorable (1.61e-4),0.000161,0.0,unprognostic (2.11e-1),0.211,0.0,no_hit,,,0.0,0,0,,0.5492230662983425,tf_or_regulator_class,mexiletine,0.7363321788523876,0.8449585635359116,4,17,"AHR, SCN4A, SCN5A",0.35188419117647063,tf_or_regulator_class,StemRegenin 1,13.279,0.5413602941176471,2,33,AHR,0.5492230662983425,0.41965181436870325,2,moderate,0,1,1,1,matched_support_present,CMPD011639,0.08,0.4041666666666666,0.24,0.33666666666666667,0.35916666666666663,0.4025,0.19666666666666666,0.3025
STAD_AXIS_151,STAD,186,5-hydroxyflavone | CYP1B1/AHR,5-hydroxyflavone,CYP1B1,AHR,Fibroblast_CAF,0.387094384231604,0.7983003511548469,0.0,0.0,0.7775,0.37625,0.7775,1.0,0.35,0.8,potential prognostic unfavorable (1.61e-4),0.000161,0.0,unprognostic (2.11e-1),0.211,0.0,no_hit,,,0.0,0,0,,0.5492230662983425,tf_or_regulator_class,mexiletine,0.7363321788523876,0.8449585635359116,4,17,"AHR, SCN4A, SCN5A",0.35188419117647063,tf_or_regulator_class,StemRegenin 1,13.279,0.5413602941176471,2,33,AHR,0.5492230662983425,0.41965181436870325,2,moderate,0,1,1,1,matched_support_present,CMPD027217,0.075,0.41,0.2416666666666667,0.33499999999999996,0.3525,0.4083333333333334,0.19166666666666665,0.30833333333333335
STAD_AXIS_166,STAD,187,Hesperetin | CYP1B1/AHR,Hesperetin,CYP1B1,AHR,Fibroblast_CAF,0.3870931204717784,0.7983003511548469,0.0,0.0,0.7775,0.37625,0.7775,1.0,0.35,0.8,potential prognostic unfavorable (1.61e-4),0.000161,0.0,unprognostic (2.11e-1),0.211,0.0,no_hit,,,0.0,0,0,,0.5492230662983425,tf_or_regulator_class,mexiletine,0.7363321788523876,0.8449585635359116,4,17,"AHR, SCN4A, SCN5A",0.35188419117647063,tf_or_regulator_class,StemRegenin 1,13.279,0.5413602941176471,2,33,AHR,0.5492230662983425,0.41965181436870325,2,moderate,0,1,1,1,matched_support_present,CMPD025038,0.07,0.3633333333333333,0.2133333333333333,0.3216666666666667,0.3491666666666666,0.425,0.21666666666666667,0.27666666666666667
STAD_AXIS_165,STAD,188,Baicalein | CYP1B1/AHR,Baicalein,CYP1B1,AHR,Fibroblast_CAF,0.3870906834088666,0.7983003511548469,0.0,0.0,0.7775,0.37625,0.7775,1.0,0.35,0.8,potential prognostic unfavorable (1.61e-4),0.000161,0.0,unprognostic (2.11e-1),0.211,0.0,no_hit,,,0.0,0,0,,0.5492230662983425,tf_or_regulator_class,mexiletine,0.7363321788523876,0.8449585635359116,4,17,"AHR, SCN4A, SCN5A",0.35188419117647063,tf_or_regulator_class,StemRegenin 1,13.279,0.5413602941176471,2,33,AHR,0.5492230662983425,0.41965181436870325,2,moderate,0,1,1,1,matched_support_present,CMPD024946,0.065,0.16666666666666666,0.3133333333333333,0.165,0.145,0.13833333333333334,0.19499999999999998,0.14333333333333334
STAD_AXIS_164,STAD,189,Dehydroevidiamine | CYP1B1/AHR,Dehydroevidiamine,CYP1B1,AHR,Fibroblast_CAF,0.3870482272303006,0.7983003511548469,0.0,0.0,0.7775,0.37625,0.7775,1.0,0.35,0.8,potential prognostic unfavorable (1.61e-4),0.000161,0.0,unprognostic (2.11e-1),0.211,0.0,no_hit,,,0.0,0,0,,0.5492230662983425,tf_or_regulator_class,mexiletine,0.7363321788523876,0.8449585635359116,4,17,"AHR, SCN4A, SCN5A",0.35188419117647063,tf_or_regulator_class,StemRegenin 1,13.279,0.5413602941176471,2,33,AHR,0.5492230662983425,0.41965181436870325,2,moderate,0,1,1,1,matched_support_present,CMPD020484,0.06,0.36833333333333335,0.215,0.3233333333333333,0.34833333333333333,0.43,0.21166666666666667,0.2816666666666667
STAD_AXIS_163,STAD,190,Scutellarein | CYP1B1/AHR,Scutellarein,CYP1B1,AHR,Fibroblast_CAF,0.3870255442476508,0.7983003511548469,0.0,0.0,0.7775,0.37625,0.7775,1.0,0.35,0.8,potential prognostic unfavorable (1.61e-4),0.000161,0.0,unprognostic (2.11e-1),0.211,0.0,no_hit,,,0.0,0,0,,0.5492230662983425,tf_or_regulator_class,mexiletine,0.7363321788523876,0.8449585635359116,4,17,"AHR, SCN4A, SCN5A",0.35188419117647063,tf_or_regulator_class,StemRegenin 1,13.279,0.5413602941176471,2,33,AHR,0.5492230662983425,0.41965181436870325,2,moderate,0,1,1,1,matched_support_present,CMPD003830,0.055,0.33666666666666667,0.17833333333333334,0.3116666666666667,0.3016666666666667,0.3416666666666666,0.18666666666666668,0.26166666666666666
STAD_AXIS_167,STAD,191,Pongapin | CYP1B1/AHR,Pongapin,CYP1B1,AHR,Fibroblast_CAF,0.3869947172169975,0.7983003511548469,0.0,0.0,0.7775,0.37625,0.7775,1.0,0.35,0.8,potential prognostic unfavorable (1.61e-4),0.000161,0.0,unprognostic (2.11e-1),0.211,0.0,no_hit,,,0.0,0,0,,0.5492230662983425,tf_or_regulator_class,mexiletine,0.7363321788523876,0.8449585635359116,4,17,"AHR, SCN4A, SCN5A",0.35188419117647063,tf_or_regulator_class,StemRegenin 1,13.279,0.5413602941176471,2,33,AHR,0.5492230662983425,0.41965181436870325,2,moderate,0,1,1,1,matched_support_present,CMPD047932,0.05,0.32833333333333337,0.33166666666666667,0.27999999999999997,0.27166666666666667,0.36833333333333335,0.22166666666666668,0.19999999999999998
STAD_AXIS_172,STAD,192,Quercetin | CYP1B1/SP1,Quercetin,CYP1B1,SP1,Fibroblast_CAF,0.3847864961731747,0.7517134412111394,0.0,0.0,0.7775,0.37625,0.7775,1.0,0.35,0.8,potential prognostic unfavorable (1.61e-4),0.000161,0.0,unprognostic (1.32e-1),0.132,0.0,no_hit,,,0.0,0,0,,0.47636395027624306,target_class,2-methoxyestradiol,0.8906470227188827,0.5604281767955801,1,17,"COMT, CYP19A1, CYP1A1, CYP1B1, HIF1A, TUBB",0.0,no_hit,,,0.0,0,0,,0.47636395027624306,0.31346598756906074,1,limited,0,1,0,0,matched_support_present,CMPD024770,0.045,0.2233333333333333,0.37666666666666665,0.14833333333333332,0.16333333333333333,0.20333333333333334,0.14333333333333334,0.145
STAD_AXIS_140,STAD,193,Physovenine | ACHE/FOS,Physovenine,ACHE,FOS,T_NK_ILC,0.3835223925156941,0.5001062524581252,0.0,0.0,0.5375,0.37625,0.5375,1.0,0.35,0.0,unprognostic (3.58e-1),0.358,0.0,unprognostic (8.11e-3),0.00811,0.0,no_hit,,,0.0,0,0,,0.33841505524861876,target_class,chlorpyrifos,0.949880907830941,0.39813535911602205,5,17,ACHE,0.4765625,target_class,PRIMA-1,13.209,0.5606617647058824,1,33,ACHE:|:TP53,0.4765625,0.3381193888121547,1,limited,0,1,0,0,matched_support_present,CMPD025553,0.04,0.17,0.25,0.03666666666666667,0.14666666666666664,0.09500000000000001,0.05333333333333334,0.09166666666666666
STAD_AXIS_136,STAD,194,Kaempferol | CYP1B1/AHR,Kaempferol,CYP1B1,AHR,Myeloid,0.3764988059850744,0.5403218648750293,0.0,0.0,0.7775,0.37625,0.7775,1.0,0.35,0.8,potential prognostic unfavorable (1.61e-4),0.000161,0.0,unprognostic (2.11e-1),0.211,0.0,no_hit,,,0.0,0,0,,0.5492230662983425,tf_or_regulator_class,mexiletine,0.7363321788523876,0.8449585635359116,4,17,"AHR, SCN4A, SCN5A",0.35188419117647063,tf_or_regulator_class,StemRegenin 1,13.279,0.5413602941176471,2,33,AHR,0.5492230662983425,0.41965181436870325,2,moderate,0,1,1,1,matched_support_present,CMPD024768,0.035,0.3433333333333333,0.34833333333333333,0.08666666666666667,0.11833333333333333,0.16833333333333333,0.07166666666666667,0.36000000000000004
STAD_AXIS_193,STAD,195,Beta-naphthoflavone | AHR/AHR,Beta-naphthoflavone,AHR,AHR,Fibroblast_CAF,0.373643076273443,0.7132425748041523,0.0,0.0,0.5375,0.37625,0.5375,1.0,0.35,0.0,unprognostic (2.11e-1),0.211,0.0,unprognostic (2.11e-1),0.211,0.0,no_hit,,,0.0,0,0,,0.7182147790055249,target_class,mexiletine,0.7363321788523876,0.8449585635359116,4,17,"AHR, SCN4A, SCN5A",0.46015625,target_class,StemRegenin 1,13.279,0.5413602941176471,2,33,AHR,0.7182147790055249,0.4289677572513812,2,moderate,0,1,1,1,matched_support_present,CMPD038626,0.03,0.10833333333333332,0.19166666666666668,0.37166666666666665,0.24500000000000002,0.15833333333333333,0.14500000000000002,0.06333333333333334
STAD_AXIS_139,STAD,196,Quercetin | PLAU/FOXM1,Quercetin,PLAU,FOXM1,Fibroblast_CAF,0.3721378233011219,0.7524892976159062,0.0,0.0,0.5375,0.37625,0.5375,1.0,0.35,0.0,unprognostic (7.18e-2),0.0718,0.0,unprognostic (2.11e-2),0.0211,0.0,no_hit,,,0.0,0,0,,0.3184910220994475,tf_or_regulator_class,thiostrepton,0.9115667397216085,0.4899861878453039,1,12,FOXM1,0.0,no_hit,,,0.0,0,0,,0.3184910220994475,0.2139977555248619,1,limited,0,1,0,0,matched_support_present,CMPD024770,0.025,0.24333333333333332,0.28,0.15333333333333335,0.15333333333333332,0.20333333333333334,0.13833333333333334,0.12666666666666668
STAD_AXIS_118,STAD,197,Indirubin | AHR/AHR,Indirubin,AHR,AHR,Myeloid,0.3717594786016187,0.5198144784619624,0.0,0.0,0.5375,0.37625,0.5375,1.0,0.35,0.0,unprognostic (2.11e-1),0.211,0.0,unprognostic (2.11e-1),0.211,0.0,no_hit,,,0.0,0,0,,0.7182147790055249,target_class,mexiletine,0.7363321788523876,0.8449585635359116,4,17,"AHR, SCN4A, SCN5A",0.46015625,target_class,StemRegenin 1,13.279,0.5413602941176471,2,33,AHR,0.7182147790055249,0.4289677572513812,2,moderate,0,1,1,1,matched_support_present,CMPD025163,0.02,0.20166666666666666,0.33,0.24166666666666667,0.16833333333333333,0.12333333333333334,0.04666666666666667,0.17666666666666667
STAD_AXIS_120,STAD,198,Baicalein | ALOX12/FOS,Baicalein,ALOX12,FOS,T_NK_ILC,0.351880567776839,0.3966192002091664,0.0,0.0,0.5375,0.37625,0.5375,1.0,0.35,0.0,unprognostic (2.63e-1),0.263,0.0,unprognostic (8.11e-3),0.00811,0.0,no_hit,,,0.0,0,0,,0.07976519337016574,direct_compound,baicalein,1.29360358246314,0.07976519337016574,1,15,"ALOX5, GLO1, PREP, SELL, SELP, TNF, XDH",0.0,no_hit,,,0.0,0,0,,0.07976519337016574,0.15431629834254143,1,weak_or_absent,1,0,0,0,matched_support_present,CMPD024946,0.015,0.22166666666666668,0.36333333333333334,0.34,0.14333333333333334,0.19833333333333333,0.006666666666666667,0.08333333333333333
STAD_AXIS_190,STAD,199,Ellipticine | CYP1A1/AHR,Ellipticine,CYP1A1,AHR,Fibroblast_CAF,0.3475969165213845,0.5689026549079422,0.0,0.0,0.6625,0.37625,0.6625,1.0,0.85,0.0,,,0.0,unprognostic (2.11e-1),0.211,0.0,no_hit,,,0.0,0,0,,0.5492230662983425,tf_or_regulator_class,mexiletine,0.7363321788523876,0.8449585635359116,4,17,"AHR, SCN4A, SCN5A",0.35188419117647063,tf_or_regulator_class,StemRegenin 1,13.279,0.5413602941176471,2,33,AHR,0.5492230662983425,0.3909018143687033,2,limited,0,1,0,1,matched_support_present,CMPD025479,0.01,0.20666666666666667,0.19333333333333336,0.36833333333333335,0.18833333333333332,0.17833333333333334,0.060000000000000005,0.245
STAD_AXIS_135,STAD,200,Quercetin | CYP1B1/TBP,Quercetin,CYP1B1,TBP,T_NK_ILC,0.3451292932796035,0.4264191016178165,0.0,0.0,0.7775,0.37625,0.7775,1.0,0.35,0.8,potential prognostic unfavorable (1.61e-4),0.000161,0.0,unprognostic (1.31e-1),0.131,0.0,no_hit,,,0.0,0,0,,0.47636395027624306,target_class,2-methoxyestradiol,0.8906470227188827,0.5604281767955801,1,17,"COMT, CYP19A1, CYP1A1, CYP1B1, HIF1A, TUBB",0.0,no_hit,,,0.0,0,0,,0.47636395027624306,0.31346598756906074,1,limited,0,1,0,0,matched_support_present,CMPD024770,0.005,0.33499999999999996,0.4466666666666666,0.13,0.215,0.2383333333333333,0.008333333333333333,0.19166666666666665
