frozen_axis_id,cancer,compound_representative_name,target_gene_symbol,tf_gene_symbol,dominant_spatial_celltype,hpa_evaluable,hpa_score_if_evaluable,gdsc_evaluable,gdsc_score_if_evaluable,gdsc_matched_detail_rows,gdsc_match_type,prism_evaluable,prism_score_if_evaluable,prism_matched_detail_rows,prism_match_type,ctrp_evaluable,ctrp_score_if_evaluable,ctrp_matched_detail_rows,ctrp_match_type,legacy_fixed_four_external_score,available_source_external_score,n_evaluable_databases,database_coverage_fraction,evaluable_databases,aggregation_status,score_change
COAD_AXIS_034,COAD,Quercetin,CDK1,MYB,Myeloid,True,0.5375,True,0.8084409594095942,4,target_class,True,0.7910048342541437,12,target_class,True,0.8476562499999999,6,target_class,0.7461505109159344,0.7461505109159344,4,1.0,HPA;GDSC;PRISM;CTRP,available_source_mean,0.0
COAD_AXIS_022,COAD,Allopseudococain,SLC6A4,ATF4,Myeloid,True,0.625,False,,0,no_hit,True,0.2215987569060773,5,target_class,False,,0,no_hit,0.2116496892265193,0.42329937845303867,2,0.5,HPA;PRISM,available_source_mean,0.21164968922651936
COAD_AXIS_089,COAD,Ibogain,SLC6A4,ATF4,Myeloid,True,0.625,False,,0,no_hit,True,0.2215987569060773,5,target_class,False,,0,no_hit,0.2116496892265193,0.42329937845303867,2,0.5,HPA;PRISM,available_source_mean,0.21164968922651936
COAD_AXIS_037,COAD,Stepholidine,DRD1,HR,Myeloid,True,0.45,False,,0,no_hit,True,0.4000517955801105,6,target_class,True,0.46171875,1,target_class,0.3279426363950276,0.4372568485267035,3,0.75,HPA;PRISM;CTRP,available_source_mean,0.10931421213167591
COAD_AXIS_029,COAD,Physovenine,ACHE,TBP,Myeloid,True,0.5375,False,,0,no_hit,True,0.3466332872928176,5,target_class,True,0.54140625,1,target_class,0.3563848843232043,0.47517984576427247,3,0.75,HPA;PRISM;CTRP,available_source_mean,0.11879496144106816
COAD_AXIS_001,COAD,Physovenine,ACHE,TFAP2A,Myeloid,True,0.5375,False,,0,no_hit,True,0.3466332872928176,5,target_class,True,0.54140625,1,target_class,0.3563848843232043,0.47517984576427247,3,0.75,HPA;PRISM;CTRP,available_source_mean,0.11879496144106816
COAD_AXIS_050,COAD,Isocorypalmine,DRD1,HR,Myeloid,True,0.45,False,,0,no_hit,True,0.4000517955801105,6,target_class,True,0.46171875,1,target_class,0.3279426363950276,0.4372568485267035,3,0.75,HPA;PRISM;CTRP,available_source_mean,0.10931421213167591
COAD_AXIS_043,COAD,Quercetin,ACHE,TBP,Myeloid,True,0.5375,False,,0,no_hit,True,0.3466332872928176,5,target_class,True,0.54140625,1,target_class,0.3563848843232043,0.47517984576427247,3,0.75,HPA;PRISM;CTRP,available_source_mean,0.11879496144106816
COAD_AXIS_049,COAD,Tanshinone iia,ACHE,TBP,Myeloid,True,0.5375,False,,0,no_hit,True,0.3466332872928176,6,target_class,True,0.54140625,1,target_class,0.3563848843232043,0.47517984576427247,3,0.75,HPA;PRISM;CTRP,available_source_mean,0.11879496144106816
COAD_AXIS_016,COAD,Stepholidine,DRD1,TFAP2A,Myeloid,True,0.45,False,,0,no_hit,True,0.4000517955801105,6,target_class,True,0.46171875,1,target_class,0.3279426363950276,0.4372568485267035,3,0.75,HPA;PRISM;CTRP,available_source_mean,0.10931421213167591
COAD_AXIS_011,COAD,Physovenine,ACHE,HR,Myeloid,True,0.5375,False,,0,no_hit,True,0.3466332872928176,5,target_class,True,0.54140625,1,target_class,0.3563848843232043,0.47517984576427247,3,0.75,HPA;PRISM;CTRP,available_source_mean,0.11879496144106816
COAD_AXIS_064,COAD,"methyl (E)-2-[(2S,3Z,12bS)-3-ethylidene-2,4,6,7,12,12b-hexahydro-1H-indolo[3,2-h]quinolizin-2-yl]-3-methoxyprop-2-enoate",ACHE,TBP,Myeloid,True,0.5375,False,,0,no_hit,True,0.3466332872928176,5,target_class,True,0.54140625,1,target_class,0.3563848843232043,0.47517984576427247,3,0.75,HPA;PRISM;CTRP,available_source_mean,0.11879496144106816
COAD_AXIS_061,COAD,Angustidine,ACHE,TBP,Myeloid,True,0.5375,False,,0,no_hit,True,0.3466332872928176,5,target_class,True,0.54140625,1,target_class,0.3563848843232043,0.47517984576427247,3,0.75,HPA;PRISM;CTRP,available_source_mean,0.11879496144106816
COAD_AXIS_065,COAD,Kaempferol,ACHE,TBP,Myeloid,True,0.5375,False,,0,no_hit,True,0.3466332872928176,5,target_class,True,0.54140625,1,target_class,0.3563848843232043,0.47517984576427247,3,0.75,HPA;PRISM;CTRP,available_source_mean,0.11879496144106816
COAD_AXIS_060,COAD,Marmesinin,ACHE,TBP,Myeloid,True,0.5375,False,,0,no_hit,True,0.3466332872928176,5,target_class,True,0.54140625,1,target_class,0.3563848843232043,0.47517984576427247,3,0.75,HPA;PRISM;CTRP,available_source_mean,0.11879496144106816
COAD_AXIS_063,COAD,Decursin,ACHE,TBP,Myeloid,True,0.5375,False,,0,no_hit,True,0.3466332872928176,5,target_class,True,0.54140625,1,target_class,0.3563848843232043,0.47517984576427247,3,0.75,HPA;PRISM;CTRP,available_source_mean,0.11879496144106816
COAD_AXIS_062,COAD,Corydalmine,ACHE,TBP,Myeloid,True,0.5375,False,,0,no_hit,True,0.3466332872928176,5,target_class,True,0.54140625,1,target_class,0.3563848843232043,0.47517984576427247,3,0.75,HPA;PRISM;CTRP,available_source_mean,0.11879496144106816
COAD_AXIS_003,COAD,Quercetin,ACHE,TFAP2A,Myeloid,True,0.5375,False,,0,no_hit,True,0.3466332872928176,5,target_class,True,0.54140625,1,target_class,0.3563848843232043,0.47517984576427247,3,0.75,HPA;PRISM;CTRP,available_source_mean,0.11879496144106816
COAD_AXIS_071,COAD,Dihydrosanguinarine,ACHE,TBP,Myeloid,True,0.5375,False,,0,no_hit,True,0.3466332872928176,5,target_class,True,0.54140625,1,target_class,0.3563848843232043,0.47517984576427247,3,0.75,HPA;PRISM;CTRP,available_source_mean,0.11879496144106816
COAD_AXIS_070,COAD,Pectolinarigenin,ACHE,TBP,Myeloid,True,0.5375,False,,0,no_hit,True,0.3466332872928176,5,target_class,True,0.54140625,1,target_class,0.3563848843232043,0.47517984576427247,3,0.75,HPA;PRISM;CTRP,available_source_mean,0.11879496144106816
COAD_AXIS_072,COAD,Deltoin,ACHE,TBP,Myeloid,True,0.5375,False,,0,no_hit,True,0.3466332872928176,5,target_class,True,0.54140625,1,target_class,0.3563848843232043,0.47517984576427247,3,0.75,HPA;PRISM;CTRP,available_source_mean,0.11879496144106816
COAD_AXIS_018,COAD,Physovenine,ACHE,MYC,Myeloid,True,0.5375,False,,0,no_hit,True,0.3466332872928176,6,target_class,True,0.54140625,1,target_class,0.3563848843232043,0.47517984576427247,3,0.75,HPA;PRISM;CTRP,available_source_mean,0.11879496144106816
COAD_AXIS_004,COAD,Tanshinone iia,ACHE,TFAP2A,Myeloid,True,0.5375,False,,0,no_hit,True,0.3466332872928176,6,target_class,True,0.54140625,1,target_class,0.3563848843232043,0.47517984576427247,3,0.75,HPA;PRISM;CTRP,available_source_mean,0.11879496144106816
COAD_AXIS_021,COAD,Isocorypalmine,DRD1,TFAP2A,Myeloid,True,0.45,False,,0,no_hit,True,0.4000517955801105,6,target_class,True,0.46171875,1,target_class,0.3279426363950276,0.4372568485267035,3,0.75,HPA;PRISM;CTRP,available_source_mean,0.10931421213167591
COAD_AXIS_073,COAD,Artemisinin,CYP2B6,FOXM1,Myeloid,True,0.625,False,,0,no_hit,True,0.441039364640884,6,tf_or_regulator_class,True,0.09296875,2,target_class,0.289752028660221,0.38633603821362805,3,0.75,HPA;PRISM;CTRP,available_source_mean,0.09658400955340707
COAD_AXIS_006,COAD,"methyl (E)-2-[(2S,3Z,12bS)-3-ethylidene-2,4,6,7,12,12b-hexahydro-1H-indolo[3,2-h]quinolizin-2-yl]-3-methoxyprop-2-enoate",ACHE,TFAP2A,Myeloid,True,0.5375,False,,0,no_hit,True,0.3466332872928176,5,target_class,True,0.54140625,1,target_class,0.3563848843232043,0.47517984576427247,3,0.75,HPA;PRISM;CTRP,available_source_mean,0.11879496144106816
COAD_AXIS_010,COAD,Kaempferol,ACHE,TFAP2A,Myeloid,True,0.5375,False,,0,no_hit,True,0.3466332872928176,5,target_class,True,0.54140625,1,target_class,0.3563848843232043,0.47517984576427247,3,0.75,HPA;PRISM;CTRP,available_source_mean,0.11879496144106816
COAD_AXIS_009,COAD,Angustidine,ACHE,TFAP2A,Myeloid,True,0.5375,False,,0,no_hit,True,0.3466332872928176,5,target_class,True,0.54140625,1,target_class,0.3563848843232043,0.47517984576427247,3,0.75,HPA;PRISM;CTRP,available_source_mean,0.11879496144106816
COAD_AXIS_007,COAD,Marmesinin,ACHE,TFAP2A,Myeloid,True,0.5375,False,,0,no_hit,True,0.3466332872928176,5,target_class,True,0.54140625,1,target_class,0.3563848843232043,0.47517984576427247,3,0.75,HPA;PRISM;CTRP,available_source_mean,0.11879496144106816
COAD_AXIS_005,COAD,Decursin,ACHE,TFAP2A,Myeloid,True,0.5375,False,,0,no_hit,True,0.3466332872928176,5,target_class,True,0.54140625,1,target_class,0.3563848843232043,0.47517984576427247,3,0.75,HPA;PRISM;CTRP,available_source_mean,0.11879496144106816
COAD_AXIS_008,COAD,Corydalmine,ACHE,TFAP2A,Myeloid,True,0.5375,False,,0,no_hit,True,0.3466332872928176,5,target_class,True,0.54140625,1,target_class,0.3563848843232043,0.47517984576427247,3,0.75,HPA;PRISM;CTRP,available_source_mean,0.11879496144106816
COAD_AXIS_013,COAD,Deltoin,ACHE,TFAP2A,Myeloid,True,0.5375,False,,0,no_hit,True,0.3466332872928176,5,target_class,True,0.54140625,1,target_class,0.3563848843232043,0.47517984576427247,3,0.75,HPA;PRISM;CTRP,available_source_mean,0.11879496144106816
COAD_AXIS_014,COAD,Pectolinarigenin,ACHE,TFAP2A,Myeloid,True,0.5375,False,,0,no_hit,True,0.3466332872928176,5,target_class,True,0.54140625,1,target_class,0.3563848843232043,0.47517984576427247,3,0.75,HPA;PRISM;CTRP,available_source_mean,0.11879496144106816
COAD_AXIS_012,COAD,Dihydrosanguinarine,ACHE,TFAP2A,Myeloid,True,0.5375,False,,0,no_hit,True,0.3466332872928176,5,target_class,True,0.54140625,1,target_class,0.3563848843232043,0.47517984576427247,3,0.75,HPA;PRISM;CTRP,available_source_mean,0.11879496144106816
COAD_AXIS_017,COAD,Guggulsterone,PGR,NFKB,Myeloid,True,0.6625,False,,0,no_hit,True,0.6642092541436464,12,target_class,False,,0,no_hit,0.3316773135359115,0.6633546270718231,2,0.5,HPA;PRISM,available_source_mean,0.3316773135359116
COAD_AXIS_019,COAD,Quercetin,ACHE,HR,Myeloid,True,0.5375,False,,0,no_hit,True,0.3466332872928176,5,target_class,True,0.54140625,1,target_class,0.3563848843232043,0.47517984576427247,3,0.75,HPA;PRISM;CTRP,available_source_mean,0.11879496144106816
COAD_AXIS_040,COAD,Tetrahydropalmatine,DRD1,TFAP2A,Myeloid,True,0.45,False,,0,no_hit,True,0.4000517955801105,6,target_class,True,0.46171875,1,target_class,0.3279426363950276,0.4372568485267035,3,0.75,HPA;PRISM;CTRP,available_source_mean,0.10931421213167591
COAD_AXIS_036,COAD,Quercetin,ACHE,MYC,Myeloid,True,0.5375,False,,0,no_hit,True,0.3466332872928176,6,target_class,True,0.54140625,1,target_class,0.3563848843232043,0.47517984576427247,3,0.75,HPA;PRISM;CTRP,available_source_mean,0.11879496144106816
COAD_AXIS_020,COAD,Tanshinone iia,ACHE,HR,Myeloid,True,0.5375,False,,0,no_hit,True,0.3466332872928176,6,target_class,True,0.54140625,1,target_class,0.3563848843232043,0.47517984576427247,3,0.75,HPA;PRISM;CTRP,available_source_mean,0.11879496144106816
COAD_AXIS_044,COAD,(S)-Canadine,DRD1,TFAP2A,Myeloid,True,0.45,False,,0,no_hit,True,0.4000517955801105,6,target_class,True,0.46171875,1,target_class,0.3279426363950276,0.4372568485267035,3,0.75,HPA;PRISM;CTRP,available_source_mean,0.10931421213167591
COAD_AXIS_026,COAD,Decursin,ACHE,HR,Myeloid,True,0.5375,False,,0,no_hit,True,0.3466332872928176,5,target_class,True,0.54140625,1,target_class,0.3563848843232043,0.47517984576427247,3,0.75,HPA;PRISM;CTRP,available_source_mean,0.11879496144106816
COAD_AXIS_025,COAD,Angustidine,ACHE,HR,Myeloid,True,0.5375,False,,0,no_hit,True,0.3466332872928176,5,target_class,True,0.54140625,1,target_class,0.3563848843232043,0.47517984576427247,3,0.75,HPA;PRISM;CTRP,available_source_mean,0.11879496144106816
COAD_AXIS_023,COAD,Corydalmine,ACHE,HR,Myeloid,True,0.5375,False,,0,no_hit,True,0.3466332872928176,5,target_class,True,0.54140625,1,target_class,0.3563848843232043,0.47517984576427247,3,0.75,HPA;PRISM;CTRP,available_source_mean,0.11879496144106816
COAD_AXIS_024,COAD,"methyl (E)-2-[(2S,3Z,12bS)-3-ethylidene-2,4,6,7,12,12b-hexahydro-1H-indolo[3,2-h]quinolizin-2-yl]-3-methoxyprop-2-enoate",ACHE,HR,Myeloid,True,0.5375,False,,0,no_hit,True,0.3466332872928176,5,target_class,True,0.54140625,1,target_class,0.3563848843232043,0.47517984576427247,3,0.75,HPA;PRISM;CTRP,available_source_mean,0.11879496144106816
COAD_AXIS_028,COAD,Kaempferol,ACHE,HR,Myeloid,True,0.5375,False,,0,no_hit,True,0.3466332872928176,5,target_class,True,0.54140625,1,target_class,0.3563848843232043,0.47517984576427247,3,0.75,HPA;PRISM;CTRP,available_source_mean,0.11879496144106816
COAD_AXIS_027,COAD,Marmesinin,ACHE,HR,Myeloid,True,0.5375,False,,0,no_hit,True,0.3466332872928176,5,target_class,True,0.54140625,1,target_class,0.3563848843232043,0.47517984576427247,3,0.75,HPA;PRISM;CTRP,available_source_mean,0.11879496144106816
COAD_AXIS_035,COAD,Physostigmine,ACHE,TFAP2A,Myeloid,True,0.5375,False,,0,no_hit,True,0.3466332872928176,5,target_class,True,0.54140625,1,target_class,0.3563848843232043,0.47517984576427247,3,0.75,HPA;PRISM;CTRP,available_source_mean,0.11879496144106816
COAD_AXIS_030,COAD,Physostigmine,ACHE,HR,Myeloid,True,0.5375,False,,0,no_hit,True,0.3466332872928176,5,target_class,True,0.54140625,1,target_class,0.3563848843232043,0.47517984576427247,3,0.75,HPA;PRISM;CTRP,available_source_mean,0.11879496144106816
COAD_AXIS_031,COAD,Deltoin,ACHE,HR,Myeloid,True,0.5375,False,,0,no_hit,True,0.3466332872928176,5,target_class,True,0.54140625,1,target_class,0.3563848843232043,0.47517984576427247,3,0.75,HPA;PRISM;CTRP,available_source_mean,0.11879496144106816
COAD_AXIS_033,COAD,Dihydrosanguinarine,ACHE,HR,Myeloid,True,0.5375,False,,0,no_hit,True,0.3466332872928176,5,target_class,True,0.54140625,1,target_class,0.3563848843232043,0.47517984576427247,3,0.75,HPA;PRISM;CTRP,available_source_mean,0.11879496144106816
COAD_AXIS_032,COAD,Pectolinarigenin,ACHE,HR,Myeloid,True,0.5375,False,,0,no_hit,True,0.3466332872928176,5,target_class,True,0.54140625,1,target_class,0.3563848843232043,0.47517984576427247,3,0.75,HPA;PRISM;CTRP,available_source_mean,0.11879496144106816
COAD_AXIS_048,COAD,Tanshinone iia,ACHE,MYC,Myeloid,True,0.5375,False,,0,no_hit,True,0.3466332872928176,7,target_class,True,0.54140625,1,target_class,0.3563848843232043,0.47517984576427247,3,0.75,HPA;PRISM;CTRP,available_source_mean,0.11879496144106816
COAD_AXIS_051,COAD,(S)-Scoulerine,DRD1,TFAP2A,Myeloid,True,0.45,False,,0,no_hit,True,0.4000517955801105,6,target_class,True,0.46171875,1,target_class,0.3279426363950276,0.4372568485267035,3,0.75,HPA;PRISM;CTRP,available_source_mean,0.10931421213167591
COAD_AXIS_053,COAD,Decursin,ACHE,MYC,Myeloid,True,0.5375,False,,0,no_hit,True,0.3466332872928176,6,target_class,True,0.54140625,1,target_class,0.3563848843232043,0.47517984576427247,3,0.75,HPA;PRISM;CTRP,available_source_mean,0.11879496144106816
COAD_AXIS_066,COAD,"(13aS)-2,3,10-trimethoxy-6,8,13,13a-tetrahydro-5H-isoquinolino[2,1-b]isoquinolin-9-ol",DRD1,TFAP2A,Myeloid,True,0.45,False,,0,no_hit,True,0.4000517955801105,6,target_class,True,0.46171875,1,target_class,0.3279426363950276,0.4372568485267035,3,0.75,HPA;PRISM;CTRP,available_source_mean,0.10931421213167591
COAD_AXIS_057,COAD,Corydalmine,ACHE,MYC,Myeloid,True,0.5375,False,,0,no_hit,True,0.3466332872928176,6,target_class,True,0.54140625,1,target_class,0.3563848843232043,0.47517984576427247,3,0.75,HPA;PRISM;CTRP,available_source_mean,0.11879496144106816
COAD_AXIS_055,COAD,Angustidine,ACHE,MYC,Myeloid,True,0.5375,False,,0,no_hit,True,0.3466332872928176,6,target_class,True,0.54140625,1,target_class,0.3563848843232043,0.47517984576427247,3,0.75,HPA;PRISM;CTRP,available_source_mean,0.11879496144106816
COAD_AXIS_052,COAD,Marmesinin,ACHE,MYC,Myeloid,True,0.5375,False,,0,no_hit,True,0.3466332872928176,6,target_class,True,0.54140625,1,target_class,0.3563848843232043,0.47517984576427247,3,0.75,HPA;PRISM;CTRP,available_source_mean,0.11879496144106816
COAD_AXIS_056,COAD,Kaempferol,ACHE,MYC,Myeloid,True,0.5375,False,,0,no_hit,True,0.3466332872928176,6,target_class,True,0.54140625,1,target_class,0.3563848843232043,0.47517984576427247,3,0.75,HPA;PRISM;CTRP,available_source_mean,0.11879496144106816
COAD_AXIS_054,COAD,"methyl (E)-2-[(2S,3Z,12bS)-3-ethylidene-2,4,6,7,12,12b-hexahydro-1H-indolo[3,2-h]quinolizin-2-yl]-3-methoxyprop-2-enoate",ACHE,MYC,Myeloid,True,0.5375,False,,0,no_hit,True,0.3466332872928176,6,target_class,True,0.54140625,1,target_class,0.3563848843232043,0.47517984576427247,3,0.75,HPA;PRISM;CTRP,available_source_mean,0.11879496144106816
COAD_AXIS_059,COAD,Eriodyctiol (flavanone),HSP90AB1,DDIT3,Myeloid,True,0.5375,False,,0,no_hit,True,0.8050932320441989,1,target_class,False,,0,no_hit,0.3356483080110497,0.6712966160220994,2,0.5,HPA;PRISM,available_source_mean,0.3356483080110497
COAD_AXIS_069,COAD,Pectolinarigenin,ACHE,MYC,Myeloid,True,0.5375,False,,0,no_hit,True,0.3466332872928176,6,target_class,True,0.54140625,1,target_class,0.3563848843232043,0.47517984576427247,3,0.75,HPA;PRISM;CTRP,available_source_mean,0.11879496144106816
COAD_AXIS_067,COAD,Deltoin,ACHE,MYC,Myeloid,True,0.5375,False,,0,no_hit,True,0.3466332872928176,6,target_class,True,0.54140625,1,target_class,0.3563848843232043,0.47517984576427247,3,0.75,HPA;PRISM;CTRP,available_source_mean,0.11879496144106816
COAD_AXIS_045,COAD,2-epigalanthamine,ACHE,TFAP2A,Myeloid,True,0.5375,False,,0,no_hit,True,0.3466332872928176,5,target_class,True,0.54140625,1,target_class,0.3563848843232043,0.47517984576427247,3,0.75,HPA;PRISM;CTRP,available_source_mean,0.11879496144106816
COAD_AXIS_041,COAD,2-epigalanthamine,ACHE,HR,Myeloid,True,0.5375,False,,0,no_hit,True,0.3466332872928176,5,target_class,True,0.54140625,1,target_class,0.3563848843232043,0.47517984576427247,3,0.75,HPA;PRISM;CTRP,available_source_mean,0.11879496144106816
COAD_AXIS_068,COAD,Dihydrosanguinarine,ACHE,MYC,Myeloid,True,0.5375,False,,0,no_hit,True,0.3466332872928176,6,target_class,True,0.54140625,1,target_class,0.3563848843232043,0.47517984576427247,3,0.75,HPA;PRISM;CTRP,available_source_mean,0.11879496144106816
COAD_AXIS_046,COAD,(-)-huperzine a,ACHE,TFAP2A,Myeloid,True,0.5375,False,,0,no_hit,True,0.3466332872928176,5,target_class,True,0.54140625,1,target_class,0.3563848843232043,0.47517984576427247,3,0.75,HPA;PRISM;CTRP,available_source_mean,0.11879496144106816
COAD_AXIS_042,COAD,(-)-huperzine a,ACHE,HR,Myeloid,True,0.5375,False,,0,no_hit,True,0.3466332872928176,5,target_class,True,0.54140625,1,target_class,0.3563848843232043,0.47517984576427247,3,0.75,HPA;PRISM;CTRP,available_source_mean,0.11879496144106816
COAD_AXIS_058,COAD,Physovenine,ACHE,JUN,Myeloid,True,0.5375,False,,0,no_hit,True,0.63541091160221,7,tf_or_regulator_class,True,0.54140625,1,target_class,0.4285792904005525,0.5714390538674033,3,0.75,HPA;PRISM;CTRP,available_source_mean,0.14285976346685086
COAD_AXIS_015,COAD,Quercetin,CDK1,KLF5,Myeloid,True,0.5375,True,0.8084409594095942,4,target_class,True,0.7910048342541437,12,target_class,True,0.8476562499999999,7,target_class,0.7461505109159344,0.7461505109159344,4,1.0,HPA;GDSC;PRISM;CTRP,available_source_mean,0.0
COAD_AXIS_092,COAD,Physostigmine,ACHE,MYC,Myeloid,True,0.5375,False,,0,no_hit,True,0.3466332872928176,6,target_class,True,0.54140625,1,target_class,0.3563848843232043,0.47517984576427247,3,0.75,HPA;PRISM;CTRP,available_source_mean,0.11879496144106816
COAD_AXIS_093,COAD,Physovenine,ACHE,TP53,Myeloid,True,0.5375,True,0.2728321033210332,2,tf_or_regulator_class,True,0.3466332872928176,8,target_class,True,0.54140625,10,target_class,0.4245929101534627,0.4245929101534627,4,1.0,HPA;GDSC;PRISM;CTRP,available_source_mean,0.0
COAD_AXIS_085,COAD,Berberine chloride,ACHE,TFAP2A,Myeloid,True,0.5375,False,,0,no_hit,True,0.3466332872928176,5,target_class,True,0.54140625,1,target_class,0.3563848843232043,0.47517984576427247,3,0.75,HPA;PRISM;CTRP,available_source_mean,0.11879496144106816
COAD_AXIS_084,COAD,Berberine,ACHE,TFAP2A,Myeloid,True,0.5375,False,,0,no_hit,True,0.8042127071823204,6,direct_compound,True,0.54140625,1,target_class,0.4707797392955801,0.6277063190607736,3,0.75,HPA;PRISM;CTRP,available_source_mean,0.15692657976519347
COAD_AXIS_078,COAD,Berberine chloride,ACHE,HR,Myeloid,True,0.5375,False,,0,no_hit,True,0.3466332872928176,5,target_class,True,0.54140625,1,target_class,0.3563848843232043,0.47517984576427247,3,0.75,HPA;PRISM;CTRP,available_source_mean,0.11879496144106816
COAD_AXIS_079,COAD,Berberine,ACHE,HR,Myeloid,True,0.5375,False,,0,no_hit,True,0.8042127071823204,6,direct_compound,True,0.54140625,1,target_class,0.4707797392955801,0.6277063190607736,3,0.75,HPA;PRISM;CTRP,available_source_mean,0.15692657976519347
COAD_AXIS_087,COAD,Quercetin,ACHE,JUN,Myeloid,True,0.5375,False,,0,no_hit,True,0.63541091160221,7,tf_or_regulator_class,True,0.54140625,1,target_class,0.4285792904005525,0.5714390538674033,3,0.75,HPA;PRISM;CTRP,available_source_mean,0.14285976346685086
COAD_AXIS_047,COAD,Indirubin,CCNA2,FOXM1,Myeloid,True,0.5375,False,,0,no_hit,True,0.7634150552486189,4,target_class,False,,0,no_hit,0.3252287638121547,0.6504575276243094,2,0.5,HPA;PRISM,available_source_mean,0.3252287638121547
COAD_AXIS_075,COAD,Quercetin,MMP1,CEBPG,Myeloid,True,0.625,False,,0,no_hit,True,0.6782976519337016,2,target_class,False,,0,no_hit,0.3258244129834254,0.6516488259668508,2,0.5,HPA;PRISM,available_source_mean,0.3258244129834254
COAD_AXIS_094,COAD,Tanshinone iia,ACHE,JUN,Myeloid,True,0.5375,False,,0,no_hit,True,0.63541091160221,8,tf_or_regulator_class,True,0.54140625,1,target_class,0.4285792904005525,0.5714390538674033,3,0.75,HPA;PRISM;CTRP,available_source_mean,0.14285976346685086
COAD_AXIS_082,COAD,Luteolin,MMP1,CEBPG,Myeloid,True,0.625,False,,0,no_hit,True,0.6782976519337016,2,target_class,False,,0,no_hit,0.3258244129834254,0.6516488259668508,2,0.5,HPA;PRISM,available_source_mean,0.3258244129834254
COAD_AXIS_083,COAD,Kaempferol,MMP1,CEBPG,Myeloid,True,0.625,False,,0,no_hit,True,0.6782976519337016,2,target_class,False,,0,no_hit,0.3258244129834254,0.6516488259668508,2,0.5,HPA;PRISM,available_source_mean,0.3258244129834254
COAD_AXIS_088,COAD,(-)-epigallocatechin-3-gallate,MMP1,CEBPG,Myeloid,True,0.625,False,,0,no_hit,True,0.6782976519337016,2,target_class,False,,0,no_hit,0.3258244129834254,0.6516488259668508,2,0.5,HPA;PRISM,available_source_mean,0.3258244129834254
COAD_AXIS_099,COAD,Decursin,ACHE,JUN,Myeloid,True,0.5375,False,,0,no_hit,True,0.63541091160221,7,tf_or_regulator_class,True,0.54140625,1,target_class,0.4285792904005525,0.5714390538674033,3,0.75,HPA;PRISM;CTRP,available_source_mean,0.14285976346685086
COAD_AXIS_097,COAD,Marmesinin,ACHE,JUN,Myeloid,True,0.5375,False,,0,no_hit,True,0.63541091160221,7,tf_or_regulator_class,True,0.54140625,1,target_class,0.4285792904005525,0.5714390538674033,3,0.75,HPA;PRISM;CTRP,available_source_mean,0.14285976346685086
COAD_AXIS_096,COAD,"methyl (E)-2-[(2S,3Z,12bS)-3-ethylidene-2,4,6,7,12,12b-hexahydro-1H-indolo[3,2-h]quinolizin-2-yl]-3-methoxyprop-2-enoate",ACHE,JUN,Myeloid,True,0.5375,False,,0,no_hit,True,0.63541091160221,7,tf_or_regulator_class,True,0.54140625,1,target_class,0.4285792904005525,0.5714390538674033,3,0.75,HPA;PRISM;CTRP,available_source_mean,0.14285976346685086
COAD_AXIS_098,COAD,Corydalmine,ACHE,JUN,Myeloid,True,0.5375,False,,0,no_hit,True,0.63541091160221,7,tf_or_regulator_class,True,0.54140625,1,target_class,0.4285792904005525,0.5714390538674033,3,0.75,HPA;PRISM;CTRP,available_source_mean,0.14285976346685086
COAD_AXIS_100,COAD,Angustidine,ACHE,JUN,Myeloid,True,0.5375,False,,0,no_hit,True,0.63541091160221,7,tf_or_regulator_class,True,0.54140625,1,target_class,0.4285792904005525,0.5714390538674033,3,0.75,HPA;PRISM;CTRP,available_source_mean,0.14285976346685086
COAD_AXIS_038,COAD,Quercetin,CDK1,MYBL2,Myeloid,True,0.5375,True,0.8084409594095942,4,target_class,True,0.7910048342541437,12,target_class,True,0.8476562499999999,6,target_class,0.7461505109159344,0.7461505109159344,4,1.0,HPA;GDSC;PRISM;CTRP,available_source_mean,0.0
COAD_AXIS_039,COAD,Quercetin,CDK1,E2F1,Myeloid,True,0.5375,True,0.8084409594095942,4,target_class,True,0.7910048342541437,12,target_class,True,0.8476562499999999,6,target_class,0.7461505109159344,0.7461505109159344,4,1.0,HPA;GDSC;PRISM;CTRP,available_source_mean,0.0
COAD_AXIS_002,COAD,Physovenine,ACHE,AP1,Myeloid,True,0.5375,False,,0,no_hit,True,0.3466332872928176,5,target_class,True,0.54140625,1,target_class,0.3563848843232043,0.47517984576427247,3,0.75,HPA;PRISM;CTRP,available_source_mean,0.11879496144106816
COAD_AXIS_077,COAD,Indirubin,CDK1,MYBL2,Myeloid,True,0.5375,True,0.8084409594095942,4,target_class,True,0.7910048342541437,13,target_class,True,0.8476562499999999,6,target_class,0.7461505109159344,0.7461505109159344,4,1.0,HPA;GDSC;PRISM;CTRP,available_source_mean,0.0
COAD_AXIS_091,COAD,Rutaecarpine,PTGS2,ETV4,Myeloid,True,0.625,False,,0,no_hit,True,0.6395545580110497,12,target_class,True,0.6632812499999999,3,target_class,0.4819589520027624,0.6426119360036832,3,0.75,HPA;PRISM;CTRP,available_source_mean,0.16065298400092076
COAD_AXIS_095,COAD,Triptolide,PTGS2,ETV4,Myeloid,True,0.625,False,,0,no_hit,True,0.99896408839779,13,direct_compound,True,0.7637867647058824,4,direct_compound,0.596937713275918,0.7959169510345574,3,0.75,HPA;PRISM;CTRP,available_source_mean,0.19897923775863935
COAD_AXIS_074,COAD,Quercetin,MMP1,ETV4,Myeloid,True,0.625,False,,0,no_hit,True,0.6782976519337016,2,target_class,False,,0,no_hit,0.3258244129834254,0.6516488259668508,2,0.5,HPA;PRISM,available_source_mean,0.3258244129834254
COAD_AXIS_081,COAD,Kaempferol,MMP1,ETV4,Myeloid,True,0.625,False,,0,no_hit,True,0.6782976519337016,2,target_class,False,,0,no_hit,0.3258244129834254,0.6516488259668508,2,0.5,HPA;PRISM,available_source_mean,0.3258244129834254
COAD_AXIS_080,COAD,Luteolin,MMP1,ETV4,Myeloid,True,0.625,False,,0,no_hit,True,0.6782976519337016,2,target_class,False,,0,no_hit,0.3258244129834254,0.6516488259668508,2,0.5,HPA;PRISM,available_source_mean,0.3258244129834254
COAD_AXIS_086,COAD,(-)-epigallocatechin-3-gallate,MMP1,ETV4,Myeloid,True,0.625,False,,0,no_hit,True,0.6782976519337016,2,target_class,False,,0,no_hit,0.3258244129834254,0.6516488259668508,2,0.5,HPA;PRISM,available_source_mean,0.3258244129834254
COAD_AXIS_076,COAD,Eckol,BACE1,NFKB,Myeloid,True,0.5375,False,,0,no_hit,True,0.2938017955801105,1,target_class,False,,0,no_hit,0.2078254488950276,0.41565089779005526,2,0.5,HPA;PRISM,available_source_mean,0.20782544889502766
COAD_AXIS_090,COAD,Quercetin,CDK1,E2F1,Fibroblast_CAF,True,0.5375,True,0.8084409594095942,4,target_class,True,0.7910048342541437,12,target_class,True,0.8476562499999999,6,target_class,0.7461505109159344,0.7461505109159344,4,1.0,HPA;GDSC;PRISM;CTRP,available_source_mean,0.0
COAD_AXIS_181,COAD,"3,5-dihydroxy-2-(4-hydroxyphenyl)chromone",PPARG,ETV4,Myeloid,True,0.625,False,,0,no_hit,True,0.7258459944751381,5,target_class,True,0.81015625,1,target_class,0.5402505611187846,0.7203340814917127,3,0.75,HPA;PRISM;CTRP,available_source_mean,0.18008352037292819
COAD_AXIS_173,COAD,Psi-Baptigenin,PPARG,ETV4,Myeloid,True,0.625,False,,0,no_hit,True,0.7258459944751381,5,target_class,True,0.81015625,1,target_class,0.5402505611187846,0.7203340814917127,3,0.75,HPA;PRISM;CTRP,available_source_mean,0.18008352037292819
COAD_AXIS_182,COAD,Galangin,PPARG,ETV4,Myeloid,True,0.625,False,,0,no_hit,True,0.7258459944751381,5,target_class,True,0.81015625,1,target_class,0.5402505611187846,0.7203340814917127,3,0.75,HPA;PRISM;CTRP,available_source_mean,0.18008352037292819
COAD_AXIS_150,COAD,Artemisinin,CYP2B6,CEBPA,Myeloid,True,0.625,False,,0,no_hit,True,0.4119475138121546,5,direct_compound,True,0.09296875,2,target_class,0.2824790659530387,0.37663875460405155,3,0.75,HPA;PRISM;CTRP,available_source_mean,0.09415968865101287
COAD_AXIS_113,COAD,Artemisinin,CYP2B6,CEBPG,Myeloid,True,0.625,False,,0,no_hit,True,0.4119475138121546,5,direct_compound,True,0.09296875,2,target_class,0.2824790659530387,0.37663875460405155,3,0.75,HPA;PRISM;CTRP,available_source_mean,0.09415968865101287
COAD_AXIS_168,COAD,Psi-Baptigenin,PPARG,CEBPG,Myeloid,True,0.625,False,,0,no_hit,True,0.7258459944751381,5,target_class,True,0.81015625,1,target_class,0.5402505611187846,0.7203340814917127,3,0.75,HPA;PRISM;CTRP,available_source_mean,0.18008352037292819
COAD_AXIS_176,COAD,Galangin,PPARG,CEBPG,Myeloid,True,0.625,False,,0,no_hit,True,0.7258459944751381,5,target_class,True,0.81015625,1,target_class,0.5402505611187846,0.7203340814917127,3,0.75,HPA;PRISM;CTRP,available_source_mean,0.18008352037292819
COAD_AXIS_197,COAD,Quercetin,PPARG,CEBPG,Myeloid,True,0.625,False,,0,no_hit,True,0.7258459944751381,5,target_class,True,0.81015625,1,target_class,0.5402505611187846,0.7203340814917127,3,0.75,HPA;PRISM;CTRP,available_source_mean,0.18008352037292819
COAD_AXIS_175,COAD,"3,5-dihydroxy-2-(4-hydroxyphenyl)chromone",PPARG,CEBPG,Myeloid,True,0.625,False,,0,no_hit,True,0.7258459944751381,5,target_class,True,0.81015625,1,target_class,0.5402505611187846,0.7203340814917127,3,0.75,HPA;PRISM;CTRP,available_source_mean,0.18008352037292819
COAD_AXIS_198,COAD,Kaempferol,PPARG,CEBPG,Myeloid,True,0.625,False,,0,no_hit,True,0.7258459944751381,5,target_class,True,0.81015625,1,target_class,0.5402505611187846,0.7203340814917127,3,0.75,HPA;PRISM;CTRP,available_source_mean,0.18008352037292819
COAD_AXIS_160,COAD,Quercetin,XDH,CEBPG,Myeloid,True,0.5375,False,,0,no_hit,True,0.6178349447513811,2,target_class,True,0.6632812499999999,1,target_class,0.4546540486878452,0.6062053982504603,3,0.75,HPA;PRISM;CTRP,available_source_mean,0.15155134956261507
COAD_AXIS_167,COAD,Luteolin,XDH,CEBPG,Myeloid,True,0.5375,False,,0,no_hit,True,0.6178349447513811,2,target_class,True,0.6632812499999999,1,target_class,0.4546540486878452,0.6062053982504603,3,0.75,HPA;PRISM;CTRP,available_source_mean,0.15155134956261507
COAD_AXIS_147,COAD,ellagic acid,GSTP1,CEBPG,Myeloid,True,0.5375,False,,0,no_hit,False,,0,no_hit,False,,0,no_hit,0.134375,0.5375,1,0.25,HPA,available_source_mean,0.40312499999999996
COAD_AXIS_178,COAD,"3,5-dihydroxy-2-(4-hydroxyphenyl)chromone",PPARG,DDIT3,Myeloid,True,0.625,False,,0,no_hit,True,0.7258459944751381,5,target_class,True,0.81015625,1,target_class,0.5402505611187846,0.7203340814917127,3,0.75,HPA;PRISM;CTRP,available_source_mean,0.18008352037292819
COAD_AXIS_179,COAD,Galangin,PPARG,DDIT3,Myeloid,True,0.625,False,,0,no_hit,True,0.7258459944751381,5,target_class,True,0.81015625,1,target_class,0.5402505611187846,0.7203340814917127,3,0.75,HPA;PRISM;CTRP,available_source_mean,0.18008352037292819
COAD_AXIS_174,COAD,Psi-Baptigenin,PPARG,DDIT3,Myeloid,True,0.625,False,,0,no_hit,True,0.7258459944751381,5,target_class,True,0.81015625,1,target_class,0.5402505611187846,0.7203340814917127,3,0.75,HPA;PRISM;CTRP,available_source_mean,0.18008352037292819
COAD_AXIS_141,COAD,Glycyrrhiza flavonol a,ACHE,HR,Myeloid,True,0.5375,False,,0,no_hit,True,0.3466332872928176,5,target_class,True,0.54140625,1,target_class,0.3563848843232043,0.47517984576427247,3,0.75,HPA;PRISM;CTRP,available_source_mean,0.11879496144106816
COAD_AXIS_131,COAD,"3,5-dihydroxy-2-(4-hydroxyphenyl)chromone",ACHE,HR,Myeloid,True,0.5375,False,,0,no_hit,True,0.3466332872928176,5,target_class,True,0.54140625,1,target_class,0.3563848843232043,0.47517984576427247,3,0.75,HPA;PRISM;CTRP,available_source_mean,0.11879496144106816
COAD_AXIS_124,COAD,"(6S)-6-hydroxy-1-methyl-6-methylol-8,9-dihydro-7H-naphtho[8,7-g]benzofuran-10,11-quinone",ACHE,HR,Myeloid,True,0.5375,False,,0,no_hit,True,0.3466332872928176,5,target_class,True,0.54140625,1,target_class,0.3563848843232043,0.47517984576427247,3,0.75,HPA;PRISM;CTRP,available_source_mean,0.11879496144106816
COAD_AXIS_137,COAD,"5-(1-methoxyethyl)-2,6-dihydroxy-1,7-dimethyl-9,10-dihydrophenanthrene",ACHE,HR,Myeloid,True,0.5375,False,,0,no_hit,True,0.3466332872928176,5,target_class,True,0.54140625,1,target_class,0.3563848843232043,0.47517984576427247,3,0.75,HPA;PRISM;CTRP,available_source_mean,0.11879496144106816
COAD_AXIS_127,COAD,"Quercetin tetramethyl(3',4',5,7) ether",ACHE,HR,Myeloid,True,0.5375,False,,0,no_hit,True,0.3466332872928176,5,target_class,True,0.54140625,1,target_class,0.3563848843232043,0.47517984576427247,3,0.75,HPA;PRISM;CTRP,available_source_mean,0.11879496144106816
COAD_AXIS_142,COAD,Ibogain,ACHE,HR,Myeloid,True,0.5375,False,,0,no_hit,True,0.3466332872928176,5,target_class,True,0.54140625,1,target_class,0.3563848843232043,0.47517984576427247,3,0.75,HPA;PRISM;CTRP,available_source_mean,0.11879496144106816
COAD_AXIS_138,COAD,Xyloidone,ACHE,HR,Myeloid,True,0.5375,False,,0,no_hit,True,0.3466332872928176,5,target_class,True,0.54140625,1,target_class,0.3563848843232043,0.47517984576427247,3,0.75,HPA;PRISM;CTRP,available_source_mean,0.11879496144106816
COAD_AXIS_130,COAD,Sumatrol,ACHE,HR,Myeloid,True,0.5375,False,,0,no_hit,True,0.3466332872928176,5,target_class,True,0.54140625,1,target_class,0.3563848843232043,0.47517984576427247,3,0.75,HPA;PRISM;CTRP,available_source_mean,0.11879496144106816
COAD_AXIS_125,COAD,Anhydroicaritin,ACHE,HR,Myeloid,True,0.5375,False,,0,no_hit,True,0.3466332872928176,5,target_class,True,0.54140625,1,target_class,0.3563848843232043,0.47517984576427247,3,0.75,HPA;PRISM;CTRP,available_source_mean,0.11879496144106816
COAD_AXIS_121,COAD,isodihydrofutoquinol a,ACHE,HR,Myeloid,True,0.5375,False,,0,no_hit,True,0.3466332872928176,5,target_class,True,0.54140625,1,target_class,0.3563848843232043,0.47517984576427247,3,0.75,HPA;PRISM;CTRP,available_source_mean,0.11879496144106816
COAD_AXIS_135,COAD,Dihydrocorynantheine,ACHE,HR,Myeloid,True,0.5375,False,,0,no_hit,True,0.3466332872928176,5,target_class,True,0.54140625,1,target_class,0.3563848843232043,0.47517984576427247,3,0.75,HPA;PRISM;CTRP,available_source_mean,0.11879496144106816
COAD_AXIS_132,COAD,Glabridin,ACHE,HR,Myeloid,True,0.5375,False,,0,no_hit,True,0.3466332872928176,5,target_class,True,0.54140625,1,target_class,0.3563848843232043,0.47517984576427247,3,0.75,HPA;PRISM;CTRP,available_source_mean,0.11879496144106816
COAD_AXIS_126,COAD,7-Methoxy-2-methyl isoflavone,ACHE,HR,Myeloid,True,0.5375,False,,0,no_hit,True,0.3466332872928176,5,target_class,True,0.54140625,1,target_class,0.3563848843232043,0.47517984576427247,3,0.75,HPA;PRISM;CTRP,available_source_mean,0.11879496144106816
COAD_AXIS_123,COAD,Dinatin,ACHE,HR,Myeloid,True,0.5375,False,,0,no_hit,True,0.3466332872928176,5,target_class,True,0.54140625,1,target_class,0.3563848843232043,0.47517984576427247,3,0.75,HPA;PRISM;CTRP,available_source_mean,0.11879496144106816
COAD_AXIS_122,COAD,Noscapine,ACHE,HR,Myeloid,True,0.5375,False,,0,no_hit,True,0.3466332872928176,5,target_class,True,0.54140625,1,target_class,0.3563848843232043,0.47517984576427247,3,0.75,HPA;PRISM;CTRP,available_source_mean,0.11879496144106816
COAD_AXIS_129,COAD,Salvilenone,ACHE,HR,Myeloid,True,0.5375,False,,0,no_hit,True,0.3466332872928176,5,target_class,True,0.54140625,1,target_class,0.3563848843232043,0.47517984576427247,3,0.75,HPA;PRISM;CTRP,available_source_mean,0.11879496144106816
COAD_AXIS_139,COAD,Luteanin,ACHE,HR,Myeloid,True,0.5375,False,,0,no_hit,True,0.3466332872928176,5,target_class,True,0.54140625,1,target_class,0.3563848843232043,0.47517984576427247,3,0.75,HPA;PRISM;CTRP,available_source_mean,0.11879496144106816
COAD_AXIS_134,COAD,Isocryptanshinone,ACHE,HR,Myeloid,True,0.5375,False,,0,no_hit,True,0.3466332872928176,5,target_class,True,0.54140625,1,target_class,0.3563848843232043,0.47517984576427247,3,0.75,HPA;PRISM;CTRP,available_source_mean,0.11879496144106816
COAD_AXIS_133,COAD,Gancaonin A,ACHE,HR,Myeloid,True,0.5375,False,,0,no_hit,True,0.3466332872928176,5,target_class,True,0.54140625,1,target_class,0.3563848843232043,0.47517984576427247,3,0.75,HPA;PRISM;CTRP,available_source_mean,0.11879496144106816
COAD_AXIS_136,COAD,Pisatin,ACHE,HR,Myeloid,True,0.5375,False,,0,no_hit,True,0.3466332872928176,5,target_class,True,0.54140625,1,target_class,0.3563848843232043,0.47517984576427247,3,0.75,HPA;PRISM;CTRP,available_source_mean,0.11879496144106816
COAD_AXIS_128,COAD,Rhynchophylline,ACHE,HR,Myeloid,True,0.5375,False,,0,no_hit,True,0.3466332872928176,5,target_class,True,0.54140625,1,target_class,0.3563848843232043,0.47517984576427247,3,0.75,HPA;PRISM;CTRP,available_source_mean,0.11879496144106816
COAD_AXIS_140,COAD,Zizyphusine,ACHE,HR,Myeloid,True,0.5375,False,,0,no_hit,True,0.3466332872928176,5,target_class,True,0.54140625,1,target_class,0.3563848843232043,0.47517984576427247,3,0.75,HPA;PRISM;CTRP,available_source_mean,0.11879496144106816
COAD_AXIS_153,COAD,Allopseudococain,SLC6A2,MYB,T_NK_ILC,True,0.625,False,,0,no_hit,True,0.1787465469613259,5,target_class,False,,0,no_hit,0.2009366367403315,0.40187327348066293,2,0.5,HPA;PRISM,available_source_mean,0.20093663674033144
COAD_AXIS_107,COAD,Alpha-lipoic acid,ACHE,TFAP2A,Myeloid,True,0.5375,True,0.1226937269372693,1,direct_compound,True,0.3466332872928176,5,target_class,True,0.54140625,1,target_class,0.3870583160575217,0.3870583160575217,4,1.0,HPA;GDSC;PRISM;CTRP,available_source_mean,0.0
COAD_AXIS_116,COAD,"1,2-dimethylbenzene",ACHE,TFAP2A,Myeloid,True,0.5375,False,,0,no_hit,True,0.3466332872928176,5,target_class,True,0.54140625,1,target_class,0.3563848843232043,0.47517984576427247,3,0.75,HPA;PRISM;CTRP,available_source_mean,0.11879496144106816
COAD_AXIS_118,COAD,Pcr,ACHE,TFAP2A,Myeloid,True,0.5375,False,,0,no_hit,True,0.3466332872928176,5,target_class,True,0.54140625,1,target_class,0.3563848843232043,0.47517984576427247,3,0.75,HPA;PRISM;CTRP,available_source_mean,0.11879496144106816
COAD_AXIS_117,COAD,M-xylene,ACHE,TFAP2A,Myeloid,True,0.5375,False,,0,no_hit,True,0.3466332872928176,5,target_class,True,0.54140625,1,target_class,0.3563848843232043,0.47517984576427247,3,0.75,HPA;PRISM;CTRP,available_source_mean,0.11879496144106816
COAD_AXIS_119,COAD,Toluene,ACHE,TFAP2A,Myeloid,True,0.5375,False,,0,no_hit,True,0.3466332872928176,5,target_class,True,0.54140625,1,target_class,0.3563848843232043,0.47517984576427247,3,0.75,HPA;PRISM;CTRP,available_source_mean,0.11879496144106816
COAD_AXIS_114,COAD,Dihydrotanshinoneⅰ,ACHE,TFAP2A,Myeloid,True,0.5375,False,,0,no_hit,True,0.3466332872928176,5,target_class,True,0.54140625,1,target_class,0.3563848843232043,0.47517984576427247,3,0.75,HPA;PRISM;CTRP,available_source_mean,0.11879496144106816
COAD_AXIS_120,COAD,Glabranin,ACHE,TFAP2A,Myeloid,True,0.5375,False,,0,no_hit,True,0.3466332872928176,5,target_class,True,0.54140625,1,target_class,0.3563848843232043,0.47517984576427247,3,0.75,HPA;PRISM;CTRP,available_source_mean,0.11879496144106816
COAD_AXIS_108,COAD,Alpha-lipoic acid,ACHE,HR,Myeloid,True,0.5375,True,0.1226937269372693,1,direct_compound,True,0.3466332872928176,5,target_class,True,0.54140625,1,target_class,0.3870583160575217,0.3870583160575217,4,1.0,HPA;GDSC;PRISM;CTRP,available_source_mean,0.0
COAD_AXIS_161,COAD,Allopseudococain,SLC6A2,MYB,Myeloid,True,0.625,False,,0,no_hit,True,0.1787465469613259,5,target_class,False,,0,no_hit,0.2009366367403315,0.40187327348066293,2,0.5,HPA;PRISM,available_source_mean,0.20093663674033144
COAD_AXIS_171,COAD,Physovenine,ACHE,JUN,Fibroblast_CAF,True,0.5375,False,,0,no_hit,True,0.63541091160221,7,tf_or_regulator_class,True,0.54140625,1,target_class,0.4285792904005525,0.5714390538674033,3,0.75,HPA;PRISM;CTRP,available_source_mean,0.14285976346685086
COAD_AXIS_145,COAD,Indirubin,CDK1,E2F1,Fibroblast_CAF,True,0.5375,True,0.8084409594095942,4,target_class,True,0.7910048342541437,13,target_class,True,0.8476562499999999,6,target_class,0.7461505109159344,0.7461505109159344,4,1.0,HPA;GDSC;PRISM;CTRP,available_source_mean,0.0
COAD_AXIS_143,COAD,Physovenine,ACHE,MYC,Fibroblast_CAF,True,0.5375,False,,0,no_hit,True,0.3466332872928176,6,target_class,True,0.54140625,1,target_class,0.3563848843232043,0.47517984576427247,3,0.75,HPA;PRISM;CTRP,available_source_mean,0.11879496144106816
COAD_AXIS_157,COAD,Baicalein,CDK1,E2F1,Fibroblast_CAF,True,0.5375,True,0.8084409594095942,4,target_class,True,0.7910048342541437,13,target_class,True,0.8476562499999999,6,target_class,0.7461505109159344,0.7461505109159344,4,1.0,HPA;GDSC;PRISM;CTRP,available_source_mean,0.0
COAD_AXIS_148,COAD,Quercetin,CDK1,MYC,Fibroblast_CAF,True,0.5375,True,0.8084409594095942,4,target_class,True,0.7910048342541437,13,target_class,True,0.8476562499999999,6,target_class,0.7461505109159344,0.7461505109159344,4,1.0,HPA;GDSC;PRISM;CTRP,available_source_mean,0.0
COAD_AXIS_109,COAD,Eriodyctiol (flavanone),HSP90AB1,HSF1,Myeloid,True,0.5375,True,0.4934963099630996,2,tf_or_regulator_class,True,0.8050932320441989,1,target_class,False,,0,no_hit,0.4590223855018246,0.6120298473357662,3,0.75,HPA;GDSC;PRISM,available_source_mean,0.15300746183394154
COAD_AXIS_149,COAD,Physovenine,ACHE,SSRP1,Myeloid,True,0.5375,False,,0,no_hit,True,0.3466332872928176,5,target_class,True,0.54140625,1,target_class,0.3563848843232043,0.47517984576427247,3,0.75,HPA;PRISM;CTRP,available_source_mean,0.11879496144106816
COAD_AXIS_190,COAD,Quercetin,ACHE,SSRP1,Myeloid,True,0.5375,False,,0,no_hit,True,0.3466332872928176,5,target_class,True,0.54140625,1,target_class,0.3563848843232043,0.47517984576427247,3,0.75,HPA;PRISM;CTRP,available_source_mean,0.11879496144106816
COAD_AXIS_177,COAD,Quercetin,CDK1,E2F4,Fibroblast_CAF,True,0.5375,True,0.8084409594095942,4,target_class,True,0.7910048342541437,12,target_class,True,0.8476562499999999,6,target_class,0.7461505109159344,0.7461505109159344,4,1.0,HPA;GDSC;PRISM;CTRP,available_source_mean,0.0
COAD_AXIS_104,COAD,Deltoin,ACHE,JUN,Myeloid,True,0.5375,False,,0,no_hit,True,0.63541091160221,7,tf_or_regulator_class,True,0.54140625,1,target_class,0.4285792904005525,0.5714390538674033,3,0.75,HPA;PRISM;CTRP,available_source_mean,0.14285976346685086
COAD_AXIS_105,COAD,Dihydrosanguinarine,ACHE,JUN,Myeloid,True,0.5375,False,,0,no_hit,True,0.63541091160221,7,tf_or_regulator_class,True,0.54140625,1,target_class,0.4285792904005525,0.5714390538674033,3,0.75,HPA;PRISM;CTRP,available_source_mean,0.14285976346685086
COAD_AXIS_103,COAD,Pectolinarigenin,ACHE,JUN,Myeloid,True,0.5375,False,,0,no_hit,True,0.63541091160221,7,tf_or_regulator_class,True,0.54140625,1,target_class,0.4285792904005525,0.5714390538674033,3,0.75,HPA;PRISM;CTRP,available_source_mean,0.14285976346685086
COAD_AXIS_101,COAD,Kaempferol,ACHE,JUN,Myeloid,True,0.5375,False,,0,no_hit,True,0.63541091160221,7,tf_or_regulator_class,True,0.54140625,1,target_class,0.4285792904005525,0.5714390538674033,3,0.75,HPA;PRISM;CTRP,available_source_mean,0.14285976346685086
COAD_AXIS_112,COAD,2-epigalanthamine,ACHE,JUN,Myeloid,True,0.5375,False,,0,no_hit,True,0.63541091160221,7,tf_or_regulator_class,True,0.54140625,1,target_class,0.4285792904005525,0.5714390538674033,3,0.75,HPA;PRISM;CTRP,available_source_mean,0.14285976346685086
COAD_AXIS_102,COAD,Physostigmine,ACHE,JUN,Myeloid,True,0.5375,False,,0,no_hit,True,0.63541091160221,7,tf_or_regulator_class,True,0.54140625,1,target_class,0.4285792904005525,0.5714390538674033,3,0.75,HPA;PRISM;CTRP,available_source_mean,0.14285976346685086
COAD_AXIS_111,COAD,(-)-huperzine a,ACHE,JUN,Myeloid,True,0.5375,False,,0,no_hit,True,0.63541091160221,7,tf_or_regulator_class,True,0.54140625,1,target_class,0.4285792904005525,0.5714390538674033,3,0.75,HPA;PRISM;CTRP,available_source_mean,0.14285976346685086
COAD_AXIS_151,COAD,Quercetin,PLAU,ETS1,Myeloid,True,0.5375,False,,0,no_hit,False,,0,no_hit,False,,0,no_hit,0.134375,0.5375,1,0.25,HPA,available_source_mean,0.40312499999999996
COAD_AXIS_146,COAD,Quercetin,ACHE,MYC,T_NK_ILC,True,0.5375,False,,0,no_hit,True,0.3466332872928176,6,target_class,True,0.54140625,1,target_class,0.3563848843232043,0.47517984576427247,3,0.75,HPA;PRISM;CTRP,available_source_mean,0.11879496144106816
COAD_AXIS_199,COAD,Eriodyctiol (flavanone),HSP90AB1,MYC,Myeloid,True,0.5375,False,,0,no_hit,True,0.8050932320441989,2,target_class,False,,0,no_hit,0.3356483080110497,0.6712966160220994,2,0.5,HPA;PRISM,available_source_mean,0.3356483080110497
COAD_AXIS_159,COAD,Quercetin,PLAU,HIF1A,Myeloid,True,0.5375,False,,0,no_hit,True,0.6174551104972377,3,tf_or_regulator_class,False,,0,no_hit,0.2887387776243094,0.5774775552486189,2,0.5,HPA;PRISM,available_source_mean,0.2887387776243095
COAD_AXIS_165,COAD,Berberine,ACHE,JUN,Myeloid,True,0.5375,False,,0,no_hit,True,0.8042127071823204,8,direct_compound,True,0.54140625,1,target_class,0.4707797392955801,0.6277063190607736,3,0.75,HPA;PRISM;CTRP,available_source_mean,0.15692657976519347
COAD_AXIS_164,COAD,Berberine chloride,ACHE,JUN,Myeloid,True,0.5375,False,,0,no_hit,True,0.63541091160221,7,tf_or_regulator_class,True,0.54140625,1,target_class,0.4285792904005525,0.5714390538674033,3,0.75,HPA;PRISM;CTRP,available_source_mean,0.14285976346685086
COAD_AXIS_184,COAD,Kaempferol,ACHE,MYC,T_NK_ILC,True,0.5375,False,,0,no_hit,True,0.3466332872928176,6,target_class,True,0.54140625,1,target_class,0.3563848843232043,0.47517984576427247,3,0.75,HPA;PRISM;CTRP,available_source_mean,0.11879496144106816
COAD_AXIS_188,COAD,Decursin,ACHE,MYC,T_NK_ILC,True,0.5375,False,,0,no_hit,True,0.3466332872928176,6,target_class,True,0.54140625,1,target_class,0.3563848843232043,0.47517984576427247,3,0.75,HPA;PRISM;CTRP,available_source_mean,0.11879496144106816
COAD_AXIS_189,COAD,Angustidine,ACHE,MYC,T_NK_ILC,True,0.5375,False,,0,no_hit,True,0.3466332872928176,6,target_class,True,0.54140625,1,target_class,0.3563848843232043,0.47517984576427247,3,0.75,HPA;PRISM;CTRP,available_source_mean,0.11879496144106816
COAD_AXIS_187,COAD,"methyl (E)-2-[(2S,3Z,12bS)-3-ethylidene-2,4,6,7,12,12b-hexahydro-1H-indolo[3,2-h]quinolizin-2-yl]-3-methoxyprop-2-enoate",ACHE,MYC,T_NK_ILC,True,0.5375,False,,0,no_hit,True,0.3466332872928176,6,target_class,True,0.54140625,1,target_class,0.3563848843232043,0.47517984576427247,3,0.75,HPA;PRISM;CTRP,available_source_mean,0.11879496144106816
COAD_AXIS_185,COAD,Corydalmine,ACHE,MYC,T_NK_ILC,True,0.5375,False,,0,no_hit,True,0.3466332872928176,6,target_class,True,0.54140625,1,target_class,0.3563848843232043,0.47517984576427247,3,0.75,HPA;PRISM;CTRP,available_source_mean,0.11879496144106816
COAD_AXIS_186,COAD,Marmesinin,ACHE,MYC,T_NK_ILC,True,0.5375,False,,0,no_hit,True,0.3466332872928176,6,target_class,True,0.54140625,1,target_class,0.3563848843232043,0.47517984576427247,3,0.75,HPA;PRISM;CTRP,available_source_mean,0.11879496144106816
COAD_AXIS_169,COAD,Tanshinone iia,ACHE,MYC,T_NK_ILC,True,0.5375,False,,0,no_hit,True,0.3466332872928176,7,target_class,True,0.54140625,1,target_class,0.3563848843232043,0.47517984576427247,3,0.75,HPA;PRISM;CTRP,available_source_mean,0.11879496144106816
COAD_AXIS_194,COAD,Corydalmine,ACHE,SP1,Myeloid,True,0.5375,False,,0,no_hit,True,0.3466332872928176,5,target_class,True,0.54140625,1,target_class,0.3563848843232043,0.47517984576427247,3,0.75,HPA;PRISM;CTRP,available_source_mean,0.11879496144106816
COAD_AXIS_158,COAD,Quercetin,ACHE,SP1,Myeloid,True,0.5375,False,,0,no_hit,True,0.3466332872928176,5,target_class,True,0.54140625,1,target_class,0.3563848843232043,0.47517984576427247,3,0.75,HPA;PRISM;CTRP,available_source_mean,0.11879496144106816
COAD_AXIS_110,COAD,Physovenine,ACHE,SP1,Myeloid,True,0.5375,False,,0,no_hit,True,0.3466332872928176,5,target_class,True,0.54140625,1,target_class,0.3563848843232043,0.47517984576427247,3,0.75,HPA;PRISM;CTRP,available_source_mean,0.11879496144106816
COAD_AXIS_172,COAD,Tanshinone iia,ACHE,SP1,Myeloid,True,0.5375,False,,0,no_hit,True,0.3466332872928176,6,target_class,True,0.54140625,1,target_class,0.3563848843232043,0.47517984576427247,3,0.75,HPA;PRISM;CTRP,available_source_mean,0.11879496144106816
COAD_AXIS_200,COAD,Pectolinarigenin,ACHE,SP1,Myeloid,True,0.5375,False,,0,no_hit,True,0.3466332872928176,5,target_class,True,0.54140625,1,target_class,0.3563848843232043,0.47517984576427247,3,0.75,HPA;PRISM;CTRP,available_source_mean,0.11879496144106816
COAD_AXIS_195,COAD,Marmesinin,ACHE,SP1,Myeloid,True,0.5375,False,,0,no_hit,True,0.3466332872928176,5,target_class,True,0.54140625,1,target_class,0.3563848843232043,0.47517984576427247,3,0.75,HPA;PRISM;CTRP,available_source_mean,0.11879496144106816
COAD_AXIS_191,COAD,"methyl (E)-2-[(2S,3Z,12bS)-3-ethylidene-2,4,6,7,12,12b-hexahydro-1H-indolo[3,2-h]quinolizin-2-yl]-3-methoxyprop-2-enoate",ACHE,SP1,Myeloid,True,0.5375,False,,0,no_hit,True,0.3466332872928176,5,target_class,True,0.54140625,1,target_class,0.3563848843232043,0.47517984576427247,3,0.75,HPA;PRISM;CTRP,available_source_mean,0.11879496144106816
COAD_AXIS_192,COAD,Angustidine,ACHE,SP1,Myeloid,True,0.5375,False,,0,no_hit,True,0.3466332872928176,5,target_class,True,0.54140625,1,target_class,0.3563848843232043,0.47517984576427247,3,0.75,HPA;PRISM;CTRP,available_source_mean,0.11879496144106816
COAD_AXIS_193,COAD,Decursin,ACHE,SP1,Myeloid,True,0.5375,False,,0,no_hit,True,0.3466332872928176,5,target_class,True,0.54140625,1,target_class,0.3563848843232043,0.47517984576427247,3,0.75,HPA;PRISM;CTRP,available_source_mean,0.11879496144106816
COAD_AXIS_196,COAD,Kaempferol,ACHE,SP1,Myeloid,True,0.5375,False,,0,no_hit,True,0.3466332872928176,5,target_class,True,0.54140625,1,target_class,0.3563848843232043,0.47517984576427247,3,0.75,HPA;PRISM;CTRP,available_source_mean,0.11879496144106816
COAD_AXIS_144,COAD,Physovenine,ACHE,MYC,T_NK_ILC,True,0.5375,False,,0,no_hit,True,0.3466332872928176,6,target_class,True,0.54140625,1,target_class,0.3563848843232043,0.47517984576427247,3,0.75,HPA;PRISM;CTRP,available_source_mean,0.11879496144106816
COAD_AXIS_152,COAD,Quercetin,ACHE,TP53,Myeloid,True,0.5375,True,0.2728321033210332,2,tf_or_regulator_class,True,0.3466332872928176,8,target_class,True,0.54140625,10,target_class,0.4245929101534627,0.4245929101534627,4,1.0,HPA;GDSC;PRISM;CTRP,available_source_mean,0.0
COAD_AXIS_183,COAD,Tanshinone iia,ACHE,TP53,Myeloid,True,0.5375,True,0.2728321033210332,2,tf_or_regulator_class,True,0.3466332872928176,9,target_class,True,0.54140625,10,target_class,0.4245929101534627,0.4245929101534627,4,1.0,HPA;GDSC;PRISM;CTRP,available_source_mean,0.0
COAD_AXIS_163,COAD,Coryincine,ADRA1B,SP1,Myeloid,True,0.625,False,,0,no_hit,True,0.6031595303867403,12,target_class,False,,0,no_hit,0.3070398825966851,0.6140797651933702,2,0.5,HPA;PRISM,available_source_mean,0.3070398825966851
COAD_AXIS_180,COAD,Hyperforin,NR1I2,CDX2,Endothelial,True,0.6625,False,,0,no_hit,True,0.8103763812154696,9,target_class,True,0.82890625,5,target_class,0.5754456578038674,0.7672608770718231,3,0.75,HPA;PRISM;CTRP,available_source_mean,0.19181521926795575
COAD_AXIS_170,COAD,Guggulsterone,PGR,PGR,Myeloid,True,0.6625,False,,0,no_hit,True,0.6642092541436464,24,target_class,False,,0,no_hit,0.3316773135359115,0.6633546270718231,2,0.5,HPA;PRISM,available_source_mean,0.3316773135359116
COAD_AXIS_106,COAD,Eckol,BACE1,HIF1A,Myeloid,True,0.5375,False,,0,no_hit,True,0.6174551104972377,4,tf_or_regulator_class,False,,0,no_hit,0.2887387776243094,0.5774775552486189,2,0.5,HPA;PRISM,available_source_mean,0.2887387776243095
COAD_AXIS_115,COAD,Physostigmine,ACHE,TBP,Myeloid,True,0.5375,False,,0,no_hit,True,0.3466332872928176,5,target_class,True,0.54140625,1,target_class,0.3563848843232043,0.47517984576427247,3,0.75,HPA;PRISM;CTRP,available_source_mean,0.11879496144106816
COAD_AXIS_155,COAD,(-)-huperzine a,ACHE,TBP,Myeloid,True,0.5375,False,,0,no_hit,True,0.3466332872928176,5,target_class,True,0.54140625,1,target_class,0.3563848843232043,0.47517984576427247,3,0.75,HPA;PRISM;CTRP,available_source_mean,0.11879496144106816
COAD_AXIS_156,COAD,2-epigalanthamine,ACHE,TBP,Myeloid,True,0.5375,False,,0,no_hit,True,0.3466332872928176,5,target_class,True,0.54140625,1,target_class,0.3563848843232043,0.47517984576427247,3,0.75,HPA;PRISM;CTRP,available_source_mean,0.11879496144106816
COAD_AXIS_154,COAD,Quercetin,CDK1,MYB,T_NK_ILC,True,0.5375,True,0.8084409594095942,4,target_class,True,0.7910048342541437,12,target_class,True,0.8476562499999999,6,target_class,0.7461505109159344,0.7461505109159344,4,1.0,HPA;GDSC;PRISM;CTRP,available_source_mean,0.0
COAD_AXIS_166,COAD,Physovenine,ACHE,SP3,Myeloid,True,0.5375,False,,0,no_hit,True,0.3466332872928176,5,target_class,True,0.54140625,1,target_class,0.3563848843232043,0.47517984576427247,3,0.75,HPA;PRISM;CTRP,available_source_mean,0.11879496144106816
COAD_AXIS_162,COAD,Physovenine,ACHE,AP1,T_NK_ILC,True,0.5375,False,,0,no_hit,True,0.3466332872928176,5,target_class,True,0.54140625,1,target_class,0.3563848843232043,0.47517984576427247,3,0.75,HPA;PRISM;CTRP,available_source_mean,0.11879496144106816
LIHC_AXIS_092,LIHC,"4',5-Dihydroxyflavone",AR,HDAC1,T_NK_ILC,True,0.625,True,0.636747572815534,12,tf_or_regulator_class,True,0.6683183701657459,24,target_class,True,0.6482077205882353,12,tf_or_regulator_class,0.6445684158923788,0.6445684158923788,4,1.0,HPA;GDSC;PRISM;CTRP,available_source_mean,0.0
LIHC_AXIS_008,LIHC,Quercetin,MMP1,EHF,Tumor_Lineage,True,0.865,False,,0,no_hit,True,0.6606871546961326,2,target_class,False,,0,no_hit,0.3814217886740331,0.7628435773480663,2,0.5,HPA;PRISM,available_source_mean,0.3814217886740332
LIHC_AXIS_010,LIHC,Kaempferol,MMP1,EHF,Tumor_Lineage,True,0.865,False,,0,no_hit,True,0.6606871546961326,2,target_class,False,,0,no_hit,0.3814217886740331,0.7628435773480663,2,0.5,HPA;PRISM,available_source_mean,0.3814217886740332
LIHC_AXIS_011,LIHC,Luteolin,MMP1,EHF,Tumor_Lineage,True,0.865,False,,0,no_hit,True,0.6606871546961326,2,target_class,False,,0,no_hit,0.3814217886740331,0.7628435773480663,2,0.5,HPA;PRISM,available_source_mean,0.3814217886740332
LIHC_AXIS_013,LIHC,(-)-epigallocatechin-3-gallate,MMP1,EHF,Tumor_Lineage,True,0.865,False,,0,no_hit,True,0.6606871546961326,2,target_class,False,,0,no_hit,0.3814217886740331,0.7628435773480663,2,0.5,HPA;PRISM,available_source_mean,0.3814217886740332
LIHC_AXIS_050,LIHC,Quercetin,MMP1,FOXO1,Tumor_Lineage,True,0.865,False,,0,no_hit,True,0.6606871546961326,2,target_class,False,,0,no_hit,0.3814217886740331,0.7628435773480663,2,0.5,HPA;PRISM,available_source_mean,0.3814217886740332
LIHC_AXIS_034,LIHC,Quercetin,MMP1,SMAD2,Plasma_cell,True,0.865,False,,0,no_hit,True,0.6606871546961326,2,target_class,False,,0,no_hit,0.3814217886740331,0.7628435773480663,2,0.5,HPA;PRISM,available_source_mean,0.3814217886740332
LIHC_AXIS_043,LIHC,Rutaecarpine,CYP1A2,NR1I3,Tumor_Lineage,True,0.6625,False,,0,no_hit,True,0.377296270718232,3,tf_or_regulator_class,False,,0,no_hit,0.259949067679558,0.519898135359116,2,0.5,HPA;PRISM,available_source_mean,0.259949067679558
LIHC_AXIS_088,LIHC,Quercetin,MMP1,MYC,Tumor_Lineage,True,0.865,False,,0,no_hit,True,0.6606871546961326,3,target_class,False,,0,no_hit,0.3814217886740331,0.7628435773480663,2,0.5,HPA;PRISM,available_source_mean,0.3814217886740332
LIHC_AXIS_001,LIHC,Ellipticine,CYP1A1,NR1I3,Tumor_Lineage,True,0.6625,False,,0,no_hit,True,0.4804730662983424,3,target_class,False,,0,no_hit,0.2857432665745856,0.5714865331491712,2,0.5,HPA;PRISM,available_source_mean,0.2857432665745856
LIHC_AXIS_060,LIHC,Kaempferol,MMP1,FOXO1,Tumor_Lineage,True,0.865,False,,0,no_hit,True,0.6606871546961326,2,target_class,False,,0,no_hit,0.3814217886740331,0.7628435773480663,2,0.5,HPA;PRISM,available_source_mean,0.3814217886740332
LIHC_AXIS_059,LIHC,Luteolin,MMP1,FOXO1,Tumor_Lineage,True,0.865,False,,0,no_hit,True,0.6606871546961326,2,target_class,False,,0,no_hit,0.3814217886740331,0.7628435773480663,2,0.5,HPA;PRISM,available_source_mean,0.3814217886740332
LIHC_AXIS_061,LIHC,Quercetin,MMP1,CEBPB,Plasma_cell,True,0.865,False,,0,no_hit,True,0.6606871546961326,2,target_class,False,,0,no_hit,0.3814217886740331,0.7628435773480663,2,0.5,HPA;PRISM,available_source_mean,0.3814217886740332
LIHC_AXIS_045,LIHC,Luteolin,MMP1,SMAD2,Plasma_cell,True,0.865,False,,0,no_hit,True,0.6606871546961326,2,target_class,False,,0,no_hit,0.3814217886740331,0.7628435773480663,2,0.5,HPA;PRISM,available_source_mean,0.3814217886740332
LIHC_AXIS_031,LIHC,Quercetin,MMP1,CEBPG,T_NK_ILC,True,0.865,False,,0,no_hit,True,0.6606871546961326,2,target_class,False,,0,no_hit,0.3814217886740331,0.7628435773480663,2,0.5,HPA;PRISM,available_source_mean,0.3814217886740332
LIHC_AXIS_044,LIHC,Kaempferol,MMP1,SMAD2,Plasma_cell,True,0.865,False,,0,no_hit,True,0.6606871546961326,2,target_class,False,,0,no_hit,0.3814217886740331,0.7628435773480663,2,0.5,HPA;PRISM,available_source_mean,0.3814217886740332
LIHC_AXIS_071,LIHC,(-)-epigallocatechin-3-gallate,MMP1,FOXO1,Tumor_Lineage,True,0.865,False,,0,no_hit,True,0.6606871546961326,2,target_class,False,,0,no_hit,0.3814217886740331,0.7628435773480663,2,0.5,HPA;PRISM,available_source_mean,0.3814217886740332
LIHC_AXIS_049,LIHC,(-)-epigallocatechin-3-gallate,MMP1,SMAD2,Plasma_cell,True,0.865,False,,0,no_hit,True,0.6606871546961326,2,target_class,False,,0,no_hit,0.3814217886740331,0.7628435773480663,2,0.5,HPA;PRISM,available_source_mean,0.3814217886740332
LIHC_AXIS_078,LIHC,Kaempferol,MMP1,CEBPB,Plasma_cell,True,0.865,False,,0,no_hit,True,0.6606871546961326,2,target_class,False,,0,no_hit,0.3814217886740331,0.7628435773480663,2,0.5,HPA;PRISM,available_source_mean,0.3814217886740332
LIHC_AXIS_079,LIHC,Luteolin,MMP1,CEBPB,Plasma_cell,True,0.865,False,,0,no_hit,True,0.6606871546961326,2,target_class,False,,0,no_hit,0.3814217886740331,0.7628435773480663,2,0.5,HPA;PRISM,available_source_mean,0.3814217886740332
LIHC_AXIS_046,LIHC,"4',5-Dihydroxyflavone",AR,E2F1,Tumor_Lineage,True,0.625,True,0.4068446601941747,2,target_class,True,0.6683183701657459,12,target_class,False,,0,no_hit,0.4250407575899801,0.5667210101199736,3,0.75,HPA;GDSC;PRISM,available_source_mean,0.14168025252999344
LIHC_AXIS_086,LIHC,(-)-epigallocatechin-3-gallate,MMP1,CEBPB,Plasma_cell,True,0.865,False,,0,no_hit,True,0.6606871546961326,2,target_class,False,,0,no_hit,0.3814217886740331,0.7628435773480663,2,0.5,HPA;PRISM,available_source_mean,0.3814217886740332
LIHC_AXIS_002,LIHC,Indirubin,AHR,NR1H3,Plasma_cell,True,0.5375,False,,0,no_hit,True,0.6947341160220993,6,target_class,True,0.37578125,2,target_class,0.4020038415055248,0.5360051220073664,3,0.75,HPA;PRISM;CTRP,available_source_mean,0.13400128050184157
LIHC_AXIS_009,LIHC,Quercetin,CYP1A1,NR1I3,Tumor_Lineage,True,0.6625,False,,0,no_hit,True,0.4804730662983424,3,target_class,False,,0,no_hit,0.2857432665745856,0.5714865331491712,2,0.5,HPA;PRISM,available_source_mean,0.2857432665745856
LIHC_AXIS_020,LIHC,Quercetin,MMP1,EWSR1,Plasma_cell,True,0.865,False,,0,no_hit,True,0.6606871546961326,2,target_class,True,0.4122242647058824,1,tf_or_regulator_class,0.4844778548505037,0.645970473134005,3,0.75,HPA;PRISM;CTRP,available_source_mean,0.1614926182835013
LIHC_AXIS_073,LIHC,Kaempferol,AR,E2F1,Tumor_Lineage,True,0.625,True,0.4068446601941747,2,target_class,True,0.6683183701657459,12,target_class,False,,0,no_hit,0.4250407575899801,0.5667210101199736,3,0.75,HPA;GDSC;PRISM,available_source_mean,0.14168025252999344
LIHC_AXIS_006,LIHC,Kaempferol,AHR,NR1H3,Plasma_cell,True,0.5375,False,,0,no_hit,True,0.6947341160220993,5,target_class,True,0.37578125,2,target_class,0.4020038415055248,0.5360051220073664,3,0.75,HPA;PRISM;CTRP,available_source_mean,0.13400128050184157
LIHC_AXIS_068,LIHC,Quercetin,MMP1,CTNNB1,Plasma_cell,True,0.865,False,,0,no_hit,True,0.6606871546961326,3,target_class,True,0.3817555147058824,1,tf_or_regulator_class,0.4768606673505037,0.635814223134005,3,0.75,HPA;PRISM;CTRP,available_source_mean,0.15895355578350134
LIHC_AXIS_026,LIHC,Luteolin,MMP1,EWSR1,Plasma_cell,True,0.865,False,,0,no_hit,True,0.6606871546961326,2,target_class,True,0.4122242647058824,1,tf_or_regulator_class,0.4844778548505037,0.645970473134005,3,0.75,HPA;PRISM;CTRP,available_source_mean,0.1614926182835013
LIHC_AXIS_025,LIHC,Kaempferol,MMP1,EWSR1,Plasma_cell,True,0.865,False,,0,no_hit,True,0.6606871546961326,2,target_class,True,0.4122242647058824,1,tf_or_regulator_class,0.4844778548505037,0.645970473134005,3,0.75,HPA;PRISM;CTRP,available_source_mean,0.1614926182835013
LIHC_AXIS_017,LIHC,Kaempferol,CYP1A1,NR1I3,Tumor_Lineage,True,0.6625,False,,0,no_hit,True,0.4804730662983424,3,target_class,False,,0,no_hit,0.2857432665745856,0.5714865331491712,2,0.5,HPA;PRISM,available_source_mean,0.2857432665745856
LIHC_AXIS_030,LIHC,(-)-epigallocatechin-3-gallate,MMP1,EWSR1,Plasma_cell,True,0.865,False,,0,no_hit,True,0.6606871546961326,2,target_class,True,0.4122242647058824,1,tf_or_regulator_class,0.4844778548505037,0.645970473134005,3,0.75,HPA;PRISM;CTRP,available_source_mean,0.1614926182835013
LIHC_AXIS_084,LIHC,Kaempferol,MMP1,CTNNB1,Plasma_cell,True,0.865,False,,0,no_hit,True,0.6606871546961326,3,target_class,True,0.3817555147058824,1,tf_or_regulator_class,0.4768606673505037,0.635814223134005,3,0.75,HPA;PRISM;CTRP,available_source_mean,0.15895355578350134
LIHC_AXIS_083,LIHC,Luteolin,MMP1,CTNNB1,Plasma_cell,True,0.865,False,,0,no_hit,True,0.6606871546961326,3,target_class,True,0.3817555147058824,1,tf_or_regulator_class,0.4768606673505037,0.635814223134005,3,0.75,HPA;PRISM;CTRP,available_source_mean,0.15895355578350134
LIHC_AXIS_018,LIHC,Galangin,CYP1A1,NR1I3,Tumor_Lineage,True,0.6625,False,,0,no_hit,True,0.4804730662983424,3,target_class,False,,0,no_hit,0.2857432665745856,0.5714865331491712,2,0.5,HPA;PRISM,available_source_mean,0.2857432665745856
LIHC_AXIS_089,LIHC,(-)-epigallocatechin-3-gallate,MMP1,CTNNB1,Plasma_cell,True,0.865,False,,0,no_hit,True,0.6606871546961326,3,target_class,True,0.3817555147058824,1,tf_or_regulator_class,0.4768606673505037,0.635814223134005,3,0.75,HPA;PRISM;CTRP,available_source_mean,0.15895355578350134
LIHC_AXIS_096,LIHC,Quercetin,MMP1,CEBPG,Plasma_cell,True,0.865,False,,0,no_hit,True,0.6606871546961326,2,target_class,False,,0,no_hit,0.3814217886740331,0.7628435773480663,2,0.5,HPA;PRISM,available_source_mean,0.3814217886740332
LIHC_AXIS_047,LIHC,Artemisinin,CYP2B6,NR1I3,Tumor_Lineage,True,0.625,False,,0,no_hit,True,0.377296270718232,7,tf_or_regulator_class,True,0.08984375,2,target_class,0.273035005179558,0.36404667357274406,3,0.75,HPA;PRISM;CTRP,available_source_mean,0.09101166839318608
LIHC_AXIS_069,LIHC,"4',5-Dihydroxyflavone",AR,FOXO1,Tumor_Lineage,True,0.625,True,0.4068446601941747,2,target_class,True,0.6683183701657459,12,target_class,False,,0,no_hit,0.4250407575899801,0.5667210101199736,3,0.75,HPA;GDSC;PRISM,available_source_mean,0.14168025252999344
LIHC_AXIS_004,LIHC,"4',5-Dihydroxyflavone",AR,FOXM1,Tumor_Lineage,True,0.625,True,0.4068446601941747,2,target_class,True,0.6683183701657459,13,target_class,False,,0,no_hit,0.4250407575899801,0.5667210101199736,3,0.75,HPA;GDSC;PRISM,available_source_mean,0.14168025252999344
LIHC_AXIS_040,LIHC,Eckol,BACE1,CTNNB1,Plasma_cell,True,0.5442499999999999,False,,0,no_hit,True,0.452296270718232,2,target_class,True,0.3817555147058824,1,tf_or_regulator_class,0.3445754463560286,0.4594339284747047,3,0.75,HPA;PRISM;CTRP,available_source_mean,0.11485848211867611
LIHC_AXIS_003,LIHC,Hyperforin,NR1I2,NR1I3,Tumor_Lineage,True,0.6625,False,,0,no_hit,True,0.7910048342541437,11,target_class,True,0.8414062499999999,5,target_class,0.5737277710635359,0.7649703614180479,3,0.75,HPA;PRISM;CTRP,available_source_mean,0.19124259035451197
LIHC_AXIS_100,LIHC,Quercetin,CYP1A1,NR1H3,Plasma_cell,True,0.6625,False,,0,no_hit,True,0.4804730662983424,2,target_class,False,,0,no_hit,0.2857432665745856,0.5714865331491712,2,0.5,HPA;PRISM,available_source_mean,0.2857432665745856
LIHC_AXIS_099,LIHC,Quercetin,MMP1,HOPX,Tumor_Lineage,True,0.865,False,,0,no_hit,True,0.6606871546961326,2,target_class,False,,0,no_hit,0.3814217886740331,0.7628435773480663,2,0.5,HPA;PRISM,available_source_mean,0.3814217886740332
LIHC_AXIS_091,LIHC,Kaempferol,AR,FOXM1,Tumor_Lineage,True,0.625,True,0.4068446601941747,2,target_class,True,0.6683183701657459,13,target_class,False,,0,no_hit,0.4250407575899801,0.5667210101199736,3,0.75,HPA;GDSC;PRISM,available_source_mean,0.14168025252999344
LIHC_AXIS_027,LIHC,Quercetin,CDK1,KLF5,Plasma_cell,True,0.8374999999999999,True,0.7947087378640776,3,target_class,True,0.7980490331491712,12,target_class,True,0.84453125,7,target_class,0.8186972552533123,0.8186972552533123,4,1.0,HPA;GDSC;PRISM;CTRP,available_source_mean,0.0
LIHC_AXIS_051,LIHC,Quercetin,CDK1,SP1,T_NK_ILC,True,0.8374999999999999,True,0.7947087378640776,3,target_class,True,0.7980490331491712,12,target_class,True,0.84453125,6,target_class,0.8186972552533123,0.8186972552533123,4,1.0,HPA;GDSC;PRISM;CTRP,available_source_mean,0.0
LIHC_AXIS_028,LIHC,Quercetin,CDK1,NFYA,Plasma_cell,True,0.8374999999999999,True,0.7947087378640776,3,target_class,True,0.7980490331491712,12,target_class,True,0.84453125,6,target_class,0.8186972552533123,0.8186972552533123,4,1.0,HPA;GDSC;PRISM;CTRP,available_source_mean,0.0
LIHC_AXIS_022,LIHC,Indirubin,CDK1,E2F1,T_NK_ILC,True,0.8374999999999999,True,0.7947087378640776,3,target_class,True,0.7980490331491712,13,target_class,True,0.84453125,6,target_class,0.8186972552533123,0.8186972552533123,4,1.0,HPA;GDSC;PRISM;CTRP,available_source_mean,0.0
LIHC_AXIS_090,LIHC,Triptolide,PTGS2,NR1H3,Plasma_cell,True,0.625,False,,0,no_hit,True,0.99896408839779,14,direct_compound,True,0.7159926470588236,4,direct_compound,0.5849891838641534,0.779985578485538,3,0.75,HPA;PRISM;CTRP,available_source_mean,0.19499639462138452
LIHC_AXIS_082,LIHC,Indirubin,CDK1,SP1,T_NK_ILC,True,0.8374999999999999,True,0.7947087378640776,3,target_class,True,0.7980490331491712,13,target_class,True,0.84453125,6,target_class,0.8186972552533123,0.8186972552533123,4,1.0,HPA;GDSC;PRISM;CTRP,available_source_mean,0.0
LIHC_AXIS_097,LIHC,Beta-naphthoflavone,AHR,NR1H3,Plasma_cell,True,0.5375,False,,0,no_hit,True,0.6947341160220993,5,target_class,True,0.37578125,2,target_class,0.4020038415055248,0.5360051220073664,3,0.75,HPA;PRISM;CTRP,available_source_mean,0.13400128050184157
LIHC_AXIS_054,LIHC,Indirubin,CDK1,KLF5,Plasma_cell,True,0.8374999999999999,True,0.7947087378640776,3,target_class,True,0.7980490331491712,13,target_class,True,0.84453125,7,target_class,0.8186972552533123,0.8186972552533123,4,1.0,HPA;GDSC;PRISM;CTRP,available_source_mean,0.0
LIHC_AXIS_024,LIHC,Baicalein,CDK1,E2F1,T_NK_ILC,True,0.8374999999999999,True,0.7947087378640776,3,target_class,True,0.7980490331491712,13,target_class,True,0.84453125,6,target_class,0.8186972552533123,0.8186972552533123,4,1.0,HPA;GDSC;PRISM;CTRP,available_source_mean,0.0
LIHC_AXIS_023,LIHC,Quercetin,CDK1,E2F1,Plasma_cell,True,0.8374999999999999,True,0.7947087378640776,3,target_class,True,0.7980490331491712,12,target_class,True,0.84453125,6,target_class,0.8186972552533123,0.8186972552533123,4,1.0,HPA;GDSC;PRISM;CTRP,available_source_mean,0.0
LIHC_AXIS_032,LIHC,Quercetin,CDK1,E2F4,T_NK_ILC,True,0.8374999999999999,True,0.7947087378640776,3,target_class,True,0.7980490331491712,12,target_class,True,0.84453125,6,target_class,0.8186972552533123,0.8186972552533123,4,1.0,HPA;GDSC;PRISM;CTRP,available_source_mean,0.0
LIHC_AXIS_072,LIHC,Quercetin,CYP1B1,CREB1,T_NK_ILC,True,0.5375,False,,0,no_hit,True,0.4804730662983424,2,target_class,False,,0,no_hit,0.2544932665745856,0.5089865331491712,2,0.5,HPA;PRISM,available_source_mean,0.2544932665745856
LIHC_AXIS_070,LIHC,Baicalein,CDK1,KLF5,Plasma_cell,True,0.8374999999999999,True,0.7947087378640776,3,target_class,True,0.7980490331491712,13,target_class,True,0.84453125,7,target_class,0.8186972552533123,0.8186972552533123,4,1.0,HPA;GDSC;PRISM;CTRP,available_source_mean,0.0
LIHC_AXIS_014,LIHC,Indirubin,AHR,SMAD2,Plasma_cell,True,0.5862499999999999,False,,0,no_hit,True,0.6947341160220993,5,target_class,True,0.37578125,2,target_class,0.4141913415055248,0.5522551220073664,3,0.75,HPA;PRISM;CTRP,available_source_mean,0.1380637805018416
LIHC_AXIS_029,LIHC,Indirubin,AHR,NFE2L2,Plasma_cell,True,0.5375,False,,0,no_hit,True,0.6947341160220993,5,target_class,True,0.37578125,3,target_class,0.4020038415055248,0.5360051220073664,3,0.75,HPA;PRISM;CTRP,available_source_mean,0.13400128050184157
LIHC_AXIS_080,LIHC,Indirubin,CDK1,TFDP1,T_NK_ILC,True,0.8374999999999999,True,0.7947087378640776,3,target_class,True,0.7980490331491712,13,target_class,True,0.84453125,6,target_class,0.8186972552533123,0.8186972552533123,4,1.0,HPA;GDSC;PRISM;CTRP,available_source_mean,0.0
LIHC_AXIS_076,LIHC,Indirubin,CDK1,FOXO1,Tumor_Lineage,True,0.8374999999999999,True,0.7947087378640776,3,target_class,True,0.7980490331491712,13,target_class,True,0.84453125,6,target_class,0.8186972552533123,0.8186972552533123,4,1.0,HPA;GDSC;PRISM;CTRP,available_source_mean,0.0
LIHC_AXIS_081,LIHC,Kaempferol,CYP1B1,SP1,T_NK_ILC,True,0.5375,False,,0,no_hit,True,0.4804730662983424,1,target_class,False,,0,no_hit,0.2544932665745856,0.5089865331491712,2,0.5,HPA;PRISM,available_source_mean,0.2544932665745856
LIHC_AXIS_035,LIHC,Quercetin,CDK1,MYBL2,T_NK_ILC,True,0.8374999999999999,True,0.7947087378640776,3,target_class,True,0.7980490331491712,12,target_class,True,0.84453125,6,target_class,0.8186972552533123,0.8186972552533123,4,1.0,HPA;GDSC;PRISM;CTRP,available_source_mean,0.0
LIHC_AXIS_021,LIHC,Kaempferol,AHR,SMAD2,Plasma_cell,True,0.5862499999999999,False,,0,no_hit,True,0.6947341160220993,4,target_class,True,0.37578125,2,target_class,0.4141913415055248,0.5522551220073664,3,0.75,HPA;PRISM;CTRP,available_source_mean,0.1380637805018416
LIHC_AXIS_095,LIHC,Baicalein,CDK1,FOXO1,Tumor_Lineage,True,0.8374999999999999,True,0.7947087378640776,3,target_class,True,0.7980490331491712,13,target_class,True,0.84453125,6,target_class,0.8186972552533123,0.8186972552533123,4,1.0,HPA;GDSC;PRISM;CTRP,available_source_mean,0.0
LIHC_AXIS_037,LIHC,Kaempferol,AHR,NFE2L2,Plasma_cell,True,0.5375,False,,0,no_hit,True,0.6947341160220993,4,target_class,True,0.37578125,3,target_class,0.4020038415055248,0.5360051220073664,3,0.75,HPA;PRISM;CTRP,available_source_mean,0.13400128050184157
LIHC_AXIS_041,LIHC,Indirubin,CDK1,E2F1,Plasma_cell,True,0.8374999999999999,True,0.7947087378640776,3,target_class,True,0.7980490331491712,13,target_class,True,0.84453125,6,target_class,0.8186972552533123,0.8186972552533123,4,1.0,HPA;GDSC;PRISM;CTRP,available_source_mean,0.0
LIHC_AXIS_094,LIHC,Quercetin,CDK1,TFDP1,Plasma_cell,True,0.8374999999999999,True,0.7947087378640776,3,target_class,True,0.7980490331491712,12,target_class,True,0.84453125,6,target_class,0.8186972552533123,0.8186972552533123,4,1.0,HPA;GDSC;PRISM;CTRP,available_source_mean,0.0
LIHC_AXIS_066,LIHC,Indirubin,CDK1,E2F4,T_NK_ILC,True,0.8374999999999999,True,0.7947087378640776,3,target_class,True,0.7980490331491712,13,target_class,True,0.84453125,6,target_class,0.8186972552533123,0.8186972552533123,4,1.0,HPA;GDSC;PRISM;CTRP,available_source_mean,0.0
LIHC_AXIS_056,LIHC,Quercetin,CDK1,E2F4,Plasma_cell,True,0.8374999999999999,True,0.7947087378640776,3,target_class,True,0.7980490331491712,12,target_class,True,0.84453125,6,target_class,0.8186972552533123,0.8186972552533123,4,1.0,HPA;GDSC;PRISM;CTRP,available_source_mean,0.0
LIHC_AXIS_052,LIHC,Baicalein,CDK1,E2F1,Plasma_cell,True,0.8374999999999999,True,0.7947087378640776,3,target_class,True,0.7980490331491712,13,target_class,True,0.84453125,6,target_class,0.8186972552533123,0.8186972552533123,4,1.0,HPA;GDSC;PRISM;CTRP,available_source_mean,0.0
LIHC_AXIS_065,LIHC,Indirubin,AHR,NFE2L2,T_NK_ILC,True,0.5375,False,,0,no_hit,True,0.6947341160220993,5,target_class,True,0.37578125,3,target_class,0.4020038415055248,0.5360051220073664,3,0.75,HPA;PRISM;CTRP,available_source_mean,0.13400128050184157
LIHC_AXIS_085,LIHC,Baicalein,CDK1,E2F4,T_NK_ILC,True,0.8374999999999999,True,0.7947087378640776,3,target_class,True,0.7980490331491712,13,target_class,True,0.84453125,6,target_class,0.8186972552533123,0.8186972552533123,4,1.0,HPA;GDSC;PRISM;CTRP,available_source_mean,0.0
LIHC_AXIS_058,LIHC,Quercetin,AKR1B1,NFKB2,T_NK_ILC,True,0.5375,False,,0,no_hit,True,0.2848238950276243,2,tf_or_regulator_class,False,,0,no_hit,0.2055809737569061,0.41116194751381213,2,0.5,HPA;PRISM,available_source_mean,0.20558097375690604
LIHC_AXIS_005,LIHC,Luteolin,XDH,CEBPB,Plasma_cell,True,0.5375,False,,0,no_hit,True,0.6148998618784531,2,target_class,True,0.66015625,1,target_class,0.4531390279696132,0.604185370626151,3,0.75,HPA;PRISM;CTRP,available_source_mean,0.15104634265653777
LIHC_AXIS_075,LIHC,Indirubin,CDK1,MYBL2,T_NK_ILC,True,0.8374999999999999,True,0.7947087378640776,3,target_class,True,0.7980490331491712,13,target_class,True,0.84453125,6,target_class,0.8186972552533123,0.8186972552533123,4,1.0,HPA;GDSC;PRISM;CTRP,available_source_mean,0.0
LIHC_AXIS_015,LIHC,Hyperforin,NR1I2,HNF1A,Tumor_Lineage,True,0.6625,False,,0,no_hit,True,0.7910048342541437,9,target_class,True,0.8414062499999999,5,target_class,0.5737277710635359,0.7649703614180479,3,0.75,HPA;PRISM;CTRP,available_source_mean,0.19124259035451197
LIHC_AXIS_019,LIHC,Physovenine,ACHE,CEBPB,Plasma_cell,True,0.5375,False,,0,no_hit,True,0.3800932320441988,5,target_class,True,0.5687500000000001,1,target_class,0.3715858080110497,0.49544774401473296,3,0.75,HPA;PRISM;CTRP,available_source_mean,0.12386193600368328
LIHC_AXIS_036,LIHC,Quercetin,PLAU,E2F1,T_NK_ILC,True,0.5862499999999999,False,,0,no_hit,False,,0,no_hit,False,,0,no_hit,0.1465624999999999,0.5862499999999999,1,0.25,HPA,available_source_mean,0.4396875
LIHC_AXIS_038,LIHC,Ellipticine,CYP1A1,FOXO1,Tumor_Lineage,True,0.6625,False,,0,no_hit,True,0.4804730662983424,1,target_class,False,,0,no_hit,0.2857432665745856,0.5714865331491712,2,0.5,HPA;PRISM,available_source_mean,0.2857432665745856
LIHC_AXIS_039,LIHC,Galangin,CYP1A1,FOXO1,Tumor_Lineage,True,0.6625,False,,0,no_hit,True,0.4804730662983424,1,target_class,False,,0,no_hit,0.2857432665745856,0.5714865331491712,2,0.5,HPA;PRISM,available_source_mean,0.2857432665745856
LIHC_AXIS_053,LIHC,Physovenine,ACHE,NFE2L2,Plasma_cell,True,0.5375,False,,0,no_hit,True,0.3800932320441988,5,target_class,True,0.5687500000000001,2,target_class,0.3715858080110497,0.49544774401473296,3,0.75,HPA;PRISM;CTRP,available_source_mean,0.12386193600368328
LIHC_AXIS_057,LIHC,Eckol,BACE1,RELA,T_NK_ILC,True,0.5442499999999999,False,,0,no_hit,True,0.6493266574585635,6,tf_or_regulator_class,True,0.5119944852941177,2,tf_or_regulator_class,0.4263927856881703,0.5685237142508938,3,0.75,HPA;PRISM;CTRP,available_source_mean,0.14213092856272347
LIHC_AXIS_093,LIHC,Rocaglamide,RELA,E2F1,Plasma_cell,True,0.7775,False,,0,no_hit,True,0.8491194751381215,5,target_class,True,0.66953125,2,target_class,0.5740376812845304,0.7653835750460405,3,0.75,HPA;PRISM;CTRP,available_source_mean,0.19134589376151012
LIHC_AXIS_077,LIHC,Eckol,BACE1,SP1,T_NK_ILC,True,0.5375,False,,0,no_hit,True,0.452296270718232,1,target_class,False,,0,no_hit,0.247449067679558,0.494898135359116,2,0.5,HPA;PRISM,available_source_mean,0.247449067679558
LIHC_AXIS_074,LIHC,Coryincine,ADRA1D,TBP,T_NK_ILC,True,0.625,False,,0,no_hit,True,0.5802658839779006,12,target_class,False,,0,no_hit,0.3013164709944751,0.6026329419889502,2,0.5,HPA;PRISM,available_source_mean,0.3013164709944751
LIHC_AXIS_064,LIHC,Pectolinarigenin,MAPK14,CEBPD,Plasma_cell,True,0.5375,False,,0,no_hit,True,0.7223238950276243,12,target_class,True,0.4210937499999999,2,target_class,0.420229411256906,0.5603058816758747,3,0.75,HPA;PRISM;CTRP,available_source_mean,0.1400764704189687
LIHC_AXIS_062,LIHC,"3,5-dihydroxy-2-(4-hydroxyphenyl)chromone",MAPK14,CEBPD,Plasma_cell,True,0.5375,False,,0,no_hit,True,0.7223238950276243,12,target_class,True,0.4210937499999999,2,target_class,0.420229411256906,0.5603058816758747,3,0.75,HPA;PRISM;CTRP,available_source_mean,0.1400764704189687
LIHC_AXIS_063,LIHC,Chryseriol,MAPK14,CEBPD,Plasma_cell,True,0.5375,False,,0,no_hit,True,0.7223238950276243,12,target_class,True,0.4210937499999999,2,target_class,0.420229411256906,0.5603058816758747,3,0.75,HPA;PRISM;CTRP,available_source_mean,0.1400764704189687
LIHC_AXIS_033,LIHC,Eckol,BACE1,HIF1A,T_NK_ILC,True,0.5375,False,,0,no_hit,True,0.6358598066298343,4,tf_or_regulator_class,False,,0,no_hit,0.2933399516574586,0.5866799033149172,2,0.5,HPA;PRISM,available_source_mean,0.2933399516574586
LIHC_AXIS_055,LIHC,Triptolide,PTGS2,CEBPB,Plasma_cell,True,0.625,False,,0,no_hit,True,0.99896408839779,13,direct_compound,True,0.7159926470588236,4,direct_compound,0.5849891838641534,0.779985578485538,3,0.75,HPA;PRISM;CTRP,available_source_mean,0.19499639462138452
LIHC_AXIS_087,LIHC,Quercetin,PLAU,JUN,T_NK_ILC,True,0.5375,False,,0,no_hit,True,0.63541091160221,2,tf_or_regulator_class,False,,0,no_hit,0.2932277279005525,0.586455455801105,2,0.5,HPA;PRISM,available_source_mean,0.2932277279005525
LIHC_AXIS_012,LIHC,Naringenin,CYP19A1,CEBPD,Plasma_cell,True,0.865,False,,0,no_hit,True,0.4804730662983424,9,target_class,False,,0,no_hit,0.3363682665745856,0.6727365331491713,2,0.5,HPA;PRISM,available_source_mean,0.3363682665745857
LIHC_AXIS_007,LIHC,Indirubin,AHR,NFKB,T_NK_ILC,True,0.5375,False,,0,no_hit,True,0.6947341160220993,5,target_class,True,0.37578125,2,target_class,0.4020038415055248,0.5360051220073664,3,0.75,HPA;PRISM;CTRP,available_source_mean,0.13400128050184157
LIHC_AXIS_098,LIHC,Eckol,BACE1,RELA,Plasma_cell,True,0.5442499999999999,False,,0,no_hit,True,0.6493266574585635,6,tf_or_regulator_class,True,0.5119944852941177,2,tf_or_regulator_class,0.4263927856881703,0.5685237142508938,3,0.75,HPA;PRISM;CTRP,available_source_mean,0.14213092856272347
LIHC_AXIS_048,LIHC,Quercetin,AKR1B1,AP1,T_NK_ILC,True,0.5375,False,,0,no_hit,False,,0,no_hit,False,,0,no_hit,0.134375,0.5375,1,0.25,HPA,available_source_mean,0.40312499999999996
LIHC_AXIS_016,LIHC,Quercetin,ALOX5,NFKB,T_NK_ILC,True,0.7775,False,,0,no_hit,True,0.365417817679558,5,target_class,False,,0,no_hit,0.2857294544198895,0.571458908839779,2,0.5,HPA;PRISM,available_source_mean,0.2857294544198895
LIHC_AXIS_067,LIHC,Naringenin,CYP19A1,CEBPD,B_cell,True,0.865,False,,0,no_hit,True,0.4804730662983424,9,target_class,False,,0,no_hit,0.3363682665745856,0.6727365331491713,2,0.5,HPA;PRISM,available_source_mean,0.3363682665745857
LIHC_AXIS_042,LIHC,Luteolin,TYR,MITF,Myeloid,True,0.7,False,,0,no_hit,True,0.688863950276243,3,target_class,False,,0,no_hit,0.3472159875690607,0.6944319751381215,2,0.5,HPA;PRISM,available_source_mean,0.3472159875690608
LIHC_AXIS_146,LIHC,"4',5-Dihydroxyflavone",AR,HDAC1,Plasma_cell,True,0.625,True,0.636747572815534,12,tf_or_regulator_class,True,0.6683183701657459,24,target_class,True,0.6482077205882353,12,tf_or_regulator_class,0.6445684158923788,0.6445684158923788,4,1.0,HPA;GDSC;PRISM;CTRP,available_source_mean,0.0
LIHC_AXIS_151,LIHC,Indirubin,GSK3B,CEBPB,Plasma_cell,True,0.5375,True,0.5322815533980582,4,target_class,True,0.7452175414364641,13,target_class,True,0.61484375,5,target_class,0.6074607112086305,0.6074607112086305,4,1.0,HPA;GDSC;PRISM;CTRP,available_source_mean,0.0
LIHC_AXIS_141,LIHC,Allopseudococain,SLC6A2,CEBPB,Plasma_cell,True,0.625,False,,0,no_hit,True,0.3390020718232044,5,target_class,False,,0,no_hit,0.2410005179558011,0.4820010359116022,2,0.5,HPA;PRISM,available_source_mean,0.2410005179558011
LIHC_AXIS_109,LIHC,Kaempferol,AR,FOXO1,Tumor_Lineage,True,0.625,True,0.4068446601941747,2,target_class,True,0.6683183701657459,12,target_class,False,,0,no_hit,0.4250407575899801,0.5667210101199736,3,0.75,HPA;GDSC;PRISM,available_source_mean,0.14168025252999344
LIHC_AXIS_111,LIHC,"4',5-Dihydroxyflavone",AR,MYC,Tumor_Lineage,True,0.625,True,0.4068446601941747,2,target_class,True,0.6683183701657459,13,target_class,False,,0,no_hit,0.4250407575899801,0.5667210101199736,3,0.75,HPA;GDSC;PRISM,available_source_mean,0.14168025252999344
LIHC_AXIS_158,LIHC,Daucene,CTNNB1,E2F1,Plasma_cell,True,0.7775,False,,0,no_hit,True,0.5333045580110497,1,target_class,True,0.49921875,1,target_class,0.4525058270027624,0.6033411026703499,3,0.75,HPA;PRISM;CTRP,available_source_mean,0.15083527566758753
LIHC_AXIS_157,LIHC,Fisetin,CTNNB1,E2F1,Plasma_cell,True,0.7775,False,,0,no_hit,True,0.5333045580110497,1,target_class,True,0.49921875,1,target_class,0.4525058270027624,0.6033411026703499,3,0.75,HPA;PRISM;CTRP,available_source_mean,0.15083527566758753
LIHC_AXIS_101,LIHC,Indirubin,AHR,STAT3,Plasma_cell,True,0.5375,False,,0,no_hit,True,0.6947341160220993,10,target_class,True,0.6314797794117648,5,tf_or_regulator_class,0.465928473858466,0.6212379651446214,3,0.75,HPA;PRISM;CTRP,available_source_mean,0.1553094912861554
LIHC_AXIS_114,LIHC,Artemisinin,CYP2B6,FOXM1,Tumor_Lineage,True,0.625,False,,0,no_hit,True,0.5029868784530387,6,tf_or_regulator_class,True,0.08984375,2,target_class,0.3044576571132596,0.4059435428176796,3,0.75,HPA;PRISM;CTRP,available_source_mean,0.10148588570441996
LIHC_AXIS_126,LIHC,Kaempferol,AHR,STAT3,Plasma_cell,True,0.5375,False,,0,no_hit,True,0.6947341160220993,9,target_class,True,0.6314797794117648,5,tf_or_regulator_class,0.465928473858466,0.6212379651446214,3,0.75,HPA;PRISM;CTRP,available_source_mean,0.1553094912861554
LIHC_AXIS_175,LIHC,Eriodyctiol (flavanone),HSP90AB1,STAT3,Plasma_cell,True,0.8374999999999999,False,,0,no_hit,True,0.814485497237569,6,target_class,True,0.6314797794117648,3,tf_or_regulator_class,0.5708663191623334,0.7611550922164446,3,0.75,HPA;PRISM;CTRP,available_source_mean,0.19028877305411118
LIHC_AXIS_152,LIHC,Eriodyctiol (flavanone),HSP90AB1,CEBPD,Plasma_cell,True,0.8374999999999999,False,,0,no_hit,True,0.814485497237569,1,target_class,False,,0,no_hit,0.4129963743093922,0.8259927486187845,2,0.5,HPA;PRISM,available_source_mean,0.4129963743093923
LIHC_AXIS_103,LIHC,"4',5-Dihydroxyflavone",AR,E2F1,T_NK_ILC,True,0.625,True,0.4068446601941747,2,target_class,True,0.6683183701657459,12,target_class,False,,0,no_hit,0.4250407575899801,0.5667210101199736,3,0.75,HPA;GDSC;PRISM,available_source_mean,0.14168025252999344
LIHC_AXIS_200,LIHC,Sophoridine,RELA,E2F1,Plasma_cell,True,0.7775,False,,0,no_hit,True,0.8491194751381215,5,target_class,True,0.66953125,2,target_class,0.5740376812845304,0.7653835750460405,3,0.75,HPA;PRISM;CTRP,available_source_mean,0.19134589376151012
LIHC_AXIS_147,LIHC,Artemisinin,CYP2B6,HNF1A,Tumor_Lineage,True,0.625,False,,0,no_hit,True,0.2862569060773481,5,direct_compound,True,0.08984375,2,target_class,0.250275164019337,0.33370021869244937,3,0.75,HPA;PRISM;CTRP,available_source_mean,0.08342505467311234
LIHC_AXIS_195,LIHC,Acacetin,RELA,E2F1,Plasma_cell,True,0.7775,False,,0,no_hit,True,0.8491194751381215,5,target_class,True,0.66953125,2,target_class,0.5740376812845304,0.7653835750460405,3,0.75,HPA;PRISM;CTRP,available_source_mean,0.19134589376151012
LIHC_AXIS_185,LIHC,arachidonic acid,RELA,E2F1,Plasma_cell,True,0.7775,False,,0,no_hit,True,0.8491194751381215,5,target_class,True,0.66953125,2,target_class,0.5740376812845304,0.7653835750460405,3,0.75,HPA;PRISM;CTRP,available_source_mean,0.19134589376151012
LIHC_AXIS_184,LIHC,Wogonin,RELA,E2F1,Plasma_cell,True,0.7775,False,,0,no_hit,True,0.8491194751381215,5,target_class,True,0.66953125,2,target_class,0.5740376812845304,0.7653835750460405,3,0.75,HPA;PRISM;CTRP,available_source_mean,0.19134589376151012
LIHC_AXIS_196,LIHC,Deoxypodophyllotoxin,RELA,E2F1,Plasma_cell,True,0.7775,False,,0,no_hit,True,0.8491194751381215,5,target_class,True,0.66953125,2,target_class,0.5740376812845304,0.7653835750460405,3,0.75,HPA;PRISM;CTRP,available_source_mean,0.19134589376151012
LIHC_AXIS_180,LIHC,"3,5-dihydroxy-2-(4-hydroxyphenyl)chromone",RELA,E2F1,Plasma_cell,True,0.7775,False,,0,no_hit,True,0.8491194751381215,5,target_class,True,0.66953125,2,target_class,0.5740376812845304,0.7653835750460405,3,0.75,HPA;PRISM;CTRP,available_source_mean,0.19134589376151012
LIHC_AXIS_193,LIHC,Triptolide,RELA,E2F1,Plasma_cell,True,0.7775,False,,0,no_hit,True,0.99896408839779,6,direct_compound,True,0.7159926470588236,3,direct_compound,0.6231141838641534,0.8308189118188712,3,0.75,HPA;PRISM;CTRP,available_source_mean,0.20770472795471784
LIHC_AXIS_197,LIHC,(-)-epigallocatechin-3-gallate,RELA,E2F1,Plasma_cell,True,0.7775,False,,0,no_hit,True,0.8491194751381215,5,target_class,True,0.66953125,2,target_class,0.5740376812845304,0.7653835750460405,3,0.75,HPA;PRISM;CTRP,available_source_mean,0.19134589376151012
LIHC_AXIS_192,LIHC,Picropodophyllin,RELA,E2F1,Plasma_cell,True,0.7775,False,,0,no_hit,True,0.8491194751381215,5,target_class,True,0.66953125,2,target_class,0.5740376812845304,0.7653835750460405,3,0.75,HPA;PRISM;CTRP,available_source_mean,0.19134589376151012
LIHC_AXIS_182,LIHC,Praeruptorin A,RELA,E2F1,Plasma_cell,True,0.7775,False,,0,no_hit,True,0.8491194751381215,5,target_class,True,0.66953125,2,target_class,0.5740376812845304,0.7653835750460405,3,0.75,HPA;PRISM;CTRP,available_source_mean,0.19134589376151012
LIHC_AXIS_191,LIHC,Fisetin,RELA,E2F1,Plasma_cell,True,0.7775,False,,0,no_hit,True,0.8491194751381215,5,target_class,True,0.66953125,2,target_class,0.5740376812845304,0.7653835750460405,3,0.75,HPA;PRISM;CTRP,available_source_mean,0.19134589376151012
LIHC_AXIS_198,LIHC,Yamogenin,RELA,E2F1,Plasma_cell,True,0.7775,False,,0,no_hit,True,0.8491194751381215,5,target_class,True,0.66953125,2,target_class,0.5740376812845304,0.7653835750460405,3,0.75,HPA;PRISM;CTRP,available_source_mean,0.19134589376151012
LIHC_AXIS_199,LIHC,Luteolin,RELA,E2F1,Plasma_cell,True,0.7775,False,,0,no_hit,True,0.8491194751381215,5,target_class,True,0.66953125,2,target_class,0.5740376812845304,0.7653835750460405,3,0.75,HPA;PRISM;CTRP,available_source_mean,0.19134589376151012
LIHC_AXIS_183,LIHC,ellagic acid,RELA,E2F1,Plasma_cell,True,0.7775,False,,0,no_hit,True,0.8491194751381215,5,target_class,True,0.66953125,2,target_class,0.5740376812845304,0.7653835750460405,3,0.75,HPA;PRISM;CTRP,available_source_mean,0.19134589376151012
LIHC_AXIS_186,LIHC,Naringenin,RELA,E2F1,Plasma_cell,True,0.7775,False,,0,no_hit,True,0.8491194751381215,5,target_class,True,0.66953125,2,target_class,0.5740376812845304,0.7653835750460405,3,0.75,HPA;PRISM;CTRP,available_source_mean,0.19134589376151012
LIHC_AXIS_194,LIHC,Baicalein,RELA,E2F1,Plasma_cell,True,0.7775,False,,0,no_hit,True,0.8491194751381215,6,target_class,True,0.66953125,2,target_class,0.5740376812845304,0.7653835750460405,3,0.75,HPA;PRISM;CTRP,available_source_mean,0.19134589376151012
LIHC_AXIS_188,LIHC,Artemisinin,RELA,E2F1,Plasma_cell,True,0.7775,False,,0,no_hit,True,0.8491194751381215,7,target_class,True,0.66953125,2,target_class,0.5740376812845304,0.7653835750460405,3,0.75,HPA;PRISM;CTRP,available_source_mean,0.19134589376151012
LIHC_AXIS_190,LIHC,Irisolidone,RELA,E2F1,Plasma_cell,True,0.7775,False,,0,no_hit,True,0.8491194751381215,5,target_class,True,0.66953125,2,target_class,0.5740376812845304,0.7653835750460405,3,0.75,HPA;PRISM;CTRP,available_source_mean,0.19134589376151012
LIHC_AXIS_181,LIHC,Taxifolin,RELA,E2F1,Plasma_cell,True,0.7775,False,,0,no_hit,True,0.8491194751381215,5,target_class,True,0.66953125,2,target_class,0.5740376812845304,0.7653835750460405,3,0.75,HPA;PRISM;CTRP,available_source_mean,0.19134589376151012
LIHC_AXIS_179,LIHC,Tanshinone iia,RELA,E2F1,Plasma_cell,True,0.7775,False,,0,no_hit,True,0.8491194751381215,6,target_class,True,0.66953125,2,target_class,0.5740376812845304,0.7653835750460405,3,0.75,HPA;PRISM;CTRP,available_source_mean,0.19134589376151012
LIHC_AXIS_189,LIHC,Licochalcone A,RELA,E2F1,Plasma_cell,True,0.7775,False,,0,no_hit,True,0.8491194751381215,6,target_class,True,0.66953125,2,target_class,0.5740376812845304,0.7653835750460405,3,0.75,HPA;PRISM;CTRP,available_source_mean,0.19134589376151012
LIHC_AXIS_187,LIHC,Kaempferol,RELA,E2F1,Plasma_cell,True,0.7775,False,,0,no_hit,True,0.8491194751381215,5,target_class,True,0.66953125,2,target_class,0.5740376812845304,0.7653835750460405,3,0.75,HPA;PRISM;CTRP,available_source_mean,0.19134589376151012
LIHC_AXIS_172,LIHC,Quercetin,CTNNB1,E2F1,Plasma_cell,True,0.7775,False,,0,no_hit,True,0.5333045580110497,1,target_class,True,0.49921875,1,target_class,0.4525058270027624,0.6033411026703499,3,0.75,HPA;PRISM;CTRP,available_source_mean,0.15083527566758753
LIHC_AXIS_163,LIHC,Rocaglamide,RELA,CEBPB,Plasma_cell,True,0.7775,False,,0,no_hit,True,0.8491194751381215,5,target_class,True,0.66953125,2,target_class,0.5740376812845304,0.7653835750460405,3,0.75,HPA;PRISM;CTRP,available_source_mean,0.19134589376151012
LIHC_AXIS_128,LIHC,"3,4-benzopyrene",AHR,NR1H3,Plasma_cell,True,0.5375,False,,0,no_hit,True,0.6947341160220993,5,target_class,True,0.37578125,2,target_class,0.4020038415055248,0.5360051220073664,3,0.75,HPA;PRISM;CTRP,available_source_mean,0.13400128050184157
LIHC_AXIS_171,LIHC,Beta-naphthoflavone,AHR,SMAD2,Plasma_cell,True,0.5862499999999999,False,,0,no_hit,True,0.6947341160220993,4,target_class,True,0.37578125,2,target_class,0.4141913415055248,0.5522551220073664,3,0.75,HPA;PRISM;CTRP,available_source_mean,0.1380637805018416
LIHC_AXIS_159,LIHC,Uosolic Acid,RELA,E2F1,Plasma_cell,True,0.7775,False,,0,no_hit,True,0.8491194751381215,5,target_class,True,0.66953125,2,target_class,0.5740376812845304,0.7653835750460405,3,0.75,HPA;PRISM;CTRP,available_source_mean,0.19134589376151012
LIHC_AXIS_149,LIHC,Flavopiridol,CDK1,KLF5,Plasma_cell,True,0.8374999999999999,True,0.929126213592233,4,direct_compound,True,0.7980490331491712,12,target_class,True,0.84453125,7,target_class,0.8523016241853509,0.8523016241853509,4,1.0,HPA;GDSC;PRISM;CTRP,available_source_mean,0.0
LIHC_AXIS_148,LIHC,"4',5-Dihydroxyflavone",AR,MYBL2,Tumor_Lineage,True,0.7,True,0.4068446601941747,2,target_class,True,0.6683183701657459,12,target_class,False,,0,no_hit,0.4437907575899801,0.5917210101199735,3,0.75,HPA;GDSC;PRISM,available_source_mean,0.14793025252999337
LIHC_AXIS_124,LIHC,Eriodyctiol (flavanone),HSP90AB1,AHR,Plasma_cell,True,0.8374999999999999,False,,0,no_hit,True,0.814485497237569,5,target_class,True,0.2873621323529412,2,tf_or_regulator_class,0.4848369073976275,0.6464492098635034,3,0.75,HPA;PRISM;CTRP,available_source_mean,0.16161230246587588
LIHC_AXIS_113,LIHC,Luteolin,MMP1,CEBPG,Plasma_cell,True,0.865,False,,0,no_hit,True,0.6606871546961326,2,target_class,False,,0,no_hit,0.3814217886740331,0.7628435773480663,2,0.5,HPA;PRISM,available_source_mean,0.3814217886740332
LIHC_AXIS_115,LIHC,Kaempferol,DPP4,HNF1A,Tumor_Lineage,True,0.625,False,,0,no_hit,True,0.4798860497237569,3,target_class,True,0.0429687499999999,1,target_class,0.2869636999309392,0.38261826657458564,3,0.75,HPA;PRISM;CTRP,available_source_mean,0.09565456664364647
LIHC_AXIS_112,LIHC,Kaempferol,MMP1,CEBPG,Plasma_cell,True,0.865,False,,0,no_hit,True,0.6606871546961326,2,target_class,False,,0,no_hit,0.3814217886740331,0.7628435773480663,2,0.5,HPA;PRISM,available_source_mean,0.3814217886740332
LIHC_AXIS_122,LIHC,(-)-epigallocatechin-3-gallate,MMP1,CEBPG,Plasma_cell,True,0.865,False,,0,no_hit,True,0.6606871546961326,2,target_class,False,,0,no_hit,0.3814217886740331,0.7628435773480663,2,0.5,HPA;PRISM,available_source_mean,0.3814217886740332
LIHC_AXIS_137,LIHC,Galangin,CYP1A1,NR1H3,Plasma_cell,True,0.6625,False,,0,no_hit,True,0.4804730662983424,2,target_class,False,,0,no_hit,0.2857432665745856,0.5714865331491712,2,0.5,HPA;PRISM,available_source_mean,0.2857432665745856
LIHC_AXIS_136,LIHC,Ellipticine,CYP1A1,NR1H3,Plasma_cell,True,0.6625,False,,0,no_hit,True,0.4804730662983424,2,target_class,False,,0,no_hit,0.2857432665745856,0.5714865331491712,2,0.5,HPA;PRISM,available_source_mean,0.2857432665745856
LIHC_AXIS_144,LIHC,Luteolin,DPP4,HNF1A,Tumor_Lineage,True,0.625,False,,0,no_hit,True,0.4798860497237569,3,target_class,True,0.0429687499999999,1,target_class,0.2869636999309392,0.38261826657458564,3,0.75,HPA;PRISM;CTRP,available_source_mean,0.09565456664364647
LIHC_AXIS_129,LIHC,Eriodyctiol (flavanone),HSP90AB1,DDIT3,Plasma_cell,True,0.8374999999999999,False,,0,no_hit,True,0.814485497237569,1,target_class,False,,0,no_hit,0.4129963743093922,0.8259927486187845,2,0.5,HPA;PRISM,available_source_mean,0.4129963743093923
LIHC_AXIS_132,LIHC,Kaempferol,CYP1A1,NR1H3,Plasma_cell,True,0.6625,False,,0,no_hit,True,0.4804730662983424,2,target_class,False,,0,no_hit,0.2857432665745856,0.5714865331491712,2,0.5,HPA;PRISM,available_source_mean,0.2857432665745856
LIHC_AXIS_166,LIHC,(-)-epigallocatechin-3-gallate,BACE1,CTNNB1,Plasma_cell,True,0.5442499999999999,False,,0,no_hit,True,0.452296270718232,2,target_class,True,0.3817555147058824,1,tf_or_regulator_class,0.3445754463560286,0.4594339284747047,3,0.75,HPA;PRISM;CTRP,available_source_mean,0.11485848211867611
LIHC_AXIS_167,LIHC,Acteoside,BACE1,CTNNB1,Plasma_cell,True,0.5442499999999999,False,,0,no_hit,True,0.452296270718232,2,target_class,True,0.3817555147058824,1,tf_or_regulator_class,0.3445754463560286,0.4594339284747047,3,0.75,HPA;PRISM;CTRP,available_source_mean,0.11485848211867611
LIHC_AXIS_176,LIHC,Collagen,BACE1,CTNNB1,Plasma_cell,True,0.5442499999999999,False,,0,no_hit,True,0.452296270718232,2,target_class,True,0.3817555147058824,1,tf_or_regulator_class,0.3445754463560286,0.4594339284747047,3,0.75,HPA;PRISM;CTRP,available_source_mean,0.11485848211867611
LIHC_AXIS_150,LIHC,Quercetin,BACE1,CTNNB1,Plasma_cell,True,0.5442499999999999,False,,0,no_hit,True,0.452296270718232,2,target_class,True,0.3817555147058824,1,tf_or_regulator_class,0.3445754463560286,0.4594339284747047,3,0.75,HPA;PRISM;CTRP,available_source_mean,0.11485848211867611
LIHC_AXIS_168,LIHC,"3',4',7-trihydroxyflavanone",BACE1,CTNNB1,Plasma_cell,True,0.5442499999999999,False,,0,no_hit,True,0.452296270718232,2,target_class,True,0.3817555147058824,1,tf_or_regulator_class,0.3445754463560286,0.4594339284747047,3,0.75,HPA;PRISM;CTRP,available_source_mean,0.11485848211867611
LIHC_AXIS_106,LIHC,Flavopiridol,CDK1,E2F1,Plasma_cell,True,0.8374999999999999,True,0.929126213592233,4,direct_compound,True,0.7980490331491712,12,target_class,True,0.84453125,6,target_class,0.8523016241853509,0.8523016241853509,4,1.0,HPA;GDSC;PRISM;CTRP,available_source_mean,0.0
LIHC_AXIS_145,LIHC,Quercetin,MMP1,RELA,Plasma_cell,True,0.865,False,,0,no_hit,True,0.6606871546961326,7,target_class,True,0.5119944852941177,2,tf_or_regulator_class,0.5094204099975626,0.6792272133300834,3,0.75,HPA;PRISM;CTRP,available_source_mean,0.16980680333252085
LIHC_AXIS_161,LIHC,Kaempferol,MMP1,RELA,Plasma_cell,True,0.865,False,,0,no_hit,True,0.6606871546961326,7,target_class,True,0.5119944852941177,2,tf_or_regulator_class,0.5094204099975626,0.6792272133300834,3,0.75,HPA;PRISM;CTRP,available_source_mean,0.16980680333252085
LIHC_AXIS_160,LIHC,Luteolin,MMP1,RELA,Plasma_cell,True,0.865,False,,0,no_hit,True,0.6606871546961326,7,target_class,True,0.5119944852941177,2,tf_or_regulator_class,0.5094204099975626,0.6792272133300834,3,0.75,HPA;PRISM;CTRP,available_source_mean,0.16980680333252085
LIHC_AXIS_170,LIHC,(-)-epigallocatechin-3-gallate,MMP1,RELA,Plasma_cell,True,0.865,False,,0,no_hit,True,0.6606871546961326,7,target_class,True,0.5119944852941177,2,tf_or_regulator_class,0.5094204099975626,0.6792272133300834,3,0.75,HPA;PRISM;CTRP,available_source_mean,0.16980680333252085
LIHC_AXIS_142,LIHC,Indirubin,CDK1,TFDP1,Plasma_cell,True,0.8374999999999999,True,0.7947087378640776,3,target_class,True,0.7980490331491712,13,target_class,True,0.84453125,6,target_class,0.8186972552533123,0.8186972552533123,4,1.0,HPA;GDSC;PRISM;CTRP,available_source_mean,0.0
LIHC_AXIS_162,LIHC,Baicalein,CDK1,TFDP1,Plasma_cell,True,0.8374999999999999,True,0.7947087378640776,3,target_class,True,0.7980490331491712,13,target_class,True,0.84453125,6,target_class,0.8186972552533123,0.8186972552533123,4,1.0,HPA;GDSC;PRISM;CTRP,available_source_mean,0.0
LIHC_AXIS_105,LIHC,Indirubin,CDK1,E2F4,Plasma_cell,True,0.8374999999999999,True,0.7947087378640776,3,target_class,True,0.7980490331491712,13,target_class,True,0.84453125,6,target_class,0.8186972552533123,0.8186972552533123,4,1.0,HPA;GDSC;PRISM;CTRP,available_source_mean,0.0
LIHC_AXIS_127,LIHC,Baicalein,CDK1,E2F4,Plasma_cell,True,0.8374999999999999,True,0.7947087378640776,3,target_class,True,0.7980490331491712,13,target_class,True,0.84453125,6,target_class,0.8186972552533123,0.8186972552533123,4,1.0,HPA;GDSC;PRISM;CTRP,available_source_mean,0.0
LIHC_AXIS_174,LIHC,Kaempferol,DPP4,CDX2,Tumor_Lineage,True,0.625,False,,0,no_hit,True,0.4798860497237569,3,target_class,True,0.0429687499999999,1,target_class,0.2869636999309392,0.38261826657458564,3,0.75,HPA;PRISM;CTRP,available_source_mean,0.09565456664364647
LIHC_AXIS_110,LIHC,Quercetin,MMP1,TCF7L2,Tumor_Lineage,True,0.865,False,,0,no_hit,True,0.6606871546961326,2,target_class,False,,0,no_hit,0.3814217886740331,0.7628435773480663,2,0.5,HPA;PRISM,available_source_mean,0.3814217886740332
LIHC_AXIS_104,LIHC,Eriodyctiol (flavanone),HSP90AB1,HSF1,Tumor_Lineage,True,0.8374999999999999,True,0.5850000000000001,2,tf_or_regulator_class,True,0.814485497237569,1,target_class,False,,0,no_hit,0.5592463743093923,0.745661832412523,3,0.75,HPA;GDSC;PRISM,available_source_mean,0.18641545810313076
LIHC_AXIS_133,LIHC,Luteolin,MMP1,TCF7L2,Tumor_Lineage,True,0.865,False,,0,no_hit,True,0.6606871546961326,2,target_class,False,,0,no_hit,0.3814217886740331,0.7628435773480663,2,0.5,HPA;PRISM,available_source_mean,0.3814217886740332
LIHC_AXIS_134,LIHC,Kaempferol,MMP1,TCF7L2,Tumor_Lineage,True,0.865,False,,0,no_hit,True,0.6606871546961326,2,target_class,False,,0,no_hit,0.3814217886740331,0.7628435773480663,2,0.5,HPA;PRISM,available_source_mean,0.3814217886740332
LIHC_AXIS_107,LIHC,Luteolin,MMP1,MYC,Tumor_Lineage,True,0.865,False,,0,no_hit,True,0.6606871546961326,3,target_class,False,,0,no_hit,0.3814217886740331,0.7628435773480663,2,0.5,HPA;PRISM,available_source_mean,0.3814217886740332
LIHC_AXIS_108,LIHC,Kaempferol,MMP1,MYC,Tumor_Lineage,True,0.865,False,,0,no_hit,True,0.6606871546961326,3,target_class,False,,0,no_hit,0.3814217886740331,0.7628435773480663,2,0.5,HPA;PRISM,available_source_mean,0.3814217886740332
LIHC_AXIS_118,LIHC,(-)-epigallocatechin-3-gallate,MMP1,MYC,Tumor_Lineage,True,0.865,False,,0,no_hit,True,0.6606871546961326,3,target_class,False,,0,no_hit,0.3814217886740331,0.7628435773480663,2,0.5,HPA;PRISM,available_source_mean,0.3814217886740332
LIHC_AXIS_143,LIHC,Quercetin,MMP1,ETV7,Plasma_cell,True,0.865,False,,0,no_hit,True,0.6606871546961326,2,target_class,False,,0,no_hit,0.3814217886740331,0.7628435773480663,2,0.5,HPA;PRISM,available_source_mean,0.3814217886740332
LIHC_AXIS_164,LIHC,Kaempferol,MMP1,ETV7,Plasma_cell,True,0.865,False,,0,no_hit,True,0.6606871546961326,2,target_class,False,,0,no_hit,0.3814217886740331,0.7628435773480663,2,0.5,HPA;PRISM,available_source_mean,0.3814217886740332
LIHC_AXIS_165,LIHC,Luteolin,MMP1,ETV7,Plasma_cell,True,0.865,False,,0,no_hit,True,0.6606871546961326,2,target_class,False,,0,no_hit,0.3814217886740331,0.7628435773480663,2,0.5,HPA;PRISM,available_source_mean,0.3814217886740332
LIHC_AXIS_177,LIHC,(-)-epigallocatechin-3-gallate,MMP1,ETV7,Plasma_cell,True,0.865,False,,0,no_hit,True,0.6606871546961326,2,target_class,False,,0,no_hit,0.3814217886740331,0.7628435773480663,2,0.5,HPA;PRISM,available_source_mean,0.3814217886740332
LIHC_AXIS_102,LIHC,Indirubin,AHR,AHR,Plasma_cell,True,0.5375,False,,0,no_hit,True,0.6947341160220993,9,target_class,True,0.37578125,4,target_class,0.4020038415055248,0.5360051220073664,3,0.75,HPA;PRISM;CTRP,available_source_mean,0.13400128050184157
LIHC_AXIS_125,LIHC,Kaempferol,AHR,AHR,Plasma_cell,True,0.5375,False,,0,no_hit,True,0.6947341160220993,8,target_class,True,0.37578125,4,target_class,0.4020038415055248,0.5360051220073664,3,0.75,HPA;PRISM;CTRP,available_source_mean,0.13400128050184157
LIHC_AXIS_119,LIHC,Eriodyctiol (flavanone),HSP90AB1,DDIT3,Tumor_Lineage,True,0.8374999999999999,False,,0,no_hit,True,0.814485497237569,1,target_class,False,,0,no_hit,0.4129963743093922,0.8259927486187845,2,0.5,HPA;PRISM,available_source_mean,0.4129963743093923
LIHC_AXIS_140,LIHC,Quercetin,MMP1,CTNNB1,Tumor_Lineage,True,0.865,False,,0,no_hit,True,0.6606871546961326,3,target_class,True,0.3817555147058824,1,tf_or_regulator_class,0.4768606673505037,0.635814223134005,3,0.75,HPA;PRISM;CTRP,available_source_mean,0.15895355578350134
LIHC_AXIS_156,LIHC,Luteolin,MMP1,CTNNB1,Tumor_Lineage,True,0.865,False,,0,no_hit,True,0.6606871546961326,3,target_class,True,0.3817555147058824,1,tf_or_regulator_class,0.4768606673505037,0.635814223134005,3,0.75,HPA;PRISM;CTRP,available_source_mean,0.15895355578350134
LIHC_AXIS_155,LIHC,Kaempferol,MMP1,CTNNB1,Tumor_Lineage,True,0.865,False,,0,no_hit,True,0.6606871546961326,3,target_class,True,0.3817555147058824,1,tf_or_regulator_class,0.4768606673505037,0.635814223134005,3,0.75,HPA;PRISM;CTRP,available_source_mean,0.15895355578350134
LIHC_AXIS_139,LIHC,Quercetin,CDK1,MYBL2,Plasma_cell,True,0.8374999999999999,True,0.7947087378640776,3,target_class,True,0.7980490331491712,12,target_class,True,0.84453125,6,target_class,0.8186972552533123,0.8186972552533123,4,1.0,HPA;GDSC;PRISM;CTRP,available_source_mean,0.0
LIHC_AXIS_138,LIHC,Quercetin,CDK1,SMAD7,Tumor_Lineage,True,0.8374999999999999,True,0.7947087378640776,3,target_class,True,0.7980490331491712,12,target_class,True,0.84453125,6,target_class,0.8186972552533123,0.8186972552533123,4,1.0,HPA;GDSC;PRISM;CTRP,available_source_mean,0.0
LIHC_AXIS_173,LIHC,Quercetin,CDK1,ARID3A,Tumor_Lineage,True,0.8374999999999999,True,0.7947087378640776,3,target_class,True,0.7980490331491712,12,target_class,True,0.84453125,6,target_class,0.8186972552533123,0.8186972552533123,4,1.0,HPA;GDSC;PRISM;CTRP,available_source_mean,0.0
LIHC_AXIS_135,LIHC,Quercetin,CDK1,E2F1,T_NK_ILC,True,0.8374999999999999,True,0.7947087378640776,3,target_class,True,0.7980490331491712,12,target_class,True,0.84453125,6,target_class,0.8186972552533123,0.8186972552533123,4,1.0,HPA;GDSC;PRISM;CTRP,available_source_mean,0.0
LIHC_AXIS_169,LIHC,Quercetin,CDK1,E2F1,Tumor_Lineage,True,0.8374999999999999,True,0.7947087378640776,3,target_class,True,0.7980490331491712,12,target_class,True,0.84453125,6,target_class,0.8186972552533123,0.8186972552533123,4,1.0,HPA;GDSC;PRISM;CTRP,available_source_mean,0.0
LIHC_AXIS_123,LIHC,Quercetin,PLAU,FOXM1,Tumor_Lineage,True,0.5862499999999999,False,,0,no_hit,True,0.5029868784530387,1,tf_or_regulator_class,False,,0,no_hit,0.2723092196132596,0.5446184392265193,2,0.5,HPA;PRISM,available_source_mean,0.2723092196132597
LIHC_AXIS_154,LIHC,Quercetin,PLAU,E2F1,Tumor_Lineage,True,0.5862499999999999,False,,0,no_hit,False,,0,no_hit,False,,0,no_hit,0.1465624999999999,0.5862499999999999,1,0.25,HPA,available_source_mean,0.4396875
LIHC_AXIS_153,LIHC,Kaempferol,CYP1B1,CREB1,T_NK_ILC,True,0.5375,False,,0,no_hit,True,0.4804730662983424,2,target_class,False,,0,no_hit,0.2544932665745856,0.5089865331491712,2,0.5,HPA;PRISM,available_source_mean,0.2544932665745856
LIHC_AXIS_130,LIHC,Quercetin,PLAU,GTF3A,Tumor_Lineage,True,0.5862499999999999,False,,0,no_hit,False,,0,no_hit,False,,0,no_hit,0.1465624999999999,0.5862499999999999,1,0.25,HPA,available_source_mean,0.4396875
LIHC_AXIS_117,LIHC,Quercetin,CYP1B1,TBP,T_NK_ILC,True,0.5442499999999999,False,,0,no_hit,True,0.4804730662983424,1,target_class,False,,0,no_hit,0.2561807665745856,0.5123615331491711,2,0.5,HPA;PRISM,available_source_mean,0.2561807665745855
LIHC_AXIS_120,LIHC,Luteolin,MMP1,HOPX,Tumor_Lineage,True,0.865,False,,0,no_hit,True,0.6606871546961326,2,target_class,False,,0,no_hit,0.3814217886740331,0.7628435773480663,2,0.5,HPA;PRISM,available_source_mean,0.3814217886740332
LIHC_AXIS_121,LIHC,Kaempferol,MMP1,HOPX,Tumor_Lineage,True,0.865,False,,0,no_hit,True,0.6606871546961326,2,target_class,False,,0,no_hit,0.3814217886740331,0.7628435773480663,2,0.5,HPA;PRISM,available_source_mean,0.3814217886740332
LIHC_AXIS_131,LIHC,(-)-epigallocatechin-3-gallate,MMP1,HOPX,Tumor_Lineage,True,0.865,False,,0,no_hit,True,0.6606871546961326,2,target_class,False,,0,no_hit,0.3814217886740331,0.7628435773480663,2,0.5,HPA;PRISM,available_source_mean,0.3814217886740332
LIHC_AXIS_178,LIHC,Kaempferol,CYP1B1,TBP,T_NK_ILC,True,0.5442499999999999,False,,0,no_hit,True,0.4804730662983424,1,target_class,False,,0,no_hit,0.2561807665745856,0.5123615331491711,2,0.5,HPA;PRISM,available_source_mean,0.2561807665745855
LIHC_AXIS_116,LIHC,Quercetin,CYP1B1,TBP,Tumor_Lineage,True,0.5442499999999999,False,,0,no_hit,True,0.4804730662983424,1,target_class,False,,0,no_hit,0.2561807665745856,0.5123615331491711,2,0.5,HPA;PRISM,available_source_mean,0.2561807665745855
STAD_AXIS_017,STAD,Quercetin,PLAU,ETS1,Fibroblast_CAF,True,0.5375,False,,0,no_hit,False,,0,no_hit,False,,0,no_hit,0.134375,0.5375,1,0.25,HPA,available_source_mean,0.40312499999999996
STAD_AXIS_010,STAD,Quercetin,PLAU,MYC,Fibroblast_CAF,True,0.5375,False,,0,no_hit,True,0.3386912983425414,1,tf_or_regulator_class,False,,0,no_hit,0.2190478245856353,0.4380956491712707,2,0.5,HPA;PRISM,available_source_mean,0.2190478245856354
STAD_AXIS_027,STAD,Quercetin,PLAU,FOS,Fibroblast_CAF,True,0.5375,False,,0,no_hit,False,,0,no_hit,False,,0,no_hit,0.134375,0.5375,1,0.25,HPA,available_source_mean,0.40312499999999996
STAD_AXIS_021,STAD,Eriodyctiol (flavanone),HSP90AB1,HOPX,Fibroblast_CAF,True,0.5375,False,,0,no_hit,True,0.8133114640883978,1,target_class,False,,0,no_hit,0.3377028660220994,0.6754057320441988,2,0.5,HPA;PRISM,available_source_mean,0.3377028660220994
STAD_AXIS_029,STAD,Quercetin,PLAU,HIF1A,Fibroblast_CAF,True,0.5375,False,,0,no_hit,True,0.6259841160220995,3,tf_or_regulator_class,False,,0,no_hit,0.2908710290055248,0.5817420580110497,2,0.5,HPA;PRISM,available_source_mean,0.2908710290055249
STAD_AXIS_085,STAD,(-)-epigallocatechin-3-gallate,APP,MYC,Fibroblast_CAF,True,0.5375,False,,0,no_hit,True,0.6148998618784531,4,target_class,True,0.61953125,1,target_class,0.4429827779696133,0.5906437039594844,3,0.75,HPA;PRISM;CTRP,available_source_mean,0.14766092598987113
STAD_AXIS_008,STAD,Quercetin,PLAU,E2F1,Fibroblast_CAF,True,0.5375,False,,0,no_hit,False,,0,no_hit,False,,0,no_hit,0.134375,0.5375,1,0.25,HPA,available_source_mean,0.40312499999999996
STAD_AXIS_024,STAD,Quercetin,PLAU,JUN,Fibroblast_CAF,True,0.5375,False,,0,no_hit,True,0.6407976519337016,2,tf_or_regulator_class,False,,0,no_hit,0.2945744129834254,0.5891488259668508,2,0.5,HPA;PRISM,available_source_mean,0.2945744129834254
STAD_AXIS_022,STAD,Quercetin,PLAU,HOXD3,Fibroblast_CAF,True,0.5375,False,,0,no_hit,False,,0,no_hit,False,,0,no_hit,0.134375,0.5375,1,0.25,HPA,available_source_mean,0.40312499999999996
STAD_AXIS_007,STAD,Quercetin,PLAU,RELA,Fibroblast_CAF,True,0.5375,False,,0,no_hit,True,0.6493266574585635,5,tf_or_regulator_class,True,0.5131893382352941,2,tf_or_regulator_class,0.4250039989234644,0.5666719985646193,3,0.75,HPA;PRISM;CTRP,available_source_mean,0.14166799964115484
STAD_AXIS_078,STAD,Quercetin,PLAU,RBPJ,Fibroblast_CAF,True,0.5375,False,,0,no_hit,False,,0,no_hit,False,,0,no_hit,0.134375,0.5375,1,0.25,HPA,available_source_mean,0.40312499999999996
STAD_AXIS_049,STAD,Quercetin,PLAU,NR3C1,Fibroblast_CAF,True,0.5375,False,,0,no_hit,True,0.5393473756906078,12,tf_or_regulator_class,True,0.0256893382352941,1,tf_or_regulator_class,0.2756341784814755,0.36751223797530064,3,0.75,HPA;PRISM;CTRP,available_source_mean,0.09187805949382516
STAD_AXIS_005,STAD,Quercetin,PLAU,GTF3A,Fibroblast_CAF,True,0.5375,False,,0,no_hit,False,,0,no_hit,False,,0,no_hit,0.134375,0.5375,1,0.25,HPA,available_source_mean,0.40312499999999996
STAD_AXIS_050,STAD,Quercetin,PLAU,NFKB1,Fibroblast_CAF,True,0.5375,False,,0,no_hit,True,0.2251208563535911,1,tf_or_regulator_class,True,0.1636948529411764,1,tf_or_regulator_class,0.2315789273236919,0.3087719030982558,3,0.75,HPA;PRISM;CTRP,available_source_mean,0.07719297577456391
STAD_AXIS_041,STAD,Quercetin,PLAU,RUNX2,Fibroblast_CAF,True,0.5375,False,,0,no_hit,False,,0,no_hit,False,,0,no_hit,0.134375,0.5375,1,0.25,HPA,available_source_mean,0.40312499999999996
STAD_AXIS_040,STAD,Quercetin,PLAU,REL,Fibroblast_CAF,True,0.5375,False,,0,no_hit,False,,0,no_hit,False,,0,no_hit,0.134375,0.5375,1,0.25,HPA,available_source_mean,0.40312499999999996
STAD_AXIS_100,STAD,Quercetin,PLAU,CREB1,Fibroblast_CAF,True,0.5375,False,,0,no_hit,True,0.3992921270718232,1,tf_or_regulator_class,False,,0,no_hit,0.2341980317679557,0.46839606353591157,2,0.5,HPA;PRISM,available_source_mean,0.23419803176795587
STAD_AXIS_020,STAD,Coryincine,ADRA1D,RELA,Fibroblast_CAF,True,0.625,False,,0,no_hit,True,0.6493266574585635,17,tf_or_regulator_class,True,0.5131893382352941,2,tf_or_regulator_class,0.4468789989234644,0.5958386652312858,3,0.75,HPA;PRISM;CTRP,available_source_mean,0.14895966630782143
STAD_AXIS_019,STAD,Quercetin,AKR1B1,RELA,Fibroblast_CAF,True,0.7775,False,,0,no_hit,True,0.6493266574585635,5,tf_or_regulator_class,True,0.5131893382352941,2,tf_or_regulator_class,0.4850039989234644,0.6466719985646192,3,0.75,HPA;PRISM;CTRP,available_source_mean,0.1616679996411548
STAD_AXIS_013,STAD,Quercetin,CYP1B1,ESR1,Fibroblast_CAF,True,0.7775,True,0.243450184501845,3,tf_or_regulator_class,True,0.476363950276243,13,target_class,True,0.6302849264705883,3,tf_or_regulator_class,0.5318997653121691,0.5318997653121691,4,1.0,HPA;GDSC;PRISM;CTRP,available_source_mean,0.0
STAD_AXIS_039,STAD,Quercetin,PLAU,ETV4,Fibroblast_CAF,True,0.5375,False,,0,no_hit,False,,0,no_hit,False,,0,no_hit,0.134375,0.5375,1,0.25,HPA,available_source_mean,0.40312499999999996
STAD_AXIS_002,STAD,Quercetin,CYP1B1,EP300,Fibroblast_CAF,True,0.7775,True,0.2188653136531365,3,tf_or_regulator_class,True,0.476363950276243,2,target_class,True,0.4737591911764706,3,tf_or_regulator_class,0.4866221137764626,0.4866221137764625,4,1.0,HPA;GDSC;PRISM;CTRP,available_source_mean,-1.1102230246251565e-16
STAD_AXIS_028,STAD,Quercetin,MMP1,HOPX,Fibroblast_CAF,True,0.625,False,,0,no_hit,True,0.6824067679558011,2,target_class,False,,0,no_hit,0.3268516919889502,0.6537033839779005,2,0.5,HPA;PRISM,available_source_mean,0.3268516919889503
STAD_AXIS_018,STAD,Kaempferol,CYP1B1,ESR1,Fibroblast_CAF,True,0.7775,True,0.243450184501845,3,tf_or_regulator_class,True,0.476363950276243,13,target_class,True,0.6302849264705883,3,tf_or_regulator_class,0.5318997653121691,0.5318997653121691,4,1.0,HPA;GDSC;PRISM;CTRP,available_source_mean,0.0
STAD_AXIS_011,STAD,Eckol,BACE1,RELA,Fibroblast_CAF,True,0.5375,False,,0,no_hit,True,0.6493266574585635,6,tf_or_regulator_class,True,0.5131893382352941,2,tf_or_regulator_class,0.4250039989234644,0.5666719985646193,3,0.75,HPA;PRISM;CTRP,available_source_mean,0.14166799964115484
STAD_AXIS_014,STAD,Naringenin,CYP19A1,RELA,Fibroblast_CAF,True,0.625,False,,0,no_hit,True,0.6493266574585635,14,tf_or_regulator_class,True,0.5131893382352941,2,tf_or_regulator_class,0.4468789989234644,0.5958386652312858,3,0.75,HPA;PRISM;CTRP,available_source_mean,0.14895966630782143
STAD_AXIS_003,STAD,Kaempferol,CYP1B1,EP300,Fibroblast_CAF,True,0.7775,True,0.2188653136531365,3,tf_or_regulator_class,True,0.476363950276243,2,target_class,True,0.4737591911764706,3,tf_or_regulator_class,0.4866221137764626,0.4866221137764625,4,1.0,HPA;GDSC;PRISM;CTRP,available_source_mean,-1.1102230246251565e-16
STAD_AXIS_001,STAD,Quercetin,CYP1B1,AHR,Fibroblast_CAF,True,0.7775,False,,0,no_hit,True,0.5492230662983425,5,tf_or_regulator_class,True,0.3518841911764706,2,tf_or_regulator_class,0.4196518143687032,0.5595357524916044,3,0.75,HPA;PRISM;CTRP,available_source_mean,0.13988393812290117
STAD_AXIS_034,STAD,Kaempferol,MMP1,HOPX,Fibroblast_CAF,True,0.625,False,,0,no_hit,True,0.6824067679558011,2,target_class,False,,0,no_hit,0.3268516919889502,0.6537033839779005,2,0.5,HPA;PRISM,available_source_mean,0.3268516919889503
STAD_AXIS_035,STAD,Luteolin,MMP1,HOPX,Fibroblast_CAF,True,0.625,False,,0,no_hit,True,0.6824067679558011,2,target_class,False,,0,no_hit,0.3268516919889502,0.6537033839779005,2,0.5,HPA;PRISM,available_source_mean,0.3268516919889503
STAD_AXIS_036,STAD,(-)-epigallocatechin-3-gallate,MMP1,HOPX,Fibroblast_CAF,True,0.625,False,,0,no_hit,True,0.6824067679558011,2,target_class,False,,0,no_hit,0.3268516919889502,0.6537033839779005,2,0.5,HPA;PRISM,available_source_mean,0.3268516919889503
STAD_AXIS_042,STAD,Quercetin,PLAU,ATF4,Fibroblast_CAF,True,0.5375,False,,0,no_hit,False,,0,no_hit,False,,0,no_hit,0.134375,0.5375,1,0.25,HPA,available_source_mean,0.40312499999999996
STAD_AXIS_026,STAD,Quercetin,CYP1B1,CREB1,Fibroblast_CAF,True,0.7775,False,,0,no_hit,True,0.476363950276243,2,target_class,False,,0,no_hit,0.3134659875690607,0.6269319751381215,2,0.5,HPA;PRISM,available_source_mean,0.3134659875690608
STAD_AXIS_032,STAD,Triptolide,PLAU,GTF3A,Fibroblast_CAF,True,0.5375,False,,0,no_hit,True,0.99896408839779,1,direct_compound,True,0.7215073529411764,1,direct_compound,0.5644928603347417,0.7526571471129889,3,0.75,HPA;PRISM;CTRP,available_source_mean,0.18816428677824726
STAD_AXIS_033,STAD,(-)-epigallocatechin-3-gallate,PLAU,GTF3A,Fibroblast_CAF,True,0.5375,False,,0,no_hit,False,,0,no_hit,False,,0,no_hit,0.134375,0.5375,1,0.25,HPA,available_source_mean,0.40312499999999996
STAD_AXIS_067,STAD,Quercetin,AKR1B1,NFKB2,Fibroblast_CAF,True,0.7775,False,,0,no_hit,True,0.2251208563535911,2,tf_or_regulator_class,False,,0,no_hit,0.2506552140883977,0.5013104281767955,2,0.5,HPA;PRISM,available_source_mean,0.2506552140883978
STAD_AXIS_051,STAD,Guggulsterone,PGR,FOS,Fibroblast_CAF,True,0.6625,False,,0,no_hit,True,0.632510359116022,12,target_class,False,,0,no_hit,0.3237525897790055,0.647505179558011,2,0.5,HPA;PRISM,available_source_mean,0.3237525897790055
STAD_AXIS_083,STAD,(-)-epigallocatechin-3-gallate,PLAU,E2F1,Fibroblast_CAF,True,0.5375,False,,0,no_hit,False,,0,no_hit,False,,0,no_hit,0.134375,0.5375,1,0.25,HPA,available_source_mean,0.40312499999999996
STAD_AXIS_082,STAD,Triptolide,PLAU,E2F1,Fibroblast_CAF,True,0.5375,False,,0,no_hit,True,0.99896408839779,1,direct_compound,True,0.7215073529411764,1,direct_compound,0.5644928603347417,0.7526571471129889,3,0.75,HPA;PRISM;CTRP,available_source_mean,0.18816428677824726
STAD_AXIS_076,STAD,Triptolide,PLAU,RELA,Fibroblast_CAF,True,0.5375,False,,0,no_hit,True,0.99896408839779,6,direct_compound,True,0.7215073529411764,3,direct_compound,0.5644928603347417,0.7526571471129889,3,0.75,HPA;PRISM;CTRP,available_source_mean,0.18816428677824726
STAD_AXIS_077,STAD,(-)-epigallocatechin-3-gallate,PLAU,RELA,Fibroblast_CAF,True,0.5375,False,,0,no_hit,True,0.6493266574585635,5,tf_or_regulator_class,True,0.5131893382352941,2,tf_or_regulator_class,0.4250039989234644,0.5666719985646193,3,0.75,HPA;PRISM;CTRP,available_source_mean,0.14166799964115484
STAD_AXIS_004,STAD,Kaempferol,CYP1B1,AHR,Fibroblast_CAF,True,0.7775,False,,0,no_hit,True,0.5492230662983425,5,tf_or_regulator_class,True,0.3518841911764706,2,tf_or_regulator_class,0.4196518143687032,0.5595357524916044,3,0.75,HPA;PRISM;CTRP,available_source_mean,0.13988393812290117
STAD_AXIS_057,STAD,Indirubin,AHR,EPAS1,Fibroblast_CAF,True,0.5375,False,,0,no_hit,True,0.7182147790055249,5,target_class,True,0.46015625,2,target_class,0.4289677572513812,0.5719570096685083,3,0.75,HPA;PRISM;CTRP,available_source_mean,0.14298925241712707
STAD_AXIS_045,STAD,Kaempferol,CYP1B1,CREB1,Fibroblast_CAF,True,0.7775,False,,0,no_hit,True,0.476363950276243,2,target_class,False,,0,no_hit,0.3134659875690607,0.6269319751381215,2,0.5,HPA;PRISM,available_source_mean,0.3134659875690608
STAD_AXIS_086,STAD,Stigmasterol,PLAU,GTF3A,Fibroblast_CAF,True,0.5375,False,,0,no_hit,False,,0,no_hit,False,,0,no_hit,0.134375,0.5375,1,0.25,HPA,available_source_mean,0.40312499999999996
STAD_AXIS_084,STAD,Kaempferol,AHR,EPAS1,Fibroblast_CAF,True,0.5375,False,,0,no_hit,True,0.7182147790055249,4,target_class,True,0.46015625,2,target_class,0.4289677572513812,0.5719570096685083,3,0.75,HPA;PRISM;CTRP,available_source_mean,0.14298925241712707
STAD_AXIS_079,STAD,Quercetin,CYP1B1,AR,Fibroblast_CAF,True,0.7775,True,0.2704335793357934,2,tf_or_regulator_class,True,0.4836843922651933,13,tf_or_regulator_class,False,,0,no_hit,0.3829044929002466,0.5105393238669955,3,0.75,HPA;GDSC;PRISM,available_source_mean,0.12763483096674894
STAD_AXIS_015,STAD,Eckol,BACE1,HSF1,Fibroblast_CAF,True,0.5375,True,0.5414667896678967,2,tf_or_regulator_class,True,0.2785393646408839,1,target_class,False,,0,no_hit,0.3393765385771952,0.45250205143626027,3,0.75,HPA;GDSC;PRISM,available_source_mean,0.11312551285906508
STAD_AXIS_016,STAD,Quercetin,ALOX5,RELA,Fibroblast_CAF,True,0.5375,False,,0,no_hit,True,0.6493266574585635,10,tf_or_regulator_class,True,0.5131893382352941,2,tf_or_regulator_class,0.4250039989234644,0.5666719985646193,3,0.75,HPA;PRISM;CTRP,available_source_mean,0.14166799964115484
STAD_AXIS_038,STAD,Quercetin,ALOX5,RORA,Fibroblast_CAF,True,0.5375,False,,0,no_hit,True,0.2738432320441989,5,target_class,True,0.0931985294117647,1,tf_or_regulator_class,0.2261354403639909,0.30151392048532116,3,0.75,HPA;PRISM;CTRP,available_source_mean,0.07537848012133025
STAD_AXIS_023,STAD,Guggulsterone,PGR,EPAS1,Fibroblast_CAF,True,0.6625,False,,0,no_hit,True,0.632510359116022,12,target_class,False,,0,no_hit,0.3237525897790055,0.647505179558011,2,0.5,HPA;PRISM,available_source_mean,0.3237525897790055
STAD_AXIS_046,STAD,Alpha-naphthoflavone,CYP1B1,EP300,Fibroblast_CAF,True,0.7775,True,0.2188653136531365,3,tf_or_regulator_class,True,0.476363950276243,2,target_class,True,0.4737591911764706,3,tf_or_regulator_class,0.4866221137764626,0.4866221137764625,4,1.0,HPA;GDSC;PRISM;CTRP,available_source_mean,-1.1102230246251565e-16
STAD_AXIS_053,STAD,Quercetin,MMP9,RELA,Fibroblast_CAF,True,0.5375,False,,0,no_hit,True,0.6824067679558011,10,target_class,True,0.61953125,3,target_class,0.4598595044889503,0.613146005985267,3,0.75,HPA;PRISM;CTRP,available_source_mean,0.15328650149631673
STAD_AXIS_037,STAD,Indirubin,AHR,PITX2,Fibroblast_CAF,True,0.5375,False,,0,no_hit,True,0.7182147790055249,5,target_class,True,0.46015625,2,target_class,0.4289677572513812,0.5719570096685083,3,0.75,HPA;PRISM;CTRP,available_source_mean,0.14298925241712707
STAD_AXIS_044,STAD,Kaempferol,AHR,PITX2,Fibroblast_CAF,True,0.5375,False,,0,no_hit,True,0.7182147790055249,4,target_class,True,0.46015625,2,target_class,0.4289677572513812,0.5719570096685083,3,0.75,HPA;PRISM;CTRP,available_source_mean,0.14298925241712707
STAD_AXIS_081,STAD,Guggulsterone,PGR,RELA,Fibroblast_CAF,True,0.6625,False,,0,no_hit,True,0.6493266574585635,17,tf_or_regulator_class,True,0.5131893382352941,2,tf_or_regulator_class,0.4562539989234644,0.6083386652312859,3,0.75,HPA;PRISM;CTRP,available_source_mean,0.15208466630782147
STAD_AXIS_031,STAD,Eckol,BACE1,HIF1A,Fibroblast_CAF,True,0.5375,False,,0,no_hit,True,0.6259841160220995,4,tf_or_regulator_class,False,,0,no_hit,0.2908710290055248,0.5817420580110497,2,0.5,HPA;PRISM,available_source_mean,0.2908710290055249
STAD_AXIS_068,STAD,Quercetin,MMP1,EWSR1,Fibroblast_CAF,True,0.625,False,,0,no_hit,True,0.6824067679558011,2,target_class,True,0.4199908088235294,1,tf_or_regulator_class,0.4318493941948326,0.5757991922597768,3,0.75,HPA;PRISM;CTRP,available_source_mean,0.14394979806494423
STAD_AXIS_006,STAD,Indirubin,AHR,AHR,Fibroblast_CAF,True,0.5375,False,,0,no_hit,True,0.7182147790055249,9,target_class,True,0.46015625,4,target_class,0.4289677572513812,0.5719570096685083,3,0.75,HPA;PRISM;CTRP,available_source_mean,0.14298925241712707
STAD_AXIS_058,STAD,Eckol,BACE1,STAT3,Fibroblast_CAF,True,0.5375,False,,0,no_hit,True,0.5689744475138121,6,tf_or_regulator_class,True,0.6243106617647058,3,tf_or_regulator_class,0.4326962773196295,0.576928369759506,3,0.75,HPA;PRISM;CTRP,available_source_mean,0.1442320924398765
STAD_AXIS_074,STAD,Indirubin,AHR,NR3C1,Fibroblast_CAF,True,0.5375,False,,0,no_hit,True,0.7182147790055249,17,target_class,True,0.46015625,3,target_class,0.4289677572513812,0.5719570096685083,3,0.75,HPA;PRISM;CTRP,available_source_mean,0.14298925241712707
STAD_AXIS_075,STAD,Indirubin,AHR,STAT3,Fibroblast_CAF,True,0.5375,False,,0,no_hit,True,0.7182147790055249,10,target_class,True,0.6243106617647058,5,tf_or_regulator_class,0.4700063601925576,0.6266751469234102,3,0.75,HPA;PRISM;CTRP,available_source_mean,0.1566687867308526
STAD_AXIS_025,STAD,Alpha-naphthoflavone,CYP1B1,AHR,Fibroblast_CAF,True,0.7775,False,,0,no_hit,True,0.5492230662983425,5,tf_or_regulator_class,True,0.3518841911764706,2,tf_or_regulator_class,0.4196518143687032,0.5595357524916044,3,0.75,HPA;PRISM;CTRP,available_source_mean,0.13988393812290117
STAD_AXIS_095,STAD,Quercetin,CYP1B1,TBP,Fibroblast_CAF,True,0.7775,False,,0,no_hit,True,0.476363950276243,1,target_class,False,,0,no_hit,0.3134659875690607,0.6269319751381215,2,0.5,HPA;PRISM,available_source_mean,0.3134659875690608
STAD_AXIS_098,STAD,Kaempferol,MMP1,EWSR1,Fibroblast_CAF,True,0.625,False,,0,no_hit,True,0.6824067679558011,2,target_class,True,0.4199908088235294,1,tf_or_regulator_class,0.4318493941948326,0.5757991922597768,3,0.75,HPA;PRISM;CTRP,available_source_mean,0.14394979806494423
STAD_AXIS_097,STAD,Luteolin,MMP1,EWSR1,Fibroblast_CAF,True,0.625,False,,0,no_hit,True,0.6824067679558011,2,target_class,True,0.4199908088235294,1,tf_or_regulator_class,0.4318493941948326,0.5757991922597768,3,0.75,HPA;PRISM;CTRP,available_source_mean,0.14394979806494423
STAD_AXIS_012,STAD,Kaempferol,AHR,AHR,Fibroblast_CAF,True,0.5375,False,,0,no_hit,True,0.7182147790055249,8,target_class,True,0.46015625,4,target_class,0.4289677572513812,0.5719570096685083,3,0.75,HPA;PRISM;CTRP,available_source_mean,0.14298925241712707
STAD_AXIS_009,STAD,Baicalein,ALOX12,FOS,Fibroblast_CAF,True,0.5375,False,,0,no_hit,True,0.0797651933701657,1,direct_compound,False,,0,no_hit,0.1543162983425414,0.30863259668508286,2,0.5,HPA;PRISM,available_source_mean,0.15431629834254146
STAD_AXIS_047,STAD,Kaempferol,ALOX5,RELA,Fibroblast_CAF,True,0.5375,False,,0,no_hit,True,0.6493266574585635,10,tf_or_regulator_class,True,0.5131893382352941,2,tf_or_regulator_class,0.4250039989234644,0.5666719985646193,3,0.75,HPA;PRISM;CTRP,available_source_mean,0.14166799964115484
STAD_AXIS_056,STAD,Eckol,BACE1,NFKB1,Fibroblast_CAF,True,0.5375,False,,0,no_hit,True,0.2785393646408839,2,target_class,True,0.1636948529411764,1,tf_or_regulator_class,0.2449335543955151,0.32657807252735344,3,0.75,HPA;PRISM;CTRP,available_source_mean,0.08164451813183835
STAD_AXIS_043,STAD,Acacetin,CYP1B1,AHR,Fibroblast_CAF,True,0.7775,False,,0,no_hit,True,0.5492230662983425,5,tf_or_regulator_class,True,0.3518841911764706,2,tf_or_regulator_class,0.4196518143687032,0.5595357524916044,3,0.75,HPA;PRISM;CTRP,available_source_mean,0.13988393812290117
STAD_AXIS_096,STAD,Indirubin,AHR,NR1H3,Myeloid,True,0.5375,False,,0,no_hit,True,0.7182147790055249,6,target_class,True,0.46015625,2,target_class,0.4289677572513812,0.5719570096685083,3,0.75,HPA;PRISM;CTRP,available_source_mean,0.14298925241712707
STAD_AXIS_048,STAD,"3,5-dihydroxy-2-(4-hydroxyphenyl)chromone",CYP1B1,AHR,Fibroblast_CAF,True,0.7775,False,,0,no_hit,True,0.5492230662983425,5,tf_or_regulator_class,True,0.3518841911764706,2,tf_or_regulator_class,0.4196518143687032,0.5595357524916044,3,0.75,HPA;PRISM;CTRP,available_source_mean,0.13988393812290117
STAD_AXIS_030,STAD,Eckol,BACE1,CTNNB1,Fibroblast_CAF,True,0.5375,False,,0,no_hit,True,0.4185946132596685,2,tf_or_regulator_class,True,0.4056525735294117,1,tf_or_regulator_class,0.3404367966972701,0.4539157289296934,3,0.75,HPA;PRISM;CTRP,available_source_mean,0.11347893223242328
STAD_AXIS_066,STAD,Eckol,BACE1,TCF7L2,Fibroblast_CAF,True,0.5375,False,,0,no_hit,True,0.2785393646408839,1,target_class,False,,0,no_hit,0.2040098411602209,0.40801968232044195,2,0.5,HPA;PRISM,available_source_mean,0.20400984116022106
STAD_AXIS_059,STAD,"1-(3,5-dihydroxyphenyl)-2-(4-hydroxyphenyl)ethylene; (e)-form",CYP1B1,AHR,Fibroblast_CAF,True,0.7775,False,,0,no_hit,True,0.5492230662983425,5,tf_or_regulator_class,True,0.3518841911764706,2,tf_or_regulator_class,0.4196518143687032,0.5595357524916044,3,0.75,HPA;PRISM;CTRP,available_source_mean,0.13988393812290117
STAD_AXIS_061,STAD,Galangin,CYP1B1,AHR,Fibroblast_CAF,True,0.7775,False,,0,no_hit,True,0.5492230662983425,5,tf_or_regulator_class,True,0.3518841911764706,2,tf_or_regulator_class,0.4196518143687032,0.5595357524916044,3,0.75,HPA;PRISM;CTRP,available_source_mean,0.13988393812290117
STAD_AXIS_060,STAD,Pyrene,CYP1B1,AHR,Fibroblast_CAF,True,0.7775,False,,0,no_hit,True,0.5492230662983425,5,tf_or_regulator_class,True,0.3518841911764706,2,tf_or_regulator_class,0.4196518143687032,0.5595357524916044,3,0.75,HPA;PRISM;CTRP,available_source_mean,0.13988393812290117
STAD_AXIS_062,STAD,Kaempferide,CYP1B1,AHR,Fibroblast_CAF,True,0.7775,False,,0,no_hit,True,0.5492230662983425,5,tf_or_regulator_class,True,0.3518841911764706,2,tf_or_regulator_class,0.4196518143687032,0.5595357524916044,3,0.75,HPA;PRISM;CTRP,available_source_mean,0.13988393812290117
STAD_AXIS_072,STAD,Luteolin,CYP1B1,AHR,Fibroblast_CAF,True,0.7775,False,,0,no_hit,True,0.5492230662983425,5,tf_or_regulator_class,True,0.3518841911764706,2,tf_or_regulator_class,0.4196518143687032,0.5595357524916044,3,0.75,HPA;PRISM;CTRP,available_source_mean,0.13988393812290117
STAD_AXIS_070,STAD,Diosmetin,CYP1B1,AHR,Fibroblast_CAF,True,0.7775,False,,0,no_hit,True,0.5492230662983425,5,tf_or_regulator_class,True,0.3518841911764706,2,tf_or_regulator_class,0.4196518143687032,0.5595357524916044,3,0.75,HPA;PRISM;CTRP,available_source_mean,0.13988393812290117
STAD_AXIS_071,STAD,Apigenin,CYP1B1,AHR,Fibroblast_CAF,True,0.7775,False,,0,no_hit,True,0.5492230662983425,5,tf_or_regulator_class,True,0.3518841911764706,2,tf_or_regulator_class,0.4196518143687032,0.5595357524916044,3,0.75,HPA;PRISM;CTRP,available_source_mean,0.13988393812290117
STAD_AXIS_069,STAD,Chrysin,CYP1B1,AHR,Fibroblast_CAF,True,0.7775,False,,0,no_hit,True,0.5492230662983425,5,tf_or_regulator_class,True,0.3518841911764706,2,tf_or_regulator_class,0.4196518143687032,0.5595357524916044,3,0.75,HPA;PRISM;CTRP,available_source_mean,0.13988393812290117
STAD_AXIS_052,STAD,Quercetin,BACE1,RELA,Fibroblast_CAF,True,0.5375,False,,0,no_hit,True,0.6493266574585635,6,tf_or_regulator_class,True,0.5131893382352941,2,tf_or_regulator_class,0.4250039989234644,0.5666719985646193,3,0.75,HPA;PRISM;CTRP,available_source_mean,0.14166799964115484
STAD_AXIS_080,STAD,Pinosylvin,CYP1B1,AHR,Fibroblast_CAF,True,0.7775,False,,0,no_hit,True,0.5492230662983425,5,tf_or_regulator_class,True,0.3518841911764706,2,tf_or_regulator_class,0.4196518143687032,0.5595357524916044,3,0.75,HPA;PRISM;CTRP,available_source_mean,0.13988393812290117
STAD_AXIS_087,STAD,Homoeriodictyol,CYP1B1,AHR,Fibroblast_CAF,True,0.7775,False,,0,no_hit,True,0.5492230662983425,5,tf_or_regulator_class,True,0.3518841911764706,2,tf_or_regulator_class,0.4196518143687032,0.5595357524916044,3,0.75,HPA;PRISM;CTRP,available_source_mean,0.13988393812290117
STAD_AXIS_054,STAD,Rocaglamide,RELA,RELA,Fibroblast_CAF,True,0.5375,False,,0,no_hit,True,0.8491194751381215,10,target_class,True,0.67109375,4,target_class,0.5144283062845303,0.6859044083793737,3,0.75,HPA;PRISM;CTRP,available_source_mean,0.17147610209484343
STAD_AXIS_063,STAD,"3',4',7-trihydroxyflavanone",BACE1,RELA,Fibroblast_CAF,True,0.5375,False,,0,no_hit,True,0.6493266574585635,6,tf_or_regulator_class,True,0.5131893382352941,2,tf_or_regulator_class,0.4250039989234644,0.5666719985646193,3,0.75,HPA;PRISM;CTRP,available_source_mean,0.14166799964115484
STAD_AXIS_089,STAD,Eupatorin,CYP1B1,AHR,Fibroblast_CAF,True,0.7775,False,,0,no_hit,True,0.5492230662983425,5,tf_or_regulator_class,True,0.3518841911764706,2,tf_or_regulator_class,0.4196518143687032,0.5595357524916044,3,0.75,HPA;PRISM;CTRP,available_source_mean,0.13988393812290117
STAD_AXIS_094,STAD,Berberine chloride,CYP1B1,AHR,Fibroblast_CAF,True,0.7775,False,,0,no_hit,True,0.5492230662983425,5,tf_or_regulator_class,True,0.3518841911764706,2,tf_or_regulator_class,0.4196518143687032,0.5595357524916044,3,0.75,HPA;PRISM;CTRP,available_source_mean,0.13988393812290117
STAD_AXIS_064,STAD,Acteoside,BACE1,RELA,Fibroblast_CAF,True,0.5375,False,,0,no_hit,True,0.6493266574585635,6,tf_or_regulator_class,True,0.5131893382352941,2,tf_or_regulator_class,0.4250039989234644,0.5666719985646193,3,0.75,HPA;PRISM;CTRP,available_source_mean,0.14166799964115484
STAD_AXIS_092,STAD,Chryseriol,CYP1B1,AHR,Fibroblast_CAF,True,0.7775,False,,0,no_hit,True,0.5492230662983425,5,tf_or_regulator_class,True,0.3518841911764706,2,tf_or_regulator_class,0.4196518143687032,0.5595357524916044,3,0.75,HPA;PRISM;CTRP,available_source_mean,0.13988393812290117
STAD_AXIS_093,STAD,Rutaecarpine,CYP1B1,AHR,Fibroblast_CAF,True,0.7775,False,,0,no_hit,True,0.5492230662983425,5,tf_or_regulator_class,True,0.3518841911764706,2,tf_or_regulator_class,0.4196518143687032,0.5595357524916044,3,0.75,HPA;PRISM;CTRP,available_source_mean,0.13988393812290117
STAD_AXIS_091,STAD,Berberine,CYP1B1,AHR,Fibroblast_CAF,True,0.7775,False,,0,no_hit,True,0.7945441988950276,6,direct_compound,True,0.3518841911764706,2,tf_or_regulator_class,0.4809820975178746,0.641309463357166,3,0.75,HPA;PRISM;CTRP,available_source_mean,0.1603273658392914
STAD_AXIS_090,STAD,Myricetin,CYP1B1,AHR,Fibroblast_CAF,True,0.7775,False,,0,no_hit,True,0.6571132596685083,6,direct_compound,True,0.3518841911764706,3,tf_or_regulator_class,0.4466243627112447,0.5954991502816596,3,0.75,HPA;PRISM;CTRP,available_source_mean,0.14887478757041483
STAD_AXIS_065,STAD,(-)-epigallocatechin-3-gallate,BACE1,RELA,Fibroblast_CAF,True,0.5375,False,,0,no_hit,True,0.6493266574585635,6,tf_or_regulator_class,True,0.5131893382352941,2,tf_or_regulator_class,0.4250039989234644,0.5666719985646193,3,0.75,HPA;PRISM;CTRP,available_source_mean,0.14166799964115484
STAD_AXIS_073,STAD,Collagen,BACE1,RELA,Fibroblast_CAF,True,0.5375,False,,0,no_hit,True,0.6493266574585635,6,tf_or_regulator_class,True,0.5131893382352941,2,tf_or_regulator_class,0.4250039989234644,0.5666719985646193,3,0.75,HPA;PRISM;CTRP,available_source_mean,0.14166799964115484
STAD_AXIS_088,STAD,Hydroxytyrosol,BACE1,RELA,Fibroblast_CAF,True,0.5375,False,,0,no_hit,True,0.6493266574585635,6,tf_or_regulator_class,True,0.5131893382352941,2,tf_or_regulator_class,0.4250039989234644,0.5666719985646193,3,0.75,HPA;PRISM;CTRP,available_source_mean,0.14166799964115484
STAD_AXIS_099,STAD,"2,4,2',4'-tetrahydroxychalcone",BACE1,RELA,Fibroblast_CAF,True,0.5375,False,,0,no_hit,True,0.6493266574585635,6,tf_or_regulator_class,True,0.5131893382352941,2,tf_or_regulator_class,0.4250039989234644,0.5666719985646193,3,0.75,HPA;PRISM;CTRP,available_source_mean,0.14166799964115484
STAD_AXIS_055,STAD,Quercetin,CYP1B1,AHR,Myeloid,True,0.7775,False,,0,no_hit,True,0.5492230662983425,5,tf_or_regulator_class,True,0.3518841911764706,2,tf_or_regulator_class,0.4196518143687032,0.5595357524916044,3,0.75,HPA;PRISM;CTRP,available_source_mean,0.13988393812290117
STAD_AXIS_150,STAD,Coryincine,HTR2A,PITX2,Fibroblast_CAF,True,0.625,False,,0,no_hit,True,0.7323031767955801,12,target_class,True,0.37890625,1,target_class,0.434052356698895,0.5787364755985267,3,0.75,HPA;PRISM;CTRP,available_source_mean,0.14468411889963168
STAD_AXIS_189,STAD,Fisetin,CDK2,MYC,Fibroblast_CAF,True,0.625,True,0.8194188191881918,7,target_class,True,0.7939399171270718,13,target_class,True,0.8476562499999999,7,target_class,0.7715037465788159,0.7715037465788159,4,1.0,HPA;GDSC;PRISM;CTRP,available_source_mean,0.0
STAD_AXIS_114,STAD,Triptolide,PLAU,MYC,Fibroblast_CAF,True,0.5375,False,,0,no_hit,True,0.99896408839779,2,direct_compound,True,0.7215073529411764,1,direct_compound,0.5644928603347417,0.7526571471129889,3,0.75,HPA;PRISM;CTRP,available_source_mean,0.18816428677824726
STAD_AXIS_115,STAD,(-)-epigallocatechin-3-gallate,PLAU,MYC,Fibroblast_CAF,True,0.5375,False,,0,no_hit,True,0.3386912983425414,1,tf_or_regulator_class,False,,0,no_hit,0.2190478245856353,0.4380956491712707,2,0.5,HPA;PRISM,available_source_mean,0.2190478245856354
STAD_AXIS_119,STAD,Kaempferol,AHR,STAT3,Fibroblast_CAF,True,0.5375,False,,0,no_hit,True,0.7182147790055249,9,target_class,True,0.6243106617647058,5,tf_or_regulator_class,0.4700063601925576,0.6266751469234102,3,0.75,HPA;PRISM;CTRP,available_source_mean,0.1566687867308526
STAD_AXIS_124,STAD,(-)-epigallocatechin-3-gallate,APP,AHR,Fibroblast_CAF,True,0.5375,False,,0,no_hit,True,0.6148998618784531,7,target_class,True,0.61953125,3,target_class,0.4429827779696133,0.5906437039594844,3,0.75,HPA;PRISM;CTRP,available_source_mean,0.14766092598987113
STAD_AXIS_148,STAD,Acacetin,CYP1B1,EP300,Fibroblast_CAF,True,0.7775,True,0.2188653136531365,3,tf_or_regulator_class,True,0.476363950276243,2,target_class,True,0.4737591911764706,3,tf_or_regulator_class,0.4866221137764626,0.4866221137764625,4,1.0,HPA;GDSC;PRISM;CTRP,available_source_mean,-1.1102230246251565e-16
STAD_AXIS_111,STAD,Leonticine,BACE1,RELA,Fibroblast_CAF,True,0.5375,False,,0,no_hit,True,0.6493266574585635,6,tf_or_regulator_class,True,0.5131893382352941,2,tf_or_regulator_class,0.4250039989234644,0.5666719985646193,3,0.75,HPA;PRISM;CTRP,available_source_mean,0.14166799964115484
STAD_AXIS_110,STAD,Evodiamide,BACE1,RELA,Fibroblast_CAF,True,0.5375,False,,0,no_hit,True,0.6493266574585635,6,tf_or_regulator_class,True,0.5131893382352941,2,tf_or_regulator_class,0.4250039989234644,0.5666719985646193,3,0.75,HPA;PRISM;CTRP,available_source_mean,0.14166799964115484
STAD_AXIS_108,STAD,Dasycarpamin,BACE1,RELA,Fibroblast_CAF,True,0.5375,False,,0,no_hit,True,0.6493266574585635,6,tf_or_regulator_class,True,0.5131893382352941,2,tf_or_regulator_class,0.4250039989234644,0.5666719985646193,3,0.75,HPA;PRISM;CTRP,available_source_mean,0.14166799964115484
STAD_AXIS_113,STAD,Tetramethoxyluteolin,BACE1,RELA,Fibroblast_CAF,True,0.5375,False,,0,no_hit,True,0.6493266574585635,6,tf_or_regulator_class,True,0.5131893382352941,2,tf_or_regulator_class,0.4250039989234644,0.5666719985646193,3,0.75,HPA;PRISM;CTRP,available_source_mean,0.14166799964115484
STAD_AXIS_109,STAD,Dihydrocorynantheine,BACE1,RELA,Fibroblast_CAF,True,0.5375,False,,0,no_hit,True,0.6493266574585635,6,tf_or_regulator_class,True,0.5131893382352941,2,tf_or_regulator_class,0.4250039989234644,0.5666719985646193,3,0.75,HPA;PRISM;CTRP,available_source_mean,0.14166799964115484
STAD_AXIS_107,STAD,Futokadsurin C,BACE1,RELA,Fibroblast_CAF,True,0.5375,False,,0,no_hit,True,0.6493266574585635,6,tf_or_regulator_class,True,0.5131893382352941,2,tf_or_regulator_class,0.4250039989234644,0.5666719985646193,3,0.75,HPA;PRISM;CTRP,available_source_mean,0.14166799964115484
STAD_AXIS_102,STAD,Goshuyuamide I,BACE1,RELA,Fibroblast_CAF,True,0.5375,False,,0,no_hit,True,0.6493266574585635,6,tf_or_regulator_class,True,0.5131893382352941,2,tf_or_regulator_class,0.4250039989234644,0.5666719985646193,3,0.75,HPA;PRISM;CTRP,available_source_mean,0.14166799964115484
STAD_AXIS_101,STAD,Euchrenone,BACE1,RELA,Fibroblast_CAF,True,0.5375,False,,0,no_hit,True,0.6493266574585635,6,tf_or_regulator_class,True,0.5131893382352941,2,tf_or_regulator_class,0.4250039989234644,0.5666719985646193,3,0.75,HPA;PRISM;CTRP,available_source_mean,0.14166799964115484
STAD_AXIS_103,STAD,"5-hydroxy-7-methoxy-2-(3,4,5-trimethoxyphenyl)chromone",BACE1,RELA,Fibroblast_CAF,True,0.5375,False,,0,no_hit,True,0.6493266574585635,6,tf_or_regulator_class,True,0.5131893382352941,2,tf_or_regulator_class,0.4250039989234644,0.5666719985646193,3,0.75,HPA;PRISM;CTRP,available_source_mean,0.14166799964115484
STAD_AXIS_112,STAD,Kadsurenone,BACE1,RELA,Fibroblast_CAF,True,0.5375,False,,0,no_hit,True,0.6493266574585635,6,tf_or_regulator_class,True,0.5131893382352941,2,tf_or_regulator_class,0.4250039989234644,0.5666719985646193,3,0.75,HPA;PRISM;CTRP,available_source_mean,0.14166799964115484
STAD_AXIS_106,STAD,N-(2-Methylaminobenzoyl)Tryptamine,BACE1,RELA,Fibroblast_CAF,True,0.5375,False,,0,no_hit,True,0.6493266574585635,6,tf_or_regulator_class,True,0.5131893382352941,2,tf_or_regulator_class,0.4250039989234644,0.5666719985646193,3,0.75,HPA;PRISM;CTRP,available_source_mean,0.14166799964115484
STAD_AXIS_104,STAD,8-o-methylreyusi,BACE1,RELA,Fibroblast_CAF,True,0.5375,False,,0,no_hit,True,0.6493266574585635,6,tf_or_regulator_class,True,0.5131893382352941,2,tf_or_regulator_class,0.4250039989234644,0.5666719985646193,3,0.75,HPA;PRISM;CTRP,available_source_mean,0.14166799964115484
STAD_AXIS_105,STAD,16-epi-Isositsirikine,BACE1,RELA,Fibroblast_CAF,True,0.5375,False,,0,no_hit,True,0.6493266574585635,6,tf_or_regulator_class,True,0.5131893382352941,2,tf_or_regulator_class,0.4250039989234644,0.5666719985646193,3,0.75,HPA;PRISM;CTRP,available_source_mean,0.14166799964115484
STAD_AXIS_141,STAD,Luteolin,MMP9,RELA,Fibroblast_CAF,True,0.5375,False,,0,no_hit,True,0.6824067679558011,10,target_class,True,0.61953125,3,target_class,0.4598595044889503,0.613146005985267,3,0.75,HPA;PRISM;CTRP,available_source_mean,0.15328650149631673
STAD_AXIS_198,STAD,Citromitin,HSP90AB1,HOPX,Fibroblast_CAF,True,0.5375,False,,0,no_hit,True,0.8133114640883978,1,target_class,False,,0,no_hit,0.3377028660220994,0.6754057320441988,2,0.5,HPA;PRISM,available_source_mean,0.3377028660220994
STAD_AXIS_197,STAD,Negletein,HSP90AB1,HOPX,Fibroblast_CAF,True,0.5375,False,,0,no_hit,True,0.8133114640883978,1,target_class,False,,0,no_hit,0.3377028660220994,0.6754057320441988,2,0.5,HPA;PRISM,available_source_mean,0.3377028660220994
STAD_AXIS_200,STAD,"5,2'-Dihydroxy-6,7,8-trimethoxyflavone",HSP90AB1,HOPX,Fibroblast_CAF,True,0.5375,False,,0,no_hit,True,0.8133114640883978,1,target_class,False,,0,no_hit,0.3377028660220994,0.6754057320441988,2,0.5,HPA;PRISM,available_source_mean,0.3377028660220994
STAD_AXIS_116,STAD,Kaempferol,AHR,NR3C1,Fibroblast_CAF,True,0.5375,False,,0,no_hit,True,0.7182147790055249,16,target_class,True,0.46015625,3,target_class,0.4289677572513812,0.5719570096685083,3,0.75,HPA;PRISM;CTRP,available_source_mean,0.14298925241712707
STAD_AXIS_194,STAD,Lucidumoside D,HSP90AB1,HOPX,Fibroblast_CAF,True,0.5375,False,,0,no_hit,True,0.8133114640883978,1,target_class,False,,0,no_hit,0.3377028660220994,0.6754057320441988,2,0.5,HPA;PRISM,available_source_mean,0.3377028660220994
STAD_AXIS_199,STAD,Isoxanthohumol,HSP90AB1,HOPX,Fibroblast_CAF,True,0.5375,False,,0,no_hit,True,0.8133114640883978,1,target_class,False,,0,no_hit,0.3377028660220994,0.6754057320441988,2,0.5,HPA;PRISM,available_source_mean,0.3377028660220994
STAD_AXIS_196,STAD,Palmatine,HSP90AB1,HOPX,Fibroblast_CAF,True,0.5375,False,,0,no_hit,True,0.8133114640883978,2,target_class,False,,0,no_hit,0.3377028660220994,0.6754057320441988,2,0.5,HPA;PRISM,available_source_mean,0.3377028660220994
STAD_AXIS_195,STAD,prolithospermic acid,HSP90AB1,HOPX,Fibroblast_CAF,True,0.5375,False,,0,no_hit,True,0.8133114640883978,1,target_class,False,,0,no_hit,0.3377028660220994,0.6754057320441988,2,0.5,HPA;PRISM,available_source_mean,0.3377028660220994
STAD_AXIS_192,STAD,Quercetin,ALOX5,NFKB1,Fibroblast_CAF,True,0.5375,False,,0,no_hit,True,0.2738432320441989,6,target_class,True,0.1636948529411764,1,tf_or_regulator_class,0.2437595212463438,0.3250126949951251,3,0.75,HPA;PRISM;CTRP,available_source_mean,0.08125317374878127
STAD_AXIS_183,STAD,Kaempferol,ALOX5,RORA,Fibroblast_CAF,True,0.5375,False,,0,no_hit,True,0.2738432320441989,5,target_class,True,0.0931985294117647,1,tf_or_regulator_class,0.2261354403639909,0.30151392048532116,3,0.75,HPA;PRISM;CTRP,available_source_mean,0.07537848012133025
STAD_AXIS_191,STAD,Eriodyctiol (flavanone),HSP90AB1,HIF1A,Fibroblast_CAF,True,0.5375,False,,0,no_hit,True,0.8133114640883978,4,target_class,False,,0,no_hit,0.3377028660220994,0.6754057320441988,2,0.5,HPA;PRISM,available_source_mean,0.3377028660220994
STAD_AXIS_182,STAD,Stigmasterol,PLAU,RELA,Fibroblast_CAF,True,0.5375,False,,0,no_hit,True,0.6493266574585635,5,tf_or_regulator_class,True,0.5131893382352941,2,tf_or_regulator_class,0.4250039989234644,0.5666719985646193,3,0.75,HPA;PRISM;CTRP,available_source_mean,0.14166799964115484
STAD_AXIS_171,STAD,Stepholidine,DRD1,FOS,Fibroblast_CAF,True,0.45,False,,0,no_hit,True,0.4564053867403314,6,target_class,True,0.4664062499999999,1,target_class,0.3432029091850828,0.4576038789134438,3,0.75,HPA;PRISM;CTRP,available_source_mean,0.114400969728361
STAD_AXIS_147,STAD,Marmesinin,ACHE,SP1,T_NK_ILC,True,0.5375,False,,0,no_hit,True,0.3384150552486187,5,target_class,True,0.4765625,1,target_class,0.3381193888121547,0.45082585174953954,3,0.75,HPA;PRISM;CTRP,available_source_mean,0.11270646293738484
STAD_AXIS_144,STAD,Kaempferol,ACHE,SP1,T_NK_ILC,True,0.5375,False,,0,no_hit,True,0.3384150552486187,5,target_class,True,0.4765625,1,target_class,0.3381193888121547,0.45082585174953954,3,0.75,HPA;PRISM;CTRP,available_source_mean,0.11270646293738484
STAD_AXIS_169,STAD,Deltoin,ACHE,SP1,T_NK_ILC,True,0.5375,False,,0,no_hit,True,0.3384150552486187,5,target_class,True,0.4765625,1,target_class,0.3381193888121547,0.45082585174953954,3,0.75,HPA;PRISM;CTRP,available_source_mean,0.11270646293738484
STAD_AXIS_132,STAD,Tanshinone iia,ACHE,SP1,T_NK_ILC,True,0.5375,False,,0,no_hit,True,0.3384150552486187,6,target_class,True,0.4765625,1,target_class,0.3381193888121547,0.45082585174953954,3,0.75,HPA;PRISM;CTRP,available_source_mean,0.11270646293738484
STAD_AXIS_168,STAD,Dihydrosanguinarine,ACHE,SP1,T_NK_ILC,True,0.5375,False,,0,no_hit,True,0.3384150552486187,5,target_class,True,0.4765625,1,target_class,0.3381193888121547,0.45082585174953954,3,0.75,HPA;PRISM;CTRP,available_source_mean,0.11270646293738484
STAD_AXIS_143,STAD,Corydalmine,ACHE,SP1,T_NK_ILC,True,0.5375,False,,0,no_hit,True,0.3384150552486187,5,target_class,True,0.4765625,1,target_class,0.3381193888121547,0.45082585174953954,3,0.75,HPA;PRISM;CTRP,available_source_mean,0.11270646293738484
STAD_AXIS_170,STAD,Pectolinarigenin,ACHE,SP1,T_NK_ILC,True,0.5375,False,,0,no_hit,True,0.3384150552486187,5,target_class,True,0.4765625,1,target_class,0.3381193888121547,0.45082585174953954,3,0.75,HPA;PRISM;CTRP,available_source_mean,0.11270646293738484
STAD_AXIS_145,STAD,"methyl (E)-2-[(2S,3Z,12bS)-3-ethylidene-2,4,6,7,12,12b-hexahydro-1H-indolo[3,2-h]quinolizin-2-yl]-3-methoxyprop-2-enoate",ACHE,SP1,T_NK_ILC,True,0.5375,False,,0,no_hit,True,0.3384150552486187,5,target_class,True,0.4765625,1,target_class,0.3381193888121547,0.45082585174953954,3,0.75,HPA;PRISM;CTRP,available_source_mean,0.11270646293738484
STAD_AXIS_142,STAD,Angustidine,ACHE,SP1,T_NK_ILC,True,0.5375,False,,0,no_hit,True,0.3384150552486187,5,target_class,True,0.4765625,1,target_class,0.3381193888121547,0.45082585174953954,3,0.75,HPA;PRISM;CTRP,available_source_mean,0.11270646293738484
STAD_AXIS_146,STAD,Decursin,ACHE,SP1,T_NK_ILC,True,0.5375,False,,0,no_hit,True,0.3384150552486187,5,target_class,True,0.4765625,1,target_class,0.3381193888121547,0.45082585174953954,3,0.75,HPA;PRISM;CTRP,available_source_mean,0.11270646293738484
STAD_AXIS_126,STAD,3-hydroxy-4-methoxy-acetophenone,PLAU,RELA,Fibroblast_CAF,True,0.5375,False,,0,no_hit,True,0.6493266574585635,5,tf_or_regulator_class,True,0.5131893382352941,2,tf_or_regulator_class,0.4250039989234644,0.5666719985646193,3,0.75,HPA;PRISM;CTRP,available_source_mean,0.14166799964115484
STAD_AXIS_138,STAD,"3',4',7-trihydroxyflavanone",PLAU,RELA,Fibroblast_CAF,True,0.5375,False,,0,no_hit,True,0.6493266574585635,5,tf_or_regulator_class,True,0.5131893382352941,2,tf_or_regulator_class,0.4250039989234644,0.5666719985646193,3,0.75,HPA;PRISM;CTRP,available_source_mean,0.14166799964115484
STAD_AXIS_123,STAD,Podocarpusflavone A,BACE1,RELA,Fibroblast_CAF,True,0.5375,False,,0,no_hit,True,0.6493266574585635,6,tf_or_regulator_class,True,0.5131893382352941,2,tf_or_regulator_class,0.4250039989234644,0.5666719985646193,3,0.75,HPA;PRISM;CTRP,available_source_mean,0.14166799964115484
STAD_AXIS_121,STAD,Luteolin,BACE1,RELA,Fibroblast_CAF,True,0.5375,False,,0,no_hit,True,0.6493266574585635,6,tf_or_regulator_class,True,0.5131893382352941,2,tf_or_regulator_class,0.4250039989234644,0.5666719985646193,3,0.75,HPA;PRISM;CTRP,available_source_mean,0.14166799964115484
STAD_AXIS_122,STAD,Bergaptin,BACE1,RELA,Fibroblast_CAF,True,0.5375,False,,0,no_hit,True,0.6493266574585635,6,tf_or_regulator_class,True,0.5131893382352941,2,tf_or_regulator_class,0.4250039989234644,0.5666719985646193,3,0.75,HPA;PRISM;CTRP,available_source_mean,0.14166799964115484
STAD_AXIS_133,STAD,Myricetin,BACE1,RELA,Fibroblast_CAF,True,0.5375,False,,0,no_hit,True,0.6571132596685083,7,direct_compound,True,0.5131893382352941,3,tf_or_regulator_class,0.4269506494759506,0.5692675326346008,3,0.75,HPA;PRISM;CTRP,available_source_mean,0.1423168831586502
STAD_AXIS_134,STAD,Curcumin,BACE1,RELA,Fibroblast_CAF,True,0.5375,False,,0,no_hit,True,0.7234116022099448,7,direct_compound,True,0.7288602941176471,3,direct_compound,0.4974429740818979,0.6632572987758639,3,0.75,HPA;PRISM;CTRP,available_source_mean,0.165814324693966
STAD_AXIS_117,STAD,Quercetin,MMP9,AHR,Fibroblast_CAF,True,0.5375,False,,0,no_hit,True,0.6824067679558011,9,target_class,True,0.61953125,3,target_class,0.4598595044889503,0.613146005985267,3,0.75,HPA;PRISM;CTRP,available_source_mean,0.15328650149631673
STAD_AXIS_179,STAD,Apigenin,BACE1,RELA,Fibroblast_CAF,True,0.5375,False,,0,no_hit,True,0.6493266574585635,6,tf_or_regulator_class,True,0.5131893382352941,2,tf_or_regulator_class,0.4250039989234644,0.5666719985646193,3,0.75,HPA;PRISM;CTRP,available_source_mean,0.14166799964115484
STAD_AXIS_181,STAD,Eugeniin,BACE1,RELA,Fibroblast_CAF,True,0.5375,False,,0,no_hit,True,0.6493266574585635,6,tf_or_regulator_class,True,0.5131893382352941,2,tf_or_regulator_class,0.4250039989234644,0.5666719985646193,3,0.75,HPA;PRISM;CTRP,available_source_mean,0.14166799964115484
STAD_AXIS_180,STAD,Catechin,BACE1,RELA,Fibroblast_CAF,True,0.5375,False,,0,no_hit,True,0.6493266574585635,6,tf_or_regulator_class,True,0.5131893382352941,3,tf_or_regulator_class,0.4250039989234644,0.5666719985646193,3,0.75,HPA;PRISM;CTRP,available_source_mean,0.14166799964115484
STAD_AXIS_137,STAD,"3',4',7-trihydroxyflavanone",PLAU,GTF3A,Fibroblast_CAF,True,0.5375,False,,0,no_hit,False,,0,no_hit,False,,0,no_hit,0.134375,0.5375,1,0.25,HPA,available_source_mean,0.40312499999999996
STAD_AXIS_187,STAD,Quercetin,PLAU,EGR1,Fibroblast_CAF,True,0.5375,False,,0,no_hit,False,,0,no_hit,False,,0,no_hit,0.134375,0.5375,1,0.25,HPA,available_source_mean,0.40312499999999996
STAD_AXIS_149,STAD,Quercetin,PLAU,JUND,Fibroblast_CAF,True,0.5375,False,,0,no_hit,False,,0,no_hit,False,,0,no_hit,0.134375,0.5375,1,0.25,HPA,available_source_mean,0.40312499999999996
STAD_AXIS_125,STAD,3-hydroxy-4-methoxy-acetophenone,PLAU,GTF3A,Fibroblast_CAF,True,0.5375,False,,0,no_hit,False,,0,no_hit,False,,0,no_hit,0.134375,0.5375,1,0.25,HPA,available_source_mean,0.40312499999999996
STAD_AXIS_188,STAD,Uosolic Acid,RELA,RELA,Fibroblast_CAF,True,0.5375,False,,0,no_hit,True,0.8491194751381215,10,target_class,True,0.67109375,4,target_class,0.5144283062845303,0.6859044083793737,3,0.75,HPA;PRISM;CTRP,available_source_mean,0.17147610209484343
STAD_AXIS_131,STAD,"Kampferol-3,4'-dimethyl ether",CYP1B1,AHR,Fibroblast_CAF,True,0.7775,False,,0,no_hit,True,0.5492230662983425,5,tf_or_regulator_class,True,0.3518841911764706,2,tf_or_regulator_class,0.4196518143687032,0.5595357524916044,3,0.75,HPA;PRISM;CTRP,available_source_mean,0.13988393812290117
STAD_AXIS_175,STAD,"methyl (E)-2-[(2S,3Z,12bS)-3-ethylidene-2,4,6,7,12,12b-hexahydro-1H-indolo[3,2-h]quinolizin-2-yl]-3-methoxyprop-2-enoate",ACHE,JUN,T_NK_ILC,True,0.5375,False,,0,no_hit,True,0.6407976519337016,7,tf_or_regulator_class,True,0.4765625,1,target_class,0.4137150379834254,0.5516200506445672,3,0.75,HPA;PRISM;CTRP,available_source_mean,0.1379050126611418
STAD_AXIS_130,STAD,Karanjin,CYP1B1,AHR,Fibroblast_CAF,True,0.7775,False,,0,no_hit,True,0.5492230662983425,5,tf_or_regulator_class,True,0.3518841911764706,2,tf_or_regulator_class,0.4196518143687032,0.5595357524916044,3,0.75,HPA;PRISM;CTRP,available_source_mean,0.13988393812290117
STAD_AXIS_128,STAD,Flavonol,CYP1B1,AHR,Fibroblast_CAF,True,0.7775,False,,0,no_hit,True,0.5492230662983425,5,tf_or_regulator_class,True,0.3518841911764706,2,tf_or_regulator_class,0.4196518143687032,0.5595357524916044,3,0.75,HPA;PRISM;CTRP,available_source_mean,0.13988393812290117
STAD_AXIS_129,STAD,Tamarixetin,CYP1B1,AHR,Fibroblast_CAF,True,0.7775,False,,0,no_hit,True,0.5492230662983425,5,tf_or_regulator_class,True,0.3518841911764706,2,tf_or_regulator_class,0.4196518143687032,0.5595357524916044,3,0.75,HPA;PRISM;CTRP,available_source_mean,0.13988393812290117
STAD_AXIS_186,STAD,Deltoin,ACHE,JUN,T_NK_ILC,True,0.5375,False,,0,no_hit,True,0.6407976519337016,7,tf_or_regulator_class,True,0.4765625,1,target_class,0.4137150379834254,0.5516200506445672,3,0.75,HPA;PRISM;CTRP,available_source_mean,0.1379050126611418
STAD_AXIS_185,STAD,Dihydrosanguinarine,ACHE,JUN,T_NK_ILC,True,0.5375,False,,0,no_hit,True,0.6407976519337016,7,tf_or_regulator_class,True,0.4765625,1,target_class,0.4137150379834254,0.5516200506445672,3,0.75,HPA;PRISM;CTRP,available_source_mean,0.1379050126611418
STAD_AXIS_184,STAD,Pectolinarigenin,ACHE,JUN,T_NK_ILC,True,0.5375,False,,0,no_hit,True,0.6407976519337016,7,tf_or_regulator_class,True,0.4765625,1,target_class,0.4137150379834254,0.5516200506445672,3,0.75,HPA;PRISM;CTRP,available_source_mean,0.1379050126611418
STAD_AXIS_174,STAD,Marmesinin,ACHE,JUN,T_NK_ILC,True,0.5375,False,,0,no_hit,True,0.6407976519337016,7,tf_or_regulator_class,True,0.4765625,1,target_class,0.4137150379834254,0.5516200506445672,3,0.75,HPA;PRISM;CTRP,available_source_mean,0.1379050126611418
STAD_AXIS_173,STAD,Corydalmine,ACHE,JUN,T_NK_ILC,True,0.5375,False,,0,no_hit,True,0.6407976519337016,7,tf_or_regulator_class,True,0.4765625,1,target_class,0.4137150379834254,0.5516200506445672,3,0.75,HPA;PRISM;CTRP,available_source_mean,0.1379050126611418
STAD_AXIS_177,STAD,Angustidine,ACHE,JUN,T_NK_ILC,True,0.5375,False,,0,no_hit,True,0.6407976519337016,7,tf_or_regulator_class,True,0.4765625,1,target_class,0.4137150379834254,0.5516200506445672,3,0.75,HPA;PRISM;CTRP,available_source_mean,0.1379050126611418
STAD_AXIS_178,STAD,Kaempferol,ACHE,JUN,T_NK_ILC,True,0.5375,False,,0,no_hit,True,0.6407976519337016,7,tf_or_regulator_class,True,0.4765625,1,target_class,0.4137150379834254,0.5516200506445672,3,0.75,HPA;PRISM;CTRP,available_source_mean,0.1379050126611418
STAD_AXIS_176,STAD,Decursin,ACHE,JUN,T_NK_ILC,True,0.5375,False,,0,no_hit,True,0.6407976519337016,7,tf_or_regulator_class,True,0.4765625,1,target_class,0.4137150379834254,0.5516200506445672,3,0.75,HPA;PRISM;CTRP,available_source_mean,0.1379050126611418
STAD_AXIS_127,STAD,Kaempferol,AHR,NR1H3,Myeloid,True,0.5375,False,,0,no_hit,True,0.7182147790055249,5,target_class,True,0.46015625,2,target_class,0.4289677572513812,0.5719570096685083,3,0.75,HPA;PRISM;CTRP,available_source_mean,0.14298925241712707
STAD_AXIS_161,STAD,Alizarin,CYP1B1,AHR,Fibroblast_CAF,True,0.7775,False,,0,no_hit,True,0.5492230662983425,5,tf_or_regulator_class,True,0.3518841911764706,2,tf_or_regulator_class,0.4196518143687032,0.5595357524916044,3,0.75,HPA;PRISM;CTRP,available_source_mean,0.13988393812290117
STAD_AXIS_162,STAD,Flavone,CYP1B1,AHR,Fibroblast_CAF,True,0.7775,False,,0,no_hit,True,0.5492230662983425,5,tf_or_regulator_class,True,0.3518841911764706,2,tf_or_regulator_class,0.4196518143687032,0.5595357524916044,3,0.75,HPA;PRISM;CTRP,available_source_mean,0.13988393812290117
STAD_AXIS_158,STAD,Purpurin,CYP1B1,AHR,Fibroblast_CAF,True,0.7775,False,,0,no_hit,True,0.5492230662983425,5,tf_or_regulator_class,True,0.3518841911764706,2,tf_or_regulator_class,0.4196518143687032,0.5595357524916044,3,0.75,HPA;PRISM;CTRP,available_source_mean,0.13988393812290117
STAD_AXIS_152,STAD,Ammidin,CYP1B1,AHR,Fibroblast_CAF,True,0.7775,False,,0,no_hit,True,0.5492230662983425,5,tf_or_regulator_class,True,0.3518841911764706,2,tf_or_regulator_class,0.4196518143687032,0.5595357524916044,3,0.75,HPA;PRISM;CTRP,available_source_mean,0.13988393812290117
STAD_AXIS_157,STAD,7-hydroxy flavone,CYP1B1,AHR,Fibroblast_CAF,True,0.7775,False,,0,no_hit,True,0.5492230662983425,5,tf_or_regulator_class,True,0.3518841911764706,2,tf_or_regulator_class,0.4196518143687032,0.5595357524916044,3,0.75,HPA;PRISM;CTRP,available_source_mean,0.13988393812290117
STAD_AXIS_159,STAD,Cirsiliol,CYP1B1,AHR,Fibroblast_CAF,True,0.7775,False,,0,no_hit,True,0.5492230662983425,5,tf_or_regulator_class,True,0.3518841911764706,2,tf_or_regulator_class,0.4196518143687032,0.5595357524916044,3,0.75,HPA;PRISM;CTRP,available_source_mean,0.13988393812290117
STAD_AXIS_160,STAD,"Trans-3,5-dihydroxy-5-methoxy-stilbene",CYP1B1,AHR,Fibroblast_CAF,True,0.7775,False,,0,no_hit,True,0.5492230662983425,5,tf_or_regulator_class,True,0.3518841911764706,2,tf_or_regulator_class,0.4196518143687032,0.5595357524916044,3,0.75,HPA;PRISM;CTRP,available_source_mean,0.13988393812290117
STAD_AXIS_154,STAD,Cannabinol,CYP1B1,AHR,Fibroblast_CAF,True,0.7775,False,,0,no_hit,True,0.5492230662983425,5,tf_or_regulator_class,True,0.3518841911764706,2,tf_or_regulator_class,0.4196518143687032,0.5595357524916044,3,0.75,HPA;PRISM;CTRP,available_source_mean,0.13988393812290117
STAD_AXIS_153,STAD,Chalkone,CYP1B1,AHR,Fibroblast_CAF,True,0.7775,False,,0,no_hit,True,0.5492230662983425,5,tf_or_regulator_class,True,0.3518841911764706,2,tf_or_regulator_class,0.4196518143687032,0.5595357524916044,3,0.75,HPA;PRISM;CTRP,available_source_mean,0.13988393812290117
STAD_AXIS_155,STAD,Evodiamine,CYP1B1,AHR,Fibroblast_CAF,True,0.7775,False,,0,no_hit,True,0.7144337016574586,6,direct_compound,True,0.6829044117647058,3,direct_compound,0.5437095283555411,0.7249460378073881,3,0.75,HPA;PRISM;CTRP,available_source_mean,0.181236509451847
STAD_AXIS_156,STAD,Pterostilbene,CYP1B1,AHR,Fibroblast_CAF,True,0.7775,False,,0,no_hit,True,0.5492230662983425,6,tf_or_regulator_class,True,0.3518841911764706,2,tf_or_regulator_class,0.4196518143687032,0.5595357524916044,3,0.75,HPA;PRISM;CTRP,available_source_mean,0.13988393812290117
STAD_AXIS_151,STAD,5-hydroxyflavone,CYP1B1,AHR,Fibroblast_CAF,True,0.7775,False,,0,no_hit,True,0.5492230662983425,5,tf_or_regulator_class,True,0.3518841911764706,2,tf_or_regulator_class,0.4196518143687032,0.5595357524916044,3,0.75,HPA;PRISM;CTRP,available_source_mean,0.13988393812290117
STAD_AXIS_166,STAD,Hesperetin,CYP1B1,AHR,Fibroblast_CAF,True,0.7775,False,,0,no_hit,True,0.5492230662983425,5,tf_or_regulator_class,True,0.3518841911764706,2,tf_or_regulator_class,0.4196518143687032,0.5595357524916044,3,0.75,HPA;PRISM;CTRP,available_source_mean,0.13988393812290117
STAD_AXIS_165,STAD,Baicalein,CYP1B1,AHR,Fibroblast_CAF,True,0.7775,False,,0,no_hit,True,0.5492230662983425,6,tf_or_regulator_class,True,0.3518841911764706,2,tf_or_regulator_class,0.4196518143687032,0.5595357524916044,3,0.75,HPA;PRISM;CTRP,available_source_mean,0.13988393812290117
STAD_AXIS_164,STAD,Dehydroevidiamine,CYP1B1,AHR,Fibroblast_CAF,True,0.7775,False,,0,no_hit,True,0.5492230662983425,5,tf_or_regulator_class,True,0.3518841911764706,2,tf_or_regulator_class,0.4196518143687032,0.5595357524916044,3,0.75,HPA;PRISM;CTRP,available_source_mean,0.13988393812290117
STAD_AXIS_163,STAD,Scutellarein,CYP1B1,AHR,Fibroblast_CAF,True,0.7775,False,,0,no_hit,True,0.5492230662983425,5,tf_or_regulator_class,True,0.3518841911764706,2,tf_or_regulator_class,0.4196518143687032,0.5595357524916044,3,0.75,HPA;PRISM;CTRP,available_source_mean,0.13988393812290117
STAD_AXIS_167,STAD,Pongapin,CYP1B1,AHR,Fibroblast_CAF,True,0.7775,False,,0,no_hit,True,0.5492230662983425,5,tf_or_regulator_class,True,0.3518841911764706,2,tf_or_regulator_class,0.4196518143687032,0.5595357524916044,3,0.75,HPA;PRISM;CTRP,available_source_mean,0.13988393812290117
STAD_AXIS_172,STAD,Quercetin,CYP1B1,SP1,Fibroblast_CAF,True,0.7775,False,,0,no_hit,True,0.476363950276243,1,target_class,False,,0,no_hit,0.3134659875690607,0.6269319751381215,2,0.5,HPA;PRISM,available_source_mean,0.3134659875690608
STAD_AXIS_140,STAD,Physovenine,ACHE,FOS,T_NK_ILC,True,0.5375,False,,0,no_hit,True,0.3384150552486187,5,target_class,True,0.4765625,1,target_class,0.3381193888121547,0.45082585174953954,3,0.75,HPA;PRISM;CTRP,available_source_mean,0.11270646293738484
STAD_AXIS_136,STAD,Kaempferol,CYP1B1,AHR,Myeloid,True,0.7775,False,,0,no_hit,True,0.5492230662983425,5,tf_or_regulator_class,True,0.3518841911764706,2,tf_or_regulator_class,0.4196518143687032,0.5595357524916044,3,0.75,HPA;PRISM;CTRP,available_source_mean,0.13988393812290117
STAD_AXIS_193,STAD,Beta-naphthoflavone,AHR,AHR,Fibroblast_CAF,True,0.5375,False,,0,no_hit,True,0.7182147790055249,8,target_class,True,0.46015625,4,target_class,0.4289677572513812,0.5719570096685083,3,0.75,HPA;PRISM;CTRP,available_source_mean,0.14298925241712707
STAD_AXIS_139,STAD,Quercetin,PLAU,FOXM1,Fibroblast_CAF,True,0.5375,False,,0,no_hit,True,0.3184910220994475,1,tf_or_regulator_class,False,,0,no_hit,0.2139977555248619,0.4279955110497238,2,0.5,HPA;PRISM,available_source_mean,0.2139977555248619
STAD_AXIS_118,STAD,Indirubin,AHR,AHR,Myeloid,True,0.5375,False,,0,no_hit,True,0.7182147790055249,9,target_class,True,0.46015625,4,target_class,0.4289677572513812,0.5719570096685083,3,0.75,HPA;PRISM;CTRP,available_source_mean,0.14298925241712707
STAD_AXIS_120,STAD,Baicalein,ALOX12,FOS,T_NK_ILC,True,0.5375,False,,0,no_hit,True,0.0797651933701657,1,direct_compound,False,,0,no_hit,0.1543162983425414,0.30863259668508286,2,0.5,HPA;PRISM,available_source_mean,0.15431629834254146
STAD_AXIS_190,STAD,Ellipticine,CYP1A1,AHR,Fibroblast_CAF,True,0.6625,False,,0,no_hit,True,0.5492230662983425,5,tf_or_regulator_class,True,0.3518841911764706,2,tf_or_regulator_class,0.3909018143687033,0.521202419158271,3,0.75,HPA;PRISM;CTRP,available_source_mean,0.13030060478956773
STAD_AXIS_135,STAD,Quercetin,CYP1B1,TBP,T_NK_ILC,True,0.7775,False,,0,no_hit,True,0.476363950276243,1,target_class,False,,0,no_hit,0.3134659875690607,0.6269319751381215,2,0.5,HPA;PRISM,available_source_mean,0.3134659875690608
