final_manuscript_role,freeze_rank_within_cancer,score_rank_within_cancer,spatial_recurrence_forced_into_main,cancer,frozen_axis_id,candidate_axis_id,compound_representative_name,target_gene_symbol,tf_gene_symbol,regulon_target_gene_symbol,dominant_spatial_celltype,axis_display_label,main_axis_freeze_score,integrated_axis_score_with_ppi_msi,predicted_soft_score,prob_high_positive,integrated_spatial_recurrence_score,three_sample_class,median_fixed_abs_spearman,rctd_spotlight_consistency_score,same_cancer_clinical_prognosis_score,drug_evidence_score,single_cell_regulatory_score,ppi_msi_local_support_score,lincs_cmap_combined_support_score,depmap_axis_support_score,non_broad_cancer_sensitivity_score,cancer_context_specificity_score,evidence_layer_count_ge_0_60,integrated_evidence_tier,publication_use_role,bindingdb_support_level,bindingdb_n_rows,pubmed_n_pmids,drug_evidence_class,clinical_prognosis_support_class,rctd_spotlight_consistency_class,ppi_msi_local_support_tier,sample_ids,candidate_genes_tested,reason_for_main_text
main_text_core_axis,1,1,False,COAD,COAD_AXIS_034,COAD_CV034,Quercetin,CDK1,MYB,CDK1,Myeloid,Quercetin | CDK1/MYB,0.7309834653031083,0.8391144570908674,0.7593769133333333,0.9999583873333333,0.8580516639554029,,,0.7333326297500089,1.0,0.7853194478953663,0.6123153408061816,0.8154009307104897,0.0,0.0,0.0,0.9999983243607252,5,IS1_publication_core_axis,main_text_flagship_axis,strong,3,3.0,D1_strong_binding_or_literature,C1_strong_same_cancer_prognosis,R1_strong_RCTD_SPOTlight_concordance,PPI1_strong_support,COAD_GSM8594567_P1CRC;COAD_GSM8594568_P2CRC;COAD_GSM8594569_P5CRC,CDK1;MYB,Top integrated/HGNN/spatial-clinical evidence axis within cancer
main_text_core_axis,2,2,False,COAD,COAD_AXIS_022,COAD_CV022,Allopseudococain,SLC6A4,ATF4,SLC6A4,Myeloid,Allopseudococain | SLC6A4/ATF4,0.7095915560276678,0.829032548306303,0.7826519946666667,0.9996984553333333,0.7931617774762313,,,0.7333326297500089,0.849528600798618,0.9370378851683692,0.8306203735741209,0.6946818721728618,0.0,0.0,0.0,0.9999994752763256,5,IS1_publication_core_axis,main_text_flagship_axis,strong,15,9.0,D1_strong_binding_or_literature,C1_strong_same_cancer_prognosis,R1_strong_RCTD_SPOTlight_concordance,PPI1_strong_support,COAD_GSM8594567_P1CRC;COAD_GSM8594568_P2CRC;COAD_GSM8594569_P5CRC,SLC6A4;ATF4,Top integrated/HGNN/spatial-clinical evidence axis within cancer
main_text_core_axis,3,3,False,COAD,COAD_AXIS_089,COAD_CV089,Ibogain,SLC6A4,ATF4,SLC6A4,Myeloid,Ibogain | SLC6A4/ATF4,0.6863369988406245,0.7999112302559706,0.7813467953333333,0.9999169093333333,0.7931617774762313,,,0.7333326297500089,0.849528600798618,0.7281597239476832,0.8306203735741209,0.6958983916939223,0.0,0.0,0.0,0.99999901808395,5,IS1_publication_core_axis,main_text_flagship_axis,strong,1,1.0,D1_strong_binding_or_literature,C1_strong_same_cancer_prognosis,R1_strong_RCTD_SPOTlight_concordance,PPI1_strong_support,COAD_GSM8594567_P1CRC;COAD_GSM8594568_P2CRC;COAD_GSM8594569_P5CRC,SLC6A4;ATF4,Top integrated/HGNN/spatial-clinical evidence axis within cancer
main_text_core_axis,4,4,False,COAD,COAD_AXIS_029,COAD_CV029,Physovenine,ACHE,TBP,ACHE,Myeloid,Physovenine | ACHE/TBP,0.6699639930467307,0.7809782385803586,0.781257344,0.999907706,0.661941630426899,,,0.7333326297500089,0.7977108356218675,0.7809597239476832,0.8585072589614885,0.7652596802173068,0.0,0.0,0.0,0.9999996125969848,5,IS1_publication_core_axis,main_text_flagship_axis,very_strong,1,1.0,D1_strong_binding_or_literature,C1_strong_same_cancer_prognosis,R1_strong_RCTD_SPOTlight_concordance,PPI1_strong_support,COAD_GSM8594567_P1CRC;COAD_GSM8594568_P2CRC;COAD_GSM8594569_P5CRC,ACHE;TBP,Top integrated/HGNN/spatial-clinical evidence axis within cancer
main_text_core_axis,5,5,False,COAD,COAD_AXIS_037,COAD_CV037,Stepholidine,DRD1,HR,DRD1,Myeloid,Stepholidine | DRD1/HR,0.6643814912807277,0.7815901897373574,0.768080644,0.9998769106666666,1.0,,,0.7333326297500089,0.4533182575348581,0.9536791718430496,0.8643538625442575,0.5602249823360164,0.0,0.0,0.0,0.999998737807418,3,IS2_high_priority_validation_axis,main_figure_candidate_panel,very_strong,9,7.0,D1_strong_binding_or_literature,C2_moderate_same_cancer_prognosis,R1_strong_RCTD_SPOTlight_concordance,PPI2_moderate_support,COAD_GSM8594567_P1CRC;COAD_GSM8594568_P2CRC;COAD_GSM8594569_P5CRC,DRD1;HR,Top integrated/HGNN/spatial-clinical evidence axis within cancer
main_text_core_axis,6,6,False,COAD,COAD_AXIS_018,COAD_CV018,Physovenine,ACHE,MYC,ACHE,Myeloid,Physovenine | ACHE/MYC,0.6609398292326683,0.7590011958690785,0.7591908980000001,0.9999529833333334,0.9466317380585186,,,0.7333326297500089,0.4454757715236179,0.7809597239476832,0.7411888480469154,0.8638614381974908,0.0,0.0,0.0,0.9999993141599244,4,IS2_high_priority_validation_axis,supplementary_top50_axis,very_strong,1,1.0,D1_strong_binding_or_literature,C3_weak_or_cross_cancer_prognosis,R1_strong_RCTD_SPOTlight_concordance,PPI1_strong_support,COAD_GSM8594567_P1CRC;COAD_GSM8594568_P2CRC;COAD_GSM8594569_P5CRC,ACHE;MYC,Top integrated/HGNN/spatial-clinical evidence axis within cancer
main_text_core_axis,7,7,False,COAD,COAD_AXIS_001,COAD_CV001,Physovenine,ACHE,TFAP2A,ACHE,Myeloid,Physovenine | ACHE/TFAP2A,0.6597170142524549,0.7730871896382334,0.764976508,0.999918114,0.9903990119807774,,,0.7333326297500089,0.4454757715236179,0.7809597239476832,0.8607849956943785,0.7311712346962592,0.0,0.0,0.0,0.9999996744454338,4,IS2_high_priority_validation_axis,main_figure_candidate_panel,very_strong,1,1.0,D1_strong_binding_or_literature,C3_weak_or_cross_cancer_prognosis,R1_strong_RCTD_SPOTlight_concordance,PPI1_strong_support,COAD_GSM8594567_P1CRC;COAD_GSM8594568_P2CRC;COAD_GSM8594569_P5CRC,ACHE;TFAP2A,Top integrated/HGNN/spatial-clinical evidence axis within cancer
main_text_core_axis,8,8,False,COAD,COAD_AXIS_043,COAD_CV043,Quercetin,ACHE,TBP,ACHE,Myeloid,Quercetin | ACHE/TBP,0.6587183963137363,0.769271226599485,0.7707861906666668,0.9999518559999999,0.661941630426899,,,0.7333326297500089,0.7977108356218675,0.7003235364986989,0.8585072589614885,0.761080286451263,0.0,0.0,0.0,0.9999995065734611,5,IS2_high_priority_validation_axis,main_figure_candidate_panel,moderate,5,2.0,D2_external_database_supported,C1_strong_same_cancer_prognosis,R1_strong_RCTD_SPOTlight_concordance,PPI1_strong_support,COAD_GSM8594567_P1CRC;COAD_GSM8594568_P2CRC;COAD_GSM8594569_P5CRC,ACHE;TBP,Top integrated/HGNN/spatial-clinical evidence axis within cancer
supplementary_priority_axis,9,9,False,COAD,COAD_AXIS_050,COAD_CV050,Isocorypalmine,DRD1,HR,DRD1,Myeloid,Isocorypalmine | DRD1/HR,0.6567271902050733,0.7724807678062635,0.7652016693333333,0.999894928,1.0,,,0.7333326297500089,0.4533182575348581,0.8863194478953664,0.8643538625442575,0.5634345461485297,0.0,0.0,0.0,0.9999984551462552,3,IS2_high_priority_validation_axis,main_figure_candidate_panel,very_strong,3,3.0,D1_strong_binding_or_literature,C2_moderate_same_cancer_prognosis,R1_strong_RCTD_SPOTlight_concordance,PPI2_moderate_support,COAD_GSM8594567_P1CRC;COAD_GSM8594568_P2CRC;COAD_GSM8594569_P5CRC,DRD1;HR,Retained for supplementary completeness and sensitivity interpretation
supplementary_priority_axis,10,10,False,COAD,COAD_AXIS_049,COAD_CV049,Tanshinone iia,ACHE,TBP,ACHE,Myeloid,Tanshinone iia | ACHE/TBP,0.6566864382562551,0.7654112680099324,0.7761439546666666,0.9999558693333334,0.661941630426899,,,0.7333326297500089,0.7977108356218675,0.670923536498699,0.8585072589614885,0.7636407278540158,0.0,0.0,0.0,0.9999994610763312,5,IS2_high_priority_validation_axis,main_figure_candidate_panel,moderate,3,2.0,D2_external_database_supported,C1_strong_same_cancer_prognosis,R1_strong_RCTD_SPOTlight_concordance,PPI1_strong_support,COAD_GSM8594567_P1CRC;COAD_GSM8594568_P2CRC;COAD_GSM8594569_P5CRC,ACHE;TBP,Retained for supplementary completeness and sensitivity interpretation
supplementary_priority_axis,11,11,False,COAD,COAD_AXIS_061,COAD_CV061,Angustidine,ACHE,TBP,ACHE,Myeloid,Angustidine | ACHE/TBP,0.6536668489762618,0.7622162521603719,0.7733910826666667,0.9999592093333334,0.661941630426899,,,0.7333326297500089,0.7977108356218675,0.6479597239476832,0.8585072589614885,0.7638399299914077,0.0,0.0,0.0,0.9999994226403724,5,IS2_high_priority_validation_axis,supplementary_top50_axis,moderate,1,1.0,D2_external_database_supported,C1_strong_same_cancer_prognosis,R1_strong_RCTD_SPOTlight_concordance,PPI1_strong_support,COAD_GSM8594567_P1CRC;COAD_GSM8594568_P2CRC;COAD_GSM8594569_P5CRC,ACHE;TBP,Retained for supplementary completeness and sensitivity interpretation
supplementary_priority_axis,12,12,False,COAD,COAD_AXIS_064,COAD_CV064,"methyl (E)-2-[(2S,3Z,12bS)-3-ethylidene-2,4,6,7,12,12b-hexahydro-1H-indolo[3,2-h]quinolizin-2-yl]-3-methoxyprop-2-enoate",ACHE,TBP,ACHE,Myeloid,"methyl (E)-2-[(2S,3Z,... | ACHE/TBP",0.6536494338747445,0.762381685590257,0.772356876,0.9999508326666666,0.661941630426899,,,0.7333326297500089,0.7977108356218675,0.6479597239476832,0.8585072589614885,0.7654942642902589,0.0,0.0,0.0,0.9999994226403724,5,IS2_high_priority_validation_axis,supplementary_top50_axis,moderate,1,1.0,D2_external_database_supported,C1_strong_same_cancer_prognosis,R1_strong_RCTD_SPOTlight_concordance,PPI1_strong_support,COAD_GSM8594567_P1CRC;COAD_GSM8594568_P2CRC;COAD_GSM8594569_P5CRC,ACHE;TBP,Retained for supplementary completeness and sensitivity interpretation
supplementary_priority_axis,13,13,False,COAD,COAD_AXIS_065,COAD_CV065,Kaempferol,ACHE,TBP,ACHE,Myeloid,Kaempferol | ACHE/TBP,0.6535196407829076,0.7621600222845345,0.7728918953333334,0.9999567346666667,0.661941630426899,,,0.7333326297500089,0.7977108356218675,0.6479597239476832,0.8585072589614885,0.7632776312330333,0.0,0.0,0.0,0.9999994226403724,5,IS2_high_priority_validation_axis,supplementary_top50_axis,moderate,1,1.0,D2_external_database_supported,C1_strong_same_cancer_prognosis,R1_strong_RCTD_SPOTlight_concordance,PPI1_strong_support,COAD_GSM8594567_P1CRC;COAD_GSM8594568_P2CRC;COAD_GSM8594569_P5CRC,ACHE;TBP,Retained for supplementary completeness and sensitivity interpretation
supplementary_priority_axis,14,14,False,COAD,COAD_AXIS_060,COAD_CV060,Marmesinin,ACHE,TBP,ACHE,Myeloid,Marmesinin | ACHE/TBP,0.6534009029033518,0.7621559142457545,0.7722555193333334,0.9999566126666667,0.661941630426899,,,0.7333326297500089,0.7977108356218675,0.6479597239476832,0.8585072589614885,0.7632365508452329,0.0,0.0,0.0,0.9999994226403724,5,IS2_high_priority_validation_axis,supplementary_top50_axis,moderate,1,1.0,D2_external_database_supported,C1_strong_same_cancer_prognosis,R1_strong_RCTD_SPOTlight_concordance,PPI1_strong_support,COAD_GSM8594567_P1CRC;COAD_GSM8594568_P2CRC;COAD_GSM8594569_P5CRC,ACHE;TBP,Retained for supplementary completeness and sensitivity interpretation
supplementary_priority_axis,15,15,False,COAD,COAD_AXIS_063,COAD_CV063,Decursin,ACHE,TBP,ACHE,Myeloid,Decursin | ACHE/TBP,0.653153530735135,0.7621211772180909,0.7710780726666666,0.999954804,0.661941630426899,,,0.7333326297500089,0.7977108356218675,0.6479597239476832,0.8585072589614885,0.762889180568598,0.0,0.0,0.0,0.9999994226403724,5,IS2_high_priority_validation_axis,supplementary_top50_axis,moderate,1,1.0,D2_external_database_supported,C1_strong_same_cancer_prognosis,R1_strong_RCTD_SPOTlight_concordance,PPI1_strong_support,COAD_GSM8594567_P1CRC;COAD_GSM8594568_P2CRC;COAD_GSM8594569_P5CRC,ACHE;TBP,Retained for supplementary completeness and sensitivity interpretation
supplementary_priority_axis,16,16,False,COAD,COAD_AXIS_062,COAD_CV062,Corydalmine,ACHE,TBP,ACHE,Myeloid,Corydalmine | ACHE/TBP,0.6531171003691649,0.7620888252906692,0.7710590093333334,0.9999548199999999,0.661941630426899,,,0.7333326297500089,0.7977108356218675,0.6479597239476832,0.8585072589614885,0.7625656612943804,0.0,0.0,0.0,0.9999994226403724,5,IS2_high_priority_validation_axis,supplementary_top50_axis,moderate,1,1.0,D2_external_database_supported,C1_strong_same_cancer_prognosis,R1_strong_RCTD_SPOTlight_concordance,PPI1_strong_support,COAD_GSM8594567_P1CRC;COAD_GSM8594568_P2CRC;COAD_GSM8594569_P5CRC,ACHE;TBP,Retained for supplementary completeness and sensitivity interpretation
supplementary_priority_axis,17,17,False,COAD,COAD_AXIS_072,COAD_CV072,Deltoin,ACHE,TBP,ACHE,Myeloid,Deltoin | ACHE/TBP,0.6524445103106027,0.7606716582442781,0.7721927566666668,0.9999604713333333,0.661941630426899,,,0.7333326297500089,0.7977108356218675,0.6395597239476832,0.8553817928784714,0.7639045634399281,0.0,0.0,0.0,0.9999994004573072,5,IS2_high_priority_validation_axis,supplementary_top50_axis,moderate,1,1.0,D2_external_database_supported,C1_strong_same_cancer_prognosis,R1_strong_RCTD_SPOTlight_concordance,PPI1_strong_support,COAD_GSM8594567_P1CRC;COAD_GSM8594568_P2CRC;COAD_GSM8594569_P5CRC,ACHE;TBP,Retained for supplementary completeness and sensitivity interpretation
supplementary_priority_axis,18,18,False,COAD,COAD_AXIS_071,COAD_CV071,Dihydrosanguinarine,ACHE,TBP,ACHE,Myeloid,Dihydrosanguinarine | ACHE/TBP,0.6523860873240368,0.7607755550417625,0.771279436,0.9999578393333334,0.661941630426899,,,0.7333326297500089,0.7977108356218675,0.6395597239476832,0.8553817928784714,0.7649435314147723,0.0,0.0,0.0,0.9999994004573072,5,IS2_high_priority_validation_axis,supplementary_top50_axis,moderate,1,1.0,D2_external_database_supported,C1_strong_same_cancer_prognosis,R1_strong_RCTD_SPOTlight_concordance,PPI1_strong_support,COAD_GSM8594567_P1CRC;COAD_GSM8594568_P2CRC;COAD_GSM8594569_P5CRC,ACHE;TBP,Retained for supplementary completeness and sensitivity interpretation
supplementary_priority_axis,19,19,False,COAD,COAD_AXIS_070,COAD_CV070,Pectolinarigenin,ACHE,TBP,ACHE,Myeloid,Pectolinarigenin | ACHE/TBP,0.6521426549169976,0.7607283661721163,0.7701944373333334,0.9999564726666667,0.661941630426899,,,0.7333326297500089,0.7977108356218675,0.6395597239476832,0.8553817928784714,0.7644716427183095,0.0,0.0,0.0,0.9999994004573072,5,IS2_high_priority_validation_axis,supplementary_top50_axis,moderate,1,1.0,D2_external_database_supported,C1_strong_same_cancer_prognosis,R1_strong_RCTD_SPOTlight_concordance,PPI1_strong_support,COAD_GSM8594567_P1CRC;COAD_GSM8594568_P2CRC;COAD_GSM8594569_P5CRC,ACHE;TBP,Retained for supplementary completeness and sensitivity interpretation
supplementary_priority_axis,20,20,False,COAD,COAD_AXIS_016,COAD_CV016,Stepholidine,DRD1,TFAP2A,DRD1,Myeloid,Stepholidine | DRD1/TFAP2A,0.6508111820055447,0.7647364383013023,0.7590771126666667,0.999836406,1.0,,,0.7333326297500089,0.2808541785491622,0.9536791718430496,0.8607849956943785,0.715897996823925,0.0,0.0,0.0,0.9999991867120628,4,IS2_high_priority_validation_axis,main_figure_candidate_panel,very_strong,9,7.0,D1_strong_binding_or_literature,C3_weak_or_cross_cancer_prognosis,R1_strong_RCTD_SPOTlight_concordance,PPI1_strong_support,COAD_GSM8594567_P1CRC;COAD_GSM8594568_P2CRC;COAD_GSM8594569_P5CRC,DRD1;TFAP2A,Retained for supplementary completeness and sensitivity interpretation
supplementary_background_axis,21,21,False,COAD,COAD_AXIS_011,COAD_CV011,Physovenine,ACHE,HR,ACHE,Myeloid,Physovenine | ACHE/HR,0.6495579851122358,0.7634405477053978,0.76108905,0.999934022,0.9926616682037293,,,0.7333326297500089,0.4751408487120784,0.7809597239476832,0.8643538625442575,0.5915668161417018,0.0,0.0,0.0,0.9999994947513048,3,IS2_high_priority_validation_axis,supplementary_top50_axis,very_strong,1,1.0,D1_strong_binding_or_literature,C2_moderate_same_cancer_prognosis,R1_strong_RCTD_SPOTlight_concordance,PPI2_moderate_support,COAD_GSM8594567_P1CRC;COAD_GSM8594568_P2CRC;COAD_GSM8594569_P5CRC,ACHE;HR,Retained for supplementary completeness and sensitivity interpretation
supplementary_background_axis,22,22,False,COAD,COAD_AXIS_036,COAD_CV036,Quercetin,ACHE,MYC,ACHE,Myeloid,Quercetin | ACHE/MYC,0.6494480403183058,0.7438524015834735,0.7499919933333333,0.9999587126666667,0.9466317380585186,,,0.7333326297500089,0.4454757715236179,0.7003235364986989,0.7095699789220431,0.863206984002359,0.0,0.0,0.0,0.9999990086891004,4,IS2_high_priority_validation_axis,supplementary_top50_axis,moderate,5,2.0,D2_external_database_supported,C3_weak_or_cross_cancer_prognosis,R1_strong_RCTD_SPOTlight_concordance,PPI1_strong_support,COAD_GSM8594567_P1CRC;COAD_GSM8594568_P2CRC;COAD_GSM8594569_P5CRC,ACHE;MYC,Retained for supplementary completeness and sensitivity interpretation
supplementary_background_axis,23,23,False,COAD,COAD_AXIS_003,COAD_CV003,Quercetin,ACHE,TFAP2A,ACHE,Myeloid,Quercetin | ACHE/TFAP2A,0.6490769656891666,0.7618241566594965,0.7553536346666667,0.9999538020000001,0.9903990119807774,,,0.7333326297500089,0.4454757715236179,0.7003235364986989,0.8607849956943785,0.7314316207956667,0.0,0.0,0.0,0.9999995853484376,4,IS2_high_priority_validation_axis,supplementary_top50_axis,moderate,5,2.0,D2_external_database_supported,C3_weak_or_cross_cancer_prognosis,R1_strong_RCTD_SPOTlight_concordance,PPI1_strong_support,COAD_GSM8594567_P1CRC;COAD_GSM8594568_P2CRC;COAD_GSM8594569_P5CRC,ACHE;TFAP2A,Retained for supplementary completeness and sensitivity interpretation
supplementary_background_axis,24,24,False,COAD,COAD_AXIS_004,COAD_CV004,Tanshinone iia,ACHE,TFAP2A,ACHE,Myeloid,Tanshinone iia | ACHE/TFAP2A,0.6462366865517549,0.7576107827647681,0.7582234146666667,0.999936644,0.9903990119807774,,,0.7333326297500089,0.4454757715236179,0.670923536498699,0.8607849956943785,0.730457904788524,0.0,0.0,0.0,0.9999995471148684,4,IS2_high_priority_validation_axis,supplementary_top50_axis,moderate,3,2.0,D2_external_database_supported,C3_weak_or_cross_cancer_prognosis,R1_strong_RCTD_SPOTlight_concordance,PPI1_strong_support,COAD_GSM8594567_P1CRC;COAD_GSM8594568_P2CRC;COAD_GSM8594569_P5CRC,ACHE;TFAP2A,Retained for supplementary completeness and sensitivity interpretation
supplementary_background_axis,25,25,False,COAD,COAD_AXIS_009,COAD_CV009,Angustidine,ACHE,TFAP2A,ACHE,Myeloid,Angustidine | ACHE/TFAP2A,0.643450710789387,0.7545475177114482,0.7560218093333333,0.9999376106666666,0.9903990119807774,,,0.7333326297500089,0.4454757715236179,0.6479597239476832,0.8607849956943785,0.7319746112065709,0.0,0.0,0.0,0.9999995148151628,4,IS2_high_priority_validation_axis,supplementary_top50_axis,moderate,1,1.0,D2_external_database_supported,C3_weak_or_cross_cancer_prognosis,R1_strong_RCTD_SPOTlight_concordance,PPI1_strong_support,COAD_GSM8594567_P1CRC;COAD_GSM8594568_P2CRC;COAD_GSM8594569_P5CRC,ACHE;TFAP2A,Retained for supplementary completeness and sensitivity interpretation
supplementary_background_axis,26,26,False,COAD,COAD_AXIS_006,COAD_CV006,"methyl (E)-2-[(2S,3Z,12bS)-3-ethylidene-2,4,6,7,12,12b-hexahydro-1H-indolo[3,2-h]quinolizin-2-yl]-3-methoxyprop-2-enoate",ACHE,TFAP2A,ACHE,Myeloid,"methyl (E)-2-[(2S,3Z,... | ACHE/TFAP2A",0.6434414374473687,0.7546590852584891,0.7553380746666666,0.9999298299999999,0.9903990119807774,,,0.7333326297500089,0.4454757715236179,0.6479597239476832,0.8607849956943785,0.7330902866769798,0.0,0.0,0.0,0.9999995148151628,4,IS2_high_priority_validation_axis,supplementary_top50_axis,moderate,1,1.0,D2_external_database_supported,C3_weak_or_cross_cancer_prognosis,R1_strong_RCTD_SPOTlight_concordance,PPI1_strong_support,COAD_GSM8594567_P1CRC;COAD_GSM8594568_P2CRC;COAD_GSM8594569_P5CRC,ACHE;TFAP2A,Retained for supplementary completeness and sensitivity interpretation
supplementary_background_axis,27,27,False,COAD,COAD_AXIS_010,COAD_CV010,Kaempferol,ACHE,TFAP2A,ACHE,Myeloid,Kaempferol | ACHE/TFAP2A,0.643129870190503,0.7545880603399934,0.7540096199999999,0.9999562479999999,0.9903990119807774,,,0.7333326297500089,0.4454757715236179,0.6479597239476832,0.8607849956943785,0.7323800374920221,0.0,0.0,0.0,0.9999995148151628,4,IS2_high_priority_validation_axis,supplementary_top50_axis,moderate,1,1.0,D2_external_database_supported,C3_weak_or_cross_cancer_prognosis,R1_strong_RCTD_SPOTlight_concordance,PPI1_strong_support,COAD_GSM8594567_P1CRC;COAD_GSM8594568_P2CRC;COAD_GSM8594569_P5CRC,ACHE;TFAP2A,Retained for supplementary completeness and sensitivity interpretation
supplementary_background_axis,28,28,False,COAD,COAD_AXIS_007,COAD_CV007,Marmesinin,ACHE,TFAP2A,ACHE,Myeloid,Marmesinin | ACHE/TFAP2A,0.6431178374440883,0.7544850151768417,0.754526694,0.9999338526666667,0.9903990119807774,,,0.7333326297500089,0.4454757715236179,0.6479597239476832,0.8607849956943785,0.7313495858605056,0.0,0.0,0.0,0.9999995148151628,4,IS2_high_priority_validation_axis,supplementary_top50_axis,moderate,1,1.0,D2_external_database_supported,C3_weak_or_cross_cancer_prognosis,R1_strong_RCTD_SPOTlight_concordance,PPI1_strong_support,COAD_GSM8594567_P1CRC;COAD_GSM8594568_P2CRC;COAD_GSM8594569_P5CRC,ACHE;TFAP2A,Retained for supplementary completeness and sensitivity interpretation
supplementary_background_axis,29,29,False,COAD,COAD_AXIS_005,COAD_CV005,Decursin,ACHE,TFAP2A,ACHE,Myeloid,Decursin | ACHE/TFAP2A,0.6430062961776394,0.754426979817578,0.7542358873333334,0.9999369326666667,0.9903990119807774,,,0.7333326297500089,0.4454757715236179,0.6479597239476832,0.8607849956943785,0.730769232267868,0.0,0.0,0.0,0.9999995148151628,4,IS2_high_priority_validation_axis,supplementary_top50_axis,moderate,1,1.0,D2_external_database_supported,C3_weak_or_cross_cancer_prognosis,R1_strong_RCTD_SPOTlight_concordance,PPI1_strong_support,COAD_GSM8594567_P1CRC;COAD_GSM8594568_P2CRC;COAD_GSM8594569_P5CRC,ACHE;TFAP2A,Retained for supplementary completeness and sensitivity interpretation
supplementary_background_axis,30,30,False,COAD,COAD_AXIS_021,COAD_CV021,Isocorypalmine,DRD1,TFAP2A,DRD1,Myeloid,Isocorypalmine | DRD1/TFAP2A,0.6430030369777512,0.7555018987557811,0.756052476,0.9998595346666667,1.0,,,0.7333326297500089,0.2808541785491622,0.8863194478953664,0.8607849956943785,0.7178563241743736,0.0,0.0,0.0,0.9999990045805534,4,IS2_high_priority_validation_axis,supplementary_top50_axis,very_strong,3,3.0,D1_strong_binding_or_literature,C3_weak_or_cross_cancer_prognosis,R1_strong_RCTD_SPOTlight_concordance,PPI1_strong_support,COAD_GSM8594567_P1CRC;COAD_GSM8594568_P2CRC;COAD_GSM8594569_P5CRC,DRD1;TFAP2A,Retained for supplementary completeness and sensitivity interpretation
supplementary_background_axis,31,31,False,COAD,COAD_AXIS_008,COAD_CV008,Corydalmine,ACHE,TFAP2A,ACHE,Myeloid,Corydalmine | ACHE/TFAP2A,0.6429604612267594,0.7543853572382839,0.75421711,0.9999369613333333,0.9903990119807774,,,0.7333326297500089,0.4454757715236179,0.6479597239476832,0.8607849956943785,0.7303530064749275,0.0,0.0,0.0,0.9999995148151628,4,IS2_high_priority_validation_axis,supplementary_top50_axis,moderate,1,1.0,D2_external_database_supported,C3_weak_or_cross_cancer_prognosis,R1_strong_RCTD_SPOTlight_concordance,PPI1_strong_support,COAD_GSM8594567_P1CRC;COAD_GSM8594568_P2CRC;COAD_GSM8594569_P5CRC,ACHE;TFAP2A,Retained for supplementary completeness and sensitivity interpretation
supplementary_background_axis,32,32,False,COAD,COAD_AXIS_013,COAD_CV013,Deltoin,ACHE,TFAP2A,ACHE,Myeloid,Deltoin | ACHE/TFAP2A,0.6424120303731251,0.7533213515772749,0.755175114,0.9999378780000001,0.9903990119807774,,,0.7333326297500089,0.4454757715236179,0.6395597239476832,0.8597890216222898,0.7326681273722745,0.0,0.0,0.0,0.9999995004469452,4,IS2_high_priority_validation_axis,supplementary_top50_axis,moderate,1,1.0,D2_external_database_supported,C3_weak_or_cross_cancer_prognosis,R1_strong_RCTD_SPOTlight_concordance,PPI1_strong_support,COAD_GSM8594567_P1CRC;COAD_GSM8594568_P2CRC;COAD_GSM8594569_P5CRC,ACHE;TFAP2A,Retained for supplementary completeness and sensitivity interpretation
supplementary_background_axis,33,33,False,COAD,COAD_AXIS_014,COAD_CV014,Pectolinarigenin,ACHE,TFAP2A,ACHE,Myeloid,Pectolinarigenin | ACHE/TFAP2A,0.6419174927782911,0.753138669150967,0.7534628833333333,0.9999374406666667,0.9903990119807774,,,0.7333326297500089,0.4454757715236179,0.6395597239476832,0.8597890216222898,0.7308413031091968,0.0,0.0,0.0,0.9999995004469452,4,IS2_high_priority_validation_axis,supplementary_top50_axis,moderate,1,1.0,D2_external_database_supported,C3_weak_or_cross_cancer_prognosis,R1_strong_RCTD_SPOTlight_concordance,PPI1_strong_support,COAD_GSM8594567_P1CRC;COAD_GSM8594568_P2CRC;COAD_GSM8594569_P5CRC,ACHE;TFAP2A,Retained for supplementary completeness and sensitivity interpretation
supplementary_background_axis,34,34,False,COAD,COAD_AXIS_012,COAD_CV012,Dihydrosanguinarine,ACHE,TFAP2A,ACHE,Myeloid,Dihydrosanguinarine | ACHE/TFAP2A,0.6418782789332833,0.7530709364401751,0.7536288473333334,0.9999341806666667,0.9903990119807774,,,0.7333326297500089,0.4454757715236179,0.6395597239476832,0.8597890216222898,0.7301639760012767,0.0,0.0,0.0,0.9999995004469452,4,IS2_high_priority_validation_axis,supplementary_top50_axis,moderate,1,1.0,D2_external_database_supported,C3_weak_or_cross_cancer_prognosis,R1_strong_RCTD_SPOTlight_concordance,PPI1_strong_support,COAD_GSM8594567_P1CRC;COAD_GSM8594568_P2CRC;COAD_GSM8594569_P5CRC,ACHE;TFAP2A,Retained for supplementary completeness and sensitivity interpretation
supplementary_background_axis,35,35,False,COAD,COAD_AXIS_035,COAD_CV035,Physostigmine,ACHE,TFAP2A,ACHE,Myeloid,Physostigmine | ACHE/TFAP2A,0.6382677878690037,0.738285412047482,0.7506089906666666,0.999964342,0.9903990119807774,,,0.7333326297500089,0.4454757715236179,0.6416,0.7339599444839645,0.7304474312253699,0.0,0.0,0.0,0.99999917868315,4,IS2_high_priority_validation_axis,supplementary_top50_axis,very_strong,48,38.0,D1_strong_binding_or_literature,C3_weak_or_cross_cancer_prognosis,R1_strong_RCTD_SPOTlight_concordance,PPI1_strong_support,COAD_GSM8594567_P1CRC;COAD_GSM8594568_P2CRC;COAD_GSM8594569_P5CRC,ACHE;TFAP2A,Retained for supplementary completeness and sensitivity interpretation
supplementary_background_axis,36,36,False,COAD,COAD_AXIS_019,COAD_CV019,Quercetin,ACHE,HR,ACHE,Myeloid,Quercetin | ACHE/HR,0.6338963305034319,0.7464422768701813,0.749475794,0.9999552919999999,0.9926616682037293,,,0.7333326297500089,0.4454757715236179,0.7003235364986989,0.8643538625442575,0.5938050075601705,0.0,0.0,0.0,0.99999935647608,3,IS2_high_priority_validation_axis,supplementary_top50_axis,moderate,5,2.0,D2_external_database_supported,C3_weak_or_cross_cancer_prognosis,R1_strong_RCTD_SPOTlight_concordance,PPI2_moderate_support,COAD_GSM8594567_P1CRC;COAD_GSM8594568_P2CRC;COAD_GSM8594569_P5CRC,ACHE;HR,Retained for supplementary completeness and sensitivity interpretation
supplementary_background_axis,37,37,False,COAD,COAD_AXIS_040,COAD_CV040,Tetrahydropalmatine,DRD1,TFAP2A,DRD1,Myeloid,Tetrahydropalmatine | DRD1/TFAP2A,0.6323607319367276,0.7441102266724883,0.7470739546666666,0.9999408273333333,1.0,,,0.7333326297500089,0.2808541785491622,0.805278161220686,0.8607849956943785,0.717397569065314,0.0,0.0,0.0,0.9999987306150272,4,IS2_high_priority_validation_axis,supplementary_top50_axis,strong,4,4.0,D1_strong_binding_or_literature,C3_weak_or_cross_cancer_prognosis,R1_strong_RCTD_SPOTlight_concordance,PPI1_strong_support,COAD_GSM8594567_P1CRC;COAD_GSM8594568_P2CRC;COAD_GSM8594569_P5CRC,DRD1;TFAP2A,Retained for supplementary completeness and sensitivity interpretation
supplementary_background_axis,38,38,False,COAD,COAD_AXIS_073,COAD_CV073,Artemisinin,CYP2B6,FOXM1,CYP2B6,Myeloid,Artemisinin | CYP2B6/FOXM1,0.631147522891232,0.7553773205793709,0.740678678,0.999906356,0.96697340690322,,,0.7333326297500089,0.2920264793734641,0.7299597239476832,0.9945228159875212,0.7937371959344115,0.0,0.0,0.0,0.9999992715735556,4,IS2_high_priority_validation_axis,supplementary_top50_axis,strong,4,1.0,D1_strong_binding_or_literature,C3_weak_or_cross_cancer_prognosis,R1_strong_RCTD_SPOTlight_concordance,PPI1_strong_support,COAD_GSM8594567_P1CRC;COAD_GSM8594568_P2CRC;COAD_GSM8594569_P5CRC,CYP2B6;FOXM1,Retained for supplementary completeness and sensitivity interpretation
supplementary_background_axis,39,39,False,COAD,COAD_AXIS_020,COAD_CV020,Tanshinone iia,ACHE,HR,ACHE,Myeloid,Tanshinone iia | ACHE/HR,0.6311171091182303,0.742333647935494,0.7520912233333333,0.9999438726666666,0.9926616682037293,,,0.7333326297500089,0.4454757715236179,0.670923536498699,0.8643538625442575,0.5938787538155407,0.0,0.0,0.0,0.9999992971390068,3,IS2_high_priority_validation_axis,supplementary_top50_axis,moderate,3,2.0,D2_external_database_supported,C3_weak_or_cross_cancer_prognosis,R1_strong_RCTD_SPOTlight_concordance,PPI2_moderate_support,COAD_GSM8594567_P1CRC;COAD_GSM8594568_P2CRC;COAD_GSM8594569_P5CRC,ACHE;HR,Retained for supplementary completeness and sensitivity interpretation
supplementary_background_axis,40,40,False,COAD,COAD_AXIS_044,COAD_CV044,(S)-Canadine,DRD1,TFAP2A,DRD1,Myeloid,(S)-Canadine | DRD1/TFAP2A,0.6292712045885084,0.7396818827226033,0.749429674,0.9998894046666666,1.0,,,0.7333326297500089,0.2808541785491622,0.7739235364986989,0.8607849956943785,0.7170106792967431,0.0,0.0,0.0,0.9999986054158664,4,IS2_high_priority_validation_axis,supplementary_top50_axis,strong,3,2.0,D1_strong_binding_or_literature,C3_weak_or_cross_cancer_prognosis,R1_strong_RCTD_SPOTlight_concordance,PPI1_strong_support,COAD_GSM8594567_P1CRC;COAD_GSM8594568_P2CRC;COAD_GSM8594569_P5CRC,DRD1;TFAP2A,Retained for supplementary completeness and sensitivity interpretation
supplementary_background_axis,41,41,False,COAD,COAD_AXIS_025,COAD_CV025,Angustidine,ACHE,HR,ACHE,Myeloid,Angustidine | ACHE/HR,0.6284801413993337,0.7393485209485627,0.7502746533333333,0.9999432786666667,0.9926616682037293,,,0.7333326297500089,0.4454757715236179,0.6479597239476832,0.8643538625442575,0.5961768515944117,0.0,0.0,0.0,0.9999992470110703,3,IS2_high_priority_validation_axis,supplementary_top50_axis,moderate,1,1.0,D2_external_database_supported,C3_weak_or_cross_cancer_prognosis,R1_strong_RCTD_SPOTlight_concordance,PPI2_moderate_support,COAD_GSM8594567_P1CRC;COAD_GSM8594568_P2CRC;COAD_GSM8594569_P5CRC,ACHE;HR,Retained for supplementary completeness and sensitivity interpretation
supplementary_background_axis,42,42,False,COAD,COAD_AXIS_024,COAD_CV024,"methyl (E)-2-[(2S,3Z,12bS)-3-ethylidene-2,4,6,7,12,12b-hexahydro-1H-indolo[3,2-h]quinolizin-2-yl]-3-methoxyprop-2-enoate",ACHE,HR,ACHE,Myeloid,"methyl (E)-2-[(2S,3Z,... | ACHE/HR",0.6282536003601527,0.739215183655248,0.74977167,0.9999351133333333,0.9926616682037293,,,0.7333326297500089,0.4454757715236179,0.6479597239476832,0.8643538625442575,0.5948434786612639,0.0,0.0,0.0,0.9999992470110703,3,IS2_high_priority_validation_axis,supplementary_top50_axis,moderate,1,1.0,D2_external_database_supported,C3_weak_or_cross_cancer_prognosis,R1_strong_RCTD_SPOTlight_concordance,PPI2_moderate_support,COAD_GSM8594567_P1CRC;COAD_GSM8594568_P2CRC;COAD_GSM8594569_P5CRC,ACHE;HR,Retained for supplementary completeness and sensitivity interpretation
supplementary_background_axis,43,43,False,COAD,COAD_AXIS_026,COAD_CV026,Decursin,ACHE,HR,ACHE,Myeloid,Decursin | ACHE/HR,0.6281268597089192,0.7393703997618818,0.7481879973333334,0.9999423753333333,0.9926616682037293,,,0.7333326297500089,0.4454757715236179,0.6479597239476832,0.8643538625442575,0.5963956397276022,0.0,0.0,0.0,0.9999992470110703,3,IS2_high_priority_validation_axis,supplementary_top50_axis,moderate,1,1.0,D2_external_database_supported,C3_weak_or_cross_cancer_prognosis,R1_strong_RCTD_SPOTlight_concordance,PPI2_moderate_support,COAD_GSM8594567_P1CRC;COAD_GSM8594568_P2CRC;COAD_GSM8594569_P5CRC,ACHE;HR,Retained for supplementary completeness and sensitivity interpretation
supplementary_background_axis,44,44,False,COAD,COAD_AXIS_023,COAD_CV023,Corydalmine,ACHE,HR,ACHE,Myeloid,Corydalmine | ACHE/HR,0.6279793945619744,0.7392366206766418,0.748126828,0.9999423806666667,0.9926616682037293,,,0.7333326297500089,0.4454757715236179,0.6479597239476832,0.8643538625442575,0.5950578488752017,0.0,0.0,0.0,0.9999992470110703,3,IS2_high_priority_validation_axis,supplementary_top50_axis,moderate,1,1.0,D2_external_database_supported,C3_weak_or_cross_cancer_prognosis,R1_strong_RCTD_SPOTlight_concordance,PPI2_moderate_support,COAD_GSM8594567_P1CRC;COAD_GSM8594568_P2CRC;COAD_GSM8594569_P5CRC,ACHE;HR,Retained for supplementary completeness and sensitivity interpretation
supplementary_background_axis,45,45,False,COAD,COAD_AXIS_027,COAD_CV027,Marmesinin,ACHE,HR,ACHE,Myeloid,Marmesinin | ACHE/HR,0.6278059167773556,0.738967915123094,0.7486857273333333,0.9999383353333333,0.9926616682037293,,,0.7333326297500089,0.4454757715236179,0.6479597239476832,0.8643538625442575,0.5923707933397246,0.0,0.0,0.0,0.9999992470110703,3,IS2_high_priority_validation_axis,supplementary_top50_axis,moderate,1,1.0,D2_external_database_supported,C3_weak_or_cross_cancer_prognosis,R1_strong_RCTD_SPOTlight_concordance,PPI2_moderate_support,COAD_GSM8594567_P1CRC;COAD_GSM8594568_P2CRC;COAD_GSM8594569_P5CRC,ACHE;HR,Retained for supplementary completeness and sensitivity interpretation
supplementary_background_axis,46,46,False,COAD,COAD_AXIS_028,COAD_CV028,Kaempferol,ACHE,HR,ACHE,Myeloid,Kaempferol | ACHE/HR,0.6276380267562683,0.7391156816514397,0.7469156613333333,0.9999529726666666,0.9926616682037293,,,0.7333326297500089,0.4454757715236179,0.6479597239476832,0.8643538625442575,0.593848458623182,0.0,0.0,0.0,0.9999992470110703,3,IS2_high_priority_validation_axis,supplementary_top50_axis,moderate,1,1.0,D2_external_database_supported,C3_weak_or_cross_cancer_prognosis,R1_strong_RCTD_SPOTlight_concordance,PPI2_moderate_support,COAD_GSM8594567_P1CRC;COAD_GSM8594568_P2CRC;COAD_GSM8594569_P5CRC,ACHE;HR,Retained for supplementary completeness and sensitivity interpretation
supplementary_background_axis,47,47,False,COAD,COAD_AXIS_031,COAD_CV031,Deltoin,ACHE,HR,ACHE,Myeloid,Deltoin | ACHE/HR,0.6272178232133231,0.7379890184893484,0.7494722833333333,0.9999428706666666,0.9926616682037293,,,0.7333326297500089,0.4454757715236179,0.6395597239476832,0.8643538625442575,0.5943418385321185,0.0,0.0,0.0,0.999999227794654,3,IS2_high_priority_validation_axis,supplementary_top50_axis,moderate,1,1.0,D2_external_database_supported,C3_weak_or_cross_cancer_prognosis,R1_strong_RCTD_SPOTlight_concordance,PPI2_moderate_support,COAD_GSM8594567_P1CRC;COAD_GSM8594568_P2CRC;COAD_GSM8594569_P5CRC,ACHE;HR,Retained for supplementary completeness and sensitivity interpretation
supplementary_background_axis,48,48,False,COAD,COAD_AXIS_033,COAD_CV033,Dihydrosanguinarine,ACHE,HR,ACHE,Myeloid,Dihydrosanguinarine | ACHE/HR,0.6269384986021007,0.7379682610665813,0.7480381053333333,0.99993772,0.9926616682037293,,,0.7333326297500089,0.4454757715236179,0.6395597239476832,0.8643538625442575,0.5941342643044482,0.0,0.0,0.0,0.999999227794654,3,IS2_high_priority_validation_axis,supplementary_top50_axis,moderate,1,1.0,D2_external_database_supported,C3_weak_or_cross_cancer_prognosis,R1_strong_RCTD_SPOTlight_concordance,PPI2_moderate_support,COAD_GSM8594567_P1CRC;COAD_GSM8594568_P2CRC;COAD_GSM8594569_P5CRC,ACHE;HR,Retained for supplementary completeness and sensitivity interpretation
supplementary_background_axis,49,49,False,COAD,COAD_AXIS_030,COAD_CV030,Physostigmine,ACHE,HR,ACHE,Myeloid,Physostigmine | ACHE/HR,0.6267521696267478,0.7380894697768773,0.7466788120000001,0.999955008,0.9926616682037293,,,0.7333326297500089,0.4454757715236179,0.6416,0.8643538625442575,0.5924899621069056,0.0,0.0,0.0,0.9999992325067508,3,IS2_high_priority_validation_axis,supplementary_top50_axis,very_strong,48,38.0,D1_strong_binding_or_literature,C3_weak_or_cross_cancer_prognosis,R1_strong_RCTD_SPOTlight_concordance,PPI2_moderate_support,COAD_GSM8594567_P1CRC;COAD_GSM8594568_P2CRC;COAD_GSM8594569_P5CRC,ACHE;HR,Retained for supplementary completeness and sensitivity interpretation
supplementary_background_axis,50,50,False,COAD,COAD_AXIS_017,COAD_CV017,Guggulsterone,PGR,NFKB,PGR,Myeloid,Guggulsterone | PGR/NFKB,0.6242991685158022,0.7520976904986544,0.7508461486666668,0.9999433740000001,0.7664827278634773,,,0.7333326297500089,0.6627043380494418,0.7299597239476832,1.0,0.4389941705091575,0.0,0.0,0.0,0.9999988457913008,4,IS2_high_priority_validation_axis,supplementary_top50_axis,strong,2,1.0,D1_strong_binding_or_literature,C2_moderate_same_cancer_prognosis,R1_strong_RCTD_SPOTlight_concordance,PPI3_limited_support,COAD_GSM8594567_P1CRC;COAD_GSM8594568_P2CRC;COAD_GSM8594569_P5CRC,PGR,Retained for supplementary completeness and sensitivity interpretation
main_text_core_axis,2,1,False,LIHC,LIHC_AXIS_092,LIHC_CV092,"4',5-Dihydroxyflavone",AR,HDAC1,AR,T_NK_ILC,"4',5-Dihydroxyflavone | AR/HDAC1",0.6723705953191058,0.7818611871908144,0.7777498386666667,0.999709846,0.5604529075615624,,,0.7773004860217321,0.8135140276512416,0.7299597239476832,0.9211680076528572,0.9363664269254623,0.0,0.0,0.0,0.9999927856941055,4,IS1_publication_core_axis,main_text_flagship_axis,strong,2,1.0,D1_strong_binding_or_literature,C1_strong_same_cancer_prognosis,R1_strong_RCTD_SPOTlight_concordance,PPI1_strong_support,LIHC_P5T_P5T;LIHC_P7T_P7T;LIHC_P8T_P8T,AR;HDAC1,Top integrated/HGNN/spatial-clinical evidence axis within cancer
main_text_core_axis,3,2,False,LIHC,LIHC_AXIS_061,LIHC_CV061,Quercetin,MMP1,CEBPB,MMP1,Plasma_cell,Quercetin | MMP1/CEBPB,0.6603947910394509,0.7465374437418311,0.762950266,0.999953044,0.8522780795714092,,,0.4571780025987867,0.7827720351406074,0.7087235364986989,0.63535158628096,0.8668421080375898,0.0,0.0,0.0,0.9999967361384248,4,IS2_high_priority_validation_axis,supplementary_top50_axis,moderate,3,2.0,D2_external_database_supported,C1_strong_same_cancer_prognosis,R2_moderate_RCTD_SPOTlight_concordance,PPI1_strong_support,LIHC_P5T_P5T;LIHC_P7T_P7T;LIHC_P8T_P8T,MMP1;CEBPB,Top integrated/HGNN/spatial-clinical evidence axis within cancer
main_text_core_axis,4,3,False,LIHC,LIHC_AXIS_034,LIHC_CV034,Quercetin,MMP1,SMAD2,MMP1,Plasma_cell,Quercetin | MMP1/SMAD2,0.6580555891357222,0.7512244494920141,0.763539752,0.9999509713333333,0.852800645331435,,,0.4571780025987867,0.7827720351406074,0.7087235364986989,0.6551964903241421,0.8226026262879399,0.0,0.0,0.0,0.9999976076044388,4,IS2_high_priority_validation_axis,main_figure_candidate_panel,moderate,3,2.0,D2_external_database_supported,C1_strong_same_cancer_prognosis,R2_moderate_RCTD_SPOTlight_concordance,PPI1_strong_support,LIHC_P5T_P5T;LIHC_P7T_P7T;LIHC_P8T_P8T,MMP1;SMAD2,Top integrated/HGNN/spatial-clinical evidence axis within cancer
main_text_core_axis,5,4,False,LIHC,LIHC_AXIS_078,LIHC_CV078,Kaempferol,MMP1,CEBPB,MMP1,Plasma_cell,Kaempferol | MMP1/CEBPB,0.6574915156907748,0.7419367492450862,0.7648857166666667,0.9999609073333333,0.8522780795714092,,,0.4571780025987867,0.7827720351406074,0.6773597239476832,0.630795426966538,0.8702121245962041,0.0,0.0,0.0,0.9999963481762016,4,IS2_high_priority_validation_axis,supplementary_top50_axis,moderate,4,1.0,D2_external_database_supported,C1_strong_same_cancer_prognosis,R2_moderate_RCTD_SPOTlight_concordance,PPI1_strong_support,LIHC_P5T_P5T;LIHC_P7T_P7T;LIHC_P8T_P8T,MMP1;CEBPB,Top integrated/HGNN/spatial-clinical evidence axis within cancer
main_text_core_axis,6,5,False,LIHC,LIHC_AXIS_008,LIHC_CV008,Quercetin,MMP1,EHF,MMP1,Tumor_Lineage,Quercetin | MMP1/EHF,0.6572437167287554,0.7669307042133857,0.759392646,0.9999528206666667,0.6759397196992994,,,0.8977793296042744,0.7827720351406074,0.7087235364986989,0.7912478473715854,0.6032830706597978,0.0,0.0,0.0,0.9999983873402984,5,IS2_high_priority_validation_axis,main_figure_candidate_panel,moderate,3,2.0,D2_external_database_supported,C1_strong_same_cancer_prognosis,R1_strong_RCTD_SPOTlight_concordance,PPI2_moderate_support,LIHC_P5T_P5T;LIHC_P7T_P7T;LIHC_P8T_P8T,MMP1;EHF,Top integrated/HGNN/spatial-clinical evidence axis within cancer
main_text_core_axis,7,6,False,LIHC,LIHC_AXIS_079,LIHC_CV079,Luteolin,MMP1,CEBPB,MMP1,Plasma_cell,Luteolin | MMP1/CEBPB,0.6570976918284611,0.7415711491839944,0.76476954,0.999956034,0.8522780795714092,,,0.4571780025987867,0.7827720351406074,0.6773597239476832,0.630795426966538,0.8665561239852851,0.0,0.0,0.0,0.9999963481762016,4,IS2_high_priority_validation_axis,supplementary_top50_axis,moderate,2,1.0,D2_external_database_supported,C1_strong_same_cancer_prognosis,R2_moderate_RCTD_SPOTlight_concordance,PPI1_strong_support,LIHC_P5T_P5T;LIHC_P7T_P7T;LIHC_P8T_P8T,MMP1;CEBPB,Top integrated/HGNN/spatial-clinical evidence axis within cancer
main_text_core_axis,8,7,False,LIHC,LIHC_AXIS_086,LIHC_CV086,(-)-epigallocatechin-3-gallate,MMP1,CEBPB,MMP1,Plasma_cell,(-)-epigallocatechin-... | MMP1/CEBPB,0.6564147407581982,0.7399228437320526,0.7654204486666667,0.9999600253333334,0.8522780795714092,,,0.4571780025987867,0.7827720351406074,0.6689597239476832,0.6244168039263471,0.869487531099839,0.0,0.0,0.0,0.9999961581999656,4,IS2_high_priority_validation_axis,supplementary_top50_axis,moderate,1,1.0,D2_external_database_supported,C1_strong_same_cancer_prognosis,R2_moderate_RCTD_SPOTlight_concordance,PPI1_strong_support,LIHC_P5T_P5T;LIHC_P7T_P7T;LIHC_P8T_P8T,MMP1;CEBPB,Top integrated/HGNN/spatial-clinical evidence axis within cancer
supplementary_priority_axis,8,8,False,LIHC,LIHC_AXIS_068,LIHC_CV068,Quercetin,MMP1,CTNNB1,MMP1,Plasma_cell,Quercetin | MMP1/CTNNB1,0.6552015824259487,0.7274079982877729,0.7434588553333333,0.9999555126666666,0.8649558478742714,,,0.4571780025987867,0.7827720351406074,0.7087235364986989,0.3891601169579095,0.8793719969131811,0.0,0.0,0.0,0.9999965414146968,4,IS2_high_priority_validation_axis,supplementary_top50_axis,moderate,3,2.0,D2_external_database_supported,C1_strong_same_cancer_prognosis,R2_moderate_RCTD_SPOTlight_concordance,PPI1_strong_support,LIHC_P5T_P5T;LIHC_P7T_P7T;LIHC_P8T_P8T,MMP1;CTNNB1,Retained for supplementary completeness and sensitivity interpretation
supplementary_priority_axis,9,9,False,LIHC,LIHC_AXIS_045,LIHC_CV045,Luteolin,MMP1,SMAD2,MMP1,Plasma_cell,Luteolin | MMP1/SMAD2,0.6549617635685063,0.746413209096492,0.7648671926666667,0.9999548453333333,0.852800645331435,,,0.4571780025987867,0.7827720351406074,0.6773597239476832,0.6492481158753471,0.8255377888364431,0.0,0.0,0.0,0.9999973082815276,4,IS2_high_priority_validation_axis,supplementary_top50_axis,moderate,2,1.0,D2_external_database_supported,C1_strong_same_cancer_prognosis,R2_moderate_RCTD_SPOTlight_concordance,PPI1_strong_support,LIHC_P5T_P5T;LIHC_P7T_P7T;LIHC_P8T_P8T,MMP1;SMAD2,Retained for supplementary completeness and sensitivity interpretation
supplementary_priority_axis,10,10,False,LIHC,LIHC_AXIS_044,LIHC_CV044,Kaempferol,MMP1,SMAD2,MMP1,Plasma_cell,Kaempferol | MMP1/SMAD2,0.6546252327995475,0.7460541100288853,0.765032472,0.999960092,0.852800645331435,,,0.4571780025987867,0.7827720351406074,0.6773597239476832,0.6492481158753471,0.8219467981603762,0.0,0.0,0.0,0.9999973082815276,4,IS2_high_priority_validation_axis,supplementary_top50_axis,moderate,4,1.0,D2_external_database_supported,C1_strong_same_cancer_prognosis,R2_moderate_RCTD_SPOTlight_concordance,PPI1_strong_support,LIHC_P5T_P5T;LIHC_P7T_P7T;LIHC_P8T_P8T,MMP1;SMAD2,Retained for supplementary completeness and sensitivity interpretation
supplementary_priority_axis,11,11,False,LIHC,LIHC_AXIS_088,LIHC_CV088,Quercetin,MMP1,MYC,MMP1,Tumor_Lineage,Quercetin | MMP1/MYC,0.6542464227918434,0.748651323667679,0.7478607953333333,0.9999549466666667,0.5072797050197209,,,0.8977793296042744,0.7827720351406074,0.7087235364986989,0.7133644151452463,0.8950218789684603,0.0,0.0,0.0,0.9999942777820224,4,IS2_high_priority_validation_axis,main_figure_candidate_panel,moderate,3,2.0,D2_external_database_supported,C1_strong_same_cancer_prognosis,R1_strong_RCTD_SPOTlight_concordance,PPI1_strong_support,LIHC_P5T_P5T;LIHC_P7T_P7T;LIHC_P8T_P8T,MMP1;MYC,Retained for supplementary completeness and sensitivity interpretation
supplementary_priority_axis,12,12,False,LIHC,LIHC_AXIS_010,LIHC_CV010,Kaempferol,MMP1,EHF,MMP1,Tumor_Lineage,Kaempferol | MMP1/EHF,0.6542224978190495,0.7626603619502674,0.7612308713333333,0.9999630573333333,0.6759397196992994,,,0.8977793296042744,0.7827720351406074,0.6773597239476832,0.7912478473715854,0.6044890810630652,0.0,0.0,0.0,0.9999982282352512,5,IS2_high_priority_validation_axis,main_figure_candidate_panel,moderate,4,1.0,D2_external_database_supported,C1_strong_same_cancer_prognosis,R1_strong_RCTD_SPOTlight_concordance,PPI2_moderate_support,LIHC_P5T_P5T;LIHC_P7T_P7T;LIHC_P8T_P8T,MMP1;EHF,Retained for supplementary completeness and sensitivity interpretation
supplementary_priority_axis,13,13,False,LIHC,LIHC_AXIS_011,LIHC_CV011,Luteolin,MMP1,EHF,MMP1,Tumor_Lineage,Luteolin | MMP1/EHF,0.6541222761394302,0.7625300714016211,0.7614123973333334,0.9999583160000001,0.6759397196992994,,,0.8977793296042744,0.7827720351406074,0.6773597239476832,0.7912478473715854,0.6031861755766017,0.0,0.0,0.0,0.9999982282352512,5,IS2_high_priority_validation_axis,main_figure_candidate_panel,moderate,2,1.0,D2_external_database_supported,C1_strong_same_cancer_prognosis,R1_strong_RCTD_SPOTlight_concordance,PPI2_moderate_support,LIHC_P5T_P5T;LIHC_P7T_P7T;LIHC_P8T_P8T,MMP1;EHF,Retained for supplementary completeness and sensitivity interpretation
supplementary_priority_axis,14,14,False,LIHC,LIHC_AXIS_049,LIHC_CV049,(-)-epigallocatechin-3-gallate,MMP1,SMAD2,MMP1,Plasma_cell,(-)-epigallocatechin-... | MMP1/SMAD2,0.654003562634062,0.7441341442674382,0.7665237253333334,0.9999533526666667,0.852800645331435,,,0.4571780025987867,0.7827720351406074,0.6689597239476832,0.6409203916470341,0.8245005069357865,0.0,0.0,0.0,0.999997146088351,4,IS2_high_priority_validation_axis,supplementary_top50_axis,moderate,1,1.0,D2_external_database_supported,C1_strong_same_cancer_prognosis,R2_moderate_RCTD_SPOTlight_concordance,PPI1_strong_support,LIHC_P5T_P5T;LIHC_P7T_P7T;LIHC_P8T_P8T,MMP1;SMAD2,Retained for supplementary completeness and sensitivity interpretation
supplementary_priority_axis,15,15,False,LIHC,LIHC_AXIS_013,LIHC_CV013,(-)-epigallocatechin-3-gallate,MMP1,EHF,MMP1,Tumor_Lineage,(-)-epigallocatechin-... | MMP1/EHF,0.6537239207368881,0.760857223760948,0.7646210026666667,0.9999129520000001,0.6759397196992994,,,0.8977793296042744,0.7827720351406074,0.6689597239476832,0.7864395518826783,0.6039877020566771,0.0,0.0,0.0,0.9999981477350556,5,IS2_high_priority_validation_axis,main_figure_candidate_panel,moderate,1,1.0,D2_external_database_supported,C1_strong_same_cancer_prognosis,R1_strong_RCTD_SPOTlight_concordance,PPI2_moderate_support,LIHC_P5T_P5T;LIHC_P7T_P7T;LIHC_P8T_P8T,MMP1;EHF,Retained for supplementary completeness and sensitivity interpretation
supplementary_priority_axis,16,16,False,LIHC,LIHC_AXIS_083,LIHC_CV083,Luteolin,MMP1,CTNNB1,MMP1,Plasma_cell,Luteolin | MMP1/CTNNB1,0.6517589447819255,0.7227737732614814,0.7438775,0.9999510526666666,0.8649558478742714,,,0.4571780025987867,0.7827720351406074,0.6773597239476832,0.3870220347090807,0.8795050072362071,0.0,0.0,0.0,0.999996167554825,4,IS2_high_priority_validation_axis,supplementary_top50_axis,moderate,2,1.0,D2_external_database_supported,C1_strong_same_cancer_prognosis,R2_moderate_RCTD_SPOTlight_concordance,PPI1_strong_support,LIHC_P5T_P5T;LIHC_P7T_P7T;LIHC_P8T_P8T,MMP1;CTNNB1,Retained for supplementary completeness and sensitivity interpretation
supplementary_priority_axis,17,17,False,LIHC,LIHC_AXIS_084,LIHC_CV084,Kaempferol,MMP1,CTNNB1,MMP1,Plasma_cell,Kaempferol | MMP1/CTNNB1,0.651456386059005,0.7228075805919515,0.7420050433333334,0.9999513166666667,0.8649558478742714,,,0.4571780025987867,0.7827720351406074,0.6773597239476832,0.3870220347090807,0.879843080540907,0.0,0.0,0.0,0.999996167554825,4,IS2_high_priority_validation_axis,supplementary_top50_axis,moderate,4,1.0,D2_external_database_supported,C1_strong_same_cancer_prognosis,R2_moderate_RCTD_SPOTlight_concordance,PPI1_strong_support,LIHC_P5T_P5T;LIHC_P7T_P7T;LIHC_P8T_P8T,MMP1;CTNNB1,Retained for supplementary completeness and sensitivity interpretation
main_text_core_axis,1,18,True,LIHC,LIHC_AXIS_002,LIHC_CV002,Indirubin,AHR,NR1H3,AHR,Plasma_cell,Indirubin | AHR/NR1H3,0.6510660378458696,0.7341620556267837,0.7566445866666667,0.9999560726666666,0.8078295057904876,three_sample_recurrent_high,0.3453271144412858,0.4571780025987867,0.6156618463158938,0.7809597239476832,0.8064089858397268,0.793554745393672,0.0,0.0,0.0,0.999999177481118,4,IS2_high_priority_validation_axis,supplementary_top50_axis,very_strong,1,1.0,D1_strong_binding_or_literature,C2_moderate_same_cancer_prognosis,R2_moderate_RCTD_SPOTlight_concordance,PPI1_strong_support,LIHC_P5T_P5T;LIHC_P7T_P7T;LIHC_P8T_P8T,AHR;NR1H3,Forced into main text because it has same-cancer three-sample spatial recurrence
supplementary_priority_axis,19,19,False,LIHC,LIHC_AXIS_089,LIHC_CV089,(-)-epigallocatechin-3-gallate,MMP1,CTNNB1,MMP1,Plasma_cell,(-)-epigallocatechin-... | MMP1/CTNNB1,0.6506448947831542,0.7213934131242542,0.7424205673333333,0.9999592373333334,0.8649558478742714,,,0.4571780025987867,0.7827720351406074,0.6689597239476832,0.3840287195607206,0.8810534711289418,0.0,0.0,0.0,0.9999960224098664,4,IS2_high_priority_validation_axis,supplementary_top50_axis,moderate,1,1.0,D2_external_database_supported,C1_strong_same_cancer_prognosis,R2_moderate_RCTD_SPOTlight_concordance,PPI1_strong_support,LIHC_P5T_P5T;LIHC_P7T_P7T;LIHC_P8T_P8T,MMP1;CTNNB1,Retained for supplementary completeness and sensitivity interpretation
supplementary_priority_axis,20,20,False,LIHC,LIHC_AXIS_050,LIHC_CV050,Quercetin,MMP1,FOXO1,MMP1,Tumor_Lineage,Quercetin | MMP1/FOXO1,0.6490219560173018,0.7529986097199449,0.7541465313333333,0.9999459553333333,0.4873395565499758,,,0.8977793296042744,0.7827720351406074,0.7087235364986989,0.7559443064254457,0.8335283243475771,0.0,0.0,0.0,0.99999568202668,4,IS2_high_priority_validation_axis,main_figure_candidate_panel,moderate,3,2.0,D2_external_database_supported,C1_strong_same_cancer_prognosis,R1_strong_RCTD_SPOTlight_concordance,PPI1_strong_support,LIHC_P5T_P5T;LIHC_P7T_P7T;LIHC_P8T_P8T,MMP1;FOXO1,Retained for supplementary completeness and sensitivity interpretation
supplementary_background_axis,21,21,False,LIHC,LIHC_AXIS_046,LIHC_CV046,"4',5-Dihydroxyflavone",AR,E2F1,AR,Tumor_Lineage,"4',5-Dihydroxyflavone | AR/E2F1",0.64757001182438,0.7406596978349425,0.7427145566666666,0.999954416,0.8682644270171137,,,0.8977793296042744,0.358114836083681,0.7299597239476832,0.629676063971115,0.9193952780555086,0.0,0.0,0.0,0.9999953705904115,4,IS2_high_priority_validation_axis,supplementary_top50_axis,strong,2,1.0,D1_strong_binding_or_literature,C3_weak_or_cross_cancer_prognosis,R1_strong_RCTD_SPOTlight_concordance,PPI1_strong_support,LIHC_P5T_P5T;LIHC_P7T_P7T;LIHC_P8T_P8T,AR;E2F1,Retained for supplementary completeness and sensitivity interpretation
supplementary_background_axis,22,22,False,LIHC,LIHC_AXIS_043,LIHC_CV043,Rutaecarpine,CYP1A2,NR1I3,CYP1A2,Tumor_Lineage,Rutaecarpine | CYP1A2/NR1I3,0.6469773531143753,0.7490423896172473,0.7530199913333333,0.9999486046666667,0.8891823203641799,,,0.8977793296042744,0.4138570160967885,0.7425597239476832,0.728930775272374,0.7381573037388508,0.0,0.0,0.0,0.99999385702016,4,IS2_high_priority_validation_axis,main_figure_candidate_panel,strong,1,1.0,D1_strong_binding_or_literature,C3_weak_or_cross_cancer_prognosis,R1_strong_RCTD_SPOTlight_concordance,PPI1_strong_support,LIHC_P5T_P5T;LIHC_P7T_P7T;LIHC_P8T_P8T,CYP1A2;NR1I3,Retained for supplementary completeness and sensitivity interpretation
supplementary_background_axis,23,23,False,LIHC,LIHC_AXIS_096,LIHC_CV096,Quercetin,MMP1,CEBPG,MMP1,Plasma_cell,Quercetin | MMP1/CEBPG,0.6461133752220796,0.719593937673216,0.74689384,0.9999602706666667,0.8999999999999999,,,0.4571780025987867,0.7827720351406074,0.7087235364986989,0.4134771967668627,0.7269631298662532,0.0,0.0,0.0,0.999995642879963,4,IS2_high_priority_validation_axis,supplementary_top50_axis,moderate,3,2.0,D2_external_database_supported,C1_strong_same_cancer_prognosis,R2_moderate_RCTD_SPOTlight_concordance,PPI1_strong_support,LIHC_P5T_P5T;LIHC_P7T_P7T;LIHC_P8T_P8T,MMP1;CEBPG,Retained for supplementary completeness and sensitivity interpretation
supplementary_background_axis,24,24,False,LIHC,LIHC_AXIS_060,LIHC_CV060,Kaempferol,MMP1,FOXO1,MMP1,Tumor_Lineage,Kaempferol | MMP1/FOXO1,0.6454581300739921,0.7478998908278996,0.7541697826666667,0.999960866,0.4873395565499758,,,0.8977793296042744,0.7827720351406074,0.6773597239476832,0.7493920815344768,0.8343134740603435,0.0,0.0,0.0,0.9999951300389532,4,IS2_high_priority_validation_axis,supplementary_top50_axis,moderate,4,1.0,D2_external_database_supported,C1_strong_same_cancer_prognosis,R1_strong_RCTD_SPOTlight_concordance,PPI1_strong_support,LIHC_P5T_P5T;LIHC_P7T_P7T;LIHC_P8T_P8T,MMP1;FOXO1,Retained for supplementary completeness and sensitivity interpretation
supplementary_background_axis,25,25,False,LIHC,LIHC_AXIS_001,LIHC_CV001,Ellipticine,CYP1A1,NR1I3,CYP1A1,Tumor_Lineage,Ellipticine | CYP1A1/NR1I3,0.6454033377144157,0.7484698260809698,0.7450937153333334,0.9999662353333334,0.8979727764468793,,,0.8977793296042744,0.4441415916891483,0.7425597239476832,0.728930775272374,0.6792782344515313,0.0,0.0,0.0,0.9999994746442008,4,IS2_high_priority_validation_axis,main_figure_candidate_panel,strong,1,1.0,D1_strong_binding_or_literature,C3_weak_or_cross_cancer_prognosis,R1_strong_RCTD_SPOTlight_concordance,PPI1_strong_support,LIHC_P5T_P5T;LIHC_P7T_P7T;LIHC_P8T_P8T,CYP1A1;NR1I3,Retained for supplementary completeness and sensitivity interpretation
supplementary_background_axis,26,26,False,LIHC,LIHC_AXIS_059,LIHC_CV059,Luteolin,MMP1,FOXO1,MMP1,Tumor_Lineage,Luteolin | MMP1/FOXO1,0.6453003235791239,0.7477621112839113,0.7540738306666667,0.9999558573333334,0.4873395565499758,,,0.8977793296042744,0.7827720351406074,0.6773597239476832,0.7493920815344768,0.8329356786204611,0.0,0.0,0.0,0.9999951300389532,4,IS2_high_priority_validation_axis,supplementary_top50_axis,moderate,2,1.0,D2_external_database_supported,C1_strong_same_cancer_prognosis,R1_strong_RCTD_SPOTlight_concordance,PPI1_strong_support,LIHC_P5T_P5T;LIHC_P7T_P7T;LIHC_P8T_P8T,MMP1;FOXO1,Retained for supplementary completeness and sensitivity interpretation
supplementary_background_axis,27,27,False,LIHC,LIHC_AXIS_020,LIHC_CV020,Quercetin,MMP1,EWSR1,MMP1,Plasma_cell,Quercetin | MMP1/EWSR1,0.645180670204601,0.7306068394582054,0.7492101946666666,0.9999527359999999,0.8453033872102957,,,0.4571780025987867,0.7827720351406074,0.7087235364986989,0.5673373198765285,0.761851958423606,0.0,0.0,0.0,0.9999977547805452,4,IS2_high_priority_validation_axis,supplementary_top50_axis,moderate,3,2.0,D2_external_database_supported,C1_strong_same_cancer_prognosis,R2_moderate_RCTD_SPOTlight_concordance,PPI1_strong_support,LIHC_P5T_P5T;LIHC_P7T_P7T;LIHC_P8T_P8T,MMP1;EWSR1,Retained for supplementary completeness and sensitivity interpretation
supplementary_background_axis,28,28,False,LIHC,LIHC_AXIS_071,LIHC_CV071,(-)-epigallocatechin-3-gallate,MMP1,FOXO1,MMP1,Tumor_Lineage,(-)-epigallocatechin-... | MMP1/FOXO1,0.6451198420347323,0.7457385482107409,0.7581522686666666,0.9999047693333334,0.4873395565499758,,,0.8977793296042744,0.7827720351406074,0.6689597239476832,0.7402189666871203,0.8354679722667829,0.0,0.0,0.0,0.9999948191036236,4,IS2_high_priority_validation_axis,supplementary_top50_axis,moderate,1,1.0,D2_external_database_supported,C1_strong_same_cancer_prognosis,R1_strong_RCTD_SPOTlight_concordance,PPI1_strong_support,LIHC_P5T_P5T;LIHC_P7T_P7T;LIHC_P8T_P8T,MMP1;FOXO1,Retained for supplementary completeness and sensitivity interpretation
supplementary_background_axis,29,29,False,LIHC,LIHC_AXIS_026,LIHC_CV026,Luteolin,MMP1,EWSR1,MMP1,Plasma_cell,Luteolin | MMP1/EWSR1,0.6418114837009727,0.7257697060838135,0.7497149813333334,0.999950266,0.8453033872102957,,,0.4571780025987867,0.7827720351406074,0.6773597239476832,0.5624396848605216,0.7632672864588479,0.0,0.0,0.0,0.9999974844663284,4,IS2_high_priority_validation_axis,supplementary_top50_axis,moderate,2,1.0,D2_external_database_supported,C1_strong_same_cancer_prognosis,R2_moderate_RCTD_SPOTlight_concordance,PPI1_strong_support,LIHC_P5T_P5T;LIHC_P7T_P7T;LIHC_P8T_P8T,MMP1;EWSR1,Retained for supplementary completeness and sensitivity interpretation
supplementary_background_axis,30,30,False,LIHC,LIHC_AXIS_025,LIHC_CV025,Kaempferol,MMP1,EWSR1,MMP1,Plasma_cell,Kaempferol | MMP1/EWSR1,0.6413154976545086,0.7254326932539468,0.7488692426666667,0.9999543413333334,0.8453033872102957,,,0.4571780025987867,0.7827720351406074,0.6773597239476832,0.5624396848605216,0.7598971581601797,0.0,0.0,0.0,0.9999974844663284,4,IS2_high_priority_validation_axis,supplementary_top50_axis,moderate,4,1.0,D2_external_database_supported,C1_strong_same_cancer_prognosis,R2_moderate_RCTD_SPOTlight_concordance,PPI1_strong_support,LIHC_P5T_P5T;LIHC_P7T_P7T;LIHC_P8T_P8T,MMP1;EWSR1,Retained for supplementary completeness and sensitivity interpretation
supplementary_background_axis,31,31,False,LIHC,LIHC_AXIS_030,LIHC_CV030,(-)-epigallocatechin-3-gallate,MMP1,EWSR1,MMP1,Plasma_cell,(-)-epigallocatechin-... | MMP1/EWSR1,0.6394040359432883,0.7237061469971,0.7428835026666666,0.9999587773333334,0.8453033872102957,,,0.4571780025987867,0.7827720351406074,0.6689597239476832,0.5555829958381122,0.7626198039762544,0.0,0.0,0.0,0.999997348536911,4,IS2_high_priority_validation_axis,supplementary_top50_axis,moderate,1,1.0,D2_external_database_supported,C1_strong_same_cancer_prognosis,R2_moderate_RCTD_SPOTlight_concordance,PPI1_strong_support,LIHC_P5T_P5T;LIHC_P7T_P7T;LIHC_P8T_P8T,MMP1;EWSR1,Retained for supplementary completeness and sensitivity interpretation
supplementary_background_axis,32,32,False,LIHC,LIHC_AXIS_073,LIHC_CV073,Kaempferol,AR,E2F1,AR,Tumor_Lineage,Kaempferol | AR/E2F1,0.638766296864876,0.7295077867067272,0.7358077253333334,0.999947586,0.8682644270171137,,,0.8977793296042744,0.358114836083681,0.6689597239476832,0.6102760860814993,0.9165569671642996,0.0,0.0,0.0,0.9999939923847392,4,IS2_high_priority_validation_axis,supplementary_top50_axis,moderate,1,1.0,D2_external_database_supported,C3_weak_or_cross_cancer_prognosis,R1_strong_RCTD_SPOTlight_concordance,PPI1_strong_support,LIHC_P5T_P5T;LIHC_P7T_P7T;LIHC_P8T_P8T,AR;E2F1,Retained for supplementary completeness and sensitivity interpretation
supplementary_background_axis,33,33,False,LIHC,LIHC_AXIS_031,LIHC_CV031,Quercetin,MMP1,CEBPG,MMP1,T_NK_ILC,Quercetin | MMP1/CEBPG,0.638187354852321,0.7464101169661174,0.7530101899999999,0.9999564353333333,0.5626183481119715,,,0.7773004860217321,0.7827720351406074,0.7087235364986989,0.8263000680028225,0.7263315890978913,0.0,0.0,0.0,0.9999918348768884,4,IS2_high_priority_validation_axis,supplementary_top50_axis,moderate,3,2.0,D2_external_database_supported,C1_strong_same_cancer_prognosis,R1_strong_RCTD_SPOTlight_concordance,PPI1_strong_support,LIHC_P5T_P5T;LIHC_P7T_P7T;LIHC_P8T_P8T,MMP1;CEBPG,Retained for supplementary completeness and sensitivity interpretation
supplementary_background_axis,34,34,False,LIHC,LIHC_AXIS_040,LIHC_CV040,Eckol,BACE1,CTNNB1,BACE1,Plasma_cell,Eckol | BACE1/CTNNB1,0.6364135739967195,0.7042961554837668,0.7431586353333334,0.9999414633333333,0.8353879943982965,,,0.4571780025987867,0.7052406837396119,0.7003235364986989,0.3861668018095492,0.8778037615742856,0.0,0.0,0.0,0.9999968667993768,4,IS2_high_priority_validation_axis,supplementary_top50_axis,moderate,3,2.0,D2_external_database_supported,C2_moderate_same_cancer_prognosis,R2_moderate_RCTD_SPOTlight_concordance,PPI1_strong_support,LIHC_P5T_P5T;LIHC_P7T_P7T;LIHC_P8T_P8T,BACE1;CTNNB1,Retained for supplementary completeness and sensitivity interpretation
supplementary_background_axis,35,35,False,LIHC,LIHC_AXIS_009,LIHC_CV009,Quercetin,CYP1A1,NR1I3,CYP1A1,Tumor_Lineage,Quercetin | CYP1A1/NR1I3,0.6296900542337097,0.7313028879123435,0.739807314,0.9999484206666666,0.8979727764468793,,,0.8977793296042744,0.3111039756886031,0.805278161220686,0.7348277776742461,0.6788036606342431,0.0,0.0,0.0,0.9999964897569792,4,IS2_high_priority_validation_axis,supplementary_top50_axis,strong,7,4.0,D1_strong_binding_or_literature,C3_weak_or_cross_cancer_prognosis,R1_strong_RCTD_SPOTlight_concordance,PPI1_strong_support,LIHC_P5T_P5T;LIHC_P7T_P7T;LIHC_P8T_P8T,CYP1A1;NR1I3,Retained for supplementary completeness and sensitivity interpretation
supplementary_background_axis,36,36,False,LIHC,LIHC_AXIS_006,LIHC_CV006,Kaempferol,AHR,NR1H3,AHR,Plasma_cell,Kaempferol | AHR/NR1H3,0.6259059837171964,0.727638891709885,0.7532069033333334,0.9999510106666667,0.8078295057904876,,,0.4571780025987867,0.6156618463158938,0.7425597239476832,0.7972056279866822,0.7931275570567289,0.0,0.0,0.0,0.999998475133802,4,IS2_high_priority_validation_axis,supplementary_top50_axis,strong,1,1.0,D1_strong_binding_or_literature,C2_moderate_same_cancer_prognosis,R2_moderate_RCTD_SPOTlight_concordance,PPI1_strong_support,LIHC_P5T_P5T;LIHC_P7T_P7T;LIHC_P8T_P8T,AHR;NR1H3,Retained for supplementary completeness and sensitivity interpretation
supplementary_background_axis,37,37,False,LIHC,LIHC_AXIS_017,LIHC_CV017,Kaempferol,CYP1A1,NR1I3,CYP1A1,Tumor_Lineage,Kaempferol | CYP1A1/NR1I3,0.6240057415844961,0.7237502235257974,0.736222846,0.9999481646666666,0.8979727764468793,,,0.8977793296042744,0.3111039756886031,0.7613235364986989,0.7217233278923082,0.6805392573040607,0.0,0.0,0.0,0.9999957794466934,4,IS2_high_priority_validation_axis,supplementary_top50_axis,strong,2,2.0,D1_strong_binding_or_literature,C3_weak_or_cross_cancer_prognosis,R1_strong_RCTD_SPOTlight_concordance,PPI1_strong_support,LIHC_P5T_P5T;LIHC_P7T_P7T;LIHC_P8T_P8T,CYP1A1;NR1I3,Retained for supplementary completeness and sensitivity interpretation
supplementary_background_axis,38,38,False,LIHC,LIHC_AXIS_003,LIHC_CV003,Hyperforin,NR1I2,NR1I3,NR1I2,Tumor_Lineage,Hyperforin | NR1I2/NR1I3,0.6226528348982193,0.7011171158252517,0.7415084493333333,0.9999448946666667,0.9,,,0.8977793296042744,0.3538399376312154,0.7425597239476832,0.728930775272374,0.6655953967095192,0.0,0.0,0.0,0.5278404683016275,4,IS2_high_priority_validation_axis,supplementary_top50_axis,strong,1,1.0,D1_strong_binding_or_literature,C3_weak_or_cross_cancer_prognosis,R1_strong_RCTD_SPOTlight_concordance,PPI1_strong_support,LIHC_P5T_P5T;LIHC_P7T_P7T;LIHC_P8T_P8T,NR1I2;NR1I3,Retained for supplementary completeness and sensitivity interpretation
supplementary_background_axis,39,39,False,LIHC,LIHC_AXIS_018,LIHC_CV018,Galangin,CYP1A1,NR1I3,CYP1A1,Tumor_Lineage,Galangin | CYP1A1/NR1I3,0.6225220238584906,0.721826042251698,0.7393918153333333,0.9999401653333333,0.8979727764468793,,,0.8977793296042744,0.3111039756886031,0.7425597239476832,0.728930775272374,0.678917915783783,0.0,0.0,0.0,0.9999956619377364,4,IS2_high_priority_validation_axis,supplementary_top50_axis,strong,1,1.0,D1_strong_binding_or_literature,C3_weak_or_cross_cancer_prognosis,R1_strong_RCTD_SPOTlight_concordance,PPI1_strong_support,LIHC_P5T_P5T;LIHC_P7T_P7T;LIHC_P8T_P8T,CYP1A1;NR1I3,Retained for supplementary completeness and sensitivity interpretation
supplementary_background_axis,40,40,False,LIHC,LIHC_AXIS_047,LIHC_CV047,Artemisinin,CYP2B6,NR1I3,CYP2B6,Tumor_Lineage,Artemisinin | CYP2B6/NR1I3,0.6222989562432625,0.719511303436393,0.7421416426666667,0.9999404906666667,0.9,,,0.8977793296042744,0.3111039756886031,0.7299597239476832,0.7151711030013391,0.6858671555058388,0.0,0.0,0.0,0.9999965481775628,4,IS2_high_priority_validation_axis,supplementary_top50_axis,strong,4,1.0,D1_strong_binding_or_literature,C3_weak_or_cross_cancer_prognosis,R1_strong_RCTD_SPOTlight_concordance,PPI1_strong_support,LIHC_P5T_P5T;LIHC_P7T_P7T;LIHC_P8T_P8T,CYP2B6;NR1I3,Retained for supplementary completeness and sensitivity interpretation
supplementary_background_axis,41,41,False,LIHC,LIHC_AXIS_004,LIHC_CV004,"4',5-Dihydroxyflavone",AR,FOXM1,AR,Tumor_Lineage,"4',5-Dihydroxyflavone | AR/FOXM1",0.6170403167999889,0.7064039017788981,0.730434706,0.99991501,0.8492549476247163,,,0.8977793296042744,0.2178553777044699,0.7299597239476832,0.627061578649005,0.8985106000621552,0.0,0.0,0.0,0.9999986628615112,4,IS2_high_priority_validation_axis,supplementary_top50_axis,strong,2,1.0,D1_strong_binding_or_literature,C4_low_clinical_prognosis_support,R1_strong_RCTD_SPOTlight_concordance,PPI1_strong_support,LIHC_P5T_P5T;LIHC_P7T_P7T;LIHC_P8T_P8T,AR;FOXM1,Retained for supplementary completeness and sensitivity interpretation
supplementary_background_axis,42,42,False,LIHC,LIHC_AXIS_091,LIHC_CV091,Kaempferol,AR,FOXM1,AR,Tumor_Lineage,Kaempferol | AR/FOXM1,0.6091469526698214,0.695766294035061,0.7253663926666667,0.9998790900000001,0.8492549476247163,,,0.8977793296042744,0.2178553777044699,0.6689597239476832,0.6070925559136601,0.901500674730612,0.0,0.0,0.0,0.9999931214874864,4,IS2_high_priority_validation_axis,supplementary_top50_axis,moderate,1,1.0,D2_external_database_supported,C4_low_clinical_prognosis_support,R1_strong_RCTD_SPOTlight_concordance,PPI1_strong_support,LIHC_P5T_P5T;LIHC_P7T_P7T;LIHC_P8T_P8T,AR;FOXM1,Retained for supplementary completeness and sensitivity interpretation
supplementary_background_axis,43,43,False,LIHC,LIHC_AXIS_069,LIHC_CV069,"4',5-Dihydroxyflavone",AR,FOXO1,AR,Tumor_Lineage,"4',5-Dihydroxyflavone | AR/FOXO1",0.608169765724464,0.7066302616178465,0.7338521179999999,0.9999089853333333,0.7261245558197763,,,0.8977793296042744,0.2572889700395168,0.7299597239476832,0.7631517538055116,0.9048622442658242,0.0,0.0,0.0,0.999994234424498,4,IS2_high_priority_validation_axis,supplementary_top50_axis,strong,2,1.0,D1_strong_binding_or_literature,C3_weak_or_cross_cancer_prognosis,R1_strong_RCTD_SPOTlight_concordance,PPI1_strong_support,LIHC_P5T_P5T;LIHC_P7T_P7T;LIHC_P8T_P8T,AR;FOXO1,Retained for supplementary completeness and sensitivity interpretation
supplementary_background_axis,44,44,False,LIHC,LIHC_AXIS_028,LIHC_CV028,Quercetin,CDK1,NFYA,CDK1,Plasma_cell,Quercetin | CDK1/NFYA,0.6066581248255196,0.6858582910683467,0.7350897166666666,0.9999342493333334,0.8125053624822516,,,0.4571780025987867,0.4689051918201709,0.7853194478953663,0.5647650884691191,0.8785511154332556,0.0,0.0,0.0,0.9999935829843491,3,IS2_high_priority_validation_axis,supplementary_top50_axis,strong,3,3.0,D1_strong_binding_or_literature,C2_moderate_same_cancer_prognosis,R2_moderate_RCTD_SPOTlight_concordance,PPI1_strong_support,LIHC_P5T_P5T;LIHC_P7T_P7T;LIHC_P8T_P8T,CDK1;NFYA,Retained for supplementary completeness and sensitivity interpretation
supplementary_background_axis,45,45,False,LIHC,LIHC_AXIS_099,LIHC_CV099,Quercetin,MMP1,HOPX,MMP1,Tumor_Lineage,Quercetin | MMP1/HOPX,0.6045426763019793,0.6986866858345353,0.7332096473333334,0.9999035893333333,0.3971302421365207,,,0.8977793296042744,0.7827720351406074,0.7087235364986989,0.6822021399883228,0.6093170792111035,0.0,0.0,0.0,0.9999977400830692,4,IS2_high_priority_validation_axis,supplementary_top50_axis,moderate,3,2.0,D2_external_database_supported,C1_strong_same_cancer_prognosis,R1_strong_RCTD_SPOTlight_concordance,PPI2_moderate_support,LIHC_P5T_P5T;LIHC_P7T_P7T;LIHC_P8T_P8T,MMP1;HOPX,Retained for supplementary completeness and sensitivity interpretation
supplementary_background_axis,46,46,False,LIHC,LIHC_AXIS_100,LIHC_CV100,Quercetin,CYP1A1,NR1H3,CYP1A1,Plasma_cell,Quercetin | CYP1A1/NR1H3,0.6011550763575306,0.6993193413761969,0.7461298933333332,0.999956572,0.7082376985774348,,,0.4571780025987867,0.6156618463158938,0.805278161220686,0.8031220723207824,0.6642125245251256,0.0,0.0,0.0,0.9999944721966414,4,IS2_high_priority_validation_axis,supplementary_top50_axis,strong,7,4.0,D1_strong_binding_or_literature,C2_moderate_same_cancer_prognosis,R2_moderate_RCTD_SPOTlight_concordance,PPI1_strong_support,LIHC_P5T_P5T;LIHC_P7T_P7T;LIHC_P8T_P8T,CYP1A1;NR1H3,Retained for supplementary completeness and sensitivity interpretation
supplementary_background_axis,47,47,False,LIHC,LIHC_AXIS_027,LIHC_CV027,Quercetin,CDK1,KLF5,CDK1,Plasma_cell,Quercetin | CDK1/KLF5,0.5980294920778927,0.6912572137009905,0.7359806906666667,0.999938112,0.7225037437116446,,,0.4571780025987867,0.4689051918201709,0.7853194478953663,0.7511797586639237,0.8888439055040582,0.0,0.0,0.0,0.9999970322561532,3,IS2_high_priority_validation_axis,supplementary_top50_axis,strong,3,3.0,D1_strong_binding_or_literature,C2_moderate_same_cancer_prognosis,R2_moderate_RCTD_SPOTlight_concordance,PPI1_strong_support,LIHC_P5T_P5T;LIHC_P7T_P7T;LIHC_P8T_P8T,CDK1;KLF5,Retained for supplementary completeness and sensitivity interpretation
supplementary_background_axis,48,48,False,LIHC,LIHC_AXIS_090,LIHC_CV090,Triptolide,PTGS2,NR1H3,PTGS2,Plasma_cell,Triptolide | PTGS2/NR1H3,0.5844413486573647,0.679078803856503,0.742478638,0.9999569246666666,0.5578926046488161,,,0.4571780025987867,0.6156618463158938,0.7425597239476832,0.7972056279866822,0.807403809118142,0.0,0.0,0.0,0.999992927947318,3,IS3_supplementary_mechanistic_axis,supplementary_top50_axis,strong,1,1.0,D1_strong_binding_or_literature,C2_moderate_same_cancer_prognosis,R2_moderate_RCTD_SPOTlight_concordance,PPI1_strong_support,LIHC_P5T_P5T;LIHC_P7T_P7T;LIHC_P8T_P8T,PTGS2;NR1H3,Retained for supplementary completeness and sensitivity interpretation
supplementary_background_axis,49,49,False,LIHC,LIHC_AXIS_051,LIHC_CV051,Quercetin,CDK1,SP1,CDK1,T_NK_ILC,Quercetin | CDK1/SP1,0.5817498940110774,0.6908688516051005,0.7334313493333333,0.9999311046666667,0.365022752811414,,,0.7773004860217321,0.4689051918201709,0.7853194478953663,0.9540971960573852,0.9082519463599644,0.0,0.0,0.0,0.9999935627917832,3,IS2_high_priority_validation_axis,supplementary_top50_axis,strong,3,3.0,D1_strong_binding_or_literature,C2_moderate_same_cancer_prognosis,R1_strong_RCTD_SPOTlight_concordance,PPI1_strong_support,LIHC_P5T_P5T;LIHC_P7T_P7T;LIHC_P8T_P8T,CDK1;SP1,Retained for supplementary completeness and sensitivity interpretation
supplementary_background_axis,50,50,False,LIHC,LIHC_AXIS_022,LIHC_CV022,Indirubin,CDK1,E2F1,CDK1,T_NK_ILC,Indirubin | CDK1/E2F1,0.5766878638864491,0.6795050577234238,0.7308388193333334,0.9999181413333333,0.4038126482585775,,,0.7773004860217321,0.4689051918201709,0.7003235364986989,0.8933937588462115,0.9088712637026444,0.0,0.0,0.0,0.9999958187167326,3,IS3_supplementary_mechanistic_axis,supplementary_top50_axis,moderate,3,2.0,D2_external_database_supported,C2_moderate_same_cancer_prognosis,R1_strong_RCTD_SPOTlight_concordance,PPI1_strong_support,LIHC_P5T_P5T;LIHC_P7T_P7T;LIHC_P8T_P8T,CDK1;E2F1,Retained for supplementary completeness and sensitivity interpretation
main_text_core_axis,2,1,False,STAD,STAD_AXIS_021,STAD_CV021,Eriodyctiol (flavanone),HSP90AB1,HOPX,HSP90AB1,Fibroblast_CAF,Eriodyctiol | HSP90AB1/HOPX,0.7387591149818986,0.8192460420844396,0.7830911460000001,0.9998847373333334,0.7440378530815416,three_sample_recurrent_high,0.3342788628467369,0.8815972798421099,0.9645813597317514,0.6806,0.8356743547390865,0.8444811439794759,0.0,0.0,0.0,0.5680923896207927,5,IS1_publication_core_axis,main_text_flagship_axis,strong,1,,D1_strong_binding_or_literature,C1_strong_same_cancer_prognosis,R1_strong_RCTD_SPOTlight_concordance,PPI1_strong_support,STAD_GSM7990473_GC1;STAD_GSM7990474_21_00731_LI_SING;STAD_GSM7990475_21_00732_LI_SING,HSP90AB1;HOPX,Top integrated/HGNN/spatial-clinical evidence axis within cancer
main_text_core_axis,3,2,False,STAD,STAD_AXIS_017,STAD_CV017,Quercetin,PLAU,ETS1,PLAU,Fibroblast_CAF,Quercetin | PLAU/ETS1,0.7146258669504014,0.831244882031456,0.772351522,0.9998853733333333,0.8471185487289651,,,0.8815972798421099,0.8158751301563165,0.6877235364986989,0.7867624467797294,0.8452976521247821,0.0,0.0,0.0,0.9999995523440104,5,IS1_publication_core_axis,main_text_flagship_axis,moderate,3,2.0,D2_external_database_supported,C1_strong_same_cancer_prognosis,R1_strong_RCTD_SPOTlight_concordance,PPI1_strong_support,STAD_GSM7990473_GC1;STAD_GSM7990474_21_00731_LI_SING;STAD_GSM7990475_21_00732_LI_SING,PLAU;ETS1,Top integrated/HGNN/spatial-clinical evidence axis within cancer
main_text_core_axis,4,3,False,STAD,STAD_AXIS_029,STAD_CV029,Quercetin,PLAU,HIF1A,PLAU,Fibroblast_CAF,Quercetin | PLAU/HIF1A,0.7141191280535707,0.8191509548381224,0.7699502653333333,0.9998964026666666,0.8353754176461786,,,0.8815972798421099,0.8158751301563165,0.6877235364986989,0.6639337225075225,0.8952392398202462,0.0,0.0,0.0,0.9999993384497124,5,IS1_publication_core_axis,main_text_flagship_axis,moderate,3,2.0,D2_external_database_supported,C1_strong_same_cancer_prognosis,R1_strong_RCTD_SPOTlight_concordance,PPI1_strong_support,STAD_GSM7990473_GC1;STAD_GSM7990474_21_00731_LI_SING;STAD_GSM7990475_21_00732_LI_SING,PLAU;HIF1A,Top integrated/HGNN/spatial-clinical evidence axis within cancer
main_text_core_axis,5,4,False,STAD,STAD_AXIS_010,STAD_CV010,Quercetin,PLAU,MYC,PLAU,Fibroblast_CAF,Quercetin | PLAU/MYC,0.7139673585862254,0.8267994771279995,0.7658728526666666,0.999515036,0.8125986023801656,,,0.8815972798421099,0.8158751301563165,0.6877235364986989,0.8257085299724876,0.9156480865802864,0.0,0.0,0.0,0.9999997346377114,5,IS1_publication_core_axis,main_text_flagship_axis,moderate,3,2.0,D2_external_database_supported,C1_strong_same_cancer_prognosis,R1_strong_RCTD_SPOTlight_concordance,PPI1_strong_support,STAD_GSM7990473_GC1;STAD_GSM7990474_21_00731_LI_SING;STAD_GSM7990475_21_00732_LI_SING,PLAU;MYC,Top integrated/HGNN/spatial-clinical evidence axis within cancer
main_text_core_axis,6,5,False,STAD,STAD_AXIS_049,STAD_CV049,Quercetin,PLAU,NR3C1,PLAU,Fibroblast_CAF,Quercetin | PLAU/NR3C1,0.7111519844803519,0.8114054178277956,0.7683353866666667,0.9999070466666667,0.8344634995523436,,,0.8815972798421099,0.8158751301563165,0.6877235364986989,0.6098973398851286,0.8844515260741609,0.0,0.0,0.0,0.9999990700786467,5,IS1_publication_core_axis,supplementary_top50_axis,moderate,3,2.0,D2_external_database_supported,C1_strong_same_cancer_prognosis,R1_strong_RCTD_SPOTlight_concordance,PPI1_strong_support,STAD_GSM7990473_GC1;STAD_GSM7990474_21_00731_LI_SING;STAD_GSM7990475_21_00732_LI_SING,PLAU;NR3C1,Top integrated/HGNN/spatial-clinical evidence axis within cancer
main_text_core_axis,7,6,False,STAD,STAD_AXIS_027,STAD_CV027,Quercetin,PLAU,FOS,PLAU,Fibroblast_CAF,Quercetin | PLAU/FOS,0.7090889489807087,0.8194719619094621,0.7704732633333333,0.9998976,0.7937741885572319,,,0.8815972798421099,0.8158751301563165,0.6877235364986989,0.7380565325549403,0.8927043300967068,0.0,0.0,0.0,0.9999994493795918,5,IS1_publication_core_axis,main_text_flagship_axis,moderate,3,2.0,D2_external_database_supported,C1_strong_same_cancer_prognosis,R1_strong_RCTD_SPOTlight_concordance,PPI1_strong_support,STAD_GSM7990473_GC1;STAD_GSM7990474_21_00731_LI_SING;STAD_GSM7990475_21_00732_LI_SING,PLAU;FOS,Top integrated/HGNN/spatial-clinical evidence axis within cancer
main_text_core_axis,8,7,False,STAD,STAD_AXIS_024,STAD_CV024,Quercetin,PLAU,JUN,PLAU,Fibroblast_CAF,Quercetin | PLAU/JUN,0.7070092308116857,0.8162367726106996,0.7702416226666666,0.9998943873333332,0.7665448788795638,,,0.8815972798421099,0.8158751301563165,0.6877235364986989,0.7362577392041131,0.9169697795720174,0.0,0.0,0.0,0.9999991642352488,5,IS1_publication_core_axis,main_figure_candidate_panel,moderate,3,2.0,D2_external_database_supported,C1_strong_same_cancer_prognosis,R1_strong_RCTD_SPOTlight_concordance,PPI1_strong_support,STAD_GSM7990473_GC1;STAD_GSM7990474_21_00731_LI_SING;STAD_GSM7990475_21_00732_LI_SING,PLAU;JUN,Top integrated/HGNN/spatial-clinical evidence axis within cancer
supplementary_priority_axis,8,8,False,STAD,STAD_AXIS_007,STAD_CV007,Quercetin,PLAU,RELA,PLAU,Fibroblast_CAF,Quercetin | PLAU/RELA,0.7069272131138095,0.8127682175218977,0.7607607273333333,0.9999314033333333,0.8027634798436195,,,0.8815972798421099,0.8158751301563165,0.6877235364986989,0.7059323042880372,0.892487197896687,0.0,0.0,0.0,0.9999997488327328,5,IS1_publication_core_axis,main_figure_candidate_panel,moderate,3,2.0,D2_external_database_supported,C1_strong_same_cancer_prognosis,R1_strong_RCTD_SPOTlight_concordance,PPI1_strong_support,STAD_GSM7990473_GC1;STAD_GSM7990474_21_00731_LI_SING;STAD_GSM7990475_21_00732_LI_SING,PLAU;RELA,Retained for supplementary completeness and sensitivity interpretation
supplementary_priority_axis,9,9,False,STAD,STAD_AXIS_100,STAD_CV100,Quercetin,PLAU,CREB1,PLAU,Fibroblast_CAF,Quercetin | PLAU/CREB1,0.7065668834968188,0.8019077494430396,0.765752738,0.999921326,0.8098541253267094,,,0.8815972798421099,0.8158751301563165,0.6877235364986989,0.5621576597775237,0.8959813726765296,0.0,0.0,0.0,0.999998793629421,5,IS1_publication_core_axis,supplementary_top50_axis,moderate,3,2.0,D2_external_database_supported,C1_strong_same_cancer_prognosis,R1_strong_RCTD_SPOTlight_concordance,PPI1_strong_support,STAD_GSM7990473_GC1;STAD_GSM7990474_21_00731_LI_SING;STAD_GSM7990475_21_00732_LI_SING,PLAU;CREB1,Retained for supplementary completeness and sensitivity interpretation
supplementary_priority_axis,10,10,False,STAD,STAD_AXIS_050,STAD_CV050,Quercetin,PLAU,NFKB1,PLAU,Fibroblast_CAF,Quercetin | PLAU/NFKB1,0.7057897525402684,0.8082891741944616,0.7681407253333333,0.9999122013333334,0.7951166035555758,,,0.8815972798421099,0.8158751301563165,0.6877235364986989,0.6486733705721619,0.8854516288099397,0.0,0.0,0.0,0.9999990969119392,5,IS1_publication_core_axis,supplementary_top50_axis,moderate,3,2.0,D2_external_database_supported,C1_strong_same_cancer_prognosis,R1_strong_RCTD_SPOTlight_concordance,PPI1_strong_support,STAD_GSM7990473_GC1;STAD_GSM7990474_21_00731_LI_SING;STAD_GSM7990475_21_00732_LI_SING,PLAU;NFKB1,Retained for supplementary completeness and sensitivity interpretation
supplementary_priority_axis,11,11,False,STAD,STAD_AXIS_041,STAD_CV041,Quercetin,PLAU,RUNX2,PLAU,Fibroblast_CAF,Quercetin | PLAU/RUNX2,0.7053316086015141,0.8067579978038836,0.7673483486666667,0.9999139033333333,0.8255590264073033,,,0.8815972798421099,0.8158751301563165,0.6877235364986989,0.6230068894028404,0.8400547778720087,0.0,0.0,0.0,0.9999991281317444,5,IS1_publication_core_axis,supplementary_top50_axis,moderate,3,2.0,D2_external_database_supported,C1_strong_same_cancer_prognosis,R1_strong_RCTD_SPOTlight_concordance,PPI1_strong_support,STAD_GSM7990473_GC1;STAD_GSM7990474_21_00731_LI_SING;STAD_GSM7990475_21_00732_LI_SING,PLAU;RUNX2,Retained for supplementary completeness and sensitivity interpretation
supplementary_priority_axis,12,12,False,STAD,STAD_AXIS_085,STAD_CV085,(-)-epigallocatechin-3-gallate,APP,MYC,APP,Fibroblast_CAF,(-)-epigallocatechin-... | APP/MYC,0.7042912744888155,0.8168519714642093,0.774962508,0.99986197,0.757989510713169,,,0.8815972798421099,0.6840762923679519,0.805278161220686,0.8825879356116386,0.9636582208991404,0.0,0.0,0.0,0.9999979122647168,5,IS1_publication_core_axis,main_figure_candidate_panel,strong,4,4.0,D1_strong_binding_or_literature,C2_moderate_same_cancer_prognosis,R1_strong_RCTD_SPOTlight_concordance,PPI1_strong_support,STAD_GSM7990473_GC1;STAD_GSM7990474_21_00731_LI_SING;STAD_GSM7990475_21_00732_LI_SING,APP;MYC,Retained for supplementary completeness and sensitivity interpretation
supplementary_priority_axis,13,13,False,STAD,STAD_AXIS_078,STAD_CV078,Quercetin,PLAU,RBPJ,PLAU,Fibroblast_CAF,Quercetin | PLAU/RBPJ,0.7029990415251831,0.8119326960824196,0.7681296773333333,0.9999235926666666,0.8423367244837209,,,0.8815972798421099,0.8158751301563165,0.6877235364986989,0.7175933869423695,0.7697427325372688,0.0,0.0,0.0,0.999998852998128,5,IS1_publication_core_axis,supplementary_top50_axis,moderate,3,2.0,D2_external_database_supported,C1_strong_same_cancer_prognosis,R1_strong_RCTD_SPOTlight_concordance,PPI1_strong_support,STAD_GSM7990473_GC1;STAD_GSM7990474_21_00731_LI_SING;STAD_GSM7990475_21_00732_LI_SING,PLAU;RBPJ,Retained for supplementary completeness and sensitivity interpretation
supplementary_priority_axis,14,14,False,STAD,STAD_AXIS_008,STAD_CV008,Quercetin,PLAU,E2F1,PLAU,Fibroblast_CAF,Quercetin | PLAU/E2F1,0.700917957109661,0.8162413546880012,0.7678374713333334,0.9999289966666666,0.7684291478312152,,,0.8815972798421099,0.8158751301563165,0.6877235364986989,0.8287947316298274,0.8433991946566526,0.0,0.0,0.0,0.9313382923589492,5,IS1_publication_core_axis,main_figure_candidate_panel,moderate,3,2.0,D2_external_database_supported,C1_strong_same_cancer_prognosis,R1_strong_RCTD_SPOTlight_concordance,PPI1_strong_support,STAD_GSM7990473_GC1;STAD_GSM7990474_21_00731_LI_SING;STAD_GSM7990475_21_00732_LI_SING,PLAU;E2F1,Retained for supplementary completeness and sensitivity interpretation
supplementary_priority_axis,15,15,False,STAD,STAD_AXIS_022,STAD_CV022,Quercetin,PLAU,HOXD3,PLAU,Fibroblast_CAF,Quercetin | PLAU/HOXD3,0.6978971600448625,0.8149238429555395,0.7636845633333333,0.9999465933333334,0.8623801854796856,,,0.8815972798421099,0.8158751301563165,0.6877235364986989,0.7858327152626696,0.6776798751382346,0.0,0.0,0.0,0.9999992032547018,5,IS1_publication_core_axis,main_figure_candidate_panel,moderate,3,2.0,D2_external_database_supported,C1_strong_same_cancer_prognosis,R1_strong_RCTD_SPOTlight_concordance,PPI1_strong_support,STAD_GSM7990473_GC1;STAD_GSM7990474_21_00731_LI_SING;STAD_GSM7990475_21_00732_LI_SING,PLAU;HOXD3,Retained for supplementary completeness and sensitivity interpretation
supplementary_priority_axis,16,16,False,STAD,STAD_AXIS_040,STAD_CV040,Quercetin,PLAU,REL,PLAU,Fibroblast_CAF,Quercetin | PLAU/REL,0.6970408583398544,0.8044152302204229,0.76901527,0.9999142873333333,0.7870429301074885,,,0.8815972798421099,0.8158751301563165,0.6877235364986989,0.7244840908446862,0.7968865819055004,0.0,0.0,0.0,0.9999992464672718,5,IS1_publication_core_axis,supplementary_top50_axis,moderate,3,2.0,D2_external_database_supported,C1_strong_same_cancer_prognosis,R1_strong_RCTD_SPOTlight_concordance,PPI1_strong_support,STAD_GSM7990473_GC1;STAD_GSM7990474_21_00731_LI_SING;STAD_GSM7990475_21_00732_LI_SING,PLAU;REL,Retained for supplementary completeness and sensitivity interpretation
supplementary_priority_axis,17,17,False,STAD,STAD_AXIS_005,STAD_CV005,Quercetin,PLAU,GTF3A,PLAU,Fibroblast_CAF,Quercetin | PLAU/GTF3A,0.6941208060080035,0.8091136413838345,0.7616593046666666,0.9997973286666666,0.7991736594746827,,,0.8815972798421099,0.8158751301563165,0.6877235364986989,0.8108526171492321,0.7458201250071924,0.0,0.0,0.0,0.908577376854903,5,IS1_publication_core_axis,supplementary_top50_axis,moderate,3,2.0,D2_external_database_supported,C1_strong_same_cancer_prognosis,R1_strong_RCTD_SPOTlight_concordance,PPI1_strong_support,STAD_GSM7990473_GC1;STAD_GSM7990474_21_00731_LI_SING;STAD_GSM7990475_21_00732_LI_SING,PLAU;GTF3A,Retained for supplementary completeness and sensitivity interpretation
supplementary_priority_axis,18,18,False,STAD,STAD_AXIS_013,STAD_CV013,Quercetin,CYP1B1,ESR1,CYP1B1,Fibroblast_CAF,Quercetin | CYP1B1/ESR1,0.6917553314237521,0.7883330953808916,0.7575195593333334,0.9999302513333334,0.92617777888343,,,0.8815972798421099,0.462386342460207,0.8852832604463821,0.6595338789553375,0.9248798996955024,0.0,0.0,0.0,0.999999000459742,4,IS1_publication_core_axis,supplementary_top50_axis,strong,8,5.0,D1_strong_binding_or_literature,C2_moderate_same_cancer_prognosis,R1_strong_RCTD_SPOTlight_concordance,PPI1_strong_support,STAD_GSM7990473_GC1;STAD_GSM7990474_21_00731_LI_SING;STAD_GSM7990475_21_00732_LI_SING,CYP1B1;ESR1,Retained for supplementary completeness and sensitivity interpretation
supplementary_priority_axis,19,19,False,STAD,STAD_AXIS_020,STAD_CV020,Coryincine,ADRA1D,RELA,ADRA1D,Fibroblast_CAF,Coryincine | ADRA1D/RELA,0.6862634112722754,0.7959308804985041,0.7685771093333333,0.999831778,0.719761898257144,,,0.8815972798421099,0.6073973279369225,0.902678161220686,0.7681971117926388,0.8851699431786603,0.0,0.0,0.0,0.9999970962986104,5,IS1_publication_core_axis,supplementary_top50_axis,very_strong,5,4.0,D1_strong_binding_or_literature,C2_moderate_same_cancer_prognosis,R1_strong_RCTD_SPOTlight_concordance,PPI1_strong_support,STAD_GSM7990473_GC1;STAD_GSM7990474_21_00731_LI_SING;STAD_GSM7990475_21_00732_LI_SING,ADRA1D;RELA,Retained for supplementary completeness and sensitivity interpretation
supplementary_priority_axis,20,20,False,STAD,STAD_AXIS_019,STAD_CV019,Quercetin,AKR1B1,RELA,AKR1B1,Fibroblast_CAF,Quercetin | AKR1B1/RELA,0.6859598728328055,0.7948038136923004,0.7573390506666667,0.9999443806666667,0.7582800460221685,,,0.8815972798421099,0.5807625322928605,0.9152791718430496,0.7812430714602696,0.8793347395985409,0.0,0.0,0.0,0.9999992043047644,4,IS1_publication_core_axis,supplementary_top50_axis,strong,8,7.0,D1_strong_binding_or_literature,C2_moderate_same_cancer_prognosis,R1_strong_RCTD_SPOTlight_concordance,PPI1_strong_support,STAD_GSM7990473_GC1;STAD_GSM7990474_21_00731_LI_SING;STAD_GSM7990475_21_00732_LI_SING,AKR1B1;RELA,Retained for supplementary completeness and sensitivity interpretation
supplementary_background_axis,21,21,False,STAD,STAD_AXIS_039,STAD_CV039,Quercetin,PLAU,ETV4,PLAU,Fibroblast_CAF,Quercetin | PLAU/ETV4,0.685148265683246,0.7857710830761634,0.763404298,0.9999448493333334,0.7633409177196001,,,0.8815972798421099,0.8158751301563165,0.6877235364986989,0.6496265375780288,0.747678283926442,0.0,0.0,0.0,0.9999991051876518,5,IS1_publication_core_axis,supplementary_top50_axis,moderate,3,2.0,D2_external_database_supported,C1_strong_same_cancer_prognosis,R1_strong_RCTD_SPOTlight_concordance,PPI1_strong_support,STAD_GSM7990473_GC1;STAD_GSM7990474_21_00731_LI_SING;STAD_GSM7990475_21_00732_LI_SING,PLAU;ETV4,Retained for supplementary completeness and sensitivity interpretation
supplementary_background_axis,22,22,False,STAD,STAD_AXIS_042,STAD_CV042,Quercetin,PLAU,ATF4,PLAU,Fibroblast_CAF,Quercetin | PLAU/ATF4,0.6809114306913443,0.7657956955663129,0.7508147186666666,0.9999288806666667,0.7788053887607217,,,0.8815972798421099,0.8158751301563165,0.6877235364986989,0.4514726773686628,0.7547800091180763,0.0,0.0,0.0,0.9999992549857472,5,IS2_high_priority_validation_axis,supplementary_top50_axis,moderate,3,2.0,D2_external_database_supported,C1_strong_same_cancer_prognosis,R1_strong_RCTD_SPOTlight_concordance,PPI1_strong_support,STAD_GSM7990473_GC1;STAD_GSM7990474_21_00731_LI_SING;STAD_GSM7990475_21_00732_LI_SING,PLAU;ATF4,Retained for supplementary completeness and sensitivity interpretation
supplementary_background_axis,23,23,False,STAD,STAD_AXIS_018,STAD_CV018,Kaempferol,CYP1B1,ESR1,CYP1B1,Fibroblast_CAF,Kaempferol | CYP1B1/ESR1,0.6784292012216238,0.7704307133465835,0.757447254,0.9999552939999999,0.92617777888343,,,0.8815972798421099,0.462386342460207,0.7739235364986989,0.6451195012589919,0.9190572337109268,0.0,0.0,0.0,0.9999985211328496,4,IS2_high_priority_validation_axis,supplementary_top50_axis,strong,2,2.0,D1_strong_binding_or_literature,C2_moderate_same_cancer_prognosis,R1_strong_RCTD_SPOTlight_concordance,PPI1_strong_support,STAD_GSM7990473_GC1;STAD_GSM7990474_21_00731_LI_SING;STAD_GSM7990475_21_00732_LI_SING,CYP1B1;ESR1,Retained for supplementary completeness and sensitivity interpretation
supplementary_background_axis,24,24,False,STAD,STAD_AXIS_002,STAD_CV002,Quercetin,CYP1B1,EP300,CYP1B1,Fibroblast_CAF,Quercetin | CYP1B1/EP300,0.6752565780194819,0.7822277309126494,0.7568291580000001,0.9999505266666666,0.7798245182635885,,,0.8815972798421099,0.4685072778903261,0.8852832604463821,0.8263567723667847,0.9473371252143749,0.0,0.0,0.0,0.982109513933766,4,IS1_publication_core_axis,supplementary_top50_axis,strong,8,5.0,D1_strong_binding_or_literature,C2_moderate_same_cancer_prognosis,R1_strong_RCTD_SPOTlight_concordance,PPI1_strong_support,STAD_GSM7990473_GC1;STAD_GSM7990474_21_00731_LI_SING;STAD_GSM7990475_21_00732_LI_SING,CYP1B1;EP300,Retained for supplementary completeness and sensitivity interpretation
supplementary_background_axis,25,25,False,STAD,STAD_AXIS_028,STAD_CV028,Quercetin,MMP1,HOPX,MMP1,Fibroblast_CAF,Quercetin | MMP1/HOPX,0.6714932400059216,0.771803090168974,0.7630081906666667,0.9999486833333333,0.7252714366832248,,,0.8815972798421099,0.8182438385359458,0.7087235364986989,0.8356743547390865,0.6488448439397768,0.0,0.0,0.0,0.6714952312459759,5,IS2_high_priority_validation_axis,supplementary_top50_axis,moderate,3,2.0,D2_external_database_supported,C1_strong_same_cancer_prognosis,R1_strong_RCTD_SPOTlight_concordance,PPI2_moderate_support,STAD_GSM7990473_GC1;STAD_GSM7990474_21_00731_LI_SING;STAD_GSM7990475_21_00732_LI_SING,MMP1;HOPX,Retained for supplementary completeness and sensitivity interpretation
supplementary_background_axis,26,26,False,STAD,STAD_AXIS_026,STAD_CV026,Quercetin,CYP1B1,CREB1,CYP1B1,Fibroblast_CAF,Quercetin | CYP1B1/CREB1,0.6703172852028442,0.7644971461414323,0.7569836526666667,0.9999471040000001,0.8056868957203825,,,0.8815972798421099,0.462386342460207,0.8852832604463821,0.6089977334859417,0.9043952970872372,0.0,0.0,0.0,0.999999418964812,4,IS2_high_priority_validation_axis,supplementary_top50_axis,strong,8,5.0,D1_strong_binding_or_literature,C2_moderate_same_cancer_prognosis,R1_strong_RCTD_SPOTlight_concordance,PPI1_strong_support,STAD_GSM7990473_GC1;STAD_GSM7990474_21_00731_LI_SING;STAD_GSM7990475_21_00732_LI_SING,CYP1B1;CREB1,Retained for supplementary completeness and sensitivity interpretation
supplementary_background_axis,27,27,False,STAD,STAD_AXIS_034,STAD_CV034,Kaempferol,MMP1,HOPX,MMP1,Fibroblast_CAF,Kaempferol | MMP1/HOPX,0.6686782703850155,0.7674709101076617,0.766342702,0.9999565733333333,0.7252714366832248,,,0.8815972798421099,0.8182438385359458,0.6773597239476832,0.8356743547390865,0.6494323808980752,0.0,0.0,0.0,0.6714952312459759,5,IS2_high_priority_validation_axis,supplementary_top50_axis,moderate,4,1.0,D2_external_database_supported,C1_strong_same_cancer_prognosis,R1_strong_RCTD_SPOTlight_concordance,PPI2_moderate_support,STAD_GSM7990473_GC1;STAD_GSM7990474_21_00731_LI_SING;STAD_GSM7990475_21_00732_LI_SING,MMP1;HOPX,Retained for supplementary completeness and sensitivity interpretation
supplementary_background_axis,28,28,False,STAD,STAD_AXIS_035,STAD_CV035,Luteolin,MMP1,HOPX,MMP1,Fibroblast_CAF,Luteolin | MMP1/HOPX,0.6684562103867413,0.7673778471681771,0.765636392,0.9999504626666667,0.7252714366832248,,,0.8815972798421099,0.8182438385359458,0.6773597239476832,0.8356743547390865,0.6485017515032303,0.0,0.0,0.0,0.6714952312459759,5,IS2_high_priority_validation_axis,supplementary_top50_axis,moderate,2,1.0,D2_external_database_supported,C1_strong_same_cancer_prognosis,R1_strong_RCTD_SPOTlight_concordance,PPI2_moderate_support,STAD_GSM7990473_GC1;STAD_GSM7990474_21_00731_LI_SING;STAD_GSM7990475_21_00732_LI_SING,MMP1;HOPX,Retained for supplementary completeness and sensitivity interpretation
supplementary_background_axis,29,29,False,STAD,STAD_AXIS_036,STAD_CV036,(-)-epigallocatechin-3-gallate,MMP1,HOPX,MMP1,Fibroblast_CAF,(-)-epigallocatechin-... | MMP1/HOPX,0.6675451936484592,0.7662527349149594,0.7654574906666666,0.99989557,0.7252714366832248,,,0.8815972798421099,0.8182438385359458,0.6689597239476832,0.8356743547390865,0.6490106289710524,0.0,0.0,0.0,0.6714952312459759,5,IS2_high_priority_validation_axis,supplementary_top50_axis,moderate,1,1.0,D2_external_database_supported,C1_strong_same_cancer_prognosis,R1_strong_RCTD_SPOTlight_concordance,PPI2_moderate_support,STAD_GSM7990473_GC1;STAD_GSM7990474_21_00731_LI_SING;STAD_GSM7990475_21_00732_LI_SING,MMP1;HOPX,Retained for supplementary completeness and sensitivity interpretation
supplementary_background_axis,30,30,False,STAD,STAD_AXIS_011,STAD_CV011,Eckol,BACE1,RELA,BACE1,Fibroblast_CAF,Eckol | BACE1/RELA,0.6671058199678489,0.7700667820785164,0.7542198686666667,0.9999561339999999,0.7757791655943417,,,0.8815972798421099,0.5876069621317833,0.7003235364986989,0.7183852657889576,0.8971443864521951,0.0,0.0,0.0,0.9999995284280624,4,IS2_high_priority_validation_axis,supplementary_top50_axis,moderate,3,2.0,D2_external_database_supported,C2_moderate_same_cancer_prognosis,R1_strong_RCTD_SPOTlight_concordance,PPI1_strong_support,STAD_GSM7990473_GC1;STAD_GSM7990474_21_00731_LI_SING;STAD_GSM7990475_21_00732_LI_SING,BACE1;RELA,Retained for supplementary completeness and sensitivity interpretation
supplementary_background_axis,31,31,False,STAD,STAD_AXIS_067,STAD_CV067,Quercetin,AKR1B1,NFKB2,AKR1B1,Fibroblast_CAF,Quercetin | AKR1B1/NFKB2,0.6651991678140893,0.7588029925796724,0.7567484953333333,0.9999479,0.7430265184678052,,,0.8815972798421099,0.5807625322928605,0.9152791718430496,0.5889905862485889,0.7430372257558593,0.0,0.0,0.0,0.9999981044366724,4,IS2_high_priority_validation_axis,supplementary_top50_axis,strong,8,7.0,D1_strong_binding_or_literature,C2_moderate_same_cancer_prognosis,R1_strong_RCTD_SPOTlight_concordance,PPI1_strong_support,STAD_GSM7990473_GC1;STAD_GSM7990474_21_00731_LI_SING;STAD_GSM7990475_21_00732_LI_SING,AKR1B1;NFKB2,Retained for supplementary completeness and sensitivity interpretation
supplementary_background_axis,32,32,False,STAD,STAD_AXIS_076,STAD_CV076,Triptolide,PLAU,RELA,PLAU,Fibroblast_CAF,Triptolide | PLAU/RELA,0.6635641826400731,0.7525800159457713,0.7504132273333333,0.9999552393333334,0.8027634798436195,,,0.8815972798421099,0.8158751301563165,0.33,0.6179709095593142,0.8969722828080299,0.0,0.0,0.0,0.9999989556661312,4,IS2_high_priority_validation_axis,supplementary_top50_axis,,0,,D3_curated_tcm_source_supported,C1_strong_same_cancer_prognosis,R1_strong_RCTD_SPOTlight_concordance,PPI1_strong_support,STAD_GSM7990473_GC1;STAD_GSM7990474_21_00731_LI_SING;STAD_GSM7990475_21_00732_LI_SING,PLAU;RELA,Retained for supplementary completeness and sensitivity interpretation
supplementary_background_axis,33,33,False,STAD,STAD_AXIS_003,STAD_CV003,Kaempferol,CYP1B1,EP300,CYP1B1,Fibroblast_CAF,Kaempferol | CYP1B1/EP300,0.6629608861632026,0.7676943087178263,0.75584928,0.9999617593333333,0.7798245182635885,,,0.8815972798421099,0.4685072778903261,0.7739235364986989,0.8263567723667847,0.9471723374943284,0.0,0.0,0.0,0.9999998127647188,4,IS2_high_priority_validation_axis,supplementary_top50_axis,strong,2,2.0,D1_strong_binding_or_literature,C2_moderate_same_cancer_prognosis,R1_strong_RCTD_SPOTlight_concordance,PPI1_strong_support,STAD_GSM7990473_GC1;STAD_GSM7990474_21_00731_LI_SING;STAD_GSM7990475_21_00732_LI_SING,CYP1B1;EP300,Retained for supplementary completeness and sensitivity interpretation
supplementary_background_axis,34,34,False,STAD,STAD_AXIS_079,STAD_CV079,Quercetin,CYP1B1,AR,CYP1B1,Fibroblast_CAF,Quercetin | CYP1B1/AR,0.6625756205197563,0.7408042782897484,0.7427908453333333,0.9999425126666667,0.8105382269836826,,,0.8815972798421099,0.462386342460207,0.8852832604463821,0.4092712216238151,0.8974366947458187,0.0,0.0,0.0,0.9999978781856956,4,IS2_high_priority_validation_axis,supplementary_top50_axis,strong,8,5.0,D1_strong_binding_or_literature,C2_moderate_same_cancer_prognosis,R1_strong_RCTD_SPOTlight_concordance,PPI1_strong_support,STAD_GSM7990473_GC1;STAD_GSM7990474_21_00731_LI_SING;STAD_GSM7990475_21_00732_LI_SING,CYP1B1;AR,Retained for supplementary completeness and sensitivity interpretation
supplementary_background_axis,35,35,False,STAD,STAD_AXIS_077,STAD_CV077,(-)-epigallocatechin-3-gallate,PLAU,RELA,PLAU,Fibroblast_CAF,(-)-epigallocatechin-... | PLAU/RELA,0.6619058130618397,0.7522367122416209,0.7431454506666667,0.9999433006666667,0.8027634798436195,,,0.8815972798421099,0.8158751301563165,0.33,0.6179709095593142,0.8935392457665252,0.0,0.0,0.0,0.9999989556661312,4,IS2_high_priority_validation_axis,supplementary_top50_axis,,0,,D3_curated_tcm_source_supported,C1_strong_same_cancer_prognosis,R1_strong_RCTD_SPOTlight_concordance,PPI1_strong_support,STAD_GSM7990473_GC1;STAD_GSM7990474_21_00731_LI_SING;STAD_GSM7990475_21_00732_LI_SING,PLAU;RELA,Retained for supplementary completeness and sensitivity interpretation
supplementary_background_axis,36,36,False,STAD,STAD_AXIS_001,STAD_CV001,Quercetin,CYP1B1,AHR,CYP1B1,Fibroblast_CAF,Quercetin | CYP1B1/AHR,0.659379769411641,0.7675518441280316,0.7485160433333333,0.9999536019999999,0.7983003511548469,,,0.8815972798421099,0.462386342460207,0.8852832604463821,0.7722928743332498,0.7894078680823533,0.0,0.0,0.0,0.9822549672734424,4,IS2_high_priority_validation_axis,supplementary_top50_axis,strong,8,5.0,D1_strong_binding_or_literature,C2_moderate_same_cancer_prognosis,R1_strong_RCTD_SPOTlight_concordance,PPI1_strong_support,STAD_GSM7990473_GC1;STAD_GSM7990474_21_00731_LI_SING;STAD_GSM7990475_21_00732_LI_SING,CYP1B1;AHR,Retained for supplementary completeness and sensitivity interpretation
supplementary_background_axis,37,37,False,STAD,STAD_AXIS_014,STAD_CV014,Naringenin,CYP19A1,RELA,CYP19A1,Fibroblast_CAF,Naringenin | CYP19A1/RELA,0.6589735242702475,0.7681238864924904,0.7439698413333333,0.9999403686666667,0.7137553610237729,,,0.8815972798421099,0.3941270728033731,1.0,0.8156369651294781,0.9074752919409173,0.0,0.0,0.0,0.999996925658946,4,IS2_high_priority_validation_axis,supplementary_top50_axis,very_strong,12,10.0,D1_strong_binding_or_literature,C3_weak_or_cross_cancer_prognosis,R1_strong_RCTD_SPOTlight_concordance,PPI1_strong_support,STAD_GSM7990473_GC1;STAD_GSM7990474_21_00731_LI_SING;STAD_GSM7990475_21_00732_LI_SING,CYP19A1;RELA,Retained for supplementary completeness and sensitivity interpretation
supplementary_background_axis,38,38,False,STAD,STAD_AXIS_045,STAD_CV045,Kaempferol,CYP1B1,CREB1,CYP1B1,Fibroblast_CAF,Kaempferol | CYP1B1/CREB1,0.657389853512091,0.7474551390518688,0.7549344806666666,0.999960584,0.8056868957203825,,,0.8815972798421099,0.462386342460207,0.7739235364986989,0.5958650025396562,0.9056382813968048,0.0,0.0,0.0,0.999999144726637,4,IS2_high_priority_validation_axis,supplementary_top50_axis,strong,2,2.0,D1_strong_binding_or_literature,C2_moderate_same_cancer_prognosis,R1_strong_RCTD_SPOTlight_concordance,PPI1_strong_support,STAD_GSM7990473_GC1;STAD_GSM7990474_21_00731_LI_SING;STAD_GSM7990475_21_00732_LI_SING,CYP1B1;CREB1,Retained for supplementary completeness and sensitivity interpretation
main_text_core_axis,1,39,True,STAD,STAD_AXIS_015,STAD_CV015,Eckol,BACE1,HSF1,BACE1,Fibroblast_CAF,Eckol | BACE1/HSF1,0.6568261271967065,0.7385558422147566,0.7445091493333333,0.9999506813333333,0.7620795463250641,three_sample_recurrent_high,0.325731365376149,0.8815972798421099,0.4916431586456512,0.7003235364986989,0.7702710156478068,0.7916475640713688,0.0,0.0,0.0,0.912418477467108,4,IS2_high_priority_validation_axis,supplementary_top50_axis,moderate,3,2.0,D2_external_database_supported,C2_moderate_same_cancer_prognosis,R1_strong_RCTD_SPOTlight_concordance,PPI1_strong_support,STAD_GSM7990473_GC1;STAD_GSM7990474_21_00731_LI_SING;STAD_GSM7990475_21_00732_LI_SING,BACE1;HSF1,Forced into main text because it has same-cancer three-sample spatial recurrence
supplementary_background_axis,40,40,False,STAD,STAD_AXIS_082,STAD_CV082,Triptolide,PLAU,E2F1,PLAU,Fibroblast_CAF,Triptolide | PLAU/E2F1,0.6565029416213588,0.7551196371346708,0.7545295726666666,0.9999548753333334,0.7684291478312152,,,0.8815972798421099,0.8158751301563165,0.33,0.7019918539540889,0.8439625328232331,0.0,0.0,0.0,0.9999981100409177,4,IS2_high_priority_validation_axis,supplementary_top50_axis,,0,,D3_curated_tcm_source_supported,C1_strong_same_cancer_prognosis,R1_strong_RCTD_SPOTlight_concordance,PPI1_strong_support,STAD_GSM7990473_GC1;STAD_GSM7990474_21_00731_LI_SING;STAD_GSM7990475_21_00732_LI_SING,PLAU;E2F1,Retained for supplementary completeness and sensitivity interpretation
supplementary_background_axis,41,41,False,STAD,STAD_AXIS_083,STAD_CV083,(-)-epigallocatechin-3-gallate,PLAU,E2F1,PLAU,Fibroblast_CAF,(-)-epigallocatechin-... | PLAU/E2F1,0.6560996183322191,0.7554036462629652,0.7506795026666667,0.9999459486666668,0.7684291478312152,,,0.8815972798421099,0.8158751301563165,0.33,0.7019918539540889,0.8468026241061767,0.0,0.0,0.0,0.9999981100409177,4,IS2_high_priority_validation_axis,supplementary_top50_axis,,0,,D3_curated_tcm_source_supported,C1_strong_same_cancer_prognosis,R1_strong_RCTD_SPOTlight_concordance,PPI1_strong_support,STAD_GSM7990473_GC1;STAD_GSM7990474_21_00731_LI_SING;STAD_GSM7990475_21_00732_LI_SING,PLAU;E2F1,Retained for supplementary completeness and sensitivity interpretation
supplementary_background_axis,42,42,False,STAD,STAD_AXIS_032,STAD_CV032,Triptolide,PLAU,GTF3A,PLAU,Fibroblast_CAF,Triptolide | PLAU/GTF3A,0.6535218389939654,0.7626656743931722,0.7507480346666667,0.9999398146666666,0.7991736594746827,,,0.8815972798421099,0.8158751301563165,0.33,0.7933204346250341,0.7483388405547353,0.0,0.0,0.0,0.9999993513099884,4,IS2_high_priority_validation_axis,supplementary_top50_axis,,0,,D3_curated_tcm_source_supported,C1_strong_same_cancer_prognosis,R1_strong_RCTD_SPOTlight_concordance,PPI1_strong_support,STAD_GSM7990473_GC1;STAD_GSM7990474_21_00731_LI_SING;STAD_GSM7990475_21_00732_LI_SING,PLAU;GTF3A,Retained for supplementary completeness and sensitivity interpretation
supplementary_background_axis,43,43,False,STAD,STAD_AXIS_051,STAD_CV051,Guggulsterone,PGR,FOS,PGR,Fibroblast_CAF,Guggulsterone | PGR/FOS,0.6524648883827242,0.755440714135613,0.75731882,0.9999551686666667,0.7313631955603866,,,0.8815972798421099,0.4913546697241152,0.7299597239476832,0.770037127925562,0.9287479941945714,0.0,0.0,0.0,0.9999984296269476,4,IS2_high_priority_validation_axis,supplementary_top50_axis,strong,2,1.0,D1_strong_binding_or_literature,C2_moderate_same_cancer_prognosis,R1_strong_RCTD_SPOTlight_concordance,PPI1_strong_support,STAD_GSM7990473_GC1;STAD_GSM7990474_21_00731_LI_SING;STAD_GSM7990475_21_00732_LI_SING,PGR;FOS,Retained for supplementary completeness and sensitivity interpretation
supplementary_background_axis,44,44,False,STAD,STAD_AXIS_033,STAD_CV033,(-)-epigallocatechin-3-gallate,PLAU,GTF3A,PLAU,Fibroblast_CAF,(-)-epigallocatechin-... | PLAU/GTF3A,0.6510924593441878,0.7623598978737824,0.7389842146666667,0.9999450313333333,0.7991736594746827,,,0.8815972798421099,0.8158751301563165,0.33,0.7933204346250341,0.7452810753608372,0.0,0.0,0.0,0.9999993513099884,4,IS2_high_priority_validation_axis,supplementary_top50_axis,,0,,D3_curated_tcm_source_supported,C1_strong_same_cancer_prognosis,R1_strong_RCTD_SPOTlight_concordance,PPI1_strong_support,STAD_GSM7990473_GC1;STAD_GSM7990474_21_00731_LI_SING;STAD_GSM7990475_21_00732_LI_SING,PLAU;GTF3A,Retained for supplementary completeness and sensitivity interpretation
supplementary_background_axis,45,45,False,STAD,STAD_AXIS_057,STAD_CV057,Indirubin,AHR,EPAS1,AHR,Fibroblast_CAF,Indirubin | AHR/EPAS1,0.6503640595197726,0.7484634629199624,0.747915738,0.9999625353333333,0.7428100514509154,,,0.8815972798421099,0.4863131860251095,0.7809597239476832,0.6804879576104681,0.8822239504634314,0.0,0.0,0.0,0.9999980822431168,4,IS2_high_priority_validation_axis,supplementary_top50_axis,very_strong,1,1.0,D1_strong_binding_or_literature,C2_moderate_same_cancer_prognosis,R1_strong_RCTD_SPOTlight_concordance,PPI1_strong_support,STAD_GSM7990473_GC1;STAD_GSM7990474_21_00731_LI_SING;STAD_GSM7990475_21_00732_LI_SING,AHR;EPAS1,Retained for supplementary completeness and sensitivity interpretation
supplementary_background_axis,46,46,False,STAD,STAD_AXIS_004,STAD_CV004,Kaempferol,CYP1B1,AHR,CYP1B1,Fibroblast_CAF,Kaempferol | CYP1B1/AHR,0.6459119848988325,0.750446947801712,0.7447057933333333,0.9999638433333333,0.7983003511548469,,,0.8815972798421099,0.462386342460207,0.7739235364986989,0.751946040474401,0.788031813017308,0.0,0.0,0.0,0.999999810538816,4,IS2_high_priority_validation_axis,supplementary_top50_axis,strong,2,2.0,D1_strong_binding_or_literature,C2_moderate_same_cancer_prognosis,R1_strong_RCTD_SPOTlight_concordance,PPI1_strong_support,STAD_GSM7990473_GC1;STAD_GSM7990474_21_00731_LI_SING;STAD_GSM7990475_21_00732_LI_SING,CYP1B1;AHR,Retained for supplementary completeness and sensitivity interpretation
supplementary_background_axis,47,47,False,STAD,STAD_AXIS_084,STAD_CV084,Kaempferol,AHR,EPAS1,AHR,Fibroblast_CAF,Kaempferol | AHR/EPAS1,0.6445853476809482,0.741730161874226,0.7421548566666666,0.999957464,0.7428100514509154,,,0.8815972798421099,0.4863131860251095,0.7425597239476832,0.6711400545572368,0.8798686133539011,0.0,0.0,0.0,0.9999977661031894,4,IS2_high_priority_validation_axis,supplementary_top50_axis,strong,1,1.0,D1_strong_binding_or_literature,C2_moderate_same_cancer_prognosis,R1_strong_RCTD_SPOTlight_concordance,PPI1_strong_support,STAD_GSM7990473_GC1;STAD_GSM7990474_21_00731_LI_SING;STAD_GSM7990475_21_00732_LI_SING,AHR;EPAS1,Retained for supplementary completeness and sensitivity interpretation
supplementary_background_axis,48,48,False,STAD,STAD_AXIS_086,STAD_CV086,Stigmasterol,PLAU,GTF3A,PLAU,Fibroblast_CAF,Stigmasterol | PLAU/GTF3A,0.6432081482637658,0.7445435619563407,0.736245466,0.99992129,0.7991736594746827,,,0.8815972798421099,0.8158751301563165,0.285,0.6960151756929787,0.7468842951285282,0.0,0.0,0.0,0.9999989042705868,4,IS2_high_priority_validation_axis,supplementary_top50_axis,,0,,D3_curated_tcm_source_supported,C1_strong_same_cancer_prognosis,R1_strong_RCTD_SPOTlight_concordance,PPI1_strong_support,STAD_GSM7990473_GC1;STAD_GSM7990474_21_00731_LI_SING;STAD_GSM7990475_21_00732_LI_SING,PLAU;GTF3A,Retained for supplementary completeness and sensitivity interpretation
supplementary_background_axis,49,49,False,STAD,STAD_AXIS_016,STAD_CV016,Quercetin,ALOX5,RELA,ALOX5,Fibroblast_CAF,Quercetin | ALOX5/RELA,0.6361451589846188,0.7383217993334894,0.7313257286666667,0.9999543406666667,0.7339835317779703,,,0.8815972798421099,0.3655427071283723,0.8526791718430495,0.7687901099593493,0.8923808395959645,0.0,0.0,0.0,0.9999991860263366,4,IS2_high_priority_validation_axis,supplementary_top50_axis,strong,7,7.0,D1_strong_binding_or_literature,C3_weak_or_cross_cancer_prognosis,R1_strong_RCTD_SPOTlight_concordance,PPI1_strong_support,STAD_GSM7990473_GC1;STAD_GSM7990474_21_00731_LI_SING;STAD_GSM7990475_21_00732_LI_SING,ALOX5;RELA,Retained for supplementary completeness and sensitivity interpretation
supplementary_background_axis,50,50,False,STAD,STAD_AXIS_038,STAD_CV038,Quercetin,ALOX5,RORA,ALOX5,Fibroblast_CAF,Quercetin | ALOX5/RORA,0.6287943611027085,0.7372148171989216,0.7381299853333334,0.9999423526666666,0.7633167984586083,,,0.8815972798421099,0.3655427071283723,0.8526791718430495,0.8060104282604115,0.744230589421189,0.0,0.0,0.0,0.9999983752039152,4,IS2_high_priority_validation_axis,supplementary_top50_axis,strong,7,7.0,D1_strong_binding_or_literature,C3_weak_or_cross_cancer_prognosis,R1_strong_RCTD_SPOTlight_concordance,PPI1_strong_support,STAD_GSM7990473_GC1;STAD_GSM7990474_21_00731_LI_SING;STAD_GSM7990475_21_00732_LI_SING,ALOX5;RORA,Retained for supplementary completeness and sensitivity interpretation
