frozen_axis_id,candidate_axis_id,cancer,compound_master_id,compound_representative_name,target_gene_symbol,tf_gene_symbol,regulon_target_gene_symbol,dominant_spatial_celltype,integrated_rank_within_cancer,integrated_axis_score_with_ppi_msi,hgnn_integrated_label,hgnn_label_ordinal,hgnn_binary_positive,soft_rank_label,integrated_evidence_tier,publication_use_role,same_cancer_clinical_prognosis_score,integrated_spatial_recurrence_score,rctd_spotlight_consistency_score,drug_evidence_score,single_cell_regulatory_score,ppi_msi_local_support_score,lincs_cmap_combined_support_score,depmap_axis_support_score,non_broad_cancer_sensitivity_score,cancer_context_specificity_score
COAD_AXIS_034,COAD_CV034,COAD,CMPD024770,Quercetin,CDK1,MYB,CDK1,Myeloid,1,0.8391144570908674,positive_high_confidence,2,1.0,0.8391144570908674,IS1_publication_core_axis,main_text_flagship_axis,1.0,0.8580516639554029,0.7333326297500089,0.7853194478953663,0.6123153408061816,0.8154009307104897,0.4989258740860073,0.7759336549339424,0.6215021653461236,0.9999983243607252
COAD_AXIS_022,COAD_CV022,COAD,CMPD025856,Allopseudococain,SLC6A4,ATF4,SLC6A4,Myeloid,2,0.829032548306303,positive_high_confidence,2,1.0,0.829032548306303,IS1_publication_core_axis,main_text_flagship_axis,0.849528600798618,0.7931617774762313,0.7333326297500089,0.9370378851683692,0.8306203735741209,0.6946818721728618,0.0,0.6226487235129,0.187810732859086,0.9999994752763256
COAD_AXIS_089,COAD_CV089,COAD,CMPD025754,Ibogain,SLC6A4,ATF4,SLC6A4,Myeloid,3,0.7999112302559706,positive_high_confidence,2,1.0,0.7999112302559706,IS1_publication_core_axis,main_text_flagship_axis,0.849528600798618,0.7931617774762313,0.7333326297500089,0.7281597239476832,0.8306203735741209,0.6958983916939223,0.0,0.6226487235129,0.187871558835139,0.99999901808395
COAD_AXIS_037,COAD_CV037,COAD,CMPD025173,Stepholidine,DRD1,HR,DRD1,Myeloid,4,0.7815901897373574,positive_high_confidence,2,1.0,0.7815901897373574,IS2_high_priority_validation_axis,main_figure_candidate_panel,0.4533182575348581,1.0,0.7333326297500089,0.9536791718430496,0.8643538625442575,0.5602249823360164,0.0,0.0902697041386301,0.2886235345923158,0.999998737807418
COAD_AXIS_029,COAD_CV029,COAD,CMPD025553,Physovenine,ACHE,TBP,ACHE,Myeloid,5,0.7809782385803586,positive_high_confidence,2,1.0,0.7809782385803586,IS1_publication_core_axis,main_text_flagship_axis,0.7977108356218675,0.661941630426899,0.7333326297500089,0.7809597239476832,0.8585072589614885,0.7652596802173068,0.0,0.5787941918283207,0.3081531768997235,0.9999996125969848
COAD_AXIS_001,COAD_CV001,COAD,CMPD025553,Physovenine,ACHE,TFAP2A,ACHE,Myeloid,6,0.7730871896382334,positive_high_confidence,2,1.0,0.7730871896382334,IS2_high_priority_validation_axis,main_figure_candidate_panel,0.4454757715236179,0.9903990119807774,0.7333326297500089,0.7809597239476832,0.8607849956943785,0.7311712346962592,0.0,0.1813454080409488,0.3216827395741465,0.9999996744454338
COAD_AXIS_050,COAD_CV050,COAD,CMPD025506,Isocorypalmine,DRD1,HR,DRD1,Myeloid,7,0.7724807678062635,positive_high_confidence,2,1.0,0.7724807678062635,IS2_high_priority_validation_axis,main_figure_candidate_panel,0.4533182575348581,1.0,0.7333326297500089,0.8863194478953664,0.8643538625442575,0.5634345461485297,0.0,0.0902697041386301,0.2887840127829415,0.9999984551462552
COAD_AXIS_043,COAD_CV043,COAD,CMPD024770,Quercetin,ACHE,TBP,ACHE,Myeloid,8,0.769271226599485,positive_high_confidence,2,1.0,0.769271226599485,IS2_high_priority_validation_axis,main_figure_candidate_panel,0.7977108356218675,0.661941630426899,0.7333326297500089,0.7003235364986989,0.8585072589614885,0.761080286451263,0.4989258740860073,0.5787941918283207,0.3328905009157217,0.9999995065734611
COAD_AXIS_049,COAD_CV049,COAD,CMPD025160,Tanshinone iia,ACHE,TBP,ACHE,Myeloid,9,0.7654112680099324,positive_high_confidence,2,1.0,0.7654112680099324,IS2_high_priority_validation_axis,main_figure_candidate_panel,0.7977108356218675,0.661941630426899,0.7333326297500089,0.670923536498699,0.8585072589614885,0.7636407278540158,0.0,0.5787941918283207,0.308072229281559,0.9999994610763312
COAD_AXIS_016,COAD_CV016,COAD,CMPD025173,Stepholidine,DRD1,TFAP2A,DRD1,Myeloid,10,0.7647364383013023,positive_high_confidence,2,1.0,0.7647364383013023,IS2_high_priority_validation_axis,main_figure_candidate_panel,0.2808541785491622,1.0,0.7333326297500089,0.9536791718430496,0.8607849956943785,0.715897996823925,0.0,0.0599282409487234,0.2384056094383778,0.9999991867120628
COAD_AXIS_011,COAD_CV011,COAD,CMPD025553,Physovenine,ACHE,HR,ACHE,Myeloid,11,0.7634405477053978,positive_high_confidence,2,1.0,0.7634405477053978,IS2_high_priority_validation_axis,supplementary_top50_axis,0.4751408487120784,0.9926616682037293,0.7333326297500089,0.7809597239476832,0.8643538625442575,0.5915668161417018,0.0,0.1830020079853128,0.3164120381281369,0.9999994947513048
COAD_AXIS_064,COAD_CV064,COAD,CMPD025387,"methyl (E)-2-[(2S,3Z,12bS)-3-ethylidene-2,4,6,7,12,12b-hexahydro-1H-indolo[3,2-h]quinolizin-2-yl]-3-methoxyprop-2-enoate",ACHE,TBP,ACHE,Myeloid,12,0.762381685590257,positive_high_confidence,2,1.0,0.762381685590257,IS2_high_priority_validation_axis,supplementary_top50_axis,0.7977108356218675,0.661941630426899,0.7333326297500089,0.6479597239476832,0.8585072589614885,0.7654942642902589,0.0,0.5787941918283207,0.3081649061033711,0.9999994226403724
COAD_AXIS_061,COAD_CV061,COAD,CMPD025384,Angustidine,ACHE,TBP,ACHE,Myeloid,13,0.7622162521603719,positive_high_confidence,2,1.0,0.7622162521603719,IS2_high_priority_validation_axis,supplementary_top50_axis,0.7977108356218675,0.661941630426899,0.7333326297500089,0.6479597239476832,0.8585072589614885,0.7638399299914077,0.0,0.5787941918283207,0.3080821893884286,0.9999994226403724
COAD_AXIS_065,COAD_CV065,COAD,CMPD024768,Kaempferol,ACHE,TBP,ACHE,Myeloid,14,0.7621600222845345,positive_high_confidence,2,1.0,0.7621600222845345,IS2_high_priority_validation_axis,supplementary_top50_axis,0.7977108356218675,0.661941630426899,0.7333326297500089,0.6479597239476832,0.8585072589614885,0.7632776312330333,0.5115972721605953,0.5787941918283207,0.3336339380585396,0.9999994226403724
COAD_AXIS_060,COAD_CV060,COAD,CMPD025216,Marmesinin,ACHE,TBP,ACHE,Myeloid,15,0.7621559142457545,positive_high_confidence,2,1.0,0.7621559142457545,IS2_high_priority_validation_axis,supplementary_top50_axis,0.7977108356218675,0.661941630426899,0.7333326297500089,0.6479597239476832,0.8585072589614885,0.7632365508452329,0.0,0.5787941918283207,0.3080520204311198,0.9999994226403724
COAD_AXIS_063,COAD_CV063,COAD,CMPD025251,Decursin,ACHE,TBP,ACHE,Myeloid,16,0.7621211772180909,positive_high_confidence,2,1.0,0.7621211772180909,IS2_high_priority_validation_axis,supplementary_top50_axis,0.7977108356218675,0.661941630426899,0.7333326297500089,0.6479597239476832,0.8585072589614885,0.762889180568598,0.0,0.5787941918283207,0.3080346519172881,0.9999994226403724
COAD_AXIS_062,COAD_CV062,COAD,CMPD026148,Corydalmine,ACHE,TBP,ACHE,Myeloid,17,0.7620888252906692,positive_high_confidence,2,1.0,0.7620888252906692,IS2_high_priority_validation_axis,supplementary_top50_axis,0.7977108356218675,0.661941630426899,0.7333326297500089,0.6479597239476832,0.8585072589614885,0.7625656612943804,0.0,0.5787941918283207,0.3080184759535772,0.9999994226403724
COAD_AXIS_003,COAD_CV003,COAD,CMPD024770,Quercetin,ACHE,TFAP2A,ACHE,Myeloid,18,0.7618241566594965,positive_high_confidence,2,1.0,0.7618241566594965,IS2_high_priority_validation_axis,supplementary_top50_axis,0.4454757715236179,0.9903990119807774,0.7333326297500089,0.7003235364986989,0.8607849956943785,0.7314316207956667,0.4989258740860073,0.1813454080409488,0.3466420525834173,0.9999995853484376
COAD_AXIS_071,COAD_CV071,COAD,CMPD024843,Dihydrosanguinarine,ACHE,TBP,ACHE,Myeloid,19,0.7607755550417625,positive_high_confidence,2,1.0,0.7607755550417625,IS2_high_priority_validation_axis,supplementary_top50_axis,0.7977108356218675,0.661941630426899,0.7333326297500089,0.6395597239476832,0.8553817928784714,0.7649435314147723,0.0,0.5787941918283207,0.3081373694595968,0.9999994004573072
COAD_AXIS_070,COAD_CV070,COAD,CMPD026190,Pectolinarigenin,ACHE,TBP,ACHE,Myeloid,20,0.7607283661721163,positive_high_confidence,2,1.0,0.7607283661721163,IS2_high_priority_validation_axis,supplementary_top50_axis,0.7977108356218675,0.661941630426899,0.7333326297500089,0.6395597239476832,0.8553817928784714,0.7644716427183095,0.0,0.5787941918283207,0.3081137750247736,0.9999994004573072
COAD_AXIS_072,COAD_CV072,COAD,CMPD025264,Deltoin,ACHE,TBP,ACHE,Myeloid,21,0.7606716582442781,positive_high_confidence,2,1.0,0.7606716582442781,IS2_high_priority_validation_axis,supplementary_top50_axis,0.7977108356218675,0.661941630426899,0.7333326297500089,0.6395597239476832,0.8553817928784714,0.7639045634399281,0.0,0.5787941918283207,0.3080854210608546,0.9999994004573072
COAD_AXIS_018,COAD_CV018,COAD,CMPD025553,Physovenine,ACHE,MYC,ACHE,Myeloid,22,0.7590011958690785,positive_high_confidence,2,1.0,0.7590011958690785,IS2_high_priority_validation_axis,supplementary_top50_axis,0.4454757715236179,0.9466317380585186,0.7333326297500089,0.7809597239476832,0.7411888480469154,0.8638614381974908,0.0,0.6615191770824235,0.3239405223569822,0.9999993141599244
COAD_AXIS_004,COAD_CV004,COAD,CMPD025160,Tanshinone iia,ACHE,TFAP2A,ACHE,Myeloid,23,0.7576107827647681,positive_high_confidence,2,1.0,0.7576107827647681,IS2_high_priority_validation_axis,supplementary_top50_axis,0.4454757715236179,0.9903990119807774,0.7333326297500089,0.670923536498699,0.8607849956943785,0.730457904788524,0.0,0.1813454080409488,0.3216470730787598,0.9999995471148684
COAD_AXIS_021,COAD_CV021,COAD,CMPD025506,Isocorypalmine,DRD1,TFAP2A,DRD1,Myeloid,24,0.7555018987557811,positive_high_confidence,2,1.0,0.7555018987557811,IS2_high_priority_validation_axis,supplementary_top50_axis,0.2808541785491622,1.0,0.7333326297500089,0.8863194478953664,0.8607849956943785,0.7178563241743736,0.0,0.0599282409487234,0.2385035258059002,0.9999990045805534
COAD_AXIS_073,COAD_CV073,COAD,CMPD025929,Artemisinin,CYP2B6,FOXM1,CYP2B6,Myeloid,25,0.7553773205793709,positive_high_confidence,2,1.0,0.7553773205793709,IS2_high_priority_validation_axis,supplementary_top50_axis,0.2920264793734641,0.96697340690322,0.7333326297500089,0.7299597239476832,0.9945228159875212,0.7937371959344115,0.5142505902991095,0.2377351660769235,0.4385498055880403,0.9999992715735556
COAD_AXIS_006,COAD_CV006,COAD,CMPD025387,"methyl (E)-2-[(2S,3Z,12bS)-3-ethylidene-2,4,6,7,12,12b-hexahydro-1H-indolo[3,2-h]quinolizin-2-yl]-3-methoxyprop-2-enoate",ACHE,TFAP2A,ACHE,Myeloid,26,0.7546590852584891,positive_high_confidence,2,1.0,0.7546590852584891,IS2_high_priority_validation_axis,supplementary_top50_axis,0.4454757715236179,0.9903990119807774,0.7333326297500089,0.6479597239476832,0.8607849956943785,0.7330902866769798,0.0,0.1813454080409488,0.3217786921731825,0.9999995148151628
COAD_AXIS_010,COAD_CV010,COAD,CMPD024768,Kaempferol,ACHE,TFAP2A,ACHE,Myeloid,27,0.7545880603399934,positive_high_confidence,2,1.0,0.7545880603399934,IS2_high_priority_validation_axis,supplementary_top50_axis,0.4454757715236179,0.9903990119807774,0.7333326297500089,0.6479597239476832,0.8607849956943785,0.7323800374920221,0.5115972721605953,0.1813454080409488,0.3473230433219644,0.9999995148151628
COAD_AXIS_009,COAD_CV009,COAD,CMPD025384,Angustidine,ACHE,TFAP2A,ACHE,Myeloid,28,0.7545475177114482,positive_high_confidence,2,1.0,0.7545475177114482,IS2_high_priority_validation_axis,supplementary_top50_axis,0.4454757715236179,0.9903990119807774,0.7333326297500089,0.6479597239476832,0.8607849956943785,0.7319746112065709,0.0,0.1813454080409488,0.3217229083996621,0.9999995148151628
COAD_AXIS_007,COAD_CV007,COAD,CMPD025216,Marmesinin,ACHE,TFAP2A,ACHE,Myeloid,29,0.7544850151768417,positive_high_confidence,2,1.0,0.7544850151768417,IS2_high_priority_validation_axis,supplementary_top50_axis,0.4454757715236179,0.9903990119807774,0.7333326297500089,0.6479597239476832,0.8607849956943785,0.7313495858605056,0.0,0.1813454080409488,0.3216916571323588,0.9999995148151628
COAD_AXIS_005,COAD_CV005,COAD,CMPD025251,Decursin,ACHE,TFAP2A,ACHE,Myeloid,30,0.754426979817578,positive_high_confidence,2,1.0,0.754426979817578,IS2_high_priority_validation_axis,supplementary_top50_axis,0.4454757715236179,0.9903990119807774,0.7333326297500089,0.6479597239476832,0.8607849956943785,0.730769232267868,0.0,0.1813454080409488,0.321662639452727,0.9999995148151628
COAD_AXIS_008,COAD_CV008,COAD,CMPD026148,Corydalmine,ACHE,TFAP2A,ACHE,Myeloid,31,0.7543853572382839,positive_high_confidence,2,1.0,0.7543853572382839,IS2_high_priority_validation_axis,supplementary_top50_axis,0.4454757715236179,0.9903990119807774,0.7333326297500089,0.6479597239476832,0.8607849956943785,0.7303530064749275,0.0,0.1813454080409488,0.3216418281630799,0.9999995148151628
COAD_AXIS_013,COAD_CV013,COAD,CMPD025264,Deltoin,ACHE,TFAP2A,ACHE,Myeloid,32,0.7533213515772749,positive_high_confidence,2,1.0,0.7533213515772749,IS2_high_priority_validation_axis,supplementary_top50_axis,0.4454757715236179,0.9903990119807774,0.7333326297500089,0.6395597239476832,0.8597890216222898,0.7326681273722745,0.0,0.1813454080409488,0.3217575842079473,0.9999995004469452
COAD_AXIS_014,COAD_CV014,COAD,CMPD026190,Pectolinarigenin,ACHE,TFAP2A,ACHE,Myeloid,33,0.753138669150967,positive_high_confidence,2,1.0,0.753138669150967,IS2_high_priority_validation_axis,supplementary_top50_axis,0.4454757715236179,0.9903990119807774,0.7333326297500089,0.6395597239476832,0.8597890216222898,0.7308413031091968,0.0,0.1813454080409488,0.3216662429947934,0.9999995004469452
COAD_AXIS_012,COAD_CV012,COAD,CMPD024843,Dihydrosanguinarine,ACHE,TFAP2A,ACHE,Myeloid,34,0.7530709364401751,positive_high_confidence,2,1.0,0.7530709364401751,IS2_high_priority_validation_axis,supplementary_top50_axis,0.4454757715236179,0.9903990119807774,0.7333326297500089,0.6395597239476832,0.8597890216222898,0.7301639760012767,0.0,0.1813454080409488,0.3216323766393974,0.9999995004469452
COAD_AXIS_017,COAD_CV017,COAD,CMPD025841,Guggulsterone,PGR,NFKB,PGR,Myeloid,35,0.7520976904986544,positive_high_confidence,2,1.0,0.7520976904986544,IS2_high_priority_validation_axis,supplementary_top50_axis,0.6627043380494418,0.7664827278634773,0.7333326297500089,0.7299597239476832,1.0,0.4389941705091575,0.5252735562090567,0.1027344481194442,0.3208515882116174,0.9999988457913008
COAD_AXIS_019,COAD_CV019,COAD,CMPD024770,Quercetin,ACHE,HR,ACHE,Myeloid,36,0.7464422768701813,positive_high_confidence,2,1.0,0.7464422768701813,IS2_high_priority_validation_axis,supplementary_top50_axis,0.4454757715236179,0.9926616682037293,0.7333326297500089,0.7003235364986989,0.8643538625442575,0.5938050075601705,0.4989258740860073,0.1830020079853128,0.3399869875439376,0.99999935647608
COAD_AXIS_040,COAD_CV040,COAD,CMPD026077,Tetrahydropalmatine,DRD1,TFAP2A,DRD1,Myeloid,37,0.7441102266724883,positive_high_confidence,2,1.0,0.7441102266724883,IS2_high_priority_validation_axis,supplementary_top50_axis,0.2808541785491622,1.0,0.7333326297500089,0.805278161220686,0.8607849956943785,0.717397569065314,0.5161164863911298,0.0599282409487234,0.2642864123700037,0.9999987306150272
COAD_AXIS_036,COAD_CV036,COAD,CMPD024770,Quercetin,ACHE,MYC,ACHE,Myeloid,38,0.7438524015834735,positive_high_confidence,2,1.0,0.7438524015834735,IS2_high_priority_validation_axis,supplementary_top50_axis,0.4454757715236179,0.9466317380585186,0.7333326297500089,0.7003235364986989,0.7095699789220431,0.863206984002359,0.4989258740860073,0.6615191770824235,0.348854093351526,0.9999990086891004
COAD_AXIS_020,COAD_CV020,COAD,CMPD025160,Tanshinone iia,ACHE,HR,ACHE,Myeloid,39,0.742333647935494,positive_high_confidence,2,1.0,0.742333647935494,IS2_high_priority_validation_axis,supplementary_top50_axis,0.4454757715236179,0.9926616682037293,0.7333326297500089,0.670923536498699,0.8643538625442575,0.5938787538155407,0.0,0.1830020079853128,0.3150443811524058,0.9999992971390068
COAD_AXIS_044,COAD_CV044,COAD,CMPD025509,(S)-Canadine,DRD1,TFAP2A,DRD1,Myeloid,40,0.7396818827226033,positive_high_confidence,2,1.0,0.7396818827226033,IS2_high_priority_validation_axis,supplementary_top50_axis,0.2808541785491622,1.0,0.7333326297500089,0.7739235364986989,0.8607849956943785,0.7170106792967431,0.0,0.0599282409487234,0.2384612435620187,0.9999986054158664
COAD_AXIS_026,COAD_CV026,COAD,CMPD025251,Decursin,ACHE,HR,ACHE,Myeloid,41,0.7393703997618818,positive_high_confidence,2,1.0,0.7393703997618818,IS2_high_priority_validation_axis,supplementary_top50_axis,0.4454757715236179,0.9926616682037293,0.7333326297500089,0.6479597239476832,0.8643538625442575,0.5963956397276022,0.0,0.1830020079853128,0.3151702254480089,0.9999992470110703
COAD_AXIS_025,COAD_CV025,COAD,CMPD025384,Angustidine,ACHE,HR,ACHE,Myeloid,42,0.7393485209485627,positive_high_confidence,2,1.0,0.7393485209485627,IS2_high_priority_validation_axis,supplementary_top50_axis,0.4454757715236179,0.9926616682037293,0.7333326297500089,0.6479597239476832,0.8643538625442575,0.5961768515944117,0.0,0.1830020079853128,0.3151592860413493,0.9999992470110703
COAD_AXIS_023,COAD_CV023,COAD,CMPD026148,Corydalmine,ACHE,HR,ACHE,Myeloid,43,0.7392366206766418,positive_high_confidence,2,1.0,0.7392366206766418,IS2_high_priority_validation_axis,supplementary_top50_axis,0.4454757715236179,0.9926616682037293,0.7333326297500089,0.6479597239476832,0.8643538625442575,0.5950578488752017,0.0,0.1830020079853128,0.3151033359053888,0.9999992470110703
COAD_AXIS_024,COAD_CV024,COAD,CMPD025387,"methyl (E)-2-[(2S,3Z,12bS)-3-ethylidene-2,4,6,7,12,12b-hexahydro-1H-indolo[3,2-h]quinolizin-2-yl]-3-methoxyprop-2-enoate",ACHE,HR,ACHE,Myeloid,44,0.739215183655248,positive_high_confidence,2,1.0,0.739215183655248,IS2_high_priority_validation_axis,supplementary_top50_axis,0.4454757715236179,0.9926616682037293,0.7333326297500089,0.6479597239476832,0.8643538625442575,0.5948434786612639,0.0,0.1830020079853128,0.3150926173946919,0.9999992470110703
COAD_AXIS_028,COAD_CV028,COAD,CMPD024768,Kaempferol,ACHE,HR,ACHE,Myeloid,45,0.7391156816514397,positive_high_confidence,2,1.0,0.7391156816514397,IS2_high_priority_validation_axis,supplementary_top50_axis,0.4454757715236179,0.9926616682037293,0.7333326297500089,0.6479597239476832,0.8643538625442575,0.593848458623182,0.5115972721605953,0.1830020079853128,0.3406227300008176,0.9999992470110703
COAD_AXIS_027,COAD_CV027,COAD,CMPD025216,Marmesinin,ACHE,HR,ACHE,Myeloid,46,0.738967915123094,positive_high_confidence,2,1.0,0.738967915123094,IS2_high_priority_validation_axis,supplementary_top50_axis,0.4454757715236179,0.9926616682037293,0.7333326297500089,0.6479597239476832,0.8643538625442575,0.5923707933397246,0.0,0.1830020079853128,0.314968983128615,0.9999992470110703
COAD_AXIS_035,COAD_CV035,COAD,CMPD016599,Physostigmine,ACHE,TFAP2A,ACHE,Myeloid,47,0.738285412047482,positive_high_confidence,2,1.0,0.738285412047482,IS2_high_priority_validation_axis,supplementary_top50_axis,0.4454757715236179,0.9903990119807774,0.7333326297500089,0.6416,0.7339599444839645,0.7304474312253699,0.5125703114210567,0.1813454080409488,0.3472750649716549,0.99999917868315
COAD_AXIS_030,COAD_CV030,COAD,CMPD016599,Physostigmine,ACHE,HR,ACHE,Myeloid,48,0.7380894697768773,positive_high_confidence,2,1.0,0.7380894697768773,IS2_high_priority_validation_axis,supplementary_top50_axis,0.4454757715236179,0.9926616682037293,0.7333326297500089,0.6416,0.8643538625442575,0.5924899621069056,0.5125703114210567,0.1830020079853128,0.3406034571380268,0.9999992325067508
COAD_AXIS_031,COAD_CV031,COAD,CMPD025264,Deltoin,ACHE,HR,ACHE,Myeloid,49,0.7379890184893484,positive_high_confidence,2,1.0,0.7379890184893484,IS2_high_priority_validation_axis,supplementary_top50_axis,0.4454757715236179,0.9926616682037293,0.7333326297500089,0.6395597239476832,0.8643538625442575,0.5943418385321185,0.0,0.1830020079853128,0.3150675353882347,0.999999227794654
COAD_AXIS_033,COAD_CV033,COAD,CMPD024843,Dihydrosanguinarine,ACHE,HR,ACHE,Myeloid,50,0.7379682610665813,positive_high_confidence,2,1.0,0.7379682610665813,IS2_high_priority_validation_axis,supplementary_top50_axis,0.4454757715236179,0.9926616682037293,0.7333326297500089,0.6395597239476832,0.8643538625442575,0.5941342643044482,0.0,0.1830020079853128,0.3150571566768511,0.999999227794654
COAD_AXIS_032,COAD_CV032,COAD,CMPD026190,Pectolinarigenin,ACHE,HR,ACHE,Myeloid,51,0.7378660557983313,positive_moderate_confidence,1,1.0,0.7378660557983313,IS2_high_priority_validation_axis,hgnn_positive_candidate_pool,0.4454757715236179,0.9926616682037293,0.7333326297500089,0.6395597239476832,0.8643538625442575,0.5931122116219482,,,,0.999999227794654
COAD_AXIS_048,COAD_CV048,COAD,CMPD025160,Tanshinone iia,ACHE,MYC,ACHE,Myeloid,52,0.7367394126947432,positive_moderate_confidence,1,1.0,0.7367394126947432,IS2_high_priority_validation_axis,hgnn_positive_candidate_pool,0.4454757715236179,0.9466317380585186,0.7333326297500089,0.670923536498699,0.683747902470064,0.8642237123873779,,,,0.9999987994725216
COAD_AXIS_051,COAD_CV051,COAD,CMPD024851,(S)-Scoulerine,DRD1,TFAP2A,DRD1,Myeloid,53,0.7352848428546869,positive_moderate_confidence,1,1.0,0.7352848428546869,IS2_high_priority_validation_axis,hgnn_positive_candidate_pool,0.2808541785491622,1.0,0.7333326297500089,0.7425597239476832,0.8607849956943785,0.7169497007428439,,,,0.9999984678261272
COAD_AXIS_053,COAD_CV053,COAD,CMPD025251,Decursin,ACHE,MYC,ACHE,Myeloid,54,0.7338973792068371,positive_moderate_confidence,1,1.0,0.7338973792068371,IS2_high_priority_validation_axis,hgnn_positive_candidate_pool,0.4454757715236179,0.9466317380585186,0.7333326297500089,0.6479597239476832,0.6858558270783889,0.8654232504432907,,,,0.9999987246499498
COAD_AXIS_066,COAD_CV066,COAD,CMPD025420,"(13aS)-2,3,10-trimethoxy-6,8,13,13a-tetrahydro-5H-isoquinolino[2,1-b]isoquinolin-9-ol",DRD1,TFAP2A,DRD1,Myeloid,55,0.7336204793981854,positive_moderate_confidence,1,1.0,0.7336204793981854,IS2_high_priority_validation_axis,hgnn_positive_candidate_pool,0.2808541785491622,1.0,0.7333326297500089,0.7299597239476832,0.8607849956943785,0.7179461015926011,,,,0.9999984088015096
COAD_AXIS_057,COAD_CV057,COAD,CMPD026148,Corydalmine,ACHE,MYC,ACHE,Myeloid,56,0.7336106344743277,positive_moderate_confidence,1,1.0,0.7336106344743277,IS2_high_priority_validation_axis,hgnn_positive_candidate_pool,0.4454757715236179,0.9466317380585186,0.7333326297500089,0.6479597239476832,0.6858558270783889,0.8625558031181979,,,,0.9999987246499498
COAD_AXIS_055,COAD_CV055,COAD,CMPD025384,Angustidine,ACHE,MYC,ACHE,Myeloid,57,0.7335463527484734,positive_moderate_confidence,1,1.0,0.7335463527484734,IS2_high_priority_validation_axis,hgnn_positive_candidate_pool,0.4454757715236179,0.9466317380585186,0.7333326297500089,0.6479597239476832,0.6858558270783889,0.861912985859654,,,,0.9999987246499498
COAD_AXIS_052,COAD_CV052,COAD,CMPD025216,Marmesinin,ACHE,MYC,ACHE,Myeloid,58,0.7335125663940941,positive_moderate_confidence,1,1.0,0.7335125663940941,IS2_high_priority_validation_axis,hgnn_positive_candidate_pool,0.4454757715236179,0.9466317380585186,0.7333326297500089,0.6479597239476832,0.6858558270783889,0.8615751223158614,,,,0.9999987246499498
COAD_AXIS_056,COAD_CV056,COAD,CMPD024768,Kaempferol,ACHE,MYC,ACHE,Myeloid,59,0.733463628688655,positive_moderate_confidence,1,1.0,0.733463628688655,IS2_high_priority_validation_axis,hgnn_positive_candidate_pool,0.4454757715236179,0.9466317380585186,0.7333326297500089,0.6479597239476832,0.6858558270783889,0.8610857452614709,,,,0.9999987246499498
COAD_AXIS_054,COAD_CV054,COAD,CMPD025387,"methyl (E)-2-[(2S,3Z,12bS)-3-ethylidene-2,4,6,7,12,12b-hexahydro-1H-indolo[3,2-h]quinolizin-2-yl]-3-methoxyprop-2-enoate",ACHE,MYC,ACHE,Myeloid,60,0.7334498203620312,positive_moderate_confidence,1,1.0,0.7334498203620312,IS2_high_priority_validation_axis,hgnn_positive_candidate_pool,0.4454757715236179,0.9466317380585186,0.7333326297500089,0.6479597239476832,0.6858558270783889,0.8609476619952321,,,,0.9999987246499498
COAD_AXIS_059,COAD_CV059,COAD,CMPD025188,Eriodyctiol (flavanone),HSP90AB1,DDIT3,HSP90AB1,Myeloid,61,0.7333957259352347,positive_moderate_confidence,1,1.0,0.7333957259352347,IS2_high_priority_validation_axis,hgnn_positive_candidate_pool,0.5175830476754931,0.7742240594972724,0.7333326297500089,0.6806,0.8210395599999878,0.8105903560643437,,,,0.9999992254874596
COAD_AXIS_069,COAD_CV069,COAD,CMPD026190,Pectolinarigenin,ACHE,MYC,ACHE,Myeloid,62,0.7316379484396969,positive_moderate_confidence,1,1.0,0.7316379484396969,IS2_high_priority_validation_axis,hgnn_positive_candidate_pool,0.4454757715236179,0.9466317380585186,0.7333326297500089,0.6395597239476832,0.678478090949252,0.8634422691585808,,,,0.9999986529304048
COAD_AXIS_067,COAD_CV067,COAD,CMPD025264,Deltoin,ACHE,MYC,ACHE,Myeloid,63,0.7315726439126907,positive_moderate_confidence,1,1.0,0.7315726439126907,IS2_high_priority_validation_axis,hgnn_positive_candidate_pool,0.4454757715236179,0.9466317380585186,0.7333326297500089,0.6395597239476832,0.678478090949252,0.862789223888519,,,,0.9999986529304048
COAD_AXIS_045,COAD_CV045,COAD,CMPD013588,2-epigalanthamine,ACHE,TFAP2A,ACHE,Myeloid,64,0.731451282064152,positive_moderate_confidence,1,1.0,0.731451282064152,IS2_high_priority_validation_axis,hgnn_positive_candidate_pool,0.4454757715236179,0.9903990119807774,0.7333326297500089,0.6032000000000001,0.7197915229295151,0.7328683296691747,,,,0.9999990246635398
COAD_AXIS_041,COAD_CV041,COAD,CMPD013588,2-epigalanthamine,ACHE,HR,ACHE,Myeloid,65,0.7313823870070519,positive_moderate_confidence,1,1.0,0.7313823870070519,IS2_high_priority_validation_axis,hgnn_positive_candidate_pool,0.4454757715236179,0.9926616682037293,0.7333326297500089,0.6032000000000001,0.8512172873843139,0.5949431087038951,,,,0.999999092334568
COAD_AXIS_068,COAD_CV068,COAD,CMPD024843,Dihydrosanguinarine,ACHE,MYC,ACHE,Myeloid,66,0.7313613749224266,positive_moderate_confidence,1,1.0,0.7313613749224266,IS2_high_priority_validation_axis,hgnn_positive_candidate_pool,0.4454757715236179,0.9466317380585186,0.7333326297500089,0.6395597239476832,0.678478090949252,0.8606765339858782,,,,0.9999986529304048
COAD_AXIS_046,COAD_CV046,COAD,CMPD057237,(-)-huperzine a,ACHE,TFAP2A,ACHE,Myeloid,67,0.7312467460885158,positive_moderate_confidence,1,1.0,0.7312467460885158,IS2_high_priority_validation_axis,hgnn_positive_candidate_pool,0.4454757715236179,0.9903990119807774,0.7333326297500089,0.6032000000000001,0.7197915229295151,0.7308229699128135,,,,0.9999990246635398
COAD_AXIS_042,COAD_CV042,COAD,CMPD057237,(-)-huperzine a,ACHE,HR,ACHE,Myeloid,68,0.7311103803022726,positive_moderate_confidence,1,1.0,0.7311103803022726,IS2_high_priority_validation_axis,hgnn_positive_candidate_pool,0.4454757715236179,0.9926616682037293,0.7333326297500089,0.6032000000000001,0.8512172873843139,0.5922230416561015,,,,0.999999092334568
COAD_AXIS_058,COAD_CV058,COAD,CMPD025553,Physovenine,ACHE,JUN,ACHE,Myeloid,69,0.7284932620866094,positive_moderate_confidence,1,1.0,0.7284932620866094,IS2_high_priority_validation_axis,hgnn_positive_candidate_pool,0.4454757715236179,0.6027915643979128,0.7333326297500089,0.7809597239476832,1.0,0.868389018647809,,,,0.9999993919974212
COAD_AXIS_015,COAD_CV015,COAD,CMPD024770,Quercetin,CDK1,KLF5,CDK1,Myeloid,70,0.7265549673125655,positive_moderate_confidence,1,1.0,0.7265549673125655,IS2_high_priority_validation_axis,hgnn_positive_candidate_pool,0.1773809643516325,0.9780948017527012,0.7333326297500089,0.7853194478953663,0.845860584918818,0.8334535958778816,,,,0.9999982240549984
COAD_AXIS_092,COAD_CV092,COAD,CMPD016599,Physostigmine,ACHE,MYC,ACHE,Myeloid,71,0.7238726974154446,positive_moderate_confidence,1,1.0,0.7238726974154446,IS2_high_priority_validation_axis,hgnn_positive_candidate_pool,0.4454757715236179,0.9466317380585186,0.7333326297500089,0.6416,0.6129567677071553,0.8615591961025584,,,,0.9999982599816925
COAD_AXIS_093,COAD_CV093,COAD,CMPD025553,Physovenine,ACHE,TP53,ACHE,Myeloid,72,0.7217040631832533,positive_moderate_confidence,1,1.0,0.7217040631832533,IS2_high_priority_validation_axis,hgnn_positive_candidate_pool,0.4454757715236179,0.7938435683833182,0.7333326297500089,0.7809597239476832,0.6504190074407402,0.872890440301229,,,,0.99999901268629
COAD_AXIS_085,COAD_CV085,COAD,CMPD019676,Berberine chloride,ACHE,TFAP2A,ACHE,Myeloid,73,0.7192707688107396,positive_moderate_confidence,1,1.0,0.7192707688107396,IS2_high_priority_validation_axis,hgnn_positive_candidate_pool,0.4454757715236179,0.9903990119807774,0.7333326297500089,0.5509261344435874,0.6793103184882308,0.7328242739295214,,,,0.9999986585202872
COAD_AXIS_084,COAD_CV084,COAD,CMPD024838,Berberine,ACHE,TFAP2A,ACHE,Myeloid,74,0.7191138302260321,positive_moderate_confidence,1,1.0,0.7191138302260321,IS2_high_priority_validation_axis,hgnn_positive_candidate_pool,0.4454757715236179,0.9903990119807774,0.7333326297500089,0.5509261344435874,0.6793103184882308,0.7312548880824461,,,,0.9999986585202872
COAD_AXIS_078,COAD_CV078,COAD,CMPD019676,Berberine chloride,ACHE,HR,ACHE,Myeloid,75,0.7172765057557615,positive_moderate_confidence,1,1.0,0.7172765057557615,IS2_high_priority_validation_axis,hgnn_positive_candidate_pool,0.4454757715236179,0.9926616682037293,0.7333326297500089,0.5509261344435874,0.7939862710297213,0.5957451839437622,,,,0.9999986650874292
COAD_AXIS_079,COAD_CV079,COAD,CMPD024838,Berberine,ACHE,HR,ACHE,Myeloid,76,0.7172606834964813,positive_moderate_confidence,1,1.0,0.7172606834964813,IS2_high_priority_validation_axis,hgnn_positive_candidate_pool,0.4454757715236179,0.9926616682037293,0.7333326297500089,0.5509261344435874,0.7939862710297213,0.5955869613509605,,,,0.9999986650874292
COAD_AXIS_087,COAD_CV087,COAD,CMPD024770,Quercetin,ACHE,JUN,ACHE,Myeloid,77,0.7170679190117993,positive_moderate_confidence,1,1.0,0.7170679190117993,IS2_high_priority_validation_axis,hgnn_positive_candidate_pool,0.4454757715236179,0.6027915643979128,0.7333326297500089,0.7003235364986989,1.0,0.8670263501662682,,,,0.9999992256007872
COAD_AXIS_047,COAD_CV047,COAD,CMPD025163,Indirubin,CCNA2,FOXM1,CCNA2,Myeloid,78,0.7164027126524509,positive_moderate_confidence,1,1.0,0.7164027126524509,IS2_high_priority_validation_axis,hgnn_positive_candidate_pool,0.2954057985524803,0.762877988431868,0.7333326297500089,0.7243194478953664,0.9945228159875212,0.8133199611874382,,,,0.9999988391330366
COAD_AXIS_075,COAD_CV075,COAD,CMPD024770,Quercetin,MMP1,CEBPG,MMP1,Myeloid,79,0.7154691385540852,positive_moderate_confidence,1,1.0,0.7154691385540852,IS2_high_priority_validation_axis,hgnn_positive_candidate_pool,0.4178694445523376,0.7563039616885084,0.7333326297500089,0.7087235364986989,0.9050420646950594,0.726416147983135,,,,0.9999988578229368
COAD_AXIS_094,COAD_CV094,COAD,CMPD025160,Tanshinone iia,ACHE,JUN,ACHE,Myeloid,80,0.7131019422161023,positive_moderate_confidence,1,1.0,0.7131019422161023,IS2_high_priority_validation_axis,hgnn_positive_candidate_pool,0.4454757715236179,0.6027915643979128,0.7333326297500089,0.670923536498699,1.0,0.8685266250520662,,,,0.9999991541961744
COAD_AXIS_082,COAD_CV082,COAD,CMPD024820,Luteolin,MMP1,CEBPG,MMP1,Myeloid,81,0.7110066292923608,positive_moderate_confidence,1,1.0,0.7110066292923608,IS2_high_priority_validation_axis,hgnn_positive_candidate_pool,0.4178694445523376,0.7563039616885084,0.7333326297500089,0.6773597239476832,0.9050420646950594,0.7257004605496797,,,,0.9999987451356604
COAD_AXIS_083,COAD_CV083,COAD,CMPD024768,Kaempferol,MMP1,CEBPG,MMP1,Myeloid,82,0.7109802052778348,positive_moderate_confidence,1,1.0,0.7109802052778348,IS2_high_priority_validation_axis,hgnn_positive_candidate_pool,0.4178694445523376,0.7563039616885084,0.7333326297500089,0.6773597239476832,0.9050420646950594,0.7254362204044196,,,,0.9999987451356604
COAD_AXIS_088,COAD_CV088,COAD,CMPD024806,(-)-epigallocatechin-3-gallate,MMP1,CEBPG,MMP1,Myeloid,83,0.7097732189145041,positive_moderate_confidence,1,1.0,0.7097732189145041,IS2_high_priority_validation_axis,hgnn_positive_candidate_pool,0.4178694445523376,0.7563039616885084,0.7333326297500089,0.6689597239476832,0.9050420646950594,0.725126375985723,,,,0.9999987131113076
COAD_AXIS_099,COAD_CV099,COAD,CMPD025251,Decursin,ACHE,JUN,ACHE,Myeloid,84,0.7097626385085765,positive_moderate_confidence,1,1.0,0.7097626385085765,IS2_high_priority_validation_axis,hgnn_positive_candidate_pool,0.4454757715236179,0.6027915643979128,0.7333326297500089,0.6479597239476832,1.0,0.8672829617417821,,,,0.9999990938735868
COAD_AXIS_097,COAD_CV097,COAD,CMPD025216,Marmesinin,ACHE,JUN,ACHE,Myeloid,85,0.7096435571267483,positive_moderate_confidence,1,1.0,0.7096435571267483,IS2_high_priority_validation_axis,hgnn_positive_candidate_pool,0.4454757715236179,0.6027915643979128,0.7333326297500089,0.6479597239476832,1.0,0.866092147923501,,,,0.9999990938735868
COAD_AXIS_096,COAD_CV096,COAD,CMPD025387,"methyl (E)-2-[(2S,3Z,12bS)-3-ethylidene-2,4,6,7,12,12b-hexahydro-1H-indolo[3,2-h]quinolizin-2-yl]-3-methoxyprop-2-enoate",ACHE,JUN,ACHE,Myeloid,86,0.7095493210816983,positive_moderate_confidence,1,1.0,0.7095493210816983,IS2_high_priority_validation_axis,hgnn_positive_candidate_pool,0.4454757715236179,0.6027915643979128,0.7333326297500089,0.6479597239476832,1.0,0.8651497874730011,,,,0.9999990938735868
COAD_AXIS_098,COAD_CV098,COAD,CMPD026148,Corydalmine,ACHE,JUN,ACHE,Myeloid,87,0.7094380691135619,positive_moderate_confidence,1,1.0,0.7094380691135619,IS2_high_priority_validation_axis,hgnn_positive_candidate_pool,0.4454757715236179,0.6027915643979128,0.7333326297500089,0.6479597239476832,1.0,0.8640372677916366,,,,0.9999990938735868
COAD_AXIS_100,COAD_CV100,COAD,CMPD025384,Angustidine,ACHE,JUN,ACHE,Myeloid,88,0.7090997190392063,positive_moderate_confidence,1,1.0,0.7090997190392063,IS2_high_priority_validation_axis,hgnn_positive_candidate_pool,0.4454757715236179,0.6027915643979128,0.7333326297500089,0.6479597239476832,1.0,0.8606537670480804,,,,0.9999990938735868
COAD_AXIS_038,COAD_CV038,COAD,CMPD024770,Quercetin,CDK1,MYBL2,CDK1,Myeloid,89,0.7033000439406605,positive_moderate_confidence,1,1.0,0.7033000439406605,IS2_high_priority_validation_axis,hgnn_positive_candidate_pool,0.3594803479102349,0.7393361785867573,0.7333326297500089,0.7853194478953663,0.8212162923448778,0.8423957343626595,,,,0.8127486542209682
COAD_AXIS_039,COAD_CV039,COAD,CMPD024770,Quercetin,CDK1,E2F1,CDK1,Myeloid,90,0.6943815677943672,positive_moderate_confidence,1,1.0,0.6943815677943672,IS2_high_priority_validation_axis,hgnn_positive_candidate_pool,0.2766196444015838,0.7329904755972482,0.7333326297500089,0.7853194478953663,0.7901379249556288,0.8640680633913453,,,,0.9999982598406382
COAD_AXIS_002,COAD_CV002,COAD,CMPD025553,Physovenine,ACHE,AP1,ACHE,Myeloid,91,0.6919262481185182,positive_moderate_confidence,1,1.0,0.6919262481185182,IS2_high_priority_validation_axis,hgnn_positive_candidate_pool,0.4454757715236179,0.7950058868245325,0.7333326297500089,0.7809597239476832,0.9766808624482526,0.2212732570511612,,,,0.9999992955384138
COAD_AXIS_077,COAD_CV077,COAD,CMPD025163,Indirubin,CDK1,MYBL2,CDK1,Myeloid,92,0.6875902617006077,positive_moderate_confidence,1,1.0,0.6875902617006077,IS2_high_priority_validation_axis,hgnn_positive_candidate_pool,0.3594803479102349,0.7393361785867573,0.7333326297500089,0.7003235364986989,0.7874121453329757,0.844857164331748,,,,0.8127486542209682
COAD_AXIS_091,COAD_CV091,COAD,CMPD025501,Rutaecarpine,PTGS2,ETV4,PTGS2,Myeloid,93,0.6713665355046065,positive_moderate_confidence,1,1.0,0.6713665355046065,IS3_supplementary_mechanistic_axis,hgnn_positive_candidate_pool,0.2616207894032742,0.614103261047283,0.7333326297500089,0.7613235364986989,0.9166993261350096,0.7696598086221577,,,,0.9999993690209814
COAD_AXIS_095,COAD_CV095,COAD,CMPD025693,Triptolide,PTGS2,ETV4,PTGS2,Myeloid,94,0.66878543975933,positive_moderate_confidence,1,1.0,0.66878543975933,IS3_supplementary_mechanistic_axis,hgnn_positive_candidate_pool,0.2616207894032742,0.614103261047283,0.7333326297500089,0.7425597239476832,0.9166993261350096,0.7701182106632655,,,,0.9999993324835648
COAD_AXIS_074,COAD_CV074,COAD,CMPD024770,Quercetin,MMP1,ETV4,MMP1,Myeloid,95,0.667467183857063,positive_moderate_confidence,1,1.0,0.667467183857063,IS3_supplementary_mechanistic_axis,hgnn_positive_candidate_pool,0.1558556592946188,0.7988538715512771,0.7333326297500089,0.7087235364986989,0.9166993261350096,0.671335702805152,,,,0.9999987499391384
COAD_AXIS_081,COAD_CV081,COAD,CMPD024768,Kaempferol,MMP1,ETV4,MMP1,Myeloid,96,0.663179871109451,positive_moderate_confidence,1,1.0,0.663179871109451,IS3_supplementary_mechanistic_axis,hgnn_positive_candidate_pool,0.1558556592946188,0.7988538715512771,0.7333326297500089,0.6773597239476832,0.9166993261350096,0.6723719868991055,,,,0.9999986266080528
COAD_AXIS_080,COAD_CV080,COAD,CMPD024820,Luteolin,MMP1,ETV4,MMP1,Myeloid,97,0.6631377440811054,positive_moderate_confidence,1,1.0,0.6631377440811054,IS3_supplementary_mechanistic_axis,hgnn_positive_candidate_pool,0.1558556592946188,0.7988538715512771,0.7333326297500089,0.6773597239476832,0.9166993261350096,0.6719507166156492,,,,0.9999986266080528
COAD_AXIS_086,COAD_CV086,COAD,CMPD024806,(-)-epigallocatechin-3-gallate,MMP1,ETV4,MMP1,Myeloid,98,0.6619090628238069,positive_moderate_confidence,1,1.0,0.6619090628238069,IS3_supplementary_mechanistic_axis,hgnn_positive_candidate_pool,0.1558556592946188,0.7988538715512771,0.7333326297500089,0.6689597239476832,0.9166993261350096,0.6714239250721801,,,,0.9999985915588592
COAD_AXIS_076,COAD_CV076,COAD,CMPD025671,Eckol,BACE1,NFKB,BACE1,Myeloid,99,0.6529880031223426,positive_moderate_confidence,1,1.0,0.6529880031223426,IS3_supplementary_mechanistic_axis,hgnn_positive_candidate_pool,0.57086850244255,0.5959688845533679,0.7333326297500089,0.7003235364986989,1.0,0.2376697361711964,,,,0.7106948138536703
COAD_AXIS_090,COAD_CV090,COAD,CMPD024770,Quercetin,CDK1,E2F1,CDK1,Fibroblast_CAF,100,0.6119779256409024,positive_moderate_confidence,1,1.0,0.6119779256409024,IS3_supplementary_mechanistic_axis,hgnn_positive_candidate_pool,0.2766196444015838,0.7999999999999999,0.03122583620391,0.7853194478953663,0.8670415670423172,0.8650084559836938,,,,0.8861137223873233
COAD_AXIS_181,,COAD,CMPD025602,"3,5-dihydroxy-2-(4-hydroxyphenyl)chromone",PPARG,ETV4,PPARG,Myeloid,101,0.4791087895898294,reserve_or_unlabeled,0,,0.4791087895898294,IS4_low_priority_or_incomplete_axis,reserve_background_axis,0.0,1.0,0.0,0.0,0.9166993261350096,0.7853352567007406,,,,0.9999986035354276
COAD_AXIS_173,,COAD,CMPD025623,Psi-Baptigenin,PPARG,ETV4,PPARG,Myeloid,102,0.4790864186021445,reserve_or_unlabeled,0,,0.4790864186021445,IS4_low_priority_or_incomplete_axis,reserve_background_axis,0.0,1.0,0.0,0.0,0.9166993261350096,0.7851115211738855,,,,0.9999986462854368
COAD_AXIS_182,,COAD,CMPD025348,Galangin,PPARG,ETV4,PPARG,Myeloid,103,0.4790258791670855,reserve_or_unlabeled,0,,0.4790258791670855,IS4_low_priority_or_incomplete_axis,reserve_background_axis,0.0,1.0,0.0,0.0,0.9166993261350096,0.7845061524733012,,,,0.9999986035354276
COAD_AXIS_150,,COAD,CMPD025929,Artemisinin,CYP2B6,CEBPA,CYP2B6,Myeloid,104,0.478047343287994,reserve_or_unlabeled,0,,0.478047343287994,IS4_low_priority_or_incomplete_axis,reserve_background_axis,0.0,0.9776499808565172,0.0,0.0,0.9086949755194428,0.8462223824638897,,,,0.9999987682280465
COAD_AXIS_113,,COAD,CMPD025929,Artemisinin,CYP2B6,CEBPG,CYP2B6,Myeloid,105,0.4746988450796145,reserve_or_unlabeled,0,,0.4746988450796145,IS4_low_priority_or_incomplete_axis,reserve_background_axis,0.0,0.995623799661454,0.0,0.0,0.9050420646950594,0.7639766286366241,,,,0.9999990991470936
COAD_AXIS_168,,COAD,CMPD025623,Psi-Baptigenin,PPARG,CEBPG,PPARG,Myeloid,106,0.4746929933978693,reserve_or_unlabeled,0,,0.4746929933978693,IS4_low_priority_or_incomplete_axis,reserve_background_axis,0.0,0.9665927933350524,0.0,0.0,0.9050420646950594,0.8219803260913323,,,,0.9999987631148328
COAD_AXIS_176,,COAD,CMPD025348,Galangin,PPARG,CEBPG,PPARG,Myeloid,107,0.4745415816500182,reserve_or_unlabeled,0,,0.4745415816500182,IS4_low_priority_or_incomplete_axis,reserve_background_axis,0.0,0.9665927933350524,0.0,0.0,0.9050420646950594,0.820466232049161,,,,0.9999987240542656
COAD_AXIS_197,,COAD,CMPD024770,Quercetin,PPARG,CEBPG,PPARG,Myeloid,108,0.474504388238466,reserve_or_unlabeled,0,,0.474504388238466,IS4_low_priority_or_incomplete_axis,reserve_background_axis,0.0,0.9665927933350524,0.0,0.0,0.9050420646950594,0.8200943477160021,,,,0.9999986410836604
COAD_AXIS_175,,COAD,CMPD025602,"3,5-dihydroxy-2-(4-hydroxyphenyl)chromone",PPARG,CEBPG,PPARG,Myeloid,109,0.474438932687561,reserve_or_unlabeled,0,,0.474438932687561,IS4_low_priority_or_incomplete_axis,reserve_background_axis,0.0,0.9665927933350524,0.0,0.0,0.9050420646950594,0.8194397424245887,,,,0.9999987240542656
COAD_AXIS_198,,COAD,CMPD024768,Kaempferol,PPARG,CEBPG,PPARG,Myeloid,110,0.4744126216311257,reserve_or_unlabeled,0,,0.4744126216311257,IS4_low_priority_or_incomplete_axis,reserve_background_axis,0.0,0.9665927933350524,0.0,0.0,0.9050420646950594,0.819176681642599,,,,0.9999986410836604
COAD_AXIS_160,,COAD,CMPD024770,Quercetin,XDH,CEBPG,XDH,Myeloid,111,0.4655831758939766,reserve_or_unlabeled,0,,0.4655831758939766,IS4_low_priority_or_incomplete_axis,reserve_background_axis,0.0,0.9826769287802984,0.0,0.0,0.9050420646950594,0.7237137758308445,,,,0.9999989369999456
COAD_AXIS_167,,COAD,CMPD024820,Luteolin,XDH,CEBPG,XDH,Myeloid,112,0.4654886523365059,reserve_or_unlabeled,0,,0.4654886523365059,IS4_low_priority_or_incomplete_axis,reserve_background_axis,0.0,0.9826769287802984,0.0,0.0,0.9050420646950594,0.7227685744438113,,,,0.9999988800204892
COAD_AXIS_147,,COAD,CMPD025051,ellagic acid,GSTP1,CEBPG,GSTP1,Myeloid,113,0.4610714675632597,reserve_or_unlabeled,0,,0.4610714675632597,IS4_low_priority_or_incomplete_axis,reserve_background_axis,0.0,0.957845968735046,0.0,0.0,0.9050420646950594,0.7282589807406722,,,,0.999998323455794
COAD_AXIS_178,,COAD,CMPD025602,"3,5-dihydroxy-2-(4-hydroxyphenyl)chromone",PPARG,DDIT3,PPARG,Myeloid,114,0.4580025719317563,reserve_or_unlabeled,0,,0.4580025719317563,IS4_low_priority_or_incomplete_axis,reserve_background_axis,0.0,0.9381225050685548,0.0,0.0,0.8210395599999878,0.8128199331730829,,,,0.999998363821832
COAD_AXIS_179,,COAD,CMPD025348,Galangin,PPARG,DDIT3,PPARG,Myeloid,115,0.457948033098587,reserve_or_unlabeled,0,,0.457948033098587,IS4_low_priority_or_incomplete_axis,reserve_background_axis,0.0,0.9381225050685548,0.0,0.0,0.8210395599999878,0.8122745448413902,,,,0.999998363821832
COAD_AXIS_174,,COAD,CMPD025623,Psi-Baptigenin,PPARG,DDIT3,PPARG,Myeloid,116,0.4577558487431358,reserve_or_unlabeled,0,,0.4577558487431358,IS4_low_priority_or_incomplete_axis,reserve_background_axis,0.0,0.9381225050685548,0.0,0.0,0.8190747135519086,0.8127104944804322,,,,0.9999984013954016
COAD_AXIS_141,,COAD,CMPD025332,Glycyrrhiza flavonol a,ACHE,HR,ACHE,Myeloid,117,0.4474273138092735,reserve_or_unlabeled,0,,0.4474273138092735,IS4_low_priority_or_incomplete_axis,reserve_background_axis,0.0,0.9926616682037293,0.0,0.0,0.8643538625442575,0.5960120536633963,,,,0.9999980454241422
COAD_AXIS_131,,COAD,CMPD025602,"3,5-dihydroxy-2-(4-hydroxyphenyl)chromone",ACHE,HR,ACHE,Myeloid,118,0.4474104565069895,reserve_or_unlabeled,0,,0.4474104565069895,IS4_low_priority_or_incomplete_axis,reserve_background_axis,0.0,0.9926616682037293,0.0,0.0,0.8643538625442575,0.5958434806405565,,,,0.9999980454241422
COAD_AXIS_124,,COAD,CMPD025158,"(6S)-6-hydroxy-1-methyl-6-methylol-8,9-dihydro-7H-naphtho[8,7-g]benzofuran-10,11-quinone",ACHE,HR,ACHE,Myeloid,119,0.4473802787921761,reserve_or_unlabeled,0,,0.4473802787921761,IS4_low_priority_or_incomplete_axis,reserve_background_axis,0.0,0.9926616682037293,0.0,0.0,0.8643538625442575,0.5955417034924229,,,,0.9999980454241422
COAD_AXIS_137,,COAD,CMPD025181,"5-(1-methoxyethyl)-2,6-dihydroxy-1,7-dimethyl-9,10-dihydrophenanthrene",ACHE,HR,ACHE,Myeloid,120,0.447340488029933,reserve_or_unlabeled,0,,0.447340488029933,IS4_low_priority_or_incomplete_axis,reserve_background_axis,0.0,0.9926616682037293,0.0,0.0,0.8643538625442575,0.5951437958699913,,,,0.9999980454241422
COAD_AXIS_127,,COAD,CMPD025089,"Quercetin tetramethyl(3',4',5,7) ether",ACHE,HR,ACHE,Myeloid,121,0.4473297096724081,reserve_or_unlabeled,0,,0.4473297096724081,IS4_low_priority_or_incomplete_axis,reserve_background_axis,0.0,0.9926616682037293,0.0,0.0,0.8643538625442575,0.5950360122947427,,,,0.9999980454241422
COAD_AXIS_142,,COAD,CMPD025754,Ibogain,ACHE,HR,ACHE,Myeloid,122,0.447318704801904,reserve_or_unlabeled,0,,0.447318704801904,IS4_low_priority_or_incomplete_axis,reserve_background_axis,0.0,0.9926616682037293,0.0,0.0,0.8643538625442575,0.5949259635897021,,,,0.9999980454241422
COAD_AXIS_138,,COAD,CMPD025893,Xyloidone,ACHE,HR,ACHE,Myeloid,123,0.4473164897828529,reserve_or_unlabeled,0,,0.4473164897828529,IS4_low_priority_or_incomplete_axis,reserve_background_axis,0.0,0.9926616682037293,0.0,0.0,0.8643538625442575,0.5949038133991903,,,,0.9999980454241422
COAD_AXIS_130,,COAD,CMPD024776,Sumatrol,ACHE,HR,ACHE,Myeloid,124,0.4473112944268817,reserve_or_unlabeled,0,,0.4473112944268817,IS4_low_priority_or_incomplete_axis,reserve_background_axis,0.0,0.9926616682037293,0.0,0.0,0.8643538625442575,0.5948518598394784,,,,0.9999980454241422
COAD_AXIS_125,,COAD,CMPD025911,Anhydroicaritin,ACHE,HR,ACHE,Myeloid,125,0.4472652484865411,reserve_or_unlabeled,0,,0.4472652484865411,IS4_low_priority_or_incomplete_axis,reserve_background_axis,0.0,0.9926616682037293,0.0,0.0,0.8643538625442575,0.5943914004360721,,,,0.9999980454241422
COAD_AXIS_121,,COAD,CMPD026110,isodihydrofutoquinol a,ACHE,HR,ACHE,Myeloid,126,0.4472425324200726,reserve_or_unlabeled,0,,0.4472425324200726,IS4_low_priority_or_incomplete_axis,reserve_background_axis,0.0,0.9926616682037293,0.0,0.0,0.8643538625442575,0.5941642397713882,,,,0.9999980454241422
COAD_AXIS_135,,COAD,CMPD025399,Dihydrocorynantheine,ACHE,HR,ACHE,Myeloid,127,0.4472361842989349,reserve_or_unlabeled,0,,0.4472361842989349,IS4_low_priority_or_incomplete_axis,reserve_background_axis,0.0,0.9926616682037293,0.0,0.0,0.8643538625442575,0.5941007585600113,,,,0.9999980454241422
COAD_AXIS_132,,COAD,CMPD025302,Glabridin,ACHE,HR,ACHE,Myeloid,128,0.4472353417244743,reserve_or_unlabeled,0,,0.4472353417244743,IS4_low_priority_or_incomplete_axis,reserve_background_axis,0.0,0.9926616682037293,0.0,0.0,0.8643538625442575,0.5940923328154047,,,,0.9999980454241422
COAD_AXIS_126,,COAD,CMPD025112,7-Methoxy-2-methyl isoflavone,ACHE,HR,ACHE,Myeloid,129,0.4472242727990951,reserve_or_unlabeled,0,,0.4472242727990951,IS4_low_priority_or_incomplete_axis,reserve_background_axis,0.0,0.9926616682037293,0.0,0.0,0.8643538625442575,0.5939816435616129,,,,0.9999980454241422
COAD_AXIS_123,,COAD,CMPD024927,Dinatin,ACHE,HR,ACHE,Myeloid,130,0.4471982657788795,reserve_or_unlabeled,0,,0.4471982657788795,IS4_low_priority_or_incomplete_axis,reserve_background_axis,0.0,0.9926616682037293,0.0,0.0,0.8643538625442575,0.5937215733594565,,,,0.9999980454241422
COAD_AXIS_122,,COAD,CMPD026195,Noscapine,ACHE,HR,ACHE,Myeloid,131,0.4471770992251562,reserve_or_unlabeled,0,,0.4471770992251562,IS4_low_priority_or_incomplete_axis,reserve_background_axis,0.0,0.9926616682037293,0.0,0.0,0.8643538625442575,0.5935099078222241,,,,0.9999980454241422
COAD_AXIS_129,,COAD,CMPD025156,Salvilenone,ACHE,HR,ACHE,Myeloid,132,0.4471727709142846,reserve_or_unlabeled,0,,0.4471727709142846,IS4_low_priority_or_incomplete_axis,reserve_background_axis,0.0,0.9926616682037293,0.0,0.0,0.8643538625442575,0.5934666247135081,,,,0.9999980454241422
COAD_AXIS_139,,COAD,CMPD026150,Luteanin,ACHE,HR,ACHE,Myeloid,133,0.4471640729264007,reserve_or_unlabeled,0,,0.4471640729264007,IS4_low_priority_or_incomplete_axis,reserve_background_axis,0.0,0.9926616682037293,0.0,0.0,0.8643538625442575,0.5933796448346684,,,,0.9999980454241422
COAD_AXIS_134,,COAD,CMPD025143,Isocryptanshinone,ACHE,HR,ACHE,Myeloid,134,0.4471480086995774,reserve_or_unlabeled,0,,0.4471480086995774,IS4_low_priority_or_incomplete_axis,reserve_background_axis,0.0,0.9926616682037293,0.0,0.0,0.8643538625442575,0.5932190025664359,,,,0.9999980454241422
COAD_AXIS_133,,COAD,CMPD025287,Gancaonin A,ACHE,HR,ACHE,Myeloid,135,0.4471244094675624,reserve_or_unlabeled,0,,0.4471244094675624,IS4_low_priority_or_incomplete_axis,reserve_background_axis,0.0,0.9926616682037293,0.0,0.0,0.8643538625442575,0.5929830102462857,,,,0.9999980454241422
COAD_AXIS_136,,COAD,CMPD024991,Pisatin,ACHE,HR,ACHE,Myeloid,136,0.4471199006621286,reserve_or_unlabeled,0,,0.4471199006621286,IS4_low_priority_or_incomplete_axis,reserve_background_axis,0.0,0.9926616682037293,0.0,0.0,0.8643538625442575,0.5929379221919471,,,,0.9999980454241422
COAD_AXIS_128,,COAD,CMPD025391,Rhynchophylline,ACHE,HR,ACHE,Myeloid,137,0.4470758033817855,reserve_or_unlabeled,0,,0.4470758033817855,IS4_low_priority_or_incomplete_axis,reserve_background_axis,0.0,0.9926616682037293,0.0,0.0,0.8643538625442575,0.5924969493885169,,,,0.9999980454241422
COAD_AXIS_140,,COAD,CMPD026024,Zizyphusine,ACHE,HR,ACHE,Myeloid,138,0.4470558653301505,reserve_or_unlabeled,0,,0.4470558653301505,IS4_low_priority_or_incomplete_axis,reserve_background_axis,0.0,0.9926616682037293,0.0,0.0,0.8643538625442575,0.5922975688721666,,,,0.9999980454241422
COAD_AXIS_153,,COAD,CMPD025856,Allopseudococain,SLC6A2,MYB,SLC6A2,T_NK_ILC,139,0.43774784316373,reserve_or_unlabeled,0,,0.43774784316373,IS4_low_priority_or_incomplete_axis,reserve_background_axis,0.0,0.9333333333333332,0.0,0.0,0.8057332343897338,0.6632180396829953,,,,0.9999992638427866
COAD_AXIS_107,,COAD,CMPD063162,Alpha-lipoic acid,ACHE,TFAP2A,ACHE,Myeloid,140,0.4371591208412705,reserve_or_unlabeled,0,,0.4371591208412705,IS4_low_priority_or_incomplete_axis,reserve_background_axis,0.0,0.9903990119807774,0.0,0.0,0.6499614452682997,0.7301261861993655,,,,0.9999982970258996
COAD_AXIS_116,,COAD,CMPD013394,"1,2-dimethylbenzene",ACHE,TFAP2A,ACHE,Myeloid,141,0.4365351422518652,reserve_or_unlabeled,0,,0.4365351422518652,IS4_low_priority_or_incomplete_axis,reserve_background_axis,0.0,0.9903990119807774,0.0,0.0,0.6428772344910749,0.7323875800935268,,,,0.9999980855999904
COAD_AXIS_118,,COAD,CMPD013120,Pcr,ACHE,TFAP2A,ACHE,Myeloid,142,0.436444569453786,reserve_or_unlabeled,0,,0.436444569453786,IS4_low_priority_or_incomplete_axis,reserve_background_axis,0.0,0.9903990119807774,0.0,0.0,0.6428772344910749,0.7314818521127358,,,,0.9999980855999904
COAD_AXIS_117,,COAD,CMPD004807,M-xylene,ACHE,TFAP2A,ACHE,Myeloid,143,0.4363984473993007,reserve_or_unlabeled,0,,0.4363984473993007,IS4_low_priority_or_incomplete_axis,reserve_background_axis,0.0,0.9903990119807774,0.0,0.0,0.6428772344910749,0.7310206315678823,,,,0.9999980855999904
COAD_AXIS_119,,COAD,CMPD004917,Toluene,ACHE,TFAP2A,ACHE,Myeloid,144,0.4362562975599263,reserve_or_unlabeled,0,,0.4362562975599263,IS4_low_priority_or_incomplete_axis,reserve_background_axis,0.0,0.9903990119807774,0.0,0.0,0.6428772344910749,0.7295991331741386,,,,0.9999980855999904
COAD_AXIS_114,,COAD,CMPD025140,Dihydrotanshinoneⅰ,ACHE,TFAP2A,ACHE,Myeloid,145,0.4362214070778706,reserve_or_unlabeled,0,,0.4362214070778706,IS4_low_priority_or_incomplete_axis,reserve_background_axis,0.0,0.9903990119807774,0.0,0.0,0.6418652043800428,0.7304646258330908,,,,0.9999981500228722
COAD_AXIS_120,,COAD,CMPD025303,Glabranin,ACHE,TFAP2A,ACHE,Myeloid,146,0.4362042701191735,reserve_or_unlabeled,0,,0.4362042701191735,IS4_low_priority_or_incomplete_axis,reserve_background_axis,0.0,0.9903990119807774,0.0,0.0,0.6428772344910749,0.7290788587666108,,,,0.9999980855999904
COAD_AXIS_108,,COAD,CMPD063162,Alpha-lipoic acid,ACHE,HR,ACHE,Myeloid,147,0.4336724267357536,reserve_or_unlabeled,0,,0.4336724267357536,IS4_low_priority_or_incomplete_axis,reserve_background_axis,0.0,0.9926616682037293,0.0,0.0,0.7524937841726417,0.5926951716197505,,,,0.9999982210147864
COAD_AXIS_161,,COAD,CMPD025856,Allopseudococain,SLC6A2,MYB,SLC6A2,Myeloid,148,0.43148485490252,reserve_or_unlabeled,0,,0.43148485490252,IS4_low_priority_or_incomplete_axis,reserve_background_axis,0.0,1.0,0.0,0.0,0.6420612202558365,0.6636614357253722,,,,0.9999989387975642
COAD_AXIS_171,,COAD,CMPD025553,Physovenine,ACHE,JUN,ACHE,Fibroblast_CAF,149,0.4309798006035071,reserve_or_unlabeled,0,,0.4309798006035071,IS4_low_priority_or_incomplete_axis,reserve_background_axis,0.0,0.7999999999999999,0.0,0.0,0.7844693892327252,0.8627208502272791,,,,0.99999933835706
COAD_AXIS_145,,COAD,CMPD025163,Indirubin,CDK1,E2F1,CDK1,Fibroblast_CAF,150,0.4303507479448958,reserve_or_unlabeled,0,,0.4303507479448958,IS4_low_priority_or_incomplete_axis,reserve_background_axis,0.0,0.7999999999999999,0.0,0.0,0.846746599705269,0.8605379692273838,,,,0.8861137223873233
COAD_AXIS_143,,COAD,CMPD025553,Physovenine,ACHE,MYC,ACHE,Fibroblast_CAF,151,0.4297484510900937,reserve_or_unlabeled,0,,0.4297484510900937,IS4_low_priority_or_incomplete_axis,reserve_background_axis,0.0,0.7999999999999999,0.0,0.0,0.8863300017721092,0.8606495634198816,,,,0.8651899089242063
COAD_AXIS_157,,COAD,CMPD024946,Baicalein,CDK1,E2F1,CDK1,Fibroblast_CAF,152,0.4294928207226987,reserve_or_unlabeled,0,,0.4294928207226987,IS4_low_priority_or_incomplete_axis,reserve_background_axis,0.0,0.7999999999999999,0.0,0.0,0.8381980910979158,0.8622169073342367,,,,0.8861137223873233
COAD_AXIS_148,,COAD,CMPD024770,Quercetin,CDK1,MYC,CDK1,Fibroblast_CAF,153,0.4293052936987406,reserve_or_unlabeled,0,,0.4293052936987406,IS4_low_priority_or_incomplete_axis,reserve_background_axis,0.0,0.7999999999999999,0.0,0.0,0.8751038032906978,0.9022561359562172,,,,0.8491263475182058
COAD_AXIS_109,,COAD,CMPD025188,Eriodyctiol (flavanone),HSP90AB1,HSF1,HSP90AB1,Myeloid,154,0.4248604188926333,reserve_or_unlabeled,0,,0.4248604188926333,IS4_low_priority_or_incomplete_axis,reserve_background_axis,0.0,0.7560561134129616,0.0,0.0,0.8888849490835427,0.7870450265200196,,,,0.9999988039907074
COAD_AXIS_149,,COAD,CMPD025553,Physovenine,ACHE,SSRP1,ACHE,Myeloid,155,0.4238070854476703,reserve_or_unlabeled,0,,0.4238070854476703,IS4_low_priority_or_incomplete_axis,reserve_background_axis,0.0,0.7933913303440004,0.0,0.0,0.8723385887473619,0.7237684276936887,,,,0.999998623139822
COAD_AXIS_190,,COAD,CMPD024770,Quercetin,ACHE,SSRP1,ACHE,Myeloid,156,0.4238029157436238,reserve_or_unlabeled,0,,0.4238029157436238,IS4_low_priority_or_incomplete_axis,reserve_background_axis,0.0,0.7933913303440004,0.0,0.0,0.8723385887473619,0.7237269567424048,,,,0.9999982463245212
COAD_AXIS_177,,COAD,CMPD024770,Quercetin,CDK1,E2F4,CDK1,Fibroblast_CAF,157,0.41926760582181,reserve_or_unlabeled,0,,0.41926760582181,IS4_low_priority_or_incomplete_axis,reserve_background_axis,0.0,0.7999999999999999,0.0,0.0,0.7767948607759587,0.8468867687816475,,,,0.8815650465564552
COAD_AXIS_104,,COAD,CMPD025264,Deltoin,ACHE,JUN,ACHE,Myeloid,158,0.417941789308487,reserve_or_unlabeled,0,,0.417941789308487,IS4_low_priority_or_incomplete_axis,reserve_background_axis,0.0,0.6027915643979128,0.0,0.0,1.0,0.868121036125312,,,,0.9999990707490772
COAD_AXIS_105,,COAD,CMPD024843,Dihydrosanguinarine,ACHE,JUN,ACHE,Myeloid,159,0.4177169343810286,reserve_or_unlabeled,0,,0.4177169343810286,IS4_low_priority_or_incomplete_axis,reserve_background_axis,0.0,0.6027915643979128,0.0,0.0,1.0,0.8658724868507278,,,,0.9999990707490772
COAD_AXIS_103,,COAD,CMPD026190,Pectolinarigenin,ACHE,JUN,ACHE,Myeloid,160,0.4177106335420891,reserve_or_unlabeled,0,,0.4177106335420891,IS4_low_priority_or_incomplete_axis,reserve_background_axis,0.0,0.6027915643979128,0.0,0.0,1.0,0.8658094784613328,,,,0.9999990707490772
COAD_AXIS_101,,COAD,CMPD024768,Kaempferol,ACHE,JUN,ACHE,Myeloid,161,0.4176224651333201,reserve_or_unlabeled,0,,0.4176224651333201,IS4_low_priority_or_incomplete_axis,reserve_background_axis,0.0,0.6027915643979128,0.0,0.0,1.0,0.864927780498938,,,,0.9999990938735868
COAD_AXIS_112,,COAD,CMPD013588,2-epigalanthamine,ACHE,JUN,ACHE,Myeloid,162,0.4175923770747566,reserve_or_unlabeled,0,,0.4175923770747566,IS4_low_priority_or_incomplete_axis,reserve_background_axis,0.0,0.6027915643979128,0.0,0.0,1.0,0.864626978046002,,,,0.9999989636524216
COAD_AXIS_102,,COAD,CMPD016599,Physostigmine,ACHE,JUN,ACHE,Myeloid,163,0.4175723234522135,reserve_or_unlabeled,0,,0.4175723234522135,IS4_low_priority_or_incomplete_axis,reserve_background_axis,0.0,0.6027915643979128,0.0,0.0,1.0,0.8644263741603322,,,,0.9999990764194856
COAD_AXIS_111,,COAD,CMPD057237,(-)-huperzine a,ACHE,JUN,ACHE,Myeloid,164,0.4175129810463814,reserve_or_unlabeled,0,,0.4175129810463814,IS4_low_priority_or_incomplete_axis,reserve_background_axis,0.0,0.6027915643979128,0.0,0.0,1.0,0.8638330177622495,,,,0.9999989636524216
COAD_AXIS_151,,COAD,CMPD024770,Quercetin,PLAU,ETS1,PLAU,Myeloid,165,0.4161344015107175,reserve_or_unlabeled,0,,0.4161344015107175,IS4_low_priority_or_incomplete_axis,reserve_background_axis,0.0,0.7609261677885263,0.0,0.0,0.8065051239998212,0.7659722816459561,,,,0.9999982722834926
COAD_AXIS_146,,COAD,CMPD024770,Quercetin,ACHE,MYC,ACHE,T_NK_ILC,166,0.4158396397145004,reserve_or_unlabeled,0,,0.4158396397145004,IS4_low_priority_or_incomplete_axis,reserve_background_axis,0.0,0.7477893962008962,0.0,0.0,0.7890468566171497,0.8618370306429812,,,,0.9999989102660852
COAD_AXIS_199,,COAD,CMPD025188,Eriodyctiol (flavanone),HSP90AB1,MYC,HSP90AB1,Myeloid,167,0.4153605033609892,reserve_or_unlabeled,0,,0.4153605033609892,IS4_low_priority_or_incomplete_axis,reserve_background_axis,0.0,0.7867730322639038,0.0,0.0,0.7174746962032612,0.8898047699920388,,,,0.9999980822673644
COAD_AXIS_159,,COAD,CMPD024770,Quercetin,PLAU,HIF1A,PLAU,Myeloid,168,0.4149570571795076,reserve_or_unlabeled,0,,0.4149570571795076,IS4_low_priority_or_incomplete_axis,reserve_background_axis,0.0,0.7391772023443485,0.0,0.0,0.9172539625963664,0.8289960357888029,,,,0.7263351508127524
COAD_AXIS_165,,COAD,CMPD024838,Berberine,ACHE,JUN,ACHE,Myeloid,169,0.4146581147804163,reserve_or_unlabeled,0,,0.4146581147804163,IS4_low_priority_or_incomplete_axis,reserve_background_axis,0.0,0.6027915643979128,0.0,0.0,0.972193958427238,0.8686517961379361,,,,0.9999986450723848
COAD_AXIS_164,,COAD,CMPD019676,Berberine chloride,ACHE,JUN,ACHE,Myeloid,170,0.4145494185032715,reserve_or_unlabeled,0,,0.4145494185032715,IS4_low_priority_or_incomplete_axis,reserve_background_axis,0.0,0.6027915643979128,0.0,0.0,0.972193958427238,0.8675648333664876,,,,0.9999986450723848
COAD_AXIS_184,,COAD,CMPD024768,Kaempferol,ACHE,MYC,ACHE,T_NK_ILC,171,0.4125827177370793,reserve_or_unlabeled,0,,0.4125827177370793,IS4_low_priority_or_incomplete_axis,reserve_background_axis,0.0,0.7477893962008962,0.0,0.0,0.760120449390554,0.8639797046067178,,,,0.9999985684893626
COAD_AXIS_188,,COAD,CMPD025251,Decursin,ACHE,MYC,ACHE,T_NK_ILC,172,0.412523353798953,reserve_or_unlabeled,0,,0.412523353798953,IS4_low_priority_or_incomplete_axis,reserve_background_axis,0.0,0.7477893962008962,0.0,0.0,0.760120449390554,0.8633860652254558,,,,0.9999985684893626
COAD_AXIS_189,,COAD,CMPD025384,Angustidine,ACHE,MYC,ACHE,T_NK_ILC,173,0.4123612375893943,reserve_or_unlabeled,0,,0.4123612375893943,IS4_low_priority_or_incomplete_axis,reserve_background_axis,0.0,0.7477893962008962,0.0,0.0,0.760120449390554,0.861764903129868,,,,0.9999985684893626
COAD_AXIS_187,,COAD,CMPD025387,"methyl (E)-2-[(2S,3Z,12bS)-3-ethylidene-2,4,6,7,12,12b-hexahydro-1H-indolo[3,2-h]quinolizin-2-yl]-3-methoxyprop-2-enoate",ACHE,MYC,ACHE,T_NK_ILC,174,0.4122350365329458,reserve_or_unlabeled,0,,0.4122350365329458,IS4_low_priority_or_incomplete_axis,reserve_background_axis,0.0,0.7477893962008962,0.0,0.0,0.760120449390554,0.8605028925653841,,,,0.9999985684893626
COAD_AXIS_185,,COAD,CMPD026148,Corydalmine,ACHE,MYC,ACHE,T_NK_ILC,175,0.4122237130124725,reserve_or_unlabeled,0,,0.4122237130124725,IS4_low_priority_or_incomplete_axis,reserve_background_axis,0.0,0.7477893962008962,0.0,0.0,0.760120449390554,0.8603896573606513,,,,0.9999985684893626
COAD_AXIS_186,,COAD,CMPD025216,Marmesinin,ACHE,MYC,ACHE,T_NK_ILC,176,0.4119635823467695,reserve_or_unlabeled,0,,0.4119635823467695,IS4_low_priority_or_incomplete_axis,reserve_background_axis,0.0,0.7477893962008962,0.0,0.0,0.760120449390554,0.8577883507036206,,,,0.9999985684893626
COAD_AXIS_169,,COAD,CMPD025160,Tanshinone iia,ACHE,MYC,ACHE,T_NK_ILC,177,0.4118476083703001,reserve_or_unlabeled,0,,0.4118476083703001,IS4_low_priority_or_incomplete_axis,reserve_background_axis,0.0,0.7477893962008962,0.0,0.0,0.7575492131926345,0.8597140454856589,,,,0.9999986499739816
COAD_AXIS_194,,COAD,CMPD026148,Corydalmine,ACHE,SP1,ACHE,Myeloid,178,0.410567992548167,reserve_or_unlabeled,0,,0.410567992548167,IS4_low_priority_or_incomplete_axis,reserve_background_axis,0.0,0.6311459932198535,0.0,0.0,0.9227775491259288,0.8303413441984984,,,,0.9999987502967738
COAD_AXIS_158,,COAD,CMPD024770,Quercetin,ACHE,SP1,ACHE,Myeloid,179,0.4105076759615705,reserve_or_unlabeled,0,,0.4105076759615705,IS4_low_priority_or_incomplete_axis,reserve_background_axis,0.0,0.6311459932198535,0.0,0.0,0.9227775491259288,0.829738069327968,,,,0.9999989319710488
COAD_AXIS_110,,COAD,CMPD025553,Physovenine,ACHE,SP1,ACHE,Myeloid,180,0.4104675027183602,reserve_or_unlabeled,0,,0.4104675027183602,IS4_low_priority_or_incomplete_axis,reserve_background_axis,0.0,0.6311459932198535,0.0,0.0,0.9227775491259288,0.8293361992022474,,,,0.999999161460411
COAD_AXIS_172,,COAD,CMPD025160,Tanshinone iia,ACHE,SP1,ACHE,Myeloid,181,0.4103420713508404,reserve_or_unlabeled,0,,0.4103420713508404,IS4_low_priority_or_incomplete_axis,reserve_background_axis,0.0,0.6311459932198535,0.0,0.0,0.9227775491259288,0.8280820823081511,,,,0.9999988334919078
COAD_AXIS_200,,COAD,CMPD026190,Pectolinarigenin,ACHE,SP1,ACHE,Myeloid,182,0.4103355055848776,reserve_or_unlabeled,0,,0.4103355055848776,IS4_low_priority_or_incomplete_axis,reserve_background_axis,0.0,0.6311459932198535,0.0,0.0,0.9227775491259288,0.8280164937011877,,,,0.9999987184041332
COAD_AXIS_195,,COAD,CMPD025216,Marmesinin,ACHE,SP1,ACHE,Myeloid,183,0.4102712095257542,reserve_or_unlabeled,0,,0.4102712095257542,IS4_low_priority_or_incomplete_axis,reserve_background_axis,0.0,0.6311459932198535,0.0,0.0,0.9227775491259288,0.8273735139743695,,,,0.9999987502967738
COAD_AXIS_191,,COAD,CMPD025387,"methyl (E)-2-[(2S,3Z,12bS)-3-ethylidene-2,4,6,7,12,12b-hexahydro-1H-indolo[3,2-h]quinolizin-2-yl]-3-methoxyprop-2-enoate",ACHE,SP1,ACHE,Myeloid,184,0.4102222916872545,reserve_or_unlabeled,0,,0.4102222916872545,IS4_low_priority_or_incomplete_axis,reserve_background_axis,0.0,0.6311459932198535,0.0,0.0,0.9227775491259288,0.8268843355893736,,,,0.9999987502967738
COAD_AXIS_192,,COAD,CMPD025384,Angustidine,ACHE,SP1,ACHE,Myeloid,185,0.4102175225439338,reserve_or_unlabeled,0,,0.4102175225439338,IS4_low_priority_or_incomplete_axis,reserve_background_axis,0.0,0.6311459932198535,0.0,0.0,0.9227775491259288,0.8268366441561659,,,,0.9999987502967738
COAD_AXIS_193,,COAD,CMPD025251,Decursin,ACHE,SP1,ACHE,Myeloid,186,0.4102050043081297,reserve_or_unlabeled,0,,0.4102050043081297,IS4_low_priority_or_incomplete_axis,reserve_background_axis,0.0,0.6311459932198535,0.0,0.0,0.9227775491259288,0.826711461798125,,,,0.9999987502967738
COAD_AXIS_196,,COAD,CMPD024768,Kaempferol,ACHE,SP1,ACHE,Myeloid,187,0.4101316064901318,reserve_or_unlabeled,0,,0.4101316064901318,IS4_low_priority_or_incomplete_axis,reserve_background_axis,0.0,0.6311459932198535,0.0,0.0,0.9227775491259288,0.8259774836181464,,,,0.9999987502967738
COAD_AXIS_144,,COAD,CMPD025553,Physovenine,ACHE,MYC,ACHE,T_NK_ILC,188,0.4092485238219489,reserve_or_unlabeled,0,,0.4092485238219489,IS4_low_priority_or_incomplete_axis,reserve_background_axis,0.0,0.7477893962008962,0.0,0.0,0.8276153995859439,0.8674783636597958,,,,0.8036076710912796
COAD_AXIS_152,,COAD,CMPD024770,Quercetin,ACHE,TP53,ACHE,Myeloid,189,0.4085323601991397,reserve_or_unlabeled,0,,0.4085323601991397,IS4_low_priority_or_incomplete_axis,reserve_background_axis,0.0,0.7938435683833182,0.0,0.0,0.6175697271901702,0.8775893673425412,,,,0.9999985658995504
COAD_AXIS_183,,COAD,CMPD025160,Tanshinone iia,ACHE,TP53,ACHE,Myeloid,190,0.40504159200083,reserve_or_unlabeled,0,,0.40504159200083,IS4_low_priority_or_incomplete_axis,reserve_background_axis,0.0,0.7938435683833182,0.0,0.0,0.5907428149855382,0.8748741658022243,,,,0.9999982562375132
COAD_AXIS_163,,COAD,CMPD025402,Coryincine,ADRA1B,SP1,ADRA1B,Myeloid,191,0.4007193799179401,reserve_or_unlabeled,0,,0.4007193799179401,IS4_low_priority_or_incomplete_axis,reserve_background_axis,0.0,0.5864642881861782,0.0,0.0,0.9227775491259288,0.8212184442538539,,,,0.9999990564796506
COAD_AXIS_180,,COAD,CMPD025678,Hyperforin,NR1I2,CDX2,NR1I2,Endothelial,192,0.3972899838566964,reserve_or_unlabeled,0,,0.3972899838566964,IS4_low_priority_or_incomplete_axis,reserve_background_axis,0.0,0.7999999999999999,0.0,0.0,0.6396729052063983,0.6995786072021248,,,,0.9999990990047932
COAD_AXIS_170,,COAD,CMPD025841,Guggulsterone,PGR,PGR,PGR,Myeloid,193,0.3883638935800146,reserve_or_unlabeled,0,,0.3883638935800146,IS4_low_priority_or_incomplete_axis,reserve_background_axis,0.0,0.7664827278634773,0.0,0.0,0.6458084840531704,0.6949900023992953,,,,0.9999983518263428
COAD_AXIS_106,,COAD,CMPD025671,Eckol,BACE1,HIF1A,BACE1,Myeloid,194,0.3870735384476225,reserve_or_unlabeled,0,,0.3870735384476225,IS4_low_priority_or_incomplete_axis,reserve_background_axis,0.0,0.6119133098770374,0.0,0.0,0.9172539625963664,0.8155500015630806,,,,0.7082328705485745
COAD_AXIS_115,,COAD,CMPD016599,Physostigmine,ACHE,TBP,ACHE,Myeloid,195,0.384456955372847,reserve_or_unlabeled,0,,0.384456955372847,IS4_low_priority_or_incomplete_axis,reserve_background_axis,0.0,0.661941630426899,0.0,0.0,0.7301494854772433,0.7637932146036494,,,,0.999999016640074
COAD_AXIS_155,,COAD,CMPD057237,(-)-huperzine a,ACHE,TBP,ACHE,Myeloid,196,0.382776214186871,reserve_or_unlabeled,0,,0.382776214186871,IS4_low_priority_or_incomplete_axis,reserve_background_axis,0.0,0.661941630426899,0.0,0.0,0.7160482605151747,0.7639073831543481,,,,0.9999988325467808
COAD_AXIS_156,,COAD,CMPD013588,2-epigalanthamine,ACHE,TBP,ACHE,Myeloid,197,0.3826681442883171,reserve_or_unlabeled,0,,0.3826681442883171,IS4_low_priority_or_incomplete_axis,reserve_background_axis,0.0,0.661941630426899,0.0,0.0,0.7160482605151747,0.7628266841688088,,,,0.9999988325467808
COAD_AXIS_154,,COAD,CMPD024770,Quercetin,CDK1,MYB,CDK1,T_NK_ILC,198,0.3812221917515455,reserve_or_unlabeled,0,,0.3812221917515455,IS4_low_priority_or_incomplete_axis,reserve_background_axis,0.0,0.6263289998038996,0.0,0.0,0.7647948332134356,0.81725322334405,,,,0.8663299435600917
COAD_AXIS_166,,COAD,CMPD025553,Physovenine,ACHE,SP3,ACHE,Myeloid,199,0.3750694686353708,reserve_or_unlabeled,0,,0.3750694686353708,IS4_low_priority_or_incomplete_axis,reserve_background_axis,0.0,0.6029230876128925,0.0,0.0,0.8248489717611653,0.6743162839160429,,,,0.9999986256403268
COAD_AXIS_162,,COAD,CMPD025553,Physovenine,ACHE,AP1,ACHE,T_NK_ILC,200,0.3268972928709195,reserve_or_unlabeled,0,,0.3268972928709195,IS4_low_priority_or_incomplete_axis,reserve_background_axis,0.0,0.703122196801568,0.0,0.0,0.8538807722759101,0.2214876709345369,,,,0.6431160862102415
LIHC_AXIS_092,LIHC_CV092,LIHC,CMPD025015,"4',5-Dihydroxyflavone",AR,HDAC1,AR,T_NK_ILC,1,0.7818611871908144,positive_high_confidence,2,1.0,0.7818611871908144,IS1_publication_core_axis,main_text_flagship_axis,0.8135140276512416,0.5604529075615624,0.7773004860217321,0.7299597239476832,0.9211680076528572,0.9363664269254623,0.0,0.0989757666727784,0.2750606906089665,0.9999927856941055
LIHC_AXIS_008,LIHC_CV008,LIHC,CMPD024770,Quercetin,MMP1,EHF,MMP1,Tumor_Lineage,2,0.7669307042133857,positive_high_confidence,2,1.0,0.7669307042133857,IS2_high_priority_validation_axis,main_figure_candidate_panel,0.7827720351406074,0.6759397196992994,0.8977793296042744,0.7087235364986989,0.7912478473715854,0.6032830706597978,0.4803305811015612,0.059853840057841,0.2418121205213471,0.9999983873402984
LIHC_AXIS_010,LIHC_CV010,LIHC,CMPD024768,Kaempferol,MMP1,EHF,MMP1,Tumor_Lineage,3,0.7626603619502674,positive_high_confidence,2,1.0,0.7626603619502674,IS2_high_priority_validation_axis,main_figure_candidate_panel,0.7827720351406074,0.6759397196992994,0.8977793296042744,0.6773597239476832,0.7912478473715854,0.6044890810630652,0.5017170145723797,0.059853840057841,0.2429417427150514,0.9999982282352512
LIHC_AXIS_011,LIHC_CV011,LIHC,CMPD024820,Luteolin,MMP1,EHF,MMP1,Tumor_Lineage,4,0.7625300714016211,positive_high_confidence,2,1.0,0.7625300714016211,IS2_high_priority_validation_axis,main_figure_candidate_panel,0.7827720351406074,0.6759397196992994,0.8977793296042744,0.6773597239476832,0.7912478473715854,0.6031861755766017,0.4807575235215202,0.059853840057841,0.2418286228881852,0.9999982282352512
LIHC_AXIS_013,LIHC_CV013,LIHC,CMPD024806,(-)-epigallocatechin-3-gallate,MMP1,EHF,MMP1,Tumor_Lineage,5,0.760857223760948,positive_high_confidence,2,1.0,0.760857223760948,IS2_high_priority_validation_axis,main_figure_candidate_panel,0.7827720351406074,0.6759397196992994,0.8977793296042744,0.6689597239476832,0.7864395518826783,0.6039877020566771,0.0,0.059853840057841,0.217830823036113,0.9999981477350556
LIHC_AXIS_050,LIHC_CV050,LIHC,CMPD024770,Quercetin,MMP1,FOXO1,MMP1,Tumor_Lineage,6,0.7529986097199449,positive_high_confidence,2,1.0,0.7529986097199449,IS2_high_priority_validation_axis,main_figure_candidate_panel,0.7827720351406074,0.4873395565499758,0.8977793296042744,0.7087235364986989,0.7559443064254457,0.8335283243475771,0.4803305811015612,0.0841675939604554,0.2675639730675537,0.99999568202668
LIHC_AXIS_034,LIHC_CV034,LIHC,CMPD024770,Quercetin,MMP1,SMAD2,MMP1,Plasma_cell,7,0.7512244494920141,positive_high_confidence,2,1.0,0.7512244494920141,IS2_high_priority_validation_axis,main_figure_candidate_panel,0.7827720351406074,0.852800645331435,0.4571780025987867,0.7087235364986989,0.6551964903241421,0.8226026262879399,0.5114864310817508,0.1112296967101495,0.3597041780838366,0.9999976076044388
LIHC_AXIS_043,LIHC_CV043,LIHC,CMPD025501,Rutaecarpine,CYP1A2,NR1I3,CYP1A2,Tumor_Lineage,8,0.7490423896172473,positive_high_confidence,2,1.0,0.7490423896172473,IS2_high_priority_validation_axis,main_figure_candidate_panel,0.4138570160967885,0.8891823203641799,0.8977793296042744,0.7425597239476832,0.728930775272374,0.7381573037388508,0.0,0.0607384820637468,0.2332920239245824,0.99999385702016
LIHC_AXIS_088,LIHC_CV088,LIHC,CMPD024770,Quercetin,MMP1,MYC,MMP1,Tumor_Lineage,9,0.748651323667679,positive_high_confidence,2,1.0,0.748651323667679,IS2_high_priority_validation_axis,main_figure_candidate_panel,0.7827720351406074,0.5072797050197209,0.8977793296042744,0.7087235364986989,0.7133644151452463,0.8950218789684603,0.4803305811015612,0.6109122528576116,0.2382780328703017,0.9999942777820224
LIHC_AXIS_001,LIHC_CV001,LIHC,CMPD025479,Ellipticine,CYP1A1,NR1I3,CYP1A1,Tumor_Lineage,10,0.7484698260809698,positive_high_confidence,2,1.0,0.7484698260809698,IS2_high_priority_validation_axis,main_figure_candidate_panel,0.4441415916891483,0.8979727764468793,0.8977793296042744,0.7425597239476832,0.728930775272374,0.6792782344515313,0.6431022911995639,0.0659763429062022,0.2653672584684574,0.9999994746442008
LIHC_AXIS_060,LIHC_CV060,LIHC,CMPD024768,Kaempferol,MMP1,FOXO1,MMP1,Tumor_Lineage,11,0.7478998908278996,positive_high_confidence,2,1.0,0.7478998908278996,IS2_high_priority_validation_axis,supplementary_top50_axis,0.7827720351406074,0.4873395565499758,0.8977793296042744,0.6773597239476832,0.7493920815344768,0.8343134740603435,0.5017170145723797,0.0841675939604554,0.268672552226733,0.9999951300389532
LIHC_AXIS_059,LIHC_CV059,LIHC,CMPD024820,Luteolin,MMP1,FOXO1,MMP1,Tumor_Lineage,12,0.7477621112839113,positive_high_confidence,2,1.0,0.7477621112839113,IS2_high_priority_validation_axis,supplementary_top50_axis,0.7827720351406074,0.4873395565499758,0.8977793296042744,0.6773597239476832,0.7493920815344768,0.8329356786204611,0.4807575235215202,0.0841675939604554,0.2675556879021959,0.9999951300389532
LIHC_AXIS_061,LIHC_CV061,LIHC,CMPD024770,Quercetin,MMP1,CEBPB,MMP1,Plasma_cell,13,0.7465374437418311,positive_high_confidence,2,1.0,0.7465374437418311,IS2_high_priority_validation_axis,supplementary_top50_axis,0.7827720351406074,0.8522780795714092,0.4571780025987867,0.7087235364986989,0.63535158628096,0.8668421080375898,0.5114864310817508,0.1729888319519349,0.4212983890777124,0.9999967361384248
LIHC_AXIS_045,LIHC_CV045,LIHC,CMPD024820,Luteolin,MMP1,SMAD2,MMP1,Plasma_cell,14,0.746413209096492,positive_high_confidence,2,1.0,0.746413209096492,IS2_high_priority_validation_axis,supplementary_top50_axis,0.7827720351406074,0.852800645331435,0.4571780025987867,0.6773597239476832,0.6492481158753471,0.8255377888364431,0.4810933071210926,0.1112296967101495,0.3583312800132289,0.9999973082815276
LIHC_AXIS_031,LIHC_CV031,LIHC,CMPD024770,Quercetin,MMP1,CEBPG,MMP1,T_NK_ILC,15,0.7464101169661174,positive_high_confidence,2,1.0,0.7464101169661174,IS2_high_priority_validation_axis,supplementary_top50_axis,0.7827720351406074,0.5626183481119715,0.7773004860217321,0.7087235364986989,0.8263000680028225,0.7263315890978913,0.4850407930139937,0.1165737538614464,0.3345866562336417,0.9999918348768884
LIHC_AXIS_044,LIHC_CV044,LIHC,CMPD024768,Kaempferol,MMP1,SMAD2,MMP1,Plasma_cell,16,0.7460541100288853,positive_high_confidence,2,1.0,0.7460541100288853,IS2_high_priority_validation_axis,supplementary_top50_axis,0.7827720351406074,0.852800645331435,0.4571780025987867,0.6773597239476832,0.6492481158753471,0.8219467981603762,0.4950485737835769,0.1112296967101495,0.3588494938125497,0.9999973082815276
LIHC_AXIS_071,LIHC_CV071,LIHC,CMPD024806,(-)-epigallocatechin-3-gallate,MMP1,FOXO1,MMP1,Tumor_Lineage,17,0.7457385482107409,positive_high_confidence,2,1.0,0.7457385482107409,IS2_high_priority_validation_axis,supplementary_top50_axis,0.7827720351406074,0.4873395565499758,0.8977793296042744,0.6689597239476832,0.7402189666871203,0.8354679722667829,0.0,0.0841675939604554,0.2436444264084359,0.9999948191036236
LIHC_AXIS_049,LIHC_CV049,LIHC,CMPD024806,(-)-epigallocatechin-3-gallate,MMP1,SMAD2,MMP1,Plasma_cell,18,0.7441341442674382,positive_high_confidence,2,1.0,0.7441341442674382,IS2_high_priority_validation_axis,supplementary_top50_axis,0.7827720351406074,0.852800645331435,0.4571780025987867,0.6689597239476832,0.6409203916470341,0.8245005069357865,0.0,0.1112296967101495,0.3342247505621414,0.999997146088351
LIHC_AXIS_078,LIHC_CV078,LIHC,CMPD024768,Kaempferol,MMP1,CEBPB,MMP1,Plasma_cell,19,0.7419367492450862,positive_high_confidence,2,1.0,0.7419367492450862,IS2_high_priority_validation_axis,supplementary_top50_axis,0.7827720351406074,0.8522780795714092,0.4571780025987867,0.6773597239476832,0.630795426966538,0.8702121245962041,0.4950485737835769,0.1729888319519349,0.4206449970407344,0.9999963481762016
LIHC_AXIS_079,LIHC_CV079,LIHC,CMPD024820,Luteolin,MMP1,CEBPB,MMP1,Plasma_cell,20,0.7415711491839944,positive_high_confidence,2,1.0,0.7415711491839944,IS2_high_priority_validation_axis,supplementary_top50_axis,0.7827720351406074,0.8522780795714092,0.4571780025987867,0.6773597239476832,0.630795426966538,0.8665561239852851,0.4810933071210926,0.1729888319519349,0.4197644336770643,0.9999963481762016
LIHC_AXIS_046,LIHC_CV046,LIHC,CMPD025015,"4',5-Dihydroxyflavone",AR,E2F1,AR,Tumor_Lineage,21,0.7406596978349425,positive_high_confidence,2,1.0,0.7406596978349425,IS2_high_priority_validation_axis,supplementary_top50_axis,0.358114836083681,0.8682644270171137,0.8977793296042744,0.7299597239476832,0.629676063971115,0.9193952780555086,0.0,0.1947343689823253,0.3738377539814042,0.9999953705904115
LIHC_AXIS_086,LIHC_CV086,LIHC,CMPD024806,(-)-epigallocatechin-3-gallate,MMP1,CEBPB,MMP1,Plasma_cell,22,0.7399228437320526,positive_high_confidence,2,1.0,0.7399228437320526,IS2_high_priority_validation_axis,supplementary_top50_axis,0.7827720351406074,0.8522780795714092,0.4571780025987867,0.6689597239476832,0.6244168039263471,0.869487531099839,0.0,0.1729888319519349,0.3958563386767373,0.9999961581999656
LIHC_AXIS_002,LIHC_CV002,LIHC,CMPD025163,Indirubin,AHR,NR1H3,AHR,Plasma_cell,23,0.7341620556267837,positive_high_confidence,2,1.0,0.7341620556267837,IS2_high_priority_validation_axis,supplementary_top50_axis,0.6156618463158938,0.8078295057904876,0.4571780025987867,0.7809597239476832,0.8064089858397268,0.793554745393672,0.480917460891791,0.1361801745482655,0.3421645726156304,0.999999177481118
LIHC_AXIS_009,LIHC_CV009,LIHC,CMPD024770,Quercetin,CYP1A1,NR1I3,CYP1A1,Tumor_Lineage,24,0.7313028879123435,positive_high_confidence,2,1.0,0.7313028879123435,IS2_high_priority_validation_axis,supplementary_top50_axis,0.3111039756886031,0.8979727764468793,0.8977793296042744,0.805278161220686,0.7348277776742461,0.6788036606342431,0.4803305811015612,0.0659763429062022,0.2505530634726656,0.9999964897569792
LIHC_AXIS_020,LIHC_CV020,LIHC,CMPD024770,Quercetin,MMP1,EWSR1,MMP1,Plasma_cell,25,0.7306068394582054,positive_high_confidence,2,1.0,0.7306068394582054,IS2_high_priority_validation_axis,supplementary_top50_axis,0.7827720351406074,0.8453033872102957,0.4571780025987867,0.7087235364986989,0.5673373198765285,0.761851958423606,0.5114864310817508,0.6059898653672445,0.266979697561126,0.9999977547805452
LIHC_AXIS_073,LIHC_CV073,LIHC,CMPD024768,Kaempferol,AR,E2F1,AR,Tumor_Lineage,26,0.7295077867067272,positive_high_confidence,2,1.0,0.7295077867067272,IS2_high_priority_validation_axis,supplementary_top50_axis,0.358114836083681,0.8682644270171137,0.8977793296042744,0.6689597239476832,0.6102760860814993,0.9165569671642996,0.5017170145723797,0.1947343689823253,0.3987816891654627,0.9999939923847392
LIHC_AXIS_006,LIHC_CV006,LIHC,CMPD024768,Kaempferol,AHR,NR1H3,AHR,Plasma_cell,27,0.727638891709885,positive_high_confidence,2,1.0,0.727638891709885,IS2_high_priority_validation_axis,supplementary_top50_axis,0.6156618463158938,0.8078295057904876,0.4571780025987867,0.7425597239476832,0.7972056279866822,0.7931275570567289,0.4950485737835769,0.1361801745482655,0.3428497688433726,0.999998475133802
LIHC_AXIS_068,LIHC_CV068,LIHC,CMPD024770,Quercetin,MMP1,CTNNB1,MMP1,Plasma_cell,28,0.7274079982877729,positive_high_confidence,2,1.0,0.7274079982877729,IS2_high_priority_validation_axis,supplementary_top50_axis,0.7827720351406074,0.8649558478742714,0.4571780025987867,0.7087235364986989,0.3891601169579095,0.8793719969131811,0.5114864310817508,0.3332754269650958,0.5836219894446872,0.9999965414146968
LIHC_AXIS_026,LIHC_CV026,LIHC,CMPD024820,Luteolin,MMP1,EWSR1,MMP1,Plasma_cell,29,0.7257697060838135,positive_high_confidence,2,1.0,0.7257697060838135,IS2_high_priority_validation_axis,supplementary_top50_axis,0.7827720351406074,0.8453033872102957,0.4571780025987867,0.6773597239476832,0.5624396848605216,0.7632672864588479,0.4810933071210926,0.6059898653672445,0.2655308077648552,0.9999974844663284
LIHC_AXIS_025,LIHC_CV025,LIHC,CMPD024768,Kaempferol,MMP1,EWSR1,MMP1,Plasma_cell,30,0.7254326932539468,positive_high_confidence,2,1.0,0.7254326932539468,IS2_high_priority_validation_axis,supplementary_top50_axis,0.7827720351406074,0.8453033872102957,0.4571780025987867,0.6773597239476832,0.5624396848605216,0.7598971581601797,0.4950485737835769,0.6059898653672445,0.266060064683046,0.9999974844663284
LIHC_AXIS_017,LIHC_CV017,LIHC,CMPD024768,Kaempferol,CYP1A1,NR1I3,CYP1A1,Tumor_Lineage,31,0.7237502235257974,positive_high_confidence,2,1.0,0.7237502235257974,IS2_high_priority_validation_axis,supplementary_top50_axis,0.3111039756886031,0.8979727764468793,0.8977793296042744,0.7613235364986989,0.7217233278923082,0.6805392573040607,0.5017170145723797,0.0659763429062022,0.2517091649796973,0.9999957794466934
LIHC_AXIS_030,LIHC_CV030,LIHC,CMPD024806,(-)-epigallocatechin-3-gallate,MMP1,EWSR1,MMP1,Plasma_cell,32,0.7237061469971,positive_high_confidence,2,1.0,0.7237061469971,IS2_high_priority_validation_axis,supplementary_top50_axis,0.7827720351406074,0.8453033872102957,0.4571780025987867,0.6689597239476832,0.5555829958381122,0.7626198039762544,0.0,0.6059898653672445,0.2414437682846709,0.999997348536911
LIHC_AXIS_084,LIHC_CV084,LIHC,CMPD024768,Kaempferol,MMP1,CTNNB1,MMP1,Plasma_cell,33,0.7228075805919515,positive_high_confidence,2,1.0,0.7228075805919515,IS2_high_priority_validation_axis,supplementary_top50_axis,0.7827720351406074,0.8649558478742714,0.4571780025987867,0.6773597239476832,0.3870220347090807,0.879843080540907,0.4950485737835769,0.3332754269650958,0.5828236507611649,0.999996167554825
LIHC_AXIS_083,LIHC_CV083,LIHC,CMPD024820,Luteolin,MMP1,CTNNB1,MMP1,Plasma_cell,34,0.7227737732614814,positive_high_confidence,2,1.0,0.7227737732614814,IS2_high_priority_validation_axis,supplementary_top50_axis,0.7827720351406074,0.8649558478742714,0.4571780025987867,0.6773597239476832,0.3870220347090807,0.8795050072362071,0.4810933071210926,0.3332754269650958,0.5821089837628056,0.999996167554825
LIHC_AXIS_018,LIHC_CV018,LIHC,CMPD025348,Galangin,CYP1A1,NR1I3,CYP1A1,Tumor_Lineage,35,0.721826042251698,positive_high_confidence,2,1.0,0.721826042251698,IS2_high_priority_validation_axis,supplementary_top50_axis,0.3111039756886031,0.8979727764468793,0.8977793296042744,0.7425597239476832,0.728930775272374,0.678917915783783,0.0,0.0659763429062022,0.2265422471750645,0.9999956619377364
LIHC_AXIS_089,LIHC_CV089,LIHC,CMPD024806,(-)-epigallocatechin-3-gallate,MMP1,CTNNB1,MMP1,Plasma_cell,36,0.7213934131242542,positive_high_confidence,2,1.0,0.7213934131242542,IS2_high_priority_validation_axis,supplementary_top50_axis,0.7827720351406074,0.8649558478742714,0.4571780025987867,0.6689597239476832,0.3840287195607206,0.8810534711289418,0.0,0.3332754269650958,0.5581317416013878,0.9999960224098664
LIHC_AXIS_096,LIHC_CV096,LIHC,CMPD024770,Quercetin,MMP1,CEBPG,MMP1,Plasma_cell,37,0.719593937673216,positive_high_confidence,2,1.0,0.719593937673216,IS2_high_priority_validation_axis,supplementary_top50_axis,0.7827720351406074,0.8999999999999999,0.4571780025987867,0.7087235364986989,0.4134771967668627,0.7269631298662532,0.5114864310817508,0.1165737538614464,0.3696786803642506,0.999995642879963
LIHC_AXIS_047,LIHC_CV047,LIHC,CMPD025929,Artemisinin,CYP2B6,NR1I3,CYP2B6,Tumor_Lineage,38,0.719511303436393,positive_high_confidence,2,1.0,0.719511303436393,IS2_high_priority_validation_axis,supplementary_top50_axis,0.3111039756886031,0.9,0.8977793296042744,0.7299597239476832,0.7151711030013391,0.6858671555058388,0.5026232924724429,0.0594801557237587,0.2517527970797267,0.9999965481775628
LIHC_AXIS_069,LIHC_CV069,LIHC,CMPD025015,"4',5-Dihydroxyflavone",AR,FOXO1,AR,Tumor_Lineage,39,0.7066302616178465,positive_high_confidence,2,1.0,0.7066302616178465,IS2_high_priority_validation_axis,supplementary_top50_axis,0.2572889700395168,0.7261245558197763,0.8977793296042744,0.7299597239476832,0.7631517538055116,0.9048622442658242,0.0,0.0874989980760782,0.2447184866803136,0.999994234424498
LIHC_AXIS_004,LIHC_CV004,LIHC,CMPD025015,"4',5-Dihydroxyflavone",AR,FOXM1,AR,Tumor_Lineage,40,0.7064039017788981,positive_high_confidence,2,1.0,0.7064039017788981,IS2_high_priority_validation_axis,supplementary_top50_axis,0.2178553777044699,0.8492549476247163,0.8977793296042744,0.7299597239476832,0.627061578649005,0.8985106000621552,0.0,0.4146390704227112,0.5608838526538854,0.9999986628615112
LIHC_AXIS_040,LIHC_CV040,LIHC,CMPD025671,Eckol,BACE1,CTNNB1,BACE1,Plasma_cell,41,0.7042961554837668,positive_high_confidence,2,1.0,0.7042961554837668,IS2_high_priority_validation_axis,supplementary_top50_axis,0.7052406837396119,0.8353879943982965,0.4571780025987867,0.7003235364986989,0.3861668018095492,0.8778037615742856,0.0,0.3622557564818767,0.5511359032060077,0.9999968667993768
LIHC_AXIS_003,LIHC_CV003,LIHC,CMPD025678,Hyperforin,NR1I2,NR1I3,NR1I2,Tumor_Lineage,42,0.7011171158252517,positive_high_confidence,2,1.0,0.7011171158252517,IS2_high_priority_validation_axis,supplementary_top50_axis,0.3538399376312154,0.9,0.8977793296042744,0.7425597239476832,0.728930775272374,0.6655953967095192,0.5364629543568143,0.0595328233588188,0.25456799033126,0.5278404683016275
LIHC_AXIS_100,LIHC_CV100,LIHC,CMPD024770,Quercetin,CYP1A1,NR1H3,CYP1A1,Plasma_cell,43,0.6993193413761969,positive_high_confidence,2,1.0,0.6993193413761969,IS2_high_priority_validation_axis,supplementary_top50_axis,0.6156618463158938,0.7082376985774348,0.4571780025987867,0.805278161220686,0.8031220723207824,0.6642125245251256,0.5114864310817508,0.1133291135656004,0.3272667293603958,0.9999944721966414
LIHC_AXIS_099,LIHC_CV099,LIHC,CMPD024770,Quercetin,MMP1,HOPX,MMP1,Tumor_Lineage,44,0.6986866858345353,positive_high_confidence,2,1.0,0.6986866858345353,IS2_high_priority_validation_axis,supplementary_top50_axis,0.7827720351406074,0.3971302421365207,0.8977793296042744,0.7087235364986989,0.6822021399883228,0.6093170792111035,0.4803305811015612,0.0532676601080653,0.2129778465941139,0.9999977400830692
LIHC_AXIS_091,LIHC_CV091,LIHC,CMPD024768,Kaempferol,AR,FOXM1,AR,Tumor_Lineage,45,0.695766294035061,positive_high_confidence,2,1.0,0.695766294035061,IS2_high_priority_validation_axis,supplementary_top50_axis,0.2178553777044699,0.8492549476247163,0.8977793296042744,0.6689597239476832,0.6070925559136601,0.901500674730612,0.5017170145723797,0.4146390704227112,0.5861192071159274,0.9999931214874864
LIHC_AXIS_027,LIHC_CV027,LIHC,CMPD024770,Quercetin,CDK1,KLF5,CDK1,Plasma_cell,46,0.6912572137009905,positive_high_confidence,2,1.0,0.6912572137009905,IS2_high_priority_validation_axis,supplementary_top50_axis,0.4689051918201709,0.7225037437116446,0.4571780025987867,0.7853194478953663,0.7511797586639237,0.8888439055040582,0.5114864310817508,0.7437094623510586,0.3911533119535472,0.9999970322561532
LIHC_AXIS_051,LIHC_CV051,LIHC,CMPD024770,Quercetin,CDK1,SP1,CDK1,T_NK_ILC,47,0.6908688516051005,positive_high_confidence,2,1.0,0.6908688516051005,IS2_high_priority_validation_axis,supplementary_top50_axis,0.4689051918201709,0.365022752811414,0.7773004860217321,0.7853194478953663,0.9540971960573852,0.9082519463599644,0.4850407930139937,0.7401563013471556,0.2983310548570927,0.9999935627917832
LIHC_AXIS_028,LIHC_CV028,LIHC,CMPD024770,Quercetin,CDK1,NFYA,CDK1,Plasma_cell,48,0.6858582910683467,positive_high_confidence,2,1.0,0.6858582910683467,IS2_high_priority_validation_axis,supplementary_top50_axis,0.4689051918201709,0.8125053624822516,0.4571780025987867,0.7853194478953663,0.5647650884691191,0.8785511154332556,0.5114864310817508,0.7487188350754832,0.4686354325406305,0.9999935829843491
LIHC_AXIS_022,LIHC_CV022,LIHC,CMPD025163,Indirubin,CDK1,E2F1,CDK1,T_NK_ILC,49,0.6795050577234238,positive_high_confidence,2,1.0,0.6795050577234238,IS3_supplementary_mechanistic_axis,supplementary_top50_axis,0.4689051918201709,0.4038126482585775,0.7773004860217321,0.7003235364986989,0.8933937588462115,0.9088712637026444,0.5507867068040078,0.7435578299594163,0.3599452285149322,0.9999958187167326
LIHC_AXIS_090,LIHC_CV090,LIHC,CMPD025693,Triptolide,PTGS2,NR1H3,PTGS2,Plasma_cell,50,0.679078803856503,positive_high_confidence,2,1.0,0.679078803856503,IS3_supplementary_mechanistic_axis,supplementary_top50_axis,0.6156618463158938,0.5578926046488161,0.4571780025987867,0.7425597239476832,0.7972056279866822,0.807403809118142,0.6529894566718675,0.1082241479356106,0.3264669354766906,0.999992927947318
LIHC_AXIS_082,LIHC_CV082,LIHC,CMPD025163,Indirubin,CDK1,SP1,CDK1,T_NK_ILC,51,0.6788528398755623,positive_moderate_confidence,1,1.0,0.6788528398755623,IS3_supplementary_mechanistic_axis,hgnn_positive_candidate_pool,0.4689051918201709,0.365022752811414,0.7773004860217321,0.7003235364986989,0.9540971960573852,0.907087226806624,,,,0.9999916931472724
LIHC_AXIS_097,LIHC_CV097,LIHC,CMPD038626,Beta-naphthoflavone,AHR,NR1H3,AHR,Plasma_cell,52,0.6784183014071234,positive_moderate_confidence,1,1.0,0.6784183014071234,IS3_supplementary_mechanistic_axis,hgnn_positive_candidate_pool,0.6156618463158938,0.8078295057904876,0.4571780025987867,0.5544781612206859,0.6050307509123936,0.7948482489527346,,,,0.999994217439337
LIHC_AXIS_054,LIHC_CV054,LIHC,CMPD025163,Indirubin,CDK1,KLF5,CDK1,Plasma_cell,53,0.676266412706014,positive_moderate_confidence,1,1.0,0.676266412706014,IS3_supplementary_mechanistic_axis,hgnn_positive_candidate_pool,0.4689051918201709,0.7225037437116446,0.4571780025987867,0.7003235364986989,0.7219585723880289,0.8929963971258305,,,,0.9999956954476056
LIHC_AXIS_024,LIHC_CV024,LIHC,CMPD024946,Baicalein,CDK1,E2F1,CDK1,T_NK_ILC,54,0.6752512784997172,positive_moderate_confidence,1,1.0,0.6752512784997172,IS3_supplementary_mechanistic_axis,hgnn_positive_candidate_pool,0.4689051918201709,0.4038126482585775,0.7773004860217321,0.6689597239476832,0.8933937588462115,0.9102430565516096,,,,0.9999954061923833
LIHC_AXIS_023,LIHC_CV023,LIHC,CMPD024770,Quercetin,CDK1,E2F1,CDK1,Plasma_cell,55,0.6727844192289889,positive_moderate_confidence,1,1.0,0.6727844192289889,IS3_supplementary_mechanistic_axis,hgnn_positive_candidate_pool,0.4689051918201709,0.716493041604515,0.4571780025987867,0.7853194478953663,0.5884286633104734,0.9114385366884824,,,,0.9999972701460876
LIHC_AXIS_032,LIHC_CV032,LIHC,CMPD024770,Quercetin,CDK1,E2F4,CDK1,T_NK_ILC,56,0.6725234616320306,positive_moderate_confidence,1,1.0,0.6725234616320306,IS3_supplementary_mechanistic_axis,hgnn_positive_candidate_pool,0.4689051918201709,0.3563369758506251,0.7773004860217321,0.7853194478953663,0.8844129872308687,0.8770396670067528,,,,0.9999952030183012
LIHC_AXIS_072,LIHC_CV072,LIHC,CMPD024770,Quercetin,CYP1B1,CREB1,CYP1B1,T_NK_ILC,57,0.6724586895569844,positive_moderate_confidence,1,1.0,0.6724586895569844,IS3_supplementary_mechanistic_axis,hgnn_positive_candidate_pool,0.4095288797904201,0.3335185820925438,0.7773004860217321,0.8852832604463821,0.869026970901567,0.8680468714712843,,,,0.9999924836589856
LIHC_AXIS_070,LIHC_CV070,LIHC,CMPD024946,Baicalein,CDK1,KLF5,CDK1,Plasma_cell,58,0.6709155229487627,positive_moderate_confidence,1,1.0,0.6709155229487627,IS3_supplementary_mechanistic_axis,hgnn_positive_candidate_pool,0.4689051918201709,0.7225037437116446,0.4571780025987867,0.6689597239476832,0.7154649754378299,0.8911894829451972,,,,0.9999951463139076
LIHC_AXIS_014,LIHC_CV014,LIHC,CMPD025163,Indirubin,AHR,SMAD2,AHR,Plasma_cell,59,0.6678513813961284,positive_moderate_confidence,1,1.0,0.6678513813961284,IS3_supplementary_mechanistic_axis,hgnn_positive_candidate_pool,0.3037921513655354,0.8248583069770052,0.4571780025987867,0.7809597239476832,0.6825590127885994,0.8687503035310703,,,,0.9999982687229244
LIHC_AXIS_029,LIHC_CV029,LIHC,CMPD025163,Indirubin,AHR,NFE2L2,AHR,Plasma_cell,60,0.6645451344426287,positive_moderate_confidence,1,1.0,0.6645451344426287,IS3_supplementary_mechanistic_axis,hgnn_positive_candidate_pool,0.3513606460750634,0.7921155809608185,0.4571780025987867,0.7809597239476832,0.643231581406438,0.8532298675002351,,,,0.9999971800025088
LIHC_AXIS_080,LIHC_CV080,LIHC,CMPD025163,Indirubin,CDK1,TFDP1,CDK1,T_NK_ILC,61,0.6640070715055019,positive_moderate_confidence,1,1.0,0.6640070715055019,IS3_supplementary_mechanistic_axis,hgnn_positive_candidate_pool,0.4689051918201709,0.3571364664369299,0.7773004860217321,0.7003235364986989,0.8831103682454028,0.8595859270794869,,,,0.9999923300637396
LIHC_AXIS_076,LIHC_CV076,LIHC,CMPD025163,Indirubin,CDK1,FOXO1,CDK1,Tumor_Lineage,62,0.6635070747602106,positive_moderate_confidence,1,1.0,0.6635070747602106,IS3_supplementary_mechanistic_axis,hgnn_positive_candidate_pool,0.4689051918201709,0.353472576222184,0.8977793296042744,0.7003235364986989,0.7467711915780892,0.8930982581151213,,,,0.9999958516073404
LIHC_AXIS_081,LIHC_CV081,LIHC,CMPD024768,Kaempferol,CYP1B1,SP1,CYP1B1,T_NK_ILC,63,0.6634046666605427,positive_moderate_confidence,1,1.0,0.6634046666605427,IS3_supplementary_mechanistic_axis,hgnn_positive_candidate_pool,0.4095288797904201,0.3163279109880612,0.7773004860217321,0.7739235364986989,0.9540971960573852,0.8657074261201362,,,,0.9999923202181038
LIHC_AXIS_035,LIHC_CV035,LIHC,CMPD024770,Quercetin,CDK1,MYBL2,CDK1,T_NK_ILC,64,0.6620363634141274,positive_moderate_confidence,1,1.0,0.6620363634141274,IS3_supplementary_mechanistic_axis,hgnn_positive_candidate_pool,0.4689051918201709,0.3691205120967354,0.7773004860217321,0.7853194478953663,0.7418197390780944,0.8664637805194221,,,,0.9999947523506474
LIHC_AXIS_021,LIHC_CV021,LIHC,CMPD024768,Kaempferol,AHR,SMAD2,AHR,Plasma_cell,65,0.6614283747742458,positive_moderate_confidence,1,1.0,0.6614283747742458,IS3_supplementary_mechanistic_axis,hgnn_positive_candidate_pool,0.3037921513655354,0.8248583069770052,0.4571780025987867,0.7425597239476832,0.6742312885602864,0.8682736726980109,,,,0.9999979915366044
LIHC_AXIS_095,LIHC_CV095,LIHC,CMPD024946,Baicalein,CDK1,FOXO1,CDK1,Tumor_Lineage,66,0.6586349866436711,positive_moderate_confidence,1,1.0,0.6586349866436711,IS3_supplementary_mechanistic_axis,hgnn_positive_candidate_pool,0.4689051918201709,0.353472576222184,0.8977793296042744,0.6689597239476832,0.7402189666871203,0.8961497025760127,,,,0.9999953212978404
LIHC_AXIS_037,LIHC_CV037,LIHC,CMPD024768,Kaempferol,AHR,NFE2L2,AHR,Plasma_cell,67,0.6584747448473909,positive_moderate_confidence,1,1.0,0.6584747448473909,IS3_supplementary_mechanistic_axis,hgnn_positive_candidate_pool,0.3513606460750634,0.7921155809608185,0.4571780025987867,0.7425597239476832,0.6366910010716847,0.8541349248650069,,,,0.9999967518100964
LIHC_AXIS_041,LIHC_CV041,LIHC,CMPD025163,Indirubin,CDK1,E2F1,CDK1,Plasma_cell,68,0.6582046086393205,positive_moderate_confidence,1,1.0,0.6582046086393205,IS3_supplementary_mechanistic_axis,hgnn_positive_candidate_pool,0.4689051918201709,0.716493041604515,0.4571780025987867,0.7003235364986989,0.5683008402147528,0.9087887473938844,,,,0.999996181926278
LIHC_AXIS_094,LIHC_CV094,LIHC,CMPD024770,Quercetin,CDK1,TFDP1,CDK1,Plasma_cell,69,0.6569473636565769,positive_moderate_confidence,1,1.0,0.6569473636565769,IS3_supplementary_mechanistic_axis,hgnn_positive_candidate_pool,0.4689051918201709,0.6937320031165087,0.4571780025987867,0.7853194478953663,0.537792556783511,0.8593550333726333,,,,0.9999945241462482
LIHC_AXIS_066,LIHC_CV066,LIHC,CMPD025163,Indirubin,CDK1,E2F4,CDK1,T_NK_ILC,70,0.6567251841131831,positive_moderate_confidence,1,1.0,0.6567251841131831,IS3_supplementary_mechanistic_axis,hgnn_positive_candidate_pool,0.4689051918201709,0.3563369758506251,0.7773004860217321,0.7003235364986989,0.8506473502916551,0.8785713051455794,,,,0.9999929146101176
LIHC_AXIS_056,LIHC_CV056,LIHC,CMPD024770,Quercetin,CDK1,E2F4,CDK1,Plasma_cell,71,0.6536323855986432,positive_moderate_confidence,1,1.0,0.6536323855986432,IS3_supplementary_mechanistic_axis,hgnn_positive_candidate_pool,0.4689051918201709,0.6839889411164581,0.4571780025987867,0.7853194478953663,0.5542554645167372,0.8771851372730106,,,,0.9999957745471084
LIHC_AXIS_052,LIHC_CV052,LIHC,CMPD024946,Baicalein,CDK1,E2F1,CDK1,Plasma_cell,72,0.6534091706493719,positive_moderate_confidence,1,1.0,0.6534091706493719,IS3_supplementary_mechanistic_axis,hgnn_positive_candidate_pool,0.4689051918201709,0.716493041604515,0.4571780025987867,0.6689597239476832,0.563827990637926,0.9101113960073752,,,,0.9999957295106706
LIHC_AXIS_065,LIHC_CV065,LIHC,CMPD025163,Indirubin,AHR,NFE2L2,AHR,T_NK_ILC,73,0.653055845600257,positive_moderate_confidence,1,1.0,0.653055845600257,IS3_supplementary_mechanistic_axis,hgnn_positive_candidate_pool,0.3513606460750634,0.3494926157143488,0.7773004860217321,0.7809597239476832,0.9097687939903636,0.8555694517265393,,,,0.9999927232526464
LIHC_AXIS_085,LIHC_CV085,LIHC,CMPD024946,Baicalein,CDK1,E2F4,CDK1,T_NK_ILC,74,0.6512824023445003,positive_moderate_confidence,1,1.0,0.6512824023445003,IS3_supplementary_mechanistic_axis,hgnn_positive_candidate_pool,0.4689051918201709,0.3563369758506251,0.7773004860217321,0.6689597239476832,0.8423668258275812,0.8779900311026704,,,,0.9999919534174352
LIHC_AXIS_058,LIHC_CV058,LIHC,CMPD024770,Quercetin,AKR1B1,NFKB2,AKR1B1,T_NK_ILC,75,0.6487023642980205,positive_moderate_confidence,1,1.0,0.6487023642980205,IS3_supplementary_mechanistic_axis,hgnn_positive_candidate_pool,0.2600137243876134,0.393110104216234,0.7773004860217321,0.9152791718430496,0.8838881002238972,0.7505034586870521,,,,0.999992143010146
LIHC_AXIS_005,LIHC_CV005,LIHC,CMPD024820,Luteolin,XDH,CEBPB,XDH,Plasma_cell,76,0.6486419808134402,positive_moderate_confidence,1,1.0,0.6486419808134402,IS3_supplementary_mechanistic_axis,hgnn_positive_candidate_pool,0.1811260103872577,0.8754747460716342,0.4571780025987867,0.805278161220686,0.6540318394700905,0.8809420799612959,,,,0.9999989642399176
LIHC_AXIS_075,LIHC_CV075,LIHC,CMPD025163,Indirubin,CDK1,MYBL2,CDK1,T_NK_ILC,77,0.6466579652633394,positive_moderate_confidence,1,1.0,0.6466579652633394,IS3_supplementary_mechanistic_axis,hgnn_positive_candidate_pool,0.4689051918201709,0.3691205120967354,0.7773004860217321,0.7003235364986989,0.7112117216035516,0.8684051396054787,,,,0.9999923462353956
LIHC_AXIS_015,LIHC_CV015,LIHC,CMPD025678,Hyperforin,NR1I2,HNF1A,NR1I2,Tumor_Lineage,78,0.6461312983427863,positive_moderate_confidence,1,1.0,0.6461312983427863,IS3_supplementary_mechanistic_axis,hgnn_positive_candidate_pool,0.1563652231685436,0.9,0.8977793296042744,0.7425597239476832,0.5329315026853577,0.7208857779146298,,,,0.5278404683016275
LIHC_AXIS_019,LIHC_CV019,LIHC,CMPD025553,Physovenine,ACHE,CEBPB,ACHE,Plasma_cell,79,0.6439669160082451,positive_moderate_confidence,1,1.0,0.6439669160082451,IS3_supplementary_mechanistic_axis,hgnn_positive_candidate_pool,0.3488200215630325,0.6993910727526285,0.4571780025987867,0.7809597239476832,0.6563099191273015,0.8622844999343365,,,,0.9999962523316188
LIHC_AXIS_036,LIHC_CV036,LIHC,CMPD024770,Quercetin,PLAU,E2F1,PLAU,T_NK_ILC,80,0.6390587427607778,positive_moderate_confidence,1,1.0,0.6390587427607778,IS3_supplementary_mechanistic_axis,hgnn_positive_candidate_pool,0.358114836083681,0.3479016772748001,0.7773004860217321,0.6877235364986989,0.8933937588462115,0.8554510303943988,,,,0.9999953805872648
LIHC_AXIS_038,LIHC_CV038,LIHC,CMPD025479,Ellipticine,CYP1A1,FOXO1,CYP1A1,Tumor_Lineage,81,0.637972604883577,positive_moderate_confidence,1,1.0,0.637972604883577,IS3_supplementary_mechanistic_axis,hgnn_positive_candidate_pool,0.2769413207673788,0.3688812818349539,0.8977793296042744,0.7425597239476832,0.7769114260765465,0.8593136064361698,,,,0.999998084883896
LIHC_AXIS_039,LIHC_CV039,LIHC,CMPD025348,Galangin,CYP1A1,FOXO1,CYP1A1,Tumor_Lineage,82,0.6377428288024817,positive_moderate_confidence,1,1.0,0.6377428288024817,IS3_supplementary_mechanistic_axis,hgnn_positive_candidate_pool,0.2769413207673788,0.3688812818349539,0.8977793296042744,0.7425597239476832,0.7769114260765465,0.8570158456252165,,,,0.999998084883896
LIHC_AXIS_053,LIHC_CV053,LIHC,CMPD025553,Physovenine,ACHE,NFE2L2,ACHE,Plasma_cell,83,0.6348483497450143,positive_moderate_confidence,1,1.0,0.6348483497450143,IS3_supplementary_mechanistic_axis,hgnn_positive_candidate_pool,0.3488200215630325,0.6692504714187348,0.4571780025987867,0.7809597239476832,0.643231581406438,0.8070764534752872,,,,0.999992238597559
LIHC_AXIS_057,LIHC_CV057,LIHC,CMPD025671,Eckol,BACE1,RELA,BACE1,T_NK_ILC,84,0.6258297359205042,positive_moderate_confidence,1,1.0,0.6258297359205042,IS3_supplementary_mechanistic_axis,hgnn_positive_candidate_pool,0.3404414953715226,0.3903658540583448,0.7773004860217321,0.7003235364986989,0.7170839790513849,0.8675127569021704,,,,0.9999924950881184
LIHC_AXIS_093,LIHC_CV093,LIHC,CMPD053196,Rocaglamide,RELA,E2F1,RELA,Plasma_cell,85,0.6242334615724967,positive_moderate_confidence,1,1.0,0.6242334615724967,IS3_supplementary_mechanistic_axis,hgnn_positive_candidate_pool,0.358114836083681,0.8208513685609843,0.4571780025987867,0.5509261344435874,0.4621452102580631,0.9222341909764312,,,,0.999996618817009
LIHC_AXIS_077,LIHC_CV077,LIHC,CMPD025671,Eckol,BACE1,SP1,BACE1,T_NK_ILC,86,0.6182949159206493,positive_moderate_confidence,1,1.0,0.6182949159206493,IS3_supplementary_mechanistic_axis,hgnn_positive_candidate_pool,0.1858056562356913,0.3735370345949104,0.7773004860217321,0.7003235364986989,0.9540971960573852,0.8506784681034937,,,,0.9999917377405496
LIHC_AXIS_074,LIHC_CV074,LIHC,CMPD025402,Coryincine,ADRA1D,TBP,ADRA1D,T_NK_ILC,87,0.6163616793107816,positive_moderate_confidence,1,1.0,0.6163616793107816,IS3_supplementary_mechanistic_axis,hgnn_positive_candidate_pool,0.1240588988657132,0.3422487749591816,0.7773004860217321,0.902678161220686,0.8683737685050908,0.836987532446754,,,,0.99999214110963
LIHC_AXIS_064,LIHC_CV064,LIHC,CMPD026190,Pectolinarigenin,MAPK14,CEBPD,MAPK14,Plasma_cell,88,0.6049914786913341,positive_moderate_confidence,1,1.0,0.6049914786913341,IS3_supplementary_mechanistic_axis,hgnn_positive_candidate_pool,0.1646812785854765,0.8175023197072863,0.4571780025987867,0.6563597239476832,0.5296332757966853,0.8910374673196522,,,,0.9999956248118036
LIHC_AXIS_062,LIHC_CV062,LIHC,CMPD025602,"3,5-dihydroxy-2-(4-hydroxyphenyl)chromone",MAPK14,CEBPD,MAPK14,Plasma_cell,89,0.6048315524441331,positive_moderate_confidence,1,1.0,0.6048315524441331,IS3_supplementary_mechanistic_axis,hgnn_positive_candidate_pool,0.1646812785854765,0.8175023197072863,0.4571780025987867,0.6563597239476832,0.5296332757966853,0.8894382048476425,,,,0.9999956248118036
LIHC_AXIS_063,LIHC_CV063,LIHC,CMPD024922,Chryseriol,MAPK14,CEBPD,MAPK14,Plasma_cell,90,0.6045343923458371,positive_moderate_confidence,1,1.0,0.6045343923458371,IS3_supplementary_mechanistic_axis,hgnn_positive_candidate_pool,0.1646812785854765,0.8175023197072863,0.4571780025987867,0.6563597239476832,0.5296332757966853,0.886466603864682,,,,0.9999956248118036
LIHC_AXIS_033,LIHC_CV033,LIHC,CMPD025671,Eckol,BACE1,HIF1A,BACE1,T_NK_ILC,91,0.601077692838057,positive_moderate_confidence,1,1.0,0.601077692838057,IS3_supplementary_mechanistic_axis,hgnn_positive_candidate_pool,0.1858056562356913,0.3903492167966402,0.7773004860217321,0.7003235364986989,0.7952314292583051,0.8355191423099433,,,,0.9999944889456543
LIHC_AXIS_055,LIHC_CV055,LIHC,CMPD025693,Triptolide,PTGS2,CEBPB,PTGS2,Plasma_cell,92,0.6007735409378911,positive_moderate_confidence,1,1.0,0.6007735409378911,IS3_supplementary_mechanistic_axis,hgnn_positive_candidate_pool,0.1873983047457536,0.6723739667118594,0.4571780025987867,0.7425597239476832,0.6499312960871106,0.9011445629764612,,,,0.9999932183627224
LIHC_AXIS_087,LIHC_CV087,LIHC,CMPD024770,Quercetin,PLAU,JUN,PLAU,T_NK_ILC,93,0.595847418056065,positive_moderate_confidence,1,1.0,0.595847418056065,IS3_supplementary_mechanistic_axis,hgnn_positive_candidate_pool,0.1349197529705623,0.3253229113446632,0.7773004860217321,0.6877235364986989,0.9173089967011954,0.8861889735134643,,,,0.9999924180778268
LIHC_AXIS_012,LIHC_CV012,LIHC,CMPD025012,Naringenin,CYP19A1,CEBPD,CYP19A1,Plasma_cell,94,0.5934212077437165,positive_moderate_confidence,1,1.0,0.5934212077437165,IS3_supplementary_mechanistic_axis,hgnn_positive_candidate_pool,0.1280857765536794,0.5575310247275259,0.4571780025987867,1.0,0.6097646921112834,0.7912133849237791,,,,0.999997092965224
LIHC_AXIS_007,LIHC_CV007,LIHC,CMPD025163,Indirubin,AHR,NFKB,AHR,T_NK_ILC,95,0.5848633980833109,positive_moderate_confidence,1,1.0,0.5848633980833109,IS3_supplementary_mechanistic_axis,hgnn_positive_candidate_pool,0.1476184981966692,0.3713229854747236,0.7773004860217321,0.7809597239476832,0.9051578671957676,0.5429996166235603,,,,0.9999961037911016
LIHC_AXIS_098,LIHC_CV098,LIHC,CMPD025671,Eckol,BACE1,RELA,BACE1,Plasma_cell,96,0.5835473315789521,positive_moderate_confidence,1,1.0,0.5835473315789521,IS3_supplementary_mechanistic_axis,hgnn_positive_candidate_pool,0.1858056562356913,0.813463145888072,0.4571780025987867,0.7003235364986989,0.2921855901078703,0.8658137968953102,,,,0.9999950863012664
LIHC_AXIS_048,LIHC_CV048,LIHC,CMPD024770,Quercetin,AKR1B1,AP1,AKR1B1,T_NK_ILC,97,0.5793807311635282,positive_moderate_confidence,1,1.0,0.5793807311635282,IS4_low_priority_or_incomplete_axis,hgnn_positive_candidate_pool,0.2508633306920625,0.3559397843439067,0.7773004860217321,0.9152791718430496,0.8538807722759101,0.2609375831629512,,,,0.9999917510976756
LIHC_AXIS_016,LIHC_CV016,LIHC,CMPD024770,Quercetin,ALOX5,NFKB,ALOX5,T_NK_ILC,98,0.5697647757394363,positive_moderate_confidence,1,1.0,0.5697647757394363,IS4_low_priority_or_incomplete_axis,hgnn_positive_candidate_pool,0.0738076412108734,0.4030058382721752,0.7773004860217321,0.8526791718430495,0.9051578671957676,0.4008628746355575,,,,0.9999949369118212
LIHC_AXIS_067,LIHC_CV067,LIHC,CMPD025012,Naringenin,CYP19A1,CEBPD,CYP19A1,B_cell,99,0.5139632505404674,positive_moderate_confidence,1,1.0,0.5139632505404674,IS4_low_priority_or_incomplete_axis,hgnn_positive_candidate_pool,0.1280857765536794,0.2948281607868026,0.1240219445439484,1.0,0.7730835201501823,0.7924763802093976,,,,0.9999955066209424
LIHC_AXIS_042,LIHC_CV042,LIHC,CMPD024820,Luteolin,TYR,MITF,TYR,Myeloid,100,0.4782623647591338,positive_moderate_confidence,1,1.0,0.4782623647591338,IS4_low_priority_or_incomplete_axis,hgnn_positive_candidate_pool,0.0695017256560856,0.4267972368736912,0.0506413553733389,0.8123235364986989,0.8650433269896809,0.5938275957203552,,,,0.9999921430049314
LIHC_AXIS_146,,LIHC,CMPD025015,"4',5-Dihydroxyflavone",AR,HDAC1,AR,Plasma_cell,101,0.4263158199388302,reserve_or_unlabeled,0,,0.4263158199388302,IS4_low_priority_or_incomplete_axis,reserve_background_axis,0.0,0.8999999999999999,0.0,0.0,0.5675309665304551,0.9385081789144474,,,,0.9999946486812294
LIHC_AXIS_151,,LIHC,CMPD025163,Indirubin,GSK3B,CEBPB,GSK3B,Plasma_cell,102,0.4230439151830618,reserve_or_unlabeled,0,,0.4230439151830618,IS4_low_priority_or_incomplete_axis,reserve_background_axis,0.0,0.8261958318736755,0.0,0.0,0.6608660784417235,0.9461711368511908,,,,0.9999962856462042
LIHC_AXIS_141,,LIHC,CMPD025856,Allopseudococain,SLC6A2,CEBPB,SLC6A2,Plasma_cell,103,0.4191031395293524,reserve_or_unlabeled,0,,0.4191031395293524,IS4_low_priority_or_incomplete_axis,reserve_background_axis,0.0,0.8197390930943154,0.0,0.0,0.6786350997679695,0.8639639291667967,,,,0.9999916955989848
LIHC_AXIS_109,,LIHC,CMPD024768,Kaempferol,AR,FOXO1,AR,Tumor_Lineage,104,0.4149296633816382,reserve_or_unlabeled,0,,0.4149296633816382,IS4_low_priority_or_incomplete_axis,reserve_background_axis,0.0,0.7261245558197763,0.0,0.0,0.7402189666871203,0.9030750295396284,,,,0.9999924114972852
LIHC_AXIS_111,,LIHC,CMPD025015,"4',5-Dihydroxyflavone",AR,MYC,AR,Tumor_Lineage,105,0.4143212130502524,reserve_or_unlabeled,0,,0.4143212130502524,IS4_low_priority_or_incomplete_axis,reserve_background_axis,0.0,0.7503370637527577,0.0,0.0,0.7205718625253121,0.948570638034988,,,,0.9999923594098864
LIHC_AXIS_158,,LIHC,CMPD024778,Daucene,CTNNB1,E2F1,CTNNB1,Plasma_cell,106,0.4135050826724852,reserve_or_unlabeled,0,,0.4135050826724852,IS4_low_priority_or_incomplete_axis,reserve_background_axis,0.0,0.8505503734938621,0.0,0.0,0.4925605873804855,0.9371660945870354,,,,0.9999949909653744
LIHC_AXIS_157,,LIHC,CMPD026234,Fisetin,CTNNB1,E2F1,CTNNB1,Plasma_cell,107,0.4133238712510435,reserve_or_unlabeled,0,,0.4133238712510435,IS4_low_priority_or_incomplete_axis,reserve_background_axis,0.0,0.8505503734938621,0.0,0.0,0.4925605873804855,0.935353980372618,,,,0.9999949909653744
LIHC_AXIS_101,,LIHC,CMPD025163,Indirubin,AHR,STAT3,AHR,Plasma_cell,108,0.4128522493678858,reserve_or_unlabeled,0,,0.4128522493678858,IS4_low_priority_or_incomplete_axis,reserve_background_axis,0.0,0.7881941413026224,0.0,0.0,0.6180820764789714,0.9047256792292964,,,,0.9999929239254426
LIHC_AXIS_114,,LIHC,CMPD025929,Artemisinin,CYP2B6,FOXM1,CYP2B6,Tumor_Lineage,109,0.4123978573426335,reserve_or_unlabeled,0,,0.4123978573426335,IS4_low_priority_or_incomplete_axis,reserve_background_axis,0.0,0.8072078364221588,0.0,0.0,0.627061578649005,0.851379009207512,,,,0.9999928521356892
LIHC_AXIS_126,,LIHC,CMPD024768,Kaempferol,AHR,STAT3,AHR,Plasma_cell,110,0.4119469518036371,reserve_or_unlabeled,0,,0.4119469518036371,IS4_low_priority_or_incomplete_axis,reserve_background_axis,0.0,0.7881941413026224,0.0,0.0,0.6120450857873904,0.9029177272374188,,,,0.9999918658909211
LIHC_AXIS_175,,LIHC,CMPD025188,Eriodyctiol (flavanone),HSP90AB1,STAT3,HSP90AB1,Plasma_cell,111,0.4113327126990003,reserve_or_unlabeled,0,,0.4113327126990003,IS4_low_priority_or_incomplete_axis,reserve_background_axis,0.0,0.8226631877769528,0.0,0.0,0.5986774635417467,0.903108955579272,,,,0.9999944945826448
LIHC_AXIS_152,,LIHC,CMPD025188,Eriodyctiol (flavanone),HSP90AB1,CEBPD,HSP90AB1,Plasma_cell,112,0.4096474322162869,reserve_or_unlabeled,0,,0.4096474322162869,IS4_low_priority_or_incomplete_axis,reserve_background_axis,0.0,0.8406938511375388,0.0,0.0,0.548536071440129,0.8511314914984185,,,,0.999995928244888
LIHC_AXIS_103,,LIHC,CMPD025015,"4',5-Dihydroxyflavone",AR,E2F1,AR,T_NK_ILC,113,0.4075663783031468,reserve_or_unlabeled,0,,0.4075663783031468,IS4_low_priority_or_incomplete_axis,reserve_background_axis,0.0,0.5908534333354099,0.0,0.0,0.8933937588462115,0.9161751615072627,,,,0.9999915975394108
LIHC_AXIS_200,,LIHC,CMPD025676,Sophoridine,RELA,E2F1,RELA,Plasma_cell,114,0.4063406944836691,reserve_or_unlabeled,0,,0.4063406944836691,IS4_low_priority_or_incomplete_axis,reserve_background_axis,0.0,0.8208513685609843,0.0,0.0,0.4925605873804855,0.9277867737342904,,,,0.9999941913968922
LIHC_AXIS_147,,LIHC,CMPD025929,Artemisinin,CYP2B6,HNF1A,CYP2B6,Tumor_Lineage,115,0.4060954348134288,reserve_or_unlabeled,0,,0.4060954348134288,IS4_low_priority_or_incomplete_axis,reserve_background_axis,0.0,0.9,0.0,0.0,0.5228380308745829,0.7528386538811911,,,,0.9999929524821876
LIHC_AXIS_195,,LIHC,CMPD024817,Acacetin,RELA,E2F1,RELA,Plasma_cell,116,0.4060228262913,reserve_or_unlabeled,0,,0.4060228262913,IS4_low_priority_or_incomplete_axis,reserve_background_axis,0.0,0.8208513685609843,0.0,0.0,0.4925605873804855,0.9246080918106,,,,0.9999941913968922
LIHC_AXIS_185,,LIHC,CMPD025942,arachidonic acid,RELA,E2F1,RELA,Plasma_cell,117,0.4060015978626656,reserve_or_unlabeled,0,,0.4060015978626656,IS4_low_priority_or_incomplete_axis,reserve_background_axis,0.0,0.8208513685609843,0.0,0.0,0.4925605873804855,0.924395807524256,,,,0.9999941913968922
LIHC_AXIS_184,,LIHC,CMPD024872,Wogonin,RELA,E2F1,RELA,Plasma_cell,118,0.4059696608862426,reserve_or_unlabeled,0,,0.4059696608862426,IS4_low_priority_or_incomplete_axis,reserve_background_axis,0.0,0.8208513685609843,0.0,0.0,0.4925605873804855,0.924076437760026,,,,0.9999941913968922
LIHC_AXIS_196,,LIHC,CMPD025023,Deoxypodophyllotoxin,RELA,E2F1,RELA,Plasma_cell,119,0.4059152281224003,reserve_or_unlabeled,0,,0.4059152281224003,IS4_low_priority_or_incomplete_axis,reserve_background_axis,0.0,0.8208513685609843,0.0,0.0,0.4925605873804855,0.9235321101216024,,,,0.9999941913968922
LIHC_AXIS_180,,LIHC,CMPD025602,"3,5-dihydroxy-2-(4-hydroxyphenyl)chromone",RELA,E2F1,RELA,Plasma_cell,120,0.4058842991300314,reserve_or_unlabeled,0,,0.4058842991300314,IS4_low_priority_or_incomplete_axis,reserve_background_axis,0.0,0.8208513685609843,0.0,0.0,0.4925605873804855,0.9232228201979136,,,,0.9999941913968922
LIHC_AXIS_193,,LIHC,CMPD025693,Triptolide,RELA,E2F1,RELA,Plasma_cell,121,0.4058839237223322,reserve_or_unlabeled,0,,0.4058839237223322,IS4_low_priority_or_incomplete_axis,reserve_background_axis,0.0,0.8208513685609843,0.0,0.0,0.4925605873804855,0.9232190661209212,,,,0.9999941913968922
LIHC_AXIS_197,,LIHC,CMPD024806,(-)-epigallocatechin-3-gallate,RELA,E2F1,RELA,Plasma_cell,122,0.4058597831031361,reserve_or_unlabeled,0,,0.4058597831031361,IS4_low_priority_or_incomplete_axis,reserve_background_axis,0.0,0.8208513685609843,0.0,0.0,0.4925605873804855,0.9229776599289604,,,,0.9999941913968922
LIHC_AXIS_192,,LIHC,CMPD024903,Picropodophyllin,RELA,E2F1,RELA,Plasma_cell,123,0.4058452978032507,reserve_or_unlabeled,0,,0.4058452978032507,IS4_low_priority_or_incomplete_axis,reserve_background_axis,0.0,0.8208513685609843,0.0,0.0,0.4925605873804855,0.9228328069301068,,,,0.9999941913968922
LIHC_AXIS_182,,LIHC,CMPD025898,Praeruptorin A,RELA,E2F1,RELA,Plasma_cell,124,0.4058106690571568,reserve_or_unlabeled,0,,0.4058106690571568,IS4_low_priority_or_incomplete_axis,reserve_background_axis,0.0,0.8208513685609843,0.0,0.0,0.4925605873804855,0.9224865194691676,,,,0.9999941913968922
LIHC_AXIS_191,,LIHC,CMPD026234,Fisetin,RELA,E2F1,RELA,Plasma_cell,125,0.4057960390810364,reserve_or_unlabeled,0,,0.4057960390810364,IS4_low_priority_or_incomplete_axis,reserve_background_axis,0.0,0.8208513685609843,0.0,0.0,0.4925605873804855,0.9223402197079632,,,,0.9999941913968922
LIHC_AXIS_198,,LIHC,CMPD024968,Yamogenin,RELA,E2F1,RELA,Plasma_cell,126,0.4057546792741692,reserve_or_unlabeled,0,,0.4057546792741692,IS4_low_priority_or_incomplete_axis,reserve_background_axis,0.0,0.8208513685609843,0.0,0.0,0.4925605873804855,0.9219266216392916,,,,0.9999941913968922
LIHC_AXIS_199,,LIHC,CMPD024820,Luteolin,RELA,E2F1,RELA,Plasma_cell,127,0.4057454304047783,reserve_or_unlabeled,0,,0.4057454304047783,IS4_low_priority_or_incomplete_axis,reserve_background_axis,0.0,0.8208513685609843,0.0,0.0,0.4925605873804855,0.921834132945382,,,,0.9999941913968922
LIHC_AXIS_183,,LIHC,CMPD025051,ellagic acid,RELA,E2F1,RELA,Plasma_cell,128,0.4056781103048706,reserve_or_unlabeled,0,,0.4056781103048706,IS4_low_priority_or_incomplete_axis,reserve_background_axis,0.0,0.8208513685609843,0.0,0.0,0.4925605873804855,0.9211609319463056,,,,0.9999941913968922
LIHC_AXIS_186,,LIHC,CMPD025012,Naringenin,RELA,E2F1,RELA,Plasma_cell,129,0.4056460762932313,reserve_or_unlabeled,0,,0.4056460762932313,IS4_low_priority_or_incomplete_axis,reserve_background_axis,0.0,0.8208513685609843,0.0,0.0,0.4925605873804855,0.9208405918299124,,,,0.9999941913968922
LIHC_AXIS_194,,LIHC,CMPD024946,Baicalein,RELA,E2F1,RELA,Plasma_cell,130,0.405638631829148,reserve_or_unlabeled,0,,0.405638631829148,IS4_low_priority_or_incomplete_axis,reserve_background_axis,0.0,0.8208513685609843,0.0,0.0,0.4925605873804855,0.9207661471890796,,,,0.9999941913968922
LIHC_AXIS_188,,LIHC,CMPD025929,Artemisinin,RELA,E2F1,RELA,Plasma_cell,131,0.4056384049805612,reserve_or_unlabeled,0,,0.4056384049805612,IS4_low_priority_or_incomplete_axis,reserve_background_axis,0.0,0.8208513685609843,0.0,0.0,0.4925605873804855,0.920763878703212,,,,0.9999941913968922
LIHC_AXIS_190,,LIHC,CMPD025067,Irisolidone,RELA,E2F1,RELA,Plasma_cell,132,0.4056056874417407,reserve_or_unlabeled,0,,0.4056056874417407,IS4_low_priority_or_incomplete_axis,reserve_background_axis,0.0,0.8208513685609843,0.0,0.0,0.4925605873804855,0.920436703315006,,,,0.9999941913968922
LIHC_AXIS_181,,LIHC,CMPD024967,Taxifolin,RELA,E2F1,RELA,Plasma_cell,133,0.4056034981295033,reserve_or_unlabeled,0,,0.4056034981295033,IS4_low_priority_or_incomplete_axis,reserve_background_axis,0.0,0.8208513685609843,0.0,0.0,0.4925605873804855,0.9204148101926332,,,,0.9999941913968922
LIHC_AXIS_179,,LIHC,CMPD025160,Tanshinone iia,RELA,E2F1,RELA,Plasma_cell,134,0.4055862764752106,reserve_or_unlabeled,0,,0.4055862764752106,IS4_low_priority_or_incomplete_axis,reserve_background_axis,0.0,0.8208513685609843,0.0,0.0,0.4925605873804855,0.9202425936497062,,,,0.9999941913968922
LIHC_AXIS_189,,LIHC,CMPD025316,Licochalcone A,RELA,E2F1,RELA,Plasma_cell,135,0.4054997754957802,reserve_or_unlabeled,0,,0.4054997754957802,IS4_low_priority_or_incomplete_axis,reserve_background_axis,0.0,0.8208513685609843,0.0,0.0,0.4925605873804855,0.919377583855402,,,,0.9999941913968922
LIHC_AXIS_187,,LIHC,CMPD024768,Kaempferol,RELA,E2F1,RELA,Plasma_cell,136,0.4054817833513263,reserve_or_unlabeled,0,,0.4054817833513263,IS4_low_priority_or_incomplete_axis,reserve_background_axis,0.0,0.8208513685609843,0.0,0.0,0.4925605873804855,0.9191976624108624,,,,0.9999941913968922
LIHC_AXIS_172,,LIHC,CMPD024770,Quercetin,CTNNB1,E2F1,CTNNB1,Plasma_cell,137,0.404798476842427,reserve_or_unlabeled,0,,0.404798476842427,IS4_low_priority_or_incomplete_axis,reserve_background_axis,0.0,0.8505503734938621,0.0,0.0,0.4192058543205258,0.9381259742505346,,,,0.99999456047849
LIHC_AXIS_163,,LIHC,CMPD053196,Rocaglamide,RELA,CEBPB,RELA,Plasma_cell,138,0.4034577704236332,reserve_or_unlabeled,0,,0.4034577704236332,IS4_low_priority_or_incomplete_axis,reserve_background_axis,0.0,0.8175612685506629,0.0,0.0,0.5208401155118191,0.9336993946134444,,,,0.9999960565122984
LIHC_AXIS_128,,LIHC,CMPD051922,"3,4-benzopyrene",AHR,NR1H3,AHR,Plasma_cell,139,0.4027745409597376,reserve_or_unlabeled,0,,0.4027745409597376,IS4_low_priority_or_incomplete_axis,reserve_background_axis,0.0,0.8078295057904876,0.0,0.0,0.5938552449479821,0.7937499356159193,,,,0.9999931379143624
LIHC_AXIS_171,,LIHC,CMPD038626,Beta-naphthoflavone,AHR,SMAD2,AHR,Plasma_cell,140,0.4021494622456263,reserve_or_unlabeled,0,,0.4021494622456263,IS4_low_priority_or_incomplete_axis,reserve_background_axis,0.0,0.8248583069770052,0.0,0.0,0.5003404755071776,0.8656593997499527,,,,0.9999929207156686
LIHC_AXIS_159,,LIHC,CMPD015725,Uosolic Acid,RELA,E2F1,RELA,Plasma_cell,141,0.3994215135349186,reserve_or_unlabeled,0,,0.3994215135349186,IS4_low_priority_or_incomplete_axis,reserve_background_axis,0.0,0.8208513685609843,0.0,0.0,0.4397809623739291,0.9219300999431316,,,,0.9999948819160948
LIHC_AXIS_149,,LIHC,CMPD026829,Flavopiridol,CDK1,KLF5,CDK1,Plasma_cell,142,0.3962768324826471,reserve_or_unlabeled,0,,0.3962768324826471,IS4_low_priority_or_incomplete_axis,reserve_background_axis,0.0,0.7225037437116446,0.0,0.0,0.6029092949677166,0.8885603567632742,,,,0.9999917349406042
LIHC_AXIS_148,,LIHC,CMPD025015,"4',5-Dihydroxyflavone",AR,MYBL2,AR,Tumor_Lineage,143,0.3945975278484558,reserve_or_unlabeled,0,,0.3945975278484558,IS4_low_priority_or_incomplete_axis,reserve_background_axis,0.0,0.7950482410507554,0.0,0.0,0.4718007779644879,0.884008224067069,,,,0.999992255073846
LIHC_AXIS_124,,LIHC,CMPD025188,Eriodyctiol (flavanone),HSP90AB1,AHR,HSP90AB1,Plasma_cell,144,0.3909485206324776,reserve_or_unlabeled,0,,0.3909485206324776,IS4_low_priority_or_incomplete_axis,reserve_background_axis,0.0,0.8541223968704594,0.0,0.0,0.3653167434896661,0.8571481084467498,,,,0.999996543725371
LIHC_AXIS_113,,LIHC,CMPD024820,Luteolin,MMP1,CEBPG,MMP1,Plasma_cell,145,0.3900596166005539,reserve_or_unlabeled,0,,0.3900596166005539,IS4_low_priority_or_incomplete_axis,reserve_background_axis,0.0,0.8999999999999999,0.0,0.0,0.411339114518034,0.7262778397341824,,,,0.9999951718923848
LIHC_AXIS_115,,LIHC,CMPD024768,Kaempferol,DPP4,HNF1A,DPP4,Tumor_Lineage,146,0.3898680042337687,reserve_or_unlabeled,0,,0.3898680042337687,IS4_low_priority_or_incomplete_axis,reserve_background_axis,0.0,0.854104918371097,0.0,0.0,0.532450861170559,0.6708187332739047,,,,0.9999935886710528
LIHC_AXIS_112,,LIHC,CMPD024768,Kaempferol,MMP1,CEBPG,MMP1,Plasma_cell,147,0.3898458585050922,reserve_or_unlabeled,0,,0.3898458585050922,IS4_low_priority_or_incomplete_axis,reserve_background_axis,0.0,0.8999999999999999,0.0,0.0,0.411339114518034,0.7241402587795644,,,,0.9999951718923848
LIHC_AXIS_122,,LIHC,CMPD024806,(-)-epigallocatechin-3-gallate,MMP1,CEBPG,MMP1,Plasma_cell,148,0.3896196219913189,reserve_or_unlabeled,0,,0.3896196219913189,IS4_low_priority_or_incomplete_axis,reserve_background_axis,0.0,0.8999999999999999,0.0,0.0,0.4083457993696739,0.7254699815317668,,,,0.9999949890392132
LIHC_AXIS_137,,LIHC,CMPD025348,Galangin,CYP1A1,NR1H3,CYP1A1,Plasma_cell,149,0.3891978730479331,reserve_or_unlabeled,0,,0.3891978730479331,IS4_low_priority_or_incomplete_axis,reserve_background_axis,0.0,0.7082376985774348,0.0,0.0,0.7972056279866822,0.6631463931968169,,,,0.9999931680489
LIHC_AXIS_136,,LIHC,CMPD025479,Ellipticine,CYP1A1,NR1H3,CYP1A1,Plasma_cell,150,0.3890858701506219,reserve_or_unlabeled,0,,0.3890858701506219,IS4_low_priority_or_incomplete_axis,reserve_background_axis,0.0,0.7082376985774348,0.0,0.0,0.7972056279866822,0.6620263642237051,,,,0.9999931680489
LIHC_AXIS_144,,LIHC,CMPD024820,Luteolin,DPP4,HNF1A,DPP4,Tumor_Lineage,151,0.3889200061235057,reserve_or_unlabeled,0,,0.3889200061235057,IS4_low_priority_or_incomplete_axis,reserve_background_axis,0.0,0.854104918371097,0.0,0.0,0.5228380308745829,0.672875021545889,,,,0.9999921336386476
LIHC_AXIS_129,,LIHC,CMPD025188,Eriodyctiol (flavanone),HSP90AB1,DDIT3,HSP90AB1,Plasma_cell,152,0.3885965350793164,reserve_or_unlabeled,0,,0.3885965350793164,IS4_low_priority_or_incomplete_axis,reserve_background_axis,0.0,0.8860137982925185,0.0,0.0,0.293725652696146,0.8557543299407657,,,,0.9999972588628344
LIHC_AXIS_132,,LIHC,CMPD024768,Kaempferol,CYP1A1,NR1H3,CYP1A1,Plasma_cell,153,0.3883252053164284,reserve_or_unlabeled,0,,0.3883252053164284,IS4_low_priority_or_incomplete_axis,reserve_background_axis,0.0,0.7082376985774348,0.0,0.0,0.7899744182450044,0.6630970569132503,,,,0.9999933524797878
LIHC_AXIS_166,,LIHC,CMPD024806,(-)-epigallocatechin-3-gallate,BACE1,CTNNB1,BACE1,Plasma_cell,154,0.3849797639957676,reserve_or_unlabeled,0,,0.3849797639957676,IS4_low_priority_or_incomplete_axis,reserve_background_axis,0.0,0.8353879943982965,0.0,0.0,0.3245187636349888,0.8838894342646637,,,,0.999992358033578
LIHC_AXIS_167,,LIHC,CMPD008994,Acteoside,BACE1,CTNNB1,BACE1,Plasma_cell,155,0.3848909110058344,reserve_or_unlabeled,0,,0.3848909110058344,IS4_low_priority_or_incomplete_axis,reserve_background_axis,0.0,0.8353879943982965,0.0,0.0,0.3277258870082318,0.8791523574669803,,,,0.9999923561176772
LIHC_AXIS_176,,LIHC,CMPD052974,Collagen,BACE1,CTNNB1,BACE1,Plasma_cell,156,0.3847986930534876,reserve_or_unlabeled,0,,0.3847986930534876,IS4_low_priority_or_incomplete_axis,reserve_background_axis,0.0,0.8353879943982965,0.0,0.0,0.3253739965345202,0.8810526485800295,,,,0.9999920193375722
LIHC_AXIS_150,,LIHC,CMPD024770,Quercetin,BACE1,CTNNB1,BACE1,Plasma_cell,157,0.3847226759128652,reserve_or_unlabeled,0,,0.3847226759128652,IS4_low_priority_or_incomplete_axis,reserve_background_axis,0.0,0.8353879943982965,0.0,0.0,0.3266568458838174,0.8787525514765957,,,,0.9999928634676608
LIHC_AXIS_168,,LIHC,CMPD025566,"3',4',7-trihydroxyflavanone",BACE1,CTNNB1,BACE1,Plasma_cell,158,0.3847190087661371,reserve_or_unlabeled,0,,0.3847190087661371,IS4_low_priority_or_incomplete_axis,reserve_background_axis,0.0,0.8353879943982965,0.0,0.0,0.3277258870082318,0.8774333350700074,,,,0.9999923561176772
LIHC_AXIS_106,,LIHC,CMPD026829,Flavopiridol,CDK1,E2F1,CDK1,Plasma_cell,159,0.3829765596418062,reserve_or_unlabeled,0,,0.3829765596418062,IS4_low_priority_or_incomplete_axis,reserve_background_axis,0.0,0.716493041604515,0.0,0.0,0.4862985979729279,0.9075107027005048,,,,0.9999936787112128
LIHC_AXIS_145,,LIHC,CMPD024770,Quercetin,MMP1,RELA,MMP1,Plasma_cell,160,0.3805935604865559,reserve_or_unlabeled,0,,0.3805935604865559,IS4_low_priority_or_incomplete_axis,reserve_background_axis,0.0,0.8388894863457053,0.0,0.0,0.2938363084088442,0.8698420482864149,,,,0.9999945468047248
LIHC_AXIS_161,,LIHC,CMPD024768,Kaempferol,MMP1,RELA,MMP1,Plasma_cell,161,0.3803730553198369,reserve_or_unlabeled,0,,0.3803730553198369,IS4_low_priority_or_incomplete_axis,reserve_background_axis,0.0,0.8388894863457053,0.0,0.0,0.2926572239081486,0.8690522378199984,,,,0.9999939804714926
LIHC_AXIS_160,,LIHC,CMPD024820,Luteolin,MMP1,RELA,MMP1,Plasma_cell,162,0.3801546902536862,reserve_or_unlabeled,0,,0.3801546902536862,IS4_low_priority_or_incomplete_axis,reserve_background_axis,0.0,0.8388894863457053,0.0,0.0,0.2926572239081486,0.8668685871584917,,,,0.9999939804714926
LIHC_AXIS_170,,LIHC,CMPD024806,(-)-epigallocatechin-3-gallate,MMP1,RELA,MMP1,Plasma_cell,163,0.3800449841612706,reserve_or_unlabeled,0,,0.3800449841612706,IS4_low_priority_or_incomplete_axis,reserve_background_axis,0.0,0.8388894863457053,0.0,0.0,0.2910065056071746,0.8677525049037647,,,,0.9999937859577264
LIHC_AXIS_142,,LIHC,CMPD025163,Indirubin,CDK1,TFDP1,CDK1,Plasma_cell,164,0.378072846773314,reserve_or_unlabeled,0,,0.378072846773314,IS4_low_priority_or_incomplete_axis,reserve_background_axis,0.0,0.6937320031165087,0.0,0.0,0.5203030619674437,0.8631910484181394,,,,0.9999924216779408
LIHC_AXIS_162,,LIHC,CMPD024946,Baicalein,CDK1,TFDP1,CDK1,Plasma_cell,165,0.3773118380108221,reserve_or_unlabeled,0,,0.3773118380108221,IS4_low_priority_or_incomplete_axis,reserve_background_axis,0.0,0.6937320031165087,0.0,0.0,0.5164165075638731,0.8602453529498265,,,,0.9999915435574056
LIHC_AXIS_105,,LIHC,CMPD025163,Indirubin,CDK1,E2F4,CDK1,Plasma_cell,166,0.3756883184581209,reserve_or_unlabeled,0,,0.3756883184581209,IS4_low_priority_or_incomplete_axis,reserve_background_axis,0.0,0.6839889411164581,0.0,0.0,0.5371771797424412,0.8777515467313556,,,,0.999994161781442
LIHC_AXIS_127,,LIHC,CMPD024946,Baicalein,CDK1,E2F4,CDK1,Plasma_cell,167,0.3751718892447585,reserve_or_unlabeled,0,,0.3751718892447585,IS4_low_priority_or_incomplete_axis,reserve_background_axis,0.0,0.6839889411164581,0.0,0.0,0.533382005348153,0.8771418683372225,,,,0.9999934876708668
LIHC_AXIS_174,,LIHC,CMPD024768,Kaempferol,DPP4,CDX2,DPP4,Tumor_Lineage,168,0.3696684043675306,reserve_or_unlabeled,0,,0.3696684043675306,IS4_low_priority_or_incomplete_axis,reserve_background_axis,0.0,0.8042416416707309,0.0,0.0,0.3863108640893941,0.7189184116763396,,,,0.99999171005991
LIHC_AXIS_110,,LIHC,CMPD024770,Quercetin,MMP1,TCF7L2,MMP1,Tumor_Lineage,169,0.3659959752503892,reserve_or_unlabeled,0,,0.3659959752503892,IS4_low_priority_or_incomplete_axis,reserve_background_axis,0.0,0.5461627879050014,0.0,0.0,0.7172344706997679,0.8012428453766661,,,,0.9999928012720256
LIHC_AXIS_104,,LIHC,CMPD025188,Eriodyctiol (flavanone),HSP90AB1,HSF1,HSP90AB1,Tumor_Lineage,170,0.3659926828358736,reserve_or_unlabeled,0,,0.3659926828358736,IS4_low_priority_or_incomplete_axis,reserve_background_axis,0.0,0.626198771596719,0.0,0.0,0.6015335718222325,0.837300114523064,,,,0.9999933788544956
LIHC_AXIS_133,,LIHC,CMPD024820,Luteolin,MMP1,TCF7L2,MMP1,Tumor_Lineage,171,0.3651140192698529,reserve_or_unlabeled,0,,0.3651140192698529,IS4_low_priority_or_incomplete_axis,reserve_background_axis,0.0,0.5461627879050014,0.0,0.0,0.7091392835239374,0.8021380924879212,,,,0.9999918307626572
LIHC_AXIS_134,,LIHC,CMPD024768,Kaempferol,MMP1,TCF7L2,MMP1,Tumor_Lineage,172,0.3651083663532577,reserve_or_unlabeled,0,,0.3651083663532577,IS4_low_priority_or_incomplete_axis,reserve_background_axis,0.0,0.5461627879050014,0.0,0.0,0.7091392835239374,0.8020815633219699,,,,0.9999918307626572
LIHC_AXIS_107,,LIHC,CMPD024820,Luteolin,MMP1,MYC,MMP1,Tumor_Lineage,173,0.359478413726797,reserve_or_unlabeled,0,,0.359478413726797,IS4_low_priority_or_incomplete_axis,reserve_background_axis,0.0,0.5072797050197209,0.0,0.0,0.7068121902542773,0.897991471153017,,,,0.9999935462839656
LIHC_AXIS_108,,LIHC,CMPD024768,Kaempferol,MMP1,MYC,MMP1,Tumor_Lineage,174,0.3593487248190606,reserve_or_unlabeled,0,,0.3593487248190606,IS4_low_priority_or_incomplete_axis,reserve_background_axis,0.0,0.5072797050197209,0.0,0.0,0.7068121902542773,0.8966945820756522,,,,0.9999935462839656
LIHC_AXIS_118,,LIHC,CMPD024806,(-)-epigallocatechin-3-gallate,MMP1,MYC,MMP1,Tumor_Lineage,175,0.3587572105212519,reserve_or_unlabeled,0,,0.3587572105212519,IS4_low_priority_or_incomplete_axis,reserve_background_axis,0.0,0.5072797050197209,0.0,0.0,0.6976390754069208,0.9017874241465476,,,,0.999993134230374
LIHC_AXIS_143,,LIHC,CMPD024770,Quercetin,MMP1,ETV7,MMP1,Plasma_cell,176,0.3541687554342929,reserve_or_unlabeled,0,,0.3541687554342929,IS4_low_priority_or_incomplete_axis,reserve_background_axis,0.0,0.7014366185836051,0.0,0.0,0.5604811871171186,0.6105269177059822,,,,0.9999928153581812
LIHC_AXIS_164,,LIHC,CMPD024768,Kaempferol,MMP1,ETV7,MMP1,Plasma_cell,177,0.353307202947219,reserve_or_unlabeled,0,,0.353307202947219,IS4_low_priority_or_incomplete_axis,reserve_background_axis,0.0,0.7014366185836051,0.0,0.0,0.5555835521011118,0.6077890738505095,,,,0.9999919503647507
LIHC_AXIS_165,,LIHC,CMPD024820,Luteolin,MMP1,ETV7,MMP1,Plasma_cell,178,0.3532147662711744,reserve_or_unlabeled,0,,0.3532147662711744,IS4_low_priority_or_incomplete_axis,reserve_background_axis,0.0,0.7014366185836051,0.0,0.0,0.5555835521011118,0.6068647070900632,,,,0.9999919503647507
LIHC_AXIS_177,,LIHC,CMPD024806,(-)-epigallocatechin-3-gallate,MMP1,ETV7,MMP1,Plasma_cell,179,0.3525819270738791,reserve_or_unlabeled,0,,0.3525819270738791,IS4_low_priority_or_incomplete_axis,reserve_background_axis,0.0,0.7014366185836051,0.0,0.0,0.5487268630787023,0.60876460292461,,,,0.9999915153970702
LIHC_AXIS_102,,LIHC,CMPD025163,Indirubin,AHR,AHR,AHR,Plasma_cell,180,0.3523864314971027,reserve_or_unlabeled,0,,0.3523864314971027,IS4_low_priority_or_incomplete_axis,reserve_background_axis,0.0,0.6824830829974121,0.0,0.0,0.374563807110701,0.8037092837668599,,,,0.9999966849370272
LIHC_AXIS_125,,LIHC,CMPD024768,Kaempferol,AHR,AHR,AHR,Plasma_cell,181,0.3519328426331245,reserve_or_unlabeled,0,,0.3519328426331245,IS4_low_priority_or_incomplete_axis,reserve_background_axis,0.0,0.6824830829974121,0.0,0.0,0.3716869428730457,0.802625900900239,,,,0.9999962371237356
LIHC_AXIS_119,,LIHC,CMPD025188,Eriodyctiol (flavanone),HSP90AB1,DDIT3,HSP90AB1,Tumor_Lineage,182,0.3511176550191607,reserve_or_unlabeled,0,,0.3511176550191607,IS4_low_priority_or_incomplete_axis,reserve_background_axis,0.0,0.6286629044984028,0.0,0.0,0.4131435491203484,0.8523684382718516,,,,0.9999929304404104
LIHC_AXIS_140,,LIHC,CMPD024770,Quercetin,MMP1,CTNNB1,MMP1,Tumor_Lineage,183,0.3444437981142678,reserve_or_unlabeled,0,,0.3444437981142678,IS4_low_priority_or_incomplete_axis,reserve_background_axis,0.0,0.5820766351215025,0.0,0.0,0.411515048672561,0.880756932648696,,,,0.99999239021603
LIHC_AXIS_156,,LIHC,CMPD024820,Luteolin,MMP1,CTNNB1,MMP1,Tumor_Lineage,184,0.3441063668861516,reserve_or_unlabeled,0,,0.3441063668861516,IS4_low_priority_or_incomplete_axis,reserve_background_axis,0.0,0.5820766351215025,0.0,0.0,0.4078204681310655,0.8818166421661391,,,,0.999991514968014
LIHC_AXIS_155,,LIHC,CMPD024768,Kaempferol,MMP1,CTNNB1,MMP1,Tumor_Lineage,185,0.343873293614195,reserve_or_unlabeled,0,,0.343873293614195,IS4_low_priority_or_incomplete_axis,reserve_background_axis,0.0,0.5820766351215025,0.0,0.0,0.4078204681310655,0.8794859094465725,,,,0.999991514968014
LIHC_AXIS_139,,LIHC,CMPD024770,Quercetin,CDK1,MYBL2,CDK1,Plasma_cell,186,0.3434877298349622,reserve_or_unlabeled,0,,0.3434877298349622,IS4_low_priority_or_incomplete_axis,reserve_background_axis,0.0,0.5602103481288611,0.0,0.0,0.4505726994736424,0.8680583315288487,,,,0.9999945758006564
LIHC_AXIS_138,,LIHC,CMPD024770,Quercetin,CDK1,SMAD7,CDK1,Tumor_Lineage,187,0.3430547242354816,reserve_or_unlabeled,0,,0.3430547242354816,IS4_low_priority_or_incomplete_axis,reserve_background_axis,0.0,0.3791827453848272,0.0,0.0,0.7526545271883193,0.8632855008106833,,,,0.999994220723682
LIHC_AXIS_173,,LIHC,CMPD024770,Quercetin,CDK1,ARID3A,CDK1,Tumor_Lineage,188,0.3352007362444272,reserve_or_unlabeled,0,,0.3352007362444272,IS4_low_priority_or_incomplete_axis,reserve_background_axis,0.0,0.5442700756903167,0.0,0.0,0.8106591192633658,0.874979467803963,,,,0.1833041907155858
LIHC_AXIS_135,,LIHC,CMPD024770,Quercetin,CDK1,E2F1,CDK1,T_NK_ILC,189,0.3310384342478659,reserve_or_unlabeled,0,,0.3310384342478659,IS4_low_priority_or_incomplete_axis,reserve_background_axis,0.0,0.4038126482585775,0.0,0.0,0.8933937588462115,0.909032264725252,,,,0.3598999748441886
LIHC_AXIS_169,,LIHC,CMPD024770,Quercetin,CDK1,E2F1,CDK1,Tumor_Lineage,190,0.3295979010579403,reserve_or_unlabeled,0,,0.3295979010579403,IS4_low_priority_or_incomplete_axis,reserve_background_axis,0.0,0.5880939774115039,0.0,0.0,0.6407617656223241,0.9150857017665412,,,,0.2167949158812984
LIHC_AXIS_123,,LIHC,CMPD024770,Quercetin,PLAU,FOXM1,PLAU,Tumor_Lineage,191,0.3254424857379604,reserve_or_unlabeled,0,,0.3254424857379604,IS4_low_priority_or_incomplete_axis,reserve_background_axis,0.0,0.4056573908734339,0.0,0.0,0.6008165773396945,0.8164197390500672,,,,0.9999935967679168
LIHC_AXIS_154,,LIHC,CMPD024770,Quercetin,PLAU,E2F1,PLAU,Tumor_Lineage,192,0.3189431299441522,reserve_or_unlabeled,0,,0.3189431299441522,IS4_low_priority_or_incomplete_axis,reserve_background_axis,0.0,0.3518414938229399,0.0,0.0,0.6041789501733343,0.8550226389800105,,,,0.9999944114889086
LIHC_AXIS_153,,LIHC,CMPD024768,Kaempferol,CYP1B1,CREB1,CYP1B1,T_NK_ILC,193,0.3124221334115356,reserve_or_unlabeled,0,,0.3124221334115356,IS4_low_priority_or_incomplete_axis,reserve_background_axis,0.0,0.3335185820925438,0.0,0.0,0.8612780203288902,0.8679631669079827,,,,0.4166218215222195
LIHC_AXIS_130,,LIHC,CMPD024770,Quercetin,PLAU,GTF3A,PLAU,Tumor_Lineage,194,0.3121022201734661,reserve_or_unlabeled,0,,0.3121022201734661,IS4_low_priority_or_incomplete_axis,reserve_background_axis,0.0,0.4027534525616808,0.0,0.0,0.5909585831364949,0.7006547270815479,,,,0.999993306752788
LIHC_AXIS_117,,LIHC,CMPD024770,Quercetin,CYP1B1,TBP,CYP1B1,T_NK_ILC,195,0.3071089177642529,reserve_or_unlabeled,0,,0.3071089177642529,IS4_low_priority_or_incomplete_axis,reserve_background_axis,0.0,0.306237549076412,0.0,0.0,0.8683737685050908,0.8580450737364733,,,,0.4213436630547286
LIHC_AXIS_120,,LIHC,CMPD024820,Luteolin,MMP1,HOPX,MMP1,Tumor_Lineage,196,0.3069937270387501,reserve_or_unlabeled,0,,0.3069937270387501,IS4_low_priority_or_incomplete_axis,reserve_background_axis,0.0,0.3971302421365207,0.0,0.0,0.6757451226869287,0.6090698818818984,,,,0.9999974521566016
LIHC_AXIS_121,,LIHC,CMPD024768,Kaempferol,MMP1,HOPX,MMP1,Tumor_Lineage,197,0.30679238847308,reserve_or_unlabeled,0,,0.30679238847308,IS4_low_priority_or_incomplete_axis,reserve_background_axis,0.0,0.3971302421365207,0.0,0.0,0.6757451226869287,0.6070564962251972,,,,0.9999974521566016
LIHC_AXIS_131,,LIHC,CMPD024806,(-)-epigallocatechin-3-gallate,MMP1,HOPX,MMP1,Tumor_Lineage,198,0.306024049447442,reserve_or_unlabeled,0,,0.306024049447442,IS4_low_priority_or_incomplete_axis,reserve_background_axis,0.0,0.3971302421365207,0.0,0.0,0.666705298464977,0.6102209917727603,,,,0.9999972909272684
LIHC_AXIS_178,,LIHC,CMPD024768,Kaempferol,CYP1B1,TBP,CYP1B1,T_NK_ILC,199,0.3054781402664537,reserve_or_unlabeled,0,,0.3054781402664537,IS4_low_priority_or_incomplete_axis,reserve_background_axis,0.0,0.306237549076412,0.0,0.0,0.8545472096044984,0.8583291694391919,,,,0.4213436630547291
LIHC_AXIS_116,,LIHC,CMPD024770,Quercetin,CYP1B1,TBP,CYP1B1,Tumor_Lineage,200,0.3035654756898819,reserve_or_unlabeled,0,,0.3035654756898819,IS4_low_priority_or_incomplete_axis,reserve_background_axis,0.0,0.3674720807272065,0.0,0.0,0.4457852556733888,0.860059073181855,,,,0.9999915495669972
STAD_AXIS_017,STAD_CV017,STAD,CMPD024770,Quercetin,PLAU,ETS1,PLAU,Fibroblast_CAF,1,0.831244882031456,positive_high_confidence,2,1.0,0.831244882031456,IS1_publication_core_axis,main_text_flagship_axis,0.8158751301563165,0.8471185487289651,0.8815972798421099,0.6877235364986989,0.7867624467797294,0.8452976521247821,0.5340510359917766,0.1077766277980168,0.3518867897840102,0.9999995523440104
STAD_AXIS_010,STAD_CV010,STAD,CMPD024770,Quercetin,PLAU,MYC,PLAU,Fibroblast_CAF,2,0.8267994771279995,positive_high_confidence,2,1.0,0.8267994771279995,IS1_publication_core_axis,main_text_flagship_axis,0.8158751301563165,0.8125986023801656,0.8815972798421099,0.6877235364986989,0.8257085299724876,0.9156480865802864,0.5340510359917766,0.6353145008678911,0.3101251568401116,0.9999997346377114
STAD_AXIS_027,STAD_CV027,STAD,CMPD024770,Quercetin,PLAU,FOS,PLAU,Fibroblast_CAF,3,0.8194719619094621,positive_high_confidence,2,1.0,0.8194719619094621,IS1_publication_core_axis,main_text_flagship_axis,0.8158751301563165,0.7937741885572319,0.8815972798421099,0.6877235364986989,0.7380565325549403,0.8927043300967068,0.5340510359917766,0.1287670881668729,0.3754235228050643,0.9999994493795918
STAD_AXIS_021,STAD_CV021,STAD,CMPD025188,Eriodyctiol (flavanone),HSP90AB1,HOPX,HSP90AB1,Fibroblast_CAF,4,0.8192460420844396,positive_high_confidence,2,1.0,0.8192460420844396,IS1_publication_core_axis,main_text_flagship_axis,0.9645813597317514,0.7440378530815416,0.8815972798421099,0.6806,0.8356743547390865,0.8444811439794759,0.0,0.2617591997480201,0.4527907781806805,0.5680923896207927
STAD_AXIS_029,STAD_CV029,STAD,CMPD024770,Quercetin,PLAU,HIF1A,PLAU,Fibroblast_CAF,5,0.8191509548381224,positive_high_confidence,2,1.0,0.8191509548381224,IS1_publication_core_axis,main_text_flagship_axis,0.8158751301563165,0.8353754176461786,0.8815972798421099,0.6877235364986989,0.6639337225075225,0.8952392398202462,0.5340510359917766,0.112682117104224,0.3590461002023735,0.9999993384497124
STAD_AXIS_085,STAD_CV085,STAD,CMPD024806,(-)-epigallocatechin-3-gallate,APP,MYC,APP,Fibroblast_CAF,6,0.8168519714642093,positive_high_confidence,2,1.0,0.8168519714642093,IS1_publication_core_axis,main_figure_candidate_panel,0.6840762923679519,0.757989510713169,0.8815972798421099,0.805278161220686,0.8825879356116386,0.9636582208991404,0.0,0.6434422019014386,0.3297307466757295,0.9999979122647168
STAD_AXIS_008,STAD_CV008,STAD,CMPD024770,Quercetin,PLAU,E2F1,PLAU,Fibroblast_CAF,7,0.8162413546880012,positive_high_confidence,2,1.0,0.8162413546880012,IS1_publication_core_axis,main_figure_candidate_panel,0.8158751301563165,0.7684291478312152,0.8815972798421099,0.6877235364986989,0.8287947316298274,0.8433991946566526,0.5340510359917766,0.2745777345945571,0.4896301007649624,0.9313382923589492
STAD_AXIS_024,STAD_CV024,STAD,CMPD024770,Quercetin,PLAU,JUN,PLAU,Fibroblast_CAF,8,0.8162367726106996,positive_high_confidence,2,1.0,0.8162367726106996,IS1_publication_core_axis,main_figure_candidate_panel,0.8158751301563165,0.7665448788795638,0.8815972798421099,0.6877235364986989,0.7362577392041131,0.9169697795720174,0.5340510359917766,0.1479113186709909,0.3712384741548018,0.9999991642352488
STAD_AXIS_022,STAD_CV022,STAD,CMPD024770,Quercetin,PLAU,HOXD3,PLAU,Fibroblast_CAF,9,0.8149238429555395,positive_high_confidence,2,1.0,0.8149238429555395,IS1_publication_core_axis,main_figure_candidate_panel,0.8158751301563165,0.8623801854796856,0.8815972798421099,0.6877235364986989,0.7858327152626696,0.6776798751382346,0.5340510359917766,0.0815010702092913,0.303204904577961,0.9999992032547018
STAD_AXIS_007,STAD_CV007,STAD,CMPD024770,Quercetin,PLAU,RELA,PLAU,Fibroblast_CAF,10,0.8127682175218977,positive_high_confidence,2,1.0,0.8127682175218977,IS1_publication_core_axis,main_figure_candidate_panel,0.8158751301563165,0.8027634798436195,0.8815972798421099,0.6877235364986989,0.7059323042880372,0.892487197896687,0.5340510359917766,0.3166991616250095,0.5133508407556194,0.9999997488327328
STAD_AXIS_078,STAD_CV078,STAD,CMPD024770,Quercetin,PLAU,RBPJ,PLAU,Fibroblast_CAF,11,0.8119326960824196,positive_high_confidence,2,1.0,0.8119326960824196,IS1_publication_core_axis,supplementary_top50_axis,0.8158751301563165,0.8423367244837209,0.8815972798421099,0.6877235364986989,0.7175933869423695,0.7697427325372688,0.5340510359917766,0.1332733649117108,0.3699976783687243,0.999998852998128
STAD_AXIS_049,STAD_CV049,STAD,CMPD024770,Quercetin,PLAU,NR3C1,PLAU,Fibroblast_CAF,12,0.8114054178277956,positive_high_confidence,2,1.0,0.8114054178277956,IS1_publication_core_axis,supplementary_top50_axis,0.8158751301563165,0.8344634995523436,0.8815972798421099,0.6877235364986989,0.6098973398851286,0.8844515260741609,0.5340510359917766,0.1061705085868462,0.3405031076231669,0.9999990700786467
STAD_AXIS_005,STAD_CV005,STAD,CMPD024770,Quercetin,PLAU,GTF3A,PLAU,Fibroblast_CAF,13,0.8091136413838345,positive_high_confidence,2,1.0,0.8091136413838345,IS1_publication_core_axis,supplementary_top50_axis,0.8158751301563165,0.7991736594746827,0.8815972798421099,0.6877235364986989,0.8108526171492321,0.7458201250071924,0.5340510359917766,0.6289512084541244,0.3002912644709086,0.908577376854903
STAD_AXIS_050,STAD_CV050,STAD,CMPD024770,Quercetin,PLAU,NFKB1,PLAU,Fibroblast_CAF,14,0.8082891741944616,positive_high_confidence,2,1.0,0.8082891741944616,IS1_publication_core_axis,supplementary_top50_axis,0.8158751301563165,0.7951166035555758,0.8815972798421099,0.6877235364986989,0.6486733705721619,0.8854516288099397,0.5340510359917766,0.1152320991485509,0.3571889260713271,0.9999990969119392
STAD_AXIS_041,STAD_CV041,STAD,CMPD024770,Quercetin,PLAU,RUNX2,PLAU,Fibroblast_CAF,15,0.8067579978038836,positive_high_confidence,2,1.0,0.8067579978038836,IS1_publication_core_axis,supplementary_top50_axis,0.8158751301563165,0.8255590264073033,0.8815972798421099,0.6877235364986989,0.6230068894028404,0.8400547778720087,0.5340510359917766,0.1398390860782465,0.3380999566766445,0.9999991281317444
STAD_AXIS_040,STAD_CV040,STAD,CMPD024770,Quercetin,PLAU,REL,PLAU,Fibroblast_CAF,16,0.8044152302204229,positive_high_confidence,2,1.0,0.8044152302204229,IS1_publication_core_axis,supplementary_top50_axis,0.8158751301563165,0.7870429301074885,0.8815972798421099,0.6877235364986989,0.7244840908446862,0.7968865819055004,0.5340510359917766,0.0917226287416535,0.3091523528571692,0.9999992464672718
STAD_AXIS_100,STAD_CV100,STAD,CMPD024770,Quercetin,PLAU,CREB1,PLAU,Fibroblast_CAF,17,0.8019077494430396,positive_high_confidence,2,1.0,0.8019077494430396,IS1_publication_core_axis,supplementary_top50_axis,0.8158751301563165,0.8098541253267094,0.8815972798421099,0.6877235364986989,0.5621576597775237,0.8959813726765296,0.5340510359917766,0.1207089232078416,0.3569867755523217,0.999998793629421
STAD_AXIS_020,STAD_CV020,STAD,CMPD025402,Coryincine,ADRA1D,RELA,ADRA1D,Fibroblast_CAF,18,0.7959308804985041,positive_high_confidence,2,1.0,0.7959308804985041,IS1_publication_core_axis,supplementary_top50_axis,0.6073973279369225,0.719761898257144,0.8815972798421099,0.902678161220686,0.7681971117926388,0.8851699431786603,0.0,0.3027195635857316,0.467558377950512,0.9999970962986104
STAD_AXIS_019,STAD_CV019,STAD,CMPD024770,Quercetin,AKR1B1,RELA,AKR1B1,Fibroblast_CAF,19,0.7948038136923004,positive_high_confidence,2,1.0,0.7948038136923004,IS1_publication_core_axis,supplementary_top50_axis,0.5807625322928605,0.7582800460221685,0.8815972798421099,0.9152791718430496,0.7812430714602696,0.8793347395985409,0.5340510359917766,0.3250396296227631,0.4964892445653942,0.9999992043047644
STAD_AXIS_013,STAD_CV013,STAD,CMPD024770,Quercetin,CYP1B1,ESR1,CYP1B1,Fibroblast_CAF,20,0.7883330953808916,positive_high_confidence,2,1.0,0.7883330953808916,IS1_publication_core_axis,supplementary_top50_axis,0.462386342460207,0.92617777888343,0.8815972798421099,0.8852832604463821,0.6595338789553375,0.9248798996955024,0.5340510359917766,0.0657591806780031,0.2830256003562132,0.999999000459742
STAD_AXIS_039,STAD_CV039,STAD,CMPD024770,Quercetin,PLAU,ETV4,PLAU,Fibroblast_CAF,21,0.7857710830761634,positive_high_confidence,2,1.0,0.7857710830761634,IS1_publication_core_axis,supplementary_top50_axis,0.8158751301563165,0.7633409177196001,0.8815972798421099,0.6877235364986989,0.6496265375780288,0.747678283926442,0.5340510359917766,0.1245360952073135,0.3590006364989483,0.9999991051876518
STAD_AXIS_002,STAD_CV002,STAD,CMPD024770,Quercetin,CYP1B1,EP300,CYP1B1,Fibroblast_CAF,22,0.7822277309126494,positive_high_confidence,2,1.0,0.7822277309126494,IS1_publication_core_axis,supplementary_top50_axis,0.4685072778903261,0.7798245182635885,0.8815972798421099,0.8852832604463821,0.8263567723667847,0.9473371252143749,0.5340510359917766,0.2978745720229123,0.4949625044619186,0.982109513933766
STAD_AXIS_028,STAD_CV028,STAD,CMPD024770,Quercetin,MMP1,HOPX,MMP1,Fibroblast_CAF,23,0.771803090168974,positive_high_confidence,2,1.0,0.771803090168974,IS2_high_priority_validation_axis,supplementary_top50_axis,0.8182438385359458,0.7252714366832248,0.8815972798421099,0.7087235364986989,0.8356743547390865,0.6488448439397768,0.5340510359917766,0.0557088277978327,0.2574261897460435,0.6714952312459759
STAD_AXIS_018,STAD_CV018,STAD,CMPD024768,Kaempferol,CYP1B1,ESR1,CYP1B1,Fibroblast_CAF,24,0.7704307133465835,positive_high_confidence,2,1.0,0.7704307133465835,IS2_high_priority_validation_axis,supplementary_top50_axis,0.462386342460207,0.92617777888343,0.8815972798421099,0.7739235364986989,0.6451195012589919,0.9190572337109268,0.5002359255463202,0.0657591806780031,0.2810437115347117,0.9999985211328496
STAD_AXIS_011,STAD_CV011,STAD,CMPD025671,Eckol,BACE1,RELA,BACE1,Fibroblast_CAF,25,0.7700667820785164,positive_high_confidence,2,1.0,0.7700667820785164,IS2_high_priority_validation_axis,supplementary_top50_axis,0.5876069621317833,0.7757791655943417,0.8815972798421099,0.7003235364986989,0.7183852657889576,0.8971443864521951,0.0,0.3338226935160105,0.4727693085576516,0.9999995284280624
STAD_AXIS_014,STAD_CV014,STAD,CMPD025012,Naringenin,CYP19A1,RELA,CYP19A1,Fibroblast_CAF,26,0.7681238864924904,positive_high_confidence,2,1.0,0.7681238864924904,IS2_high_priority_validation_axis,supplementary_top50_axis,0.3941270728033731,0.7137553610237729,0.8815972798421099,1.0,0.8156369651294781,0.9074752919409173,0.4908888589214817,0.3220636453899037,0.4819539218546844,0.999996925658946
STAD_AXIS_003,STAD_CV003,STAD,CMPD024768,Kaempferol,CYP1B1,EP300,CYP1B1,Fibroblast_CAF,27,0.7676943087178263,positive_high_confidence,2,1.0,0.7676943087178263,IS2_high_priority_validation_axis,supplementary_top50_axis,0.4685072778903261,0.7798245182635885,0.8815972798421099,0.7739235364986989,0.8263567723667847,0.9471723374943284,0.5002359255463202,0.2978745720229123,0.4932635095536434,0.9999998127647188
STAD_AXIS_001,STAD_CV001,STAD,CMPD024770,Quercetin,CYP1B1,AHR,CYP1B1,Fibroblast_CAF,28,0.7675518441280316,positive_high_confidence,2,1.0,0.7675518441280316,IS2_high_priority_validation_axis,supplementary_top50_axis,0.462386342460207,0.7983003511548469,0.8815972798421099,0.8852832604463821,0.7722928743332498,0.7894078680823533,0.5340510359917766,0.1377834860644461,0.3672345895880596,0.9822549672734424
STAD_AXIS_034,STAD_CV034,STAD,CMPD024768,Kaempferol,MMP1,HOPX,MMP1,Fibroblast_CAF,29,0.7674709101076617,positive_high_confidence,2,1.0,0.7674709101076617,IS2_high_priority_validation_axis,supplementary_top50_axis,0.8182438385359458,0.7252714366832248,0.8815972798421099,0.6773597239476832,0.8356743547390865,0.6494323808980752,0.5002359255463202,0.0557088277978327,0.2557648110716856,0.6714952312459759
STAD_AXIS_035,STAD_CV035,STAD,CMPD024820,Luteolin,MMP1,HOPX,MMP1,Fibroblast_CAF,30,0.7673778471681771,positive_high_confidence,2,1.0,0.7673778471681771,IS2_high_priority_validation_axis,supplementary_top50_axis,0.8182438385359458,0.7252714366832248,0.8815972798421099,0.6773597239476832,0.8356743547390865,0.6485017515032303,0.4702875167834552,0.0557088277978327,0.2542208591638001,0.6714952312459759
STAD_AXIS_036,STAD_CV036,STAD,CMPD024806,(-)-epigallocatechin-3-gallate,MMP1,HOPX,MMP1,Fibroblast_CAF,31,0.7662527349149594,positive_high_confidence,2,1.0,0.7662527349149594,IS2_high_priority_validation_axis,supplementary_top50_axis,0.8182438385359458,0.7252714366832248,0.8815972798421099,0.6689597239476832,0.8356743547390865,0.6490106289710524,0.0,0.0557088277978327,0.2307319271980184,0.6714952312459759
STAD_AXIS_042,STAD_CV042,STAD,CMPD024770,Quercetin,PLAU,ATF4,PLAU,Fibroblast_CAF,32,0.7657956955663129,positive_high_confidence,2,1.0,0.7657956955663129,IS2_high_priority_validation_axis,supplementary_top50_axis,0.8158751301563165,0.7788053887607217,0.8815972798421099,0.6877235364986989,0.4514726773686628,0.7547800091180763,0.5340510359917766,0.4818043928022081,0.2987024316050567,0.9999992549857472
STAD_AXIS_026,STAD_CV026,STAD,CMPD024770,Quercetin,CYP1B1,CREB1,CYP1B1,Fibroblast_CAF,33,0.7644971461414323,positive_high_confidence,2,1.0,0.7644971461414323,IS2_high_priority_validation_axis,supplementary_top50_axis,0.462386342460207,0.8056868957203825,0.8815972798421099,0.8852832604463821,0.6089977334859417,0.9043952970872372,0.5340510359917766,0.1172924663810881,0.3393163094274189,0.999999418964812
STAD_AXIS_032,STAD_CV032,STAD,CMPD025693,Triptolide,PLAU,GTF3A,PLAU,Fibroblast_CAF,34,0.7626656743931722,positive_high_confidence,2,1.0,0.7626656743931722,IS2_high_priority_validation_axis,supplementary_top50_axis,0.8158751301563165,0.7991736594746827,0.8815972798421099,0.33,0.7933204346250341,0.7483388405547353,0.5952671100469956,0.6289512084541244,0.3034780039510467,0.9999993513099884
STAD_AXIS_033,STAD_CV033,STAD,CMPD024806,(-)-epigallocatechin-3-gallate,PLAU,GTF3A,PLAU,Fibroblast_CAF,35,0.7623598978737824,positive_high_confidence,2,1.0,0.7623598978737824,IS2_high_priority_validation_axis,supplementary_top50_axis,0.8158751301563165,0.7991736594746827,0.8815972798421099,0.33,0.7933204346250341,0.7452810753608372,0.0,0.6289512084541244,0.273561760189002,0.9999993513099884
STAD_AXIS_067,STAD_CV067,STAD,CMPD024770,Quercetin,AKR1B1,NFKB2,AKR1B1,Fibroblast_CAF,36,0.7588029925796724,positive_high_confidence,2,1.0,0.7588029925796724,IS2_high_priority_validation_axis,supplementary_top50_axis,0.5807625322928605,0.7430265184678052,0.8815972798421099,0.9152791718430496,0.5889905862485889,0.7430372257558593,0.5340510359917766,0.1967248674976353,0.4033129028923685,0.9999981044366724
STAD_AXIS_051,STAD_CV051,STAD,CMPD025841,Guggulsterone,PGR,FOS,PGR,Fibroblast_CAF,37,0.755440714135613,positive_high_confidence,2,1.0,0.755440714135613,IS2_high_priority_validation_axis,supplementary_top50_axis,0.4913546697241152,0.7313631955603866,0.8815972798421099,0.7299597239476832,0.770037127925562,0.9287479941945714,0.4843441145609286,0.117870544263883,0.3522732376171206,0.9999984296269476
STAD_AXIS_083,STAD_CV083,STAD,CMPD024806,(-)-epigallocatechin-3-gallate,PLAU,E2F1,PLAU,Fibroblast_CAF,38,0.7554036462629652,positive_high_confidence,2,1.0,0.7554036462629652,IS2_high_priority_validation_axis,supplementary_top50_axis,0.8158751301563165,0.7684291478312152,0.8815972798421099,0.33,0.7019918539540889,0.8468026241061767,0.0,0.2745777345945571,0.4630977204378498,0.9999981100409177
STAD_AXIS_082,STAD_CV082,STAD,CMPD025693,Triptolide,PLAU,E2F1,PLAU,Fibroblast_CAF,39,0.7551196371346708,positive_high_confidence,2,1.0,0.7551196371346708,IS2_high_priority_validation_axis,supplementary_top50_axis,0.8158751301563165,0.7684291478312152,0.8815972798421099,0.33,0.7019918539540889,0.8439625328232331,0.5952671100469956,0.2745777345945571,0.4927190713760523,0.9999981100409177
STAD_AXIS_076,STAD_CV076,STAD,CMPD025693,Triptolide,PLAU,RELA,PLAU,Fibroblast_CAF,40,0.7525800159457713,positive_high_confidence,2,1.0,0.7525800159457713,IS2_high_priority_validation_axis,supplementary_top50_axis,0.8158751301563165,0.8027634798436195,0.8815972798421099,0.33,0.6179709095593142,0.8969722828080299,0.5952671100469956,0.3166991616250095,0.5166358987039475,0.9999989556661312
STAD_AXIS_077,STAD_CV077,STAD,CMPD024806,(-)-epigallocatechin-3-gallate,PLAU,RELA,PLAU,Fibroblast_CAF,41,0.7522367122416209,positive_high_confidence,2,1.0,0.7522367122416209,IS2_high_priority_validation_axis,supplementary_top50_axis,0.8158751301563165,0.8027634798436195,0.8815972798421099,0.33,0.6179709095593142,0.8935392457665252,0.0,0.3166991616250095,0.4867008913495225,0.9999989556661312
STAD_AXIS_004,STAD_CV004,STAD,CMPD024768,Kaempferol,CYP1B1,AHR,CYP1B1,Fibroblast_CAF,42,0.750446947801712,positive_high_confidence,2,1.0,0.750446947801712,IS2_high_priority_validation_axis,supplementary_top50_axis,0.462386342460207,0.7983003511548469,0.8815972798421099,0.7739235364986989,0.751946040474401,0.788031813017308,0.5002359255463202,0.1377834860644461,0.3654750313125346,0.999999810538816
STAD_AXIS_057,STAD_CV057,STAD,CMPD025163,Indirubin,AHR,EPAS1,AHR,Fibroblast_CAF,43,0.7484634629199624,positive_high_confidence,2,1.0,0.7484634629199624,IS2_high_priority_validation_axis,supplementary_top50_axis,0.4863131860251095,0.7428100514509154,0.8815972798421099,0.7809597239476832,0.6804879576104681,0.8822239504634314,0.558339962940892,0.1528539585389079,0.3687371522624213,0.9999980822431168
STAD_AXIS_045,STAD_CV045,STAD,CMPD024768,Kaempferol,CYP1B1,CREB1,CYP1B1,Fibroblast_CAF,44,0.7474551390518688,positive_high_confidence,2,1.0,0.7474551390518688,IS2_high_priority_validation_axis,supplementary_top50_axis,0.462386342460207,0.8056868957203825,0.8815972798421099,0.7739235364986989,0.5958650025396562,0.9056382813968048,0.5002359255463202,0.1172924663810881,0.3376877031206245,0.999999144726637
STAD_AXIS_086,STAD_CV086,STAD,CMPD024773,Stigmasterol,PLAU,GTF3A,PLAU,Fibroblast_CAF,45,0.7445435619563407,positive_high_confidence,2,1.0,0.7445435619563407,IS2_high_priority_validation_axis,supplementary_top50_axis,0.8158751301563165,0.7991736594746827,0.8815972798421099,0.285,0.6960151756929787,0.7468842951285282,0.0,0.6289512084541244,0.2736419211773866,0.9999989042705868
STAD_AXIS_084,STAD_CV084,STAD,CMPD024768,Kaempferol,AHR,EPAS1,AHR,Fibroblast_CAF,46,0.741730161874226,positive_high_confidence,2,1.0,0.741730161874226,IS2_high_priority_validation_axis,supplementary_top50_axis,0.4863131860251095,0.7428100514509154,0.8815972798421099,0.7425597239476832,0.6711400545572368,0.8798686133539011,0.5002359255463202,0.1528539585389079,0.3657141835372162,0.9999977661031894
STAD_AXIS_079,STAD_CV079,STAD,CMPD024770,Quercetin,CYP1B1,AR,CYP1B1,Fibroblast_CAF,47,0.7408042782897484,positive_high_confidence,2,1.0,0.7408042782897484,IS2_high_priority_validation_axis,supplementary_top50_axis,0.462386342460207,0.8105382269836826,0.8815972798421099,0.8852832604463821,0.4092712216238151,0.8974366947458187,0.5340510359917766,0.0652700654915627,0.2700894849187543,0.9999978781856956
STAD_AXIS_015,STAD_CV015,STAD,CMPD025671,Eckol,BACE1,HSF1,BACE1,Fibroblast_CAF,48,0.7385558422147566,positive_high_confidence,2,1.0,0.7385558422147566,IS2_high_priority_validation_axis,supplementary_top50_axis,0.4916431586456512,0.7620795463250641,0.8815972798421099,0.7003235364986989,0.7702710156478068,0.7916475640713688,0.0,0.5267333769334371,0.6100540217629502,0.912418477467108
STAD_AXIS_016,STAD_CV016,STAD,CMPD024770,Quercetin,ALOX5,RELA,ALOX5,Fibroblast_CAF,49,0.7383217993334894,positive_high_confidence,2,1.0,0.7383217993334894,IS2_high_priority_validation_axis,supplementary_top50_axis,0.3655427071283723,0.7339835317779703,0.8815972798421099,0.8526791718430495,0.7687901099593493,0.8923808395959645,0.5340510359917766,0.3143144606150029,0.4839509068826212,0.9999991860263366
STAD_AXIS_038,STAD_CV038,STAD,CMPD024770,Quercetin,ALOX5,RORA,ALOX5,Fibroblast_CAF,50,0.7372148171989216,positive_high_confidence,2,1.0,0.7372148171989216,IS2_high_priority_validation_axis,supplementary_top50_axis,0.3655427071283723,0.7633167984586083,0.8815972798421099,0.8526791718430495,0.8060104282604115,0.744230589421189,0.5340510359917766,0.0706990239421348,0.2441056252029977,0.9999983752039152
STAD_AXIS_023,STAD_CV023,STAD,CMPD025841,Guggulsterone,PGR,EPAS1,PGR,Fibroblast_CAF,51,0.7330060886796682,positive_moderate_confidence,1,1.0,0.7330060886796682,IS2_high_priority_validation_axis,hgnn_positive_candidate_pool,0.4913546697241152,0.7837217096933972,0.8815972798421099,0.7299597239476832,0.6571181999773897,0.8891506637480031,,,,0.7433930315584603
STAD_AXIS_046,STAD_CV046,STAD,CMPD029494,Alpha-naphthoflavone,CYP1B1,EP300,CYP1B1,Fibroblast_CAF,52,0.7316855382919377,positive_moderate_confidence,1,1.0,0.7316855382919377,IS2_high_priority_validation_axis,hgnn_positive_candidate_pool,0.462386342460207,0.7798245182635885,0.8815972798421099,0.6416,0.688013925879305,0.9505912757554134,,,,0.9999991381370869
STAD_AXIS_053,STAD_CV053,STAD,CMPD024770,Quercetin,MMP9,RELA,MMP9,Fibroblast_CAF,53,0.7289249124036327,positive_moderate_confidence,1,1.0,0.7289249124036327,IS2_high_priority_validation_axis,hgnn_positive_candidate_pool,0.3941270728033731,0.7325733011939298,0.8815972798421099,0.7613235364986989,0.7391402016238248,0.9150422378928588,,,,0.9999979222052318
STAD_AXIS_037,STAD_CV037,STAD,CMPD025163,Indirubin,AHR,PITX2,AHR,Fibroblast_CAF,54,0.7267858488073485,positive_moderate_confidence,1,1.0,0.7267858488073485,IS2_high_priority_validation_axis,hgnn_positive_candidate_pool,0.316495710508462,0.7315843205942639,0.8815972798421099,0.7809597239476832,0.8432945596590689,0.8321659573918687,,,,0.9999986526326192
STAD_AXIS_044,STAD_CV044,STAD,CMPD024768,Kaempferol,AHR,PITX2,AHR,Fibroblast_CAF,55,0.7216021092115471,positive_moderate_confidence,1,1.0,0.7216021092115471,IS2_high_priority_validation_axis,hgnn_positive_candidate_pool,0.316495710508462,0.7315843205942639,0.8815972798421099,0.7425597239476832,0.8432945596590689,0.8340886601400892,,,,0.999998488122228
STAD_AXIS_081,STAD_CV081,STAD,CMPD025841,Guggulsterone,PGR,RELA,PGR,Fibroblast_CAF,56,0.7191692107697676,positive_moderate_confidence,1,1.0,0.7191692107697676,IS2_high_priority_validation_axis,hgnn_positive_candidate_pool,0.4913546697241152,0.74096197557136,0.8815972798421099,0.7299597239476832,0.7332102199567199,0.9219888399561076,,,,0.5108965131614047
STAD_AXIS_031,STAD_CV031,STAD,CMPD025671,Eckol,BACE1,HIF1A,BACE1,Fibroblast_CAF,57,0.7181141313331327,positive_moderate_confidence,1,1.0,0.7181141313331327,IS2_high_priority_validation_axis,hgnn_positive_candidate_pool,0.3178279625760204,0.8109677203150819,0.8815972798421099,0.7003235364986989,0.6762142580838186,0.8974044407302351,,,,0.9999987570686182
STAD_AXIS_068,STAD_CV068,STAD,CMPD024770,Quercetin,MMP1,EWSR1,MMP1,Fibroblast_CAF,58,0.7163547940104228,positive_moderate_confidence,1,1.0,0.7163547940104228,IS2_high_priority_validation_axis,hgnn_positive_candidate_pool,0.5539186351597969,0.6616285967167275,0.8815972798421099,0.7087235364986989,0.8210718496788154,0.7963188727012719,,,,0.5823320685969942
STAD_AXIS_006,STAD_CV006,STAD,CMPD025163,Indirubin,AHR,AHR,AHR,Fibroblast_CAF,59,0.7162146907963093,positive_moderate_confidence,1,1.0,0.7162146907963093,IS2_high_priority_validation_axis,hgnn_positive_candidate_pool,0.3771862459664283,0.7132425748041523,0.8815972798421099,0.7809597239476832,0.7546589516555808,0.7731189868967644,,,,0.9999995537212658
STAD_AXIS_058,STAD_CV058,STAD,CMPD025671,Eckol,BACE1,STAT3,BACE1,Fibroblast_CAF,60,0.7156356548168985,positive_moderate_confidence,1,1.0,0.7156356548168985,IS2_high_priority_validation_axis,hgnn_positive_candidate_pool,0.3178279625760204,0.7925041918654095,0.8815972798421099,0.7003235364986989,0.6841047689002678,0.900078418145296,,,,0.9999982593056242
STAD_AXIS_074,STAD_CV074,STAD,CMPD025163,Indirubin,AHR,NR3C1,AHR,Fibroblast_CAF,61,0.7154509771722767,positive_moderate_confidence,1,1.0,0.7154509771722767,IS2_high_priority_validation_axis,hgnn_positive_candidate_pool,0.3191368967044284,0.7424942154099802,0.8815972798421099,0.7809597239476832,0.6570287041721256,0.9152345430289716,,,,0.9999979235878602
STAD_AXIS_075,STAD_CV075,STAD,CMPD025163,Indirubin,AHR,STAT3,AHR,Fibroblast_CAF,62,0.7148777968927486,positive_moderate_confidence,1,1.0,0.7148777968927486,IS2_high_priority_validation_axis,hgnn_positive_candidate_pool,0.2813185619153577,0.7349993615269795,0.8815972798421099,0.7809597239476832,0.7177452273066347,0.9272692912364834,,,,0.9999979212210924
STAD_AXIS_025,STAD_CV025,STAD,CMPD029494,Alpha-naphthoflavone,CYP1B1,AHR,CYP1B1,Fibroblast_CAF,63,0.7124052798775042,positive_moderate_confidence,1,1.0,0.7124052798775042,IS2_high_priority_validation_axis,hgnn_positive_candidate_pool,0.462386342460207,0.7983003511548469,0.8815972798421099,0.6416,0.589623521467139,0.7876553176412376,,,,0.9999994606069612
STAD_AXIS_095,STAD_CV095,STAD,CMPD024770,Quercetin,CYP1B1,TBP,CYP1B1,Fibroblast_CAF,64,0.7115908545116185,positive_moderate_confidence,1,1.0,0.7115908545116185,IS2_high_priority_validation_axis,hgnn_positive_candidate_pool,0.462386342460207,0.7863343918923885,0.8815972798421099,0.8852832604463821,0.2026292154713135,0.90168022320026,,,,0.9999983970687824
STAD_AXIS_098,STAD_CV098,STAD,CMPD024768,Kaempferol,MMP1,EWSR1,MMP1,Fibroblast_CAF,65,0.7109642819408365,positive_moderate_confidence,1,1.0,0.7109642819408365,IS2_high_priority_validation_axis,hgnn_positive_candidate_pool,0.5539186351597969,0.6616285967167275,0.8815972798421099,0.6773597239476832,0.8129938585115649,0.7960166789775321,,,,0.5823320685969936
STAD_AXIS_097,STAD_CV097,STAD,CMPD024820,Luteolin,MMP1,EWSR1,MMP1,Fibroblast_CAF,66,0.7108339758362037,positive_moderate_confidence,1,1.0,0.7108339758362037,IS2_high_priority_validation_axis,hgnn_positive_candidate_pool,0.5539186351597969,0.6616285967167275,0.8815972798421099,0.6773597239476832,0.8129938585115649,0.7947136179312037,,,,0.5823320685969936
STAD_AXIS_012,STAD_CV012,STAD,CMPD024768,Kaempferol,AHR,AHR,AHR,Fibroblast_CAF,67,0.70958302159201,positive_moderate_confidence,1,1.0,0.70958302159201,IS2_high_priority_validation_axis,hgnn_positive_candidate_pool,0.3771862459664283,0.7132425748041523,0.8815972798421099,0.7425597239476832,0.7451637625214511,0.7719565661397252,,,,0.9999994798462692
STAD_AXIS_009,STAD_CV009,STAD,CMPD024946,Baicalein,ALOX12,FOS,ALOX12,Fibroblast_CAF,68,0.7087064947223843,positive_moderate_confidence,1,1.0,0.7087064947223843,IS2_high_priority_validation_axis,hgnn_positive_candidate_pool,0.3037716187203229,0.661226728643779,0.8815972798421099,0.7853194478953663,0.783941734608441,0.8826552234793822,,,,0.9999992144227704
STAD_AXIS_047,STAD_CV047,STAD,CMPD024768,Kaempferol,ALOX5,RELA,ALOX5,Fibroblast_CAF,69,0.7058635903169588,positive_moderate_confidence,1,1.0,0.7058635903169588,IS2_high_priority_validation_axis,hgnn_positive_candidate_pool,0.3655427071283723,0.7339835317779703,0.8815972798421099,0.6689597239476832,0.7124552841218526,0.8926083407756699,,,,0.999998230548833
STAD_AXIS_056,STAD_CV056,STAD,CMPD025671,Eckol,BACE1,NFKB1,BACE1,Fibroblast_CAF,70,0.7030606781561636,positive_moderate_confidence,1,1.0,0.7030606781561636,IS2_high_priority_validation_axis,hgnn_positive_candidate_pool,0.3065428846369267,0.7663725704545595,0.8815972798421099,0.7003235364986989,0.6596309747282477,0.8785305822707582,,,,0.999998294261458
STAD_AXIS_043,STAD_CV043,STAD,CMPD024817,Acacetin,CYP1B1,AHR,CYP1B1,Fibroblast_CAF,71,0.6957734391125764,positive_moderate_confidence,1,1.0,0.6957734391125764,IS2_high_priority_validation_axis,hgnn_positive_candidate_pool,0.462386342460207,0.7983003511548469,0.8815972798421099,0.556278161220686,0.5489298537494411,0.7896200538494103,,,,0.9999991800983354
STAD_AXIS_096,STAD_CV096,STAD,CMPD025163,Indirubin,AHR,NR1H3,AHR,Myeloid,72,0.6931866636330284,positive_moderate_confidence,1,1.0,0.6931866636330284,IS2_high_priority_validation_axis,hgnn_positive_candidate_pool,0.9079513309863144,0.5641016609905113,0.0337177049270893,0.7809597239476832,0.9023847200518236,0.7893511426161515,,,,0.9999990754560196
STAD_AXIS_048,STAD_CV048,STAD,CMPD025602,"3,5-dihydroxy-2-(4-hydroxyphenyl)chromone",CYP1B1,AHR,CYP1B1,Fibroblast_CAF,73,0.6919366979867971,positive_moderate_confidence,1,1.0,0.6919366979867971,IS2_high_priority_validation_axis,hgnn_positive_candidate_pool,0.462386342460207,0.7983003511548469,0.8815972798421099,0.5363194478953663,0.5421475757964915,0.7873336195091872,,,,0.9999991055673656
STAD_AXIS_030,STAD_CV030,STAD,CMPD025671,Eckol,BACE1,CTNNB1,BACE1,Fibroblast_CAF,74,0.6901395176871422,positive_moderate_confidence,1,1.0,0.6901395176871422,IS2_high_priority_validation_axis,hgnn_positive_candidate_pool,0.3178279625760204,0.766477755666389,0.8815972798421099,0.7003235364986989,0.5052157195411044,0.9118366152593368,,,,0.99999853133468
STAD_AXIS_066,STAD_CV066,STAD,CMPD025671,Eckol,BACE1,TCF7L2,BACE1,Fibroblast_CAF,75,0.689148860105871,positive_moderate_confidence,1,1.0,0.689148860105871,IS2_high_priority_validation_axis,hgnn_positive_candidate_pool,0.3178279625760204,0.7230753741769286,0.8815972798421099,0.7003235364986989,0.6621507055115503,0.8004136052615975,,,,0.9999972213337016
STAD_AXIS_059,STAD_CV059,STAD,CMPD015715,"1-(3,5-dihydroxyphenyl)-2-(4-hydroxyphenyl)ethylene; (e)-form",CYP1B1,AHR,CYP1B1,Fibroblast_CAF,76,0.6880599570902012,positive_moderate_confidence,1,1.0,0.6880599570902012,IS2_high_priority_validation_axis,hgnn_positive_candidate_pool,0.462386342460207,0.7983003511548469,0.8815972798421099,0.513678161220686,0.5346870700482469,0.789216673903024,,,,0.9999990137051168
STAD_AXIS_061,STAD_CV061,STAD,CMPD025348,Galangin,CYP1B1,AHR,CYP1B1,Fibroblast_CAF,77,0.687926582479102,positive_moderate_confidence,1,1.0,0.687926582479102,IS2_high_priority_validation_axis,hgnn_positive_candidate_pool,0.462386342460207,0.7983003511548469,0.8815972798421099,0.5123235364986989,0.5353652978435417,0.788965529848467,,,,0.9999990123717696
STAD_AXIS_060,STAD_CV060,STAD,CMPD003852,Pyrene,CYP1B1,AHR,CYP1B1,Fibroblast_CAF,78,0.6878060440780552,positive_moderate_confidence,1,1.0,0.6878060440780552,IS2_high_priority_validation_axis,hgnn_positive_candidate_pool,0.462386342460207,0.7983003511548469,0.8815972798421099,0.5123235364986989,0.5353652978435417,0.787760145838,,,,0.9999990123717696
STAD_AXIS_062,STAD_CV062,STAD,CMPD024964,Kaempferide,CYP1B1,AHR,CYP1B1,Fibroblast_CAF,79,0.6877902055270049,positive_moderate_confidence,1,1.0,0.6877902055270049,IS2_high_priority_validation_axis,hgnn_positive_candidate_pool,0.462386342460207,0.7983003511548469,0.8815972798421099,0.5123235364986989,0.5353652978435417,0.7876017603274965,,,,0.9999990123717696
STAD_AXIS_072,STAD_CV072,STAD,CMPD024820,Luteolin,CYP1B1,AHR,CYP1B1,Fibroblast_CAF,80,0.6855756522316929,positive_moderate_confidence,1,1.0,0.6855756522316929,IS2_high_priority_validation_axis,hgnn_positive_candidate_pool,0.462386342460207,0.7983003511548469,0.8815972798421099,0.4979194478953663,0.5326523866623618,0.7888774777552955,,,,0.9999989575070432
STAD_AXIS_070,STAD_CV070,STAD,CMPD024921,Diosmetin,CYP1B1,AHR,CYP1B1,Fibroblast_CAF,81,0.6855513405958058,positive_moderate_confidence,1,1.0,0.6855513405958058,IS2_high_priority_validation_axis,hgnn_positive_candidate_pool,0.462386342460207,0.7983003511548469,0.8815972798421099,0.4979194478953663,0.5326523866623618,0.7886343613964241,,,,0.9999989575070432
STAD_AXIS_071,STAD_CV071,STAD,CMPD012823,Apigenin,CYP1B1,AHR,CYP1B1,Fibroblast_CAF,82,0.68548999075962,positive_moderate_confidence,1,1.0,0.68548999075962,IS2_high_priority_validation_axis,hgnn_positive_candidate_pool,0.462386342460207,0.7983003511548469,0.8815972798421099,0.4979194478953663,0.5326523866623618,0.7880208630345668,,,,0.9999989575070432
STAD_AXIS_069,STAD_CV069,STAD,CMPD003951,Chrysin,CYP1B1,AHR,CYP1B1,Fibroblast_CAF,83,0.6852883143673485,positive_moderate_confidence,1,1.0,0.6852883143673485,IS2_high_priority_validation_axis,hgnn_positive_candidate_pool,0.462386342460207,0.7983003511548469,0.8815972798421099,0.4979194478953663,0.5326523866623618,0.7860040991118508,,,,0.9999989575070432
STAD_AXIS_052,STAD_CV052,STAD,CMPD024770,Quercetin,BACE1,RELA,BACE1,Fibroblast_CAF,84,0.6840573514990518,positive_moderate_confidence,1,1.0,0.6840573514990518,IS2_high_priority_validation_axis,hgnn_positive_candidate_pool,0.3941270728033731,0.7757791655943417,0.8815972798421099,0.505278161220686,0.5533341093878705,0.8951354724186309,,,,0.999998361705162
STAD_AXIS_080,STAD_CV080,STAD,CMPD014972,Pinosylvin,CYP1B1,AHR,CYP1B1,Fibroblast_CAF,85,0.6825261306449846,positive_moderate_confidence,1,1.0,0.6825261306449846,IS2_high_priority_validation_axis,hgnn_positive_candidate_pool,0.462386342460207,0.7983003511548469,0.8815972798421099,0.4809597239476831,0.5285830198905921,0.7870091589898458,,,,0.9999988850924516
STAD_AXIS_087,STAD_CV087,STAD,CMPD025549,Homoeriodictyol,CYP1B1,AHR,CYP1B1,Fibroblast_CAF,86,0.6819251077605081,positive_moderate_confidence,1,1.0,0.6819251077605081,IS2_high_priority_validation_axis,hgnn_positive_candidate_pool,0.462386342460207,0.7983003511548469,0.8815972798421099,0.4853194478953664,0.5184096029611676,0.787103435663598,,,,0.9999988538758454
STAD_AXIS_054,STAD_CV054,STAD,CMPD053196,Rocaglamide,RELA,RELA,RELA,Fibroblast_CAF,87,0.6817114321793174,positive_moderate_confidence,1,1.0,0.6817114321793174,IS2_high_priority_validation_axis,hgnn_positive_candidate_pool,0.3941270728033731,0.7170672649778081,0.8815972798421099,0.5509261344435874,0.5776470342230007,0.8960175085793147,,,,0.999998194306533
STAD_AXIS_063,STAD_CV063,STAD,CMPD025566,"3',4',7-trihydroxyflavanone",BACE1,RELA,BACE1,Fibroblast_CAF,88,0.6813742623343874,positive_moderate_confidence,1,1.0,0.6813742623343874,IS2_high_priority_validation_axis,hgnn_positive_candidate_pool,0.3941270728033731,0.7757791655943417,0.8815972798421099,0.4809597239476831,0.556299100221423,0.8987924658816259,,,,0.999998258492333
STAD_AXIS_089,STAD_CV089,STAD,CMPD024925,Eupatorin,CYP1B1,AHR,CYP1B1,Fibroblast_CAF,89,0.6813484846243728,positive_moderate_confidence,1,1.0,0.6813484846243728,IS2_high_priority_validation_axis,hgnn_positive_candidate_pool,0.462386342460207,0.7983003511548469,0.8815972798421099,0.4739235364986989,0.5258701087094122,0.7883388763546193,,,,0.9999988488842886
STAD_AXIS_094,STAD_CV094,STAD,CMPD019676,Berberine chloride,CYP1B1,AHR,CYP1B1,Fibroblast_CAF,90,0.6813277781458813,positive_moderate_confidence,1,1.0,0.6813277781458813,IS2_high_priority_validation_axis,hgnn_positive_candidate_pool,0.462386342460207,0.7983003511548469,0.8815972798421099,0.4739235364986989,0.5258701087094122,0.7881318115697041,,,,0.9999988488842886
STAD_AXIS_064,STAD_CV064,STAD,CMPD008994,Acteoside,BACE1,RELA,BACE1,Fibroblast_CAF,91,0.6812743160266714,positive_moderate_confidence,1,1.0,0.6812743160266714,IS2_high_priority_validation_axis,hgnn_positive_candidate_pool,0.3941270728033731,0.7757791655943417,0.8815972798421099,0.4809597239476831,0.556299100221423,0.8977930028044672,,,,0.999998258492333
STAD_AXIS_092,STAD_CV092,STAD,CMPD024922,Chryseriol,CYP1B1,AHR,CYP1B1,Fibroblast_CAF,92,0.6812610605862187,positive_moderate_confidence,1,1.0,0.6812610605862187,IS2_high_priority_validation_axis,hgnn_positive_candidate_pool,0.462386342460207,0.7983003511548469,0.8815972798421099,0.4739235364986989,0.5258701087094122,0.7874646359730788,,,,0.9999988488842886
STAD_AXIS_093,STAD_CV093,STAD,CMPD025501,Rutaecarpine,CYP1B1,AHR,CYP1B1,Fibroblast_CAF,93,0.6811682436601993,positive_moderate_confidence,1,1.0,0.6811682436601993,IS2_high_priority_validation_axis,hgnn_positive_candidate_pool,0.462386342460207,0.7983003511548469,0.8815972798421099,0.4739235364986989,0.5258701087094122,0.786536466712885,,,,0.9999988488842886
STAD_AXIS_091,STAD_CV091,STAD,CMPD024838,Berberine,CYP1B1,AHR,CYP1B1,Fibroblast_CAF,94,0.6811580804653354,positive_moderate_confidence,1,1.0,0.6811580804653354,IS2_high_priority_validation_axis,hgnn_positive_candidate_pool,0.462386342460207,0.7983003511548469,0.8815972798421099,0.4739235364986989,0.5258701087094122,0.7864348347642462,,,,0.9999988488842886
STAD_AXIS_090,STAD_CV090,STAD,CMPD015728,Myricetin,CYP1B1,AHR,CYP1B1,Fibroblast_CAF,95,0.6810953655748775,positive_moderate_confidence,1,1.0,0.6810953655748775,IS2_high_priority_validation_axis,hgnn_positive_candidate_pool,0.462386342460207,0.7983003511548469,0.8815972798421099,0.4739235364986989,0.5258701087094122,0.7858076858596668,,,,0.9999988488842886
STAD_AXIS_065,STAD_CV065,STAD,CMPD024806,(-)-epigallocatechin-3-gallate,BACE1,RELA,BACE1,Fibroblast_CAF,96,0.6806114262808594,positive_moderate_confidence,1,1.0,0.6806114262808594,IS2_high_priority_validation_axis,hgnn_positive_candidate_pool,0.3941270728033731,0.7757791655943417,0.8815972798421099,0.4853194478953664,0.5474041277207656,0.8957344825979431,,,,0.999998218863058
STAD_AXIS_073,STAD_CV073,STAD,CMPD052974,Collagen,BACE1,RELA,BACE1,Fibroblast_CAF,97,0.6787459982504523,positive_moderate_confidence,1,1.0,0.6787459982504523,IS3_supplementary_mechanistic_axis,hgnn_positive_candidate_pool,0.3941270728033731,0.7757791655943417,0.8815972798421099,0.4697235364986989,0.5497761203876076,0.896068127663258,,,,0.9999981511726233
STAD_AXIS_088,STAD_CV088,STAD,CMPD005156,Hydroxytyrosol,BACE1,RELA,BACE1,Fibroblast_CAF,98,0.6748771029972853,positive_moderate_confidence,1,1.0,0.6748771029972853,IS3_supplementary_mechanistic_axis,hgnn_positive_candidate_pool,0.3941270728033731,0.7757791655943417,0.8815972798421099,0.4425597239476831,0.5479971258874762,0.8975434088810635,,,,0.9999979798761284
STAD_AXIS_099,STAD_CV099,STAD,CMPD002559,"2,4,2',4'-tetrahydroxychalcone",BACE1,RELA,BACE1,Fibroblast_CAF,99,0.6739703272986793,positive_moderate_confidence,1,1.0,0.6739703272986793,IS3_supplementary_mechanistic_axis,hgnn_positive_candidate_pool,0.3941270728033731,0.7757791655943417,0.8815972798421099,0.4383597239476832,0.5438461387205027,0.8993368724145936,,,,0.9999979200107596
STAD_AXIS_055,STAD_CV055,STAD,CMPD024770,Quercetin,CYP1B1,AHR,CYP1B1,Myeloid,100,0.6071036952811092,positive_moderate_confidence,1,1.0,0.6071036952811092,IS3_supplementary_mechanistic_axis,hgnn_positive_candidate_pool,0.462386342460207,0.5403218648750293,0.0337177049270893,0.8852832604463821,0.8988026691689692,0.7882086517605758,,,,0.895412219757368
STAD_AXIS_150,,STAD,CMPD025402,Coryincine,HTR2A,PITX2,HTR2A,Fibroblast_CAF,101,0.4385164617809201,reserve_or_unlabeled,0,,0.4385164617809201,IS4_low_priority_or_incomplete_axis,reserve_background_axis,0.0,0.8646301766104117,0.0,0.0,0.8432945596590689,0.7382375212398034,,,,0.9999983100723429
STAD_AXIS_189,,STAD,CMPD026234,Fisetin,CDK2,MYC,CDK2,Fibroblast_CAF,102,0.4250142746133777,reserve_or_unlabeled,0,,0.4250142746133777,IS4_low_priority_or_incomplete_axis,reserve_background_axis,0.0,0.731668138009154,0.0,0.0,0.8339410755255225,0.954882576635858,,,,0.9999969571292596
STAD_AXIS_114,,STAD,CMPD025693,Triptolide,PLAU,MYC,PLAU,Fibroblast_CAF,103,0.4235187034841121,reserve_or_unlabeled,0,,0.4235187034841121,IS4_low_priority_or_incomplete_axis,reserve_background_axis,0.0,0.8125986023801656,0.0,0.0,0.714693900545197,0.917340018246354,,,,0.9999987900622372
STAD_AXIS_115,,STAD,CMPD024806,(-)-epigallocatechin-3-gallate,PLAU,MYC,PLAU,Fibroblast_CAF,104,0.4234476028067535,reserve_or_unlabeled,0,,0.4234476028067535,IS4_low_priority_or_incomplete_axis,reserve_background_axis,0.0,0.8125986023801656,0.0,0.0,0.714693900545197,0.9166290114727678,,,,0.9999987900622372
STAD_AXIS_119,,STAD,CMPD024768,Kaempferol,AHR,STAT3,AHR,Fibroblast_CAF,105,0.4153980907872489,reserve_or_unlabeled,0,,0.4153980907872489,IS4_low_priority_or_incomplete_axis,reserve_background_axis,0.0,0.7349993615269795,0.0,0.0,0.7098957870118158,0.9263943988856336,,,,0.9999975930073852
STAD_AXIS_124,,STAD,CMPD024806,(-)-epigallocatechin-3-gallate,APP,AHR,APP,Fibroblast_CAF,106,0.4140603422786704,reserve_or_unlabeled,0,,0.4140603422786704,IS4_low_priority_or_incomplete_axis,reserve_background_axis,0.0,0.7500405457679885,0.0,0.0,0.7512678126791059,0.9001630580858904,,,,0.9999976870593724
STAD_AXIS_148,,STAD,CMPD024817,Acacetin,CYP1B1,EP300,CYP1B1,Fibroblast_CAF,107,0.4109420707122832,reserve_or_unlabeled,0,,0.4109420707122832,IS4_low_priority_or_incomplete_axis,reserve_background_axis,0.0,0.7798245182635885,0.0,0.0,0.6294562143633826,0.946987557624589,,,,0.999998592891678
STAD_AXIS_111,,STAD,CMPD026161,Leonticine,BACE1,RELA,BACE1,Fibroblast_CAF,108,0.4099297459454531,reserve_or_unlabeled,0,,0.4099297459454531,IS4_low_priority_or_incomplete_axis,reserve_background_axis,0.0,0.7757791655943417,0.0,0.0,0.6179709095593142,0.9004610352562028,,,,0.9999978597069712
STAD_AXIS_110,,STAD,CMPD026068,Evodiamide,BACE1,RELA,BACE1,Fibroblast_CAF,109,0.4098427078671298,reserve_or_unlabeled,0,,0.4098427078671298,IS4_low_priority_or_incomplete_axis,reserve_background_axis,0.0,0.7757791655943417,0.0,0.0,0.6179709095593142,0.8995906544729694,,,,0.9999978597069712
STAD_AXIS_108,,STAD,CMPD024876,Dasycarpamin,BACE1,RELA,BACE1,Fibroblast_CAF,110,0.4097387201606601,reserve_or_unlabeled,0,,0.4097387201606601,IS4_low_priority_or_incomplete_axis,reserve_background_axis,0.0,0.7757791655943417,0.0,0.0,0.6179709095593142,0.8985507774082722,,,,0.9999978597069712
STAD_AXIS_113,,STAD,CMPD025191,Tetramethoxyluteolin,BACE1,RELA,BACE1,Fibroblast_CAF,111,0.4097179345894896,reserve_or_unlabeled,0,,0.4097179345894896,IS4_low_priority_or_incomplete_axis,reserve_background_axis,0.0,0.7757791655943417,0.0,0.0,0.6179709095593142,0.8983429216965663,,,,0.9999978597069712
STAD_AXIS_109,,STAD,CMPD025399,Dihydrocorynantheine,BACE1,RELA,BACE1,Fibroblast_CAF,112,0.4096664668675022,reserve_or_unlabeled,0,,0.4096664668675022,IS4_low_priority_or_incomplete_axis,reserve_background_axis,0.0,0.7757791655943417,0.0,0.0,0.6179709095593142,0.8978282444766933,,,,0.9999978597069712
STAD_AXIS_107,,STAD,CMPD025439,Futokadsurin C,BACE1,RELA,BACE1,Fibroblast_CAF,113,0.4096570454030704,reserve_or_unlabeled,0,,0.4096570454030704,IS4_low_priority_or_incomplete_axis,reserve_background_axis,0.0,0.7757791655943417,0.0,0.0,0.6179709095593142,0.8977340298323748,,,,0.9999978597069712
STAD_AXIS_102,,STAD,CMPD026069,Goshuyuamide I,BACE1,RELA,BACE1,Fibroblast_CAF,114,0.4096163314487223,reserve_or_unlabeled,0,,0.4096163314487223,IS4_low_priority_or_incomplete_axis,reserve_background_axis,0.0,0.7757791655943417,0.0,0.0,0.6179709095593142,0.8973268902888936,,,,0.9999978597069712
STAD_AXIS_101,,STAD,CMPD025269,Euchrenone,BACE1,RELA,BACE1,Fibroblast_CAF,115,0.4095940003319411,reserve_or_unlabeled,0,,0.4095940003319411,IS4_low_priority_or_incomplete_axis,reserve_background_axis,0.0,0.7757791655943417,0.0,0.0,0.6179709095593142,0.8971035791210816,,,,0.9999978597069712
STAD_AXIS_103,,STAD,CMPD025607,"5-hydroxy-7-methoxy-2-(3,4,5-trimethoxyphenyl)chromone",BACE1,RELA,BACE1,Fibroblast_CAF,116,0.4095810749283471,reserve_or_unlabeled,0,,0.4095810749283471,IS4_low_priority_or_incomplete_axis,reserve_background_axis,0.0,0.7757791655943417,0.0,0.0,0.6179709095593142,0.8969743250851419,,,,0.9999978597069712
STAD_AXIS_112,,STAD,CMPD025446,Kadsurenone,BACE1,RELA,BACE1,Fibroblast_CAF,117,0.4095421276607157,reserve_or_unlabeled,0,,0.4095421276607157,IS4_low_priority_or_incomplete_axis,reserve_background_axis,0.0,0.7757791655943417,0.0,0.0,0.6179709095593142,0.8965848524088283,,,,0.9999978597069712
STAD_AXIS_106,,STAD,CMPD026072,N-(2-Methylaminobenzoyl)Tryptamine,BACE1,RELA,BACE1,Fibroblast_CAF,118,0.4094594648696625,reserve_or_unlabeled,0,,0.4094594648696625,IS4_low_priority_or_incomplete_axis,reserve_background_axis,0.0,0.7757791655943417,0.0,0.0,0.6179709095593142,0.8957582244982963,,,,0.9999978597069712
STAD_AXIS_104,,STAD,CMPD025353,8-o-methylreyusi,BACE1,RELA,BACE1,Fibroblast_CAF,119,0.4093889054351802,reserve_or_unlabeled,0,,0.4093889054351802,IS4_low_priority_or_incomplete_axis,reserve_background_axis,0.0,0.7757791655943417,0.0,0.0,0.6179709095593142,0.8950526301534727,,,,0.9999978597069712
STAD_AXIS_105,,STAD,CMPD025921,16-epi-Isositsirikine,BACE1,RELA,BACE1,Fibroblast_CAF,120,0.4092241406722853,reserve_or_unlabeled,0,,0.4092241406722853,IS4_low_priority_or_incomplete_axis,reserve_background_axis,0.0,0.7757791655943417,0.0,0.0,0.6179709095593142,0.8934049825245238,,,,0.9999978597069712
STAD_AXIS_141,,STAD,CMPD024820,Luteolin,MMP9,RELA,MMP9,Fibroblast_CAF,121,0.4091198467374067,reserve_or_unlabeled,0,,0.4091198467374067,IS4_low_priority_or_incomplete_axis,reserve_background_axis,0.0,0.7325733011939298,0.0,0.0,0.7124552841218526,0.916026996889201,,,,0.9999969500132108
STAD_AXIS_198,,STAD,CMPD025039,Citromitin,HSP90AB1,HOPX,HSP90AB1,Fibroblast_CAF,122,0.4088483682153641,reserve_or_unlabeled,0,,0.4088483682153641,IS4_low_priority_or_incomplete_axis,reserve_background_axis,0.0,0.7440378530815416,0.0,0.0,0.7072995898404474,0.8459361827424319,,,,0.9999966662088392
STAD_AXIS_197,,STAD,CMPD025848,Negletein,HSP90AB1,HOPX,HSP90AB1,Fibroblast_CAF,123,0.4087838656548919,reserve_or_unlabeled,0,,0.4087838656548919,IS4_low_priority_or_incomplete_axis,reserve_background_axis,0.0,0.7440378530815416,0.0,0.0,0.7072995898404474,0.8452911571377094,,,,0.9999966662088392
STAD_AXIS_200,,STAD,CMPD025520,"5,2'-Dihydroxy-6,7,8-trimethoxyflavone",HSP90AB1,HOPX,HSP90AB1,Fibroblast_CAF,124,0.4086115344845129,reserve_or_unlabeled,0,,0.4086115344845129,IS4_low_priority_or_incomplete_axis,reserve_background_axis,0.0,0.7440378530815416,0.0,0.0,0.7072995898404474,0.8435678454339202,,,,0.9999966662088392
STAD_AXIS_116,,STAD,CMPD024768,Kaempferol,AHR,NR3C1,AHR,Fibroblast_CAF,125,0.4085567512703134,reserve_or_unlabeled,0,,0.4085567512703134,IS4_low_priority_or_incomplete_axis,reserve_background_axis,0.0,0.7424942154099802,0.0,0.0,0.6488825424435087,0.9162071895011324,,,,0.9999975928925758
STAD_AXIS_194,,STAD,CMPD025871,Lucidumoside D,HSP90AB1,HOPX,HSP90AB1,Fibroblast_CAF,126,0.4085469882473653,reserve_or_unlabeled,0,,0.4085469882473653,IS4_low_priority_or_incomplete_axis,reserve_background_axis,0.0,0.7440378530815416,0.0,0.0,0.7072995898404474,0.8429223830624444,,,,0.9999966662088392
STAD_AXIS_199,,STAD,CMPD025679,Isoxanthohumol,HSP90AB1,HOPX,HSP90AB1,Fibroblast_CAF,127,0.408541715254129,reserve_or_unlabeled,0,,0.408541715254129,IS4_low_priority_or_incomplete_axis,reserve_background_axis,0.0,0.7440378530815416,0.0,0.0,0.7072995898404474,0.8428696531300812,,,,0.9999966662088392
STAD_AXIS_196,,STAD,CMPD025356,Palmatine,HSP90AB1,HOPX,HSP90AB1,Fibroblast_CAF,128,0.408495197080471,reserve_or_unlabeled,0,,0.408495197080471,IS4_low_priority_or_incomplete_axis,reserve_background_axis,0.0,0.7440378530815416,0.0,0.0,0.7072995898404474,0.8424044713935009,,,,0.9999966662088392
STAD_AXIS_195,,STAD,CMPD025152,prolithospermic acid,HSP90AB1,HOPX,HSP90AB1,Fibroblast_CAF,129,0.4084397269807799,reserve_or_unlabeled,0,,0.4084397269807799,IS4_low_priority_or_incomplete_axis,reserve_background_axis,0.0,0.7440378530815416,0.0,0.0,0.7072995898404474,0.8418497703965899,,,,0.9999966662088392
STAD_AXIS_192,,STAD,CMPD024770,Quercetin,ALOX5,NFKB1,ALOX5,Fibroblast_CAF,130,0.4084100777679382,reserve_or_unlabeled,0,,0.4084100777679382,IS4_low_priority_or_incomplete_axis,reserve_background_axis,0.0,0.7212601861213345,0.0,0.0,0.7039831820266903,0.8910881111304704,,,,0.9999969835998804
STAD_AXIS_183,,STAD,CMPD024768,Kaempferol,ALOX5,RORA,ALOX5,Fibroblast_CAF,131,0.4076687899558271,reserve_or_unlabeled,0,,0.4076687899558271,IS4_low_priority_or_incomplete_axis,reserve_background_axis,0.0,0.7633167984586083,0.0,0.0,0.7729691330752199,0.7417789879287785,,,,0.9999967821795448
STAD_AXIS_191,,STAD,CMPD025188,Eriodyctiol (flavanone),HSP90AB1,HIF1A,HSP90AB1,Fibroblast_CAF,132,0.4066426392476417,reserve_or_unlabeled,0,,0.4066426392476417,IS4_low_priority_or_incomplete_axis,reserve_background_axis,0.0,0.7294701568515752,0.0,0.0,0.6849860692097446,0.9332903936971672,,,,0.9999968605168684
STAD_AXIS_182,,STAD,CMPD024773,Stigmasterol,PLAU,RELA,PLAU,Fibroblast_CAF,133,0.4056972949205156,reserve_or_unlabeled,0,,0.4056972949205156,IS4_low_priority_or_incomplete_axis,reserve_background_axis,0.0,0.8027634798436195,0.0,0.0,0.5734960470560273,0.8928855184250595,,,,0.9999985719950896
STAD_AXIS_171,,STAD,CMPD025173,Stepholidine,DRD1,FOS,DRD1,Fibroblast_CAF,134,0.402868583016626,reserve_or_unlabeled,0,,0.402868583016626,IS4_low_priority_or_incomplete_axis,reserve_background_axis,0.0,0.7064987240101327,0.0,0.0,0.8360840096692372,0.8868930790224646,,,,0.6996336763436002
STAD_AXIS_147,,STAD,CMPD025216,Marmesinin,ACHE,SP1,ACHE,T_NK_ILC,135,0.4022974232065026,reserve_or_unlabeled,0,,0.4022974232065026,IS4_low_priority_or_incomplete_axis,reserve_background_axis,0.0,0.5323895532085545,0.0,0.0,0.9540971960573852,0.907566035436042,,,,0.999996948714544
STAD_AXIS_144,,STAD,CMPD024768,Kaempferol,ACHE,SP1,ACHE,T_NK_ILC,136,0.4022573203585201,reserve_or_unlabeled,0,,0.4022573203585201,IS4_low_priority_or_incomplete_axis,reserve_background_axis,0.0,0.5323895532085545,0.0,0.0,0.9540971960573852,0.9071650069562174,,,,0.999996948714544
STAD_AXIS_169,,STAD,CMPD025264,Deltoin,ACHE,SP1,ACHE,T_NK_ILC,137,0.4021768044575745,reserve_or_unlabeled,0,,0.4021768044575745,IS4_low_priority_or_incomplete_axis,reserve_background_axis,0.0,0.5323895532085545,0.0,0.0,0.9540971960573852,0.906359894668272,,,,0.9999968708453604
STAD_AXIS_132,,STAD,CMPD025160,Tanshinone iia,ACHE,SP1,ACHE,T_NK_ILC,138,0.4021515439661969,reserve_or_unlabeled,0,,0.4021515439661969,IS4_low_priority_or_incomplete_axis,reserve_background_axis,0.0,0.5323895532085545,0.0,0.0,0.9540971960573852,0.9061071211552456,,,,0.9999971518441112
STAD_AXIS_168,,STAD,CMPD024843,Dihydrosanguinarine,ACHE,SP1,ACHE,T_NK_ILC,139,0.4021456279609778,reserve_or_unlabeled,0,,0.4021456279609778,IS4_low_priority_or_incomplete_axis,reserve_background_axis,0.0,0.5323895532085545,0.0,0.0,0.9540971960573852,0.9060481297023047,,,,0.9999968708453604
STAD_AXIS_143,,STAD,CMPD026148,Corydalmine,ACHE,SP1,ACHE,T_NK_ILC,140,0.4020490754759102,reserve_or_unlabeled,0,,0.4020490754759102,IS4_low_priority_or_incomplete_axis,reserve_background_axis,0.0,0.5323895532085545,0.0,0.0,0.9540971960573852,0.9050825581301184,,,,0.999996948714544
STAD_AXIS_170,,STAD,CMPD026190,Pectolinarigenin,ACHE,SP1,ACHE,T_NK_ILC,141,0.4020097105851427,reserve_or_unlabeled,0,,0.4020097105851427,IS4_low_priority_or_incomplete_axis,reserve_background_axis,0.0,0.5323895532085545,0.0,0.0,0.9540971960573852,0.9046889559439536,,,,0.9999968708453604
STAD_AXIS_145,,STAD,CMPD025387,"methyl (E)-2-[(2S,3Z,12bS)-3-ethylidene-2,4,6,7,12,12b-hexahydro-1H-indolo[3,2-h]quinolizin-2-yl]-3-methoxyprop-2-enoate",ACHE,SP1,ACHE,T_NK_ILC,142,0.4019541665631814,reserve_or_unlabeled,0,,0.4019541665631814,IS4_low_priority_or_incomplete_axis,reserve_background_axis,0.0,0.5323895532085545,0.0,0.0,0.9540971960573852,0.9041334690028308,,,,0.999996948714544
STAD_AXIS_142,,STAD,CMPD025384,Angustidine,ACHE,SP1,ACHE,T_NK_ILC,143,0.4018398111607366,reserve_or_unlabeled,0,,0.4018398111607366,IS4_low_priority_or_incomplete_axis,reserve_background_axis,0.0,0.5323895532085545,0.0,0.0,0.9540971960573852,0.9029899149783824,,,,0.999996948714544
STAD_AXIS_146,,STAD,CMPD025251,Decursin,ACHE,SP1,ACHE,T_NK_ILC,144,0.4016353220179404,reserve_or_unlabeled,0,,0.4016353220179404,IS4_low_priority_or_incomplete_axis,reserve_background_axis,0.0,0.5323895532085545,0.0,0.0,0.9540971960573852,0.9009450235504202,,,,0.999996948714544
STAD_AXIS_126,,STAD,CMPD027440,3-hydroxy-4-methoxy-acetophenone,PLAU,RELA,PLAU,Fibroblast_CAF,145,0.3997418424031972,reserve_or_unlabeled,0,,0.3997418424031972,IS4_low_priority_or_incomplete_axis,reserve_background_axis,0.0,0.8027634798436195,0.0,0.0,0.5207192102187935,0.8966630893584814,,,,0.9999987521585476
STAD_AXIS_138,,STAD,CMPD025566,"3',4',7-trihydroxyflavanone",PLAU,RELA,PLAU,Fibroblast_CAF,146,0.399636296762159,reserve_or_unlabeled,0,,0.399636296762159,IS4_low_priority_or_incomplete_axis,reserve_background_axis,0.0,0.8027634798436195,0.0,0.0,0.5230912028856355,0.8927612875710484,,,,0.9999986757866152
STAD_AXIS_123,,STAD,CMPD011207,Podocarpusflavone A,BACE1,RELA,BACE1,Fibroblast_CAF,147,0.3996209493525656,reserve_or_unlabeled,0,,0.3996209493525656,IS4_low_priority_or_incomplete_axis,reserve_background_axis,0.0,0.7757791655943417,0.0,0.0,0.5355441643865558,0.8962852024156892,,,,0.999997794905218
STAD_AXIS_121,,STAD,CMPD024820,Luteolin,BACE1,RELA,BACE1,Fibroblast_CAF,148,0.3996061762432096,reserve_or_unlabeled,0,,0.3996061762432096,IS4_low_priority_or_incomplete_axis,reserve_background_axis,0.0,0.7757791655943417,0.0,0.0,0.5355441643865558,0.8961374713221286,,,,0.999997794905218
STAD_AXIS_122,,STAD,CMPD024977,Bergaptin,BACE1,RELA,BACE1,Fibroblast_CAF,149,0.3995389108914338,reserve_or_unlabeled,0,,0.3995389108914338,IS4_low_priority_or_incomplete_axis,reserve_background_axis,0.0,0.7757791655943417,0.0,0.0,0.5355441643865558,0.8954648178043709,,,,0.999997794905218
STAD_AXIS_133,,STAD,CMPD015728,Myricetin,BACE1,RELA,BACE1,Fibroblast_CAF,150,0.3987217240158668,reserve_or_unlabeled,0,,0.3987217240158668,IS4_low_priority_or_incomplete_axis,reserve_background_axis,0.0,0.7757791655943417,0.0,0.0,0.5266491918858984,0.8979669873664803,,,,0.9999976760435668
STAD_AXIS_134,,STAD,CMPD021553,Curcumin,BACE1,RELA,BACE1,Fibroblast_CAF,151,0.3986828640468282,reserve_or_unlabeled,0,,0.3986828640468282,IS4_low_priority_or_incomplete_axis,reserve_background_axis,0.0,0.7757791655943417,0.0,0.0,0.5266491918858984,0.8975783876760943,,,,0.9999976760435668
STAD_AXIS_117,,STAD,CMPD024770,Quercetin,MMP9,AHR,MMP9,Fibroblast_CAF,152,0.3986279379425433,reserve_or_unlabeled,0,,0.3986279379425433,IS4_low_priority_or_incomplete_axis,reserve_background_axis,0.0,0.6991386739203065,0.0,0.0,0.7377032567732067,0.8220452391408171,,,,0.9999976643364492
STAD_AXIS_179,,STAD,CMPD012823,Apigenin,BACE1,RELA,BACE1,Fibroblast_CAF,153,0.3979779469395932,reserve_or_unlabeled,0,,0.3979779469395932,IS4_low_priority_or_incomplete_axis,reserve_background_axis,0.0,0.7757791655943417,0.0,0.0,0.5207192102187935,0.8976453346510809,,,,0.9999974426322168
STAD_AXIS_181,,STAD,CMPD010794,Eugeniin,BACE1,RELA,BACE1,Fibroblast_CAF,154,0.3978843885433991,reserve_or_unlabeled,0,,0.3978843885433991,IS4_low_priority_or_incomplete_axis,reserve_background_axis,0.0,0.7757791655943417,0.0,0.0,0.5207192102187935,0.896709750689139,,,,0.9999974426322168
STAD_AXIS_180,,STAD,CMPD025017,Catechin,BACE1,RELA,BACE1,Fibroblast_CAF,155,0.397780219703566,reserve_or_unlabeled,0,,0.397780219703566,IS4_low_priority_or_incomplete_axis,reserve_background_axis,0.0,0.7757791655943417,0.0,0.0,0.5207192102187935,0.8956680622908088,,,,0.9999974426322168
STAD_AXIS_137,,STAD,CMPD025566,"3',4',7-trihydroxyflavanone",PLAU,GTF3A,PLAU,Fibroblast_CAF,156,0.3954915665837787,reserve_or_unlabeled,0,,0.3954915665837787,IS4_low_priority_or_incomplete_axis,reserve_background_axis,0.0,0.7991736594746827,0.0,0.0,0.5857358822366491,0.7479717771218914,,,,0.9999987089471104
STAD_AXIS_187,,STAD,CMPD024770,Quercetin,PLAU,EGR1,PLAU,Fibroblast_CAF,157,0.3951659966466753,reserve_or_unlabeled,0,,0.3951659966466753,IS4_low_priority_or_incomplete_axis,reserve_background_axis,0.0,0.7695255652886533,0.0,0.0,0.5564529712735945,0.8391524027086452,,,,0.99999763656367
STAD_AXIS_149,,STAD,CMPD024770,Quercetin,PLAU,JUND,PLAU,Fibroblast_CAF,158,0.3948874157090116,reserve_or_unlabeled,0,,0.3948874157090116,IS4_low_priority_or_incomplete_axis,reserve_background_axis,0.0,0.7591239846689563,0.0,0.0,0.6614203961554835,0.7562087277676464,,,,0.9999978314728186
STAD_AXIS_125,,STAD,CMPD027440,3-hydroxy-4-methoxy-acetophenone,PLAU,GTF3A,PLAU,Fibroblast_CAF,159,0.394518699526242,reserve_or_unlabeled,0,,0.394518699526242,IS4_low_priority_or_incomplete_axis,reserve_background_axis,0.0,0.7991736594746827,0.0,0.0,0.5805462684269395,0.744470606715986,,,,0.9999987696174256
STAD_AXIS_188,,STAD,CMPD015725,Uosolic Acid,RELA,RELA,RELA,Fibroblast_CAF,160,0.3896475221439345,reserve_or_unlabeled,0,,0.3896475221439345,IS4_low_priority_or_incomplete_axis,reserve_background_axis,0.0,0.7170672649778081,0.0,0.0,0.5479971258874762,0.8990315431645923,,,,0.9999971858997976
STAD_AXIS_131,,STAD,CMPD011790,"Kampferol-3,4'-dimethyl ether",CYP1B1,AHR,CYP1B1,Fibroblast_CAF,161,0.3889014728116256,reserve_or_unlabeled,0,,0.3889014728116256,IS4_low_priority_or_incomplete_axis,reserve_background_axis,0.0,0.7983003511548469,0.0,0.0,0.5190878307564626,0.7887951228630663,,,,0.9999987005357592
STAD_AXIS_175,,STAD,CMPD025387,"methyl (E)-2-[(2S,3Z,12bS)-3-ethylidene-2,4,6,7,12,12b-hexahydro-1H-indolo[3,2-h]quinolizin-2-yl]-3-methoxyprop-2-enoate",ACHE,JUN,ACHE,T_NK_ILC,162,0.3888326528571719,reserve_or_unlabeled,0,,0.3888326528571719,IS4_low_priority_or_incomplete_axis,reserve_background_axis,0.0,0.482782514430073,0.0,0.0,0.9173089967011954,0.9162780110491644,,,,0.9999973448444808
STAD_AXIS_130,,STAD,CMPD025266,Karanjin,CYP1B1,AHR,CYP1B1,Fibroblast_CAF,163,0.388827749937891,reserve_or_unlabeled,0,,0.388827749937891,IS4_low_priority_or_incomplete_axis,reserve_background_axis,0.0,0.7983003511548469,0.0,0.0,0.5190878307564626,0.7880578941257202,,,,0.9999987005357592
STAD_AXIS_128,,STAD,CMPD010476,Flavonol,CYP1B1,AHR,CYP1B1,Fibroblast_CAF,164,0.3888051943288235,reserve_or_unlabeled,0,,0.3888051943288235,IS4_low_priority_or_incomplete_axis,reserve_background_axis,0.0,0.7983003511548469,0.0,0.0,0.5190878307564626,0.7878323380350445,,,,0.9999987005357592
STAD_AXIS_129,,STAD,CMPD025924,Tamarixetin,CYP1B1,AHR,CYP1B1,Fibroblast_CAF,165,0.3887753762476474,reserve_or_unlabeled,0,,0.3887753762476474,IS4_low_priority_or_incomplete_axis,reserve_background_axis,0.0,0.7983003511548469,0.0,0.0,0.5190878307564626,0.7875341572232845,,,,0.9999987005357592
STAD_AXIS_186,,STAD,CMPD025264,Deltoin,ACHE,JUN,ACHE,T_NK_ILC,166,0.3886091652248914,reserve_or_unlabeled,0,,0.3886091652248914,IS4_low_priority_or_incomplete_axis,reserve_background_axis,0.0,0.482782514430073,0.0,0.0,0.9173089967011954,0.9140431753823148,,,,0.9999972770845548
STAD_AXIS_185,,STAD,CMPD024843,Dihydrosanguinarine,ACHE,JUN,ACHE,T_NK_ILC,167,0.3885993824919957,reserve_or_unlabeled,0,,0.3885993824919957,IS4_low_priority_or_incomplete_axis,reserve_background_axis,0.0,0.482782514430073,0.0,0.0,0.9173089967011954,0.9139453480533576,,,,0.9999972770845548
STAD_AXIS_184,,STAD,CMPD026190,Pectolinarigenin,ACHE,JUN,ACHE,T_NK_ILC,168,0.3885709439449266,reserve_or_unlabeled,0,,0.3885709439449266,IS4_low_priority_or_incomplete_axis,reserve_background_axis,0.0,0.482782514430073,0.0,0.0,0.9173089967011954,0.9136609625826672,,,,0.9999972770845548
STAD_AXIS_174,,STAD,CMPD025216,Marmesinin,ACHE,JUN,ACHE,T_NK_ILC,169,0.3884987062029061,reserve_or_unlabeled,0,,0.3884987062029061,IS4_low_priority_or_incomplete_axis,reserve_background_axis,0.0,0.482782514430073,0.0,0.0,0.9173089967011954,0.9129385445065066,,,,0.9999973448444808
STAD_AXIS_173,,STAD,CMPD026148,Corydalmine,ACHE,JUN,ACHE,T_NK_ILC,170,0.3884964104721582,reserve_or_unlabeled,0,,0.3884964104721582,IS4_low_priority_or_incomplete_axis,reserve_background_axis,0.0,0.482782514430073,0.0,0.0,0.9173089967011954,0.9129155871990278,,,,0.9999973448444808
STAD_AXIS_177,,STAD,CMPD025384,Angustidine,ACHE,JUN,ACHE,T_NK_ILC,171,0.3883405347055519,reserve_or_unlabeled,0,,0.3883405347055519,IS4_low_priority_or_incomplete_axis,reserve_background_axis,0.0,0.482782514430073,0.0,0.0,0.9173089967011954,0.9113568295329646,,,,0.9999973448444808
STAD_AXIS_178,,STAD,CMPD024768,Kaempferol,ACHE,JUN,ACHE,T_NK_ILC,172,0.3883153301724376,reserve_or_unlabeled,0,,0.3883153301724376,IS4_low_priority_or_incomplete_axis,reserve_background_axis,0.0,0.482782514430073,0.0,0.0,0.9173089967011954,0.9111047842018218,,,,0.9999973448444808
STAD_AXIS_176,,STAD,CMPD025251,Decursin,ACHE,JUN,ACHE,T_NK_ILC,173,0.3879922266763709,reserve_or_unlabeled,0,,0.3879922266763709,IS4_low_priority_or_incomplete_axis,reserve_background_axis,0.0,0.482782514430073,0.0,0.0,0.9173089967011954,0.9078737492411548,,,,0.9999973448444808
STAD_AXIS_127,,STAD,CMPD024768,Kaempferol,AHR,NR1H3,AHR,Myeloid,174,0.3878801455071073,reserve_or_unlabeled,0,,0.3878801455071073,IS4_low_priority_or_incomplete_axis,reserve_background_axis,0.0,0.5641016609905113,0.0,0.0,0.9023847200518236,0.7870228057707858,,,,0.9999989625713188
STAD_AXIS_161,,STAD,CMPD004403,Alizarin,CYP1B1,AHR,CYP1B1,Fibroblast_CAF,175,0.3873112016477865,reserve_or_unlabeled,0,,0.3873112016477865,IS4_low_priority_or_incomplete_axis,reserve_background_axis,0.0,0.7983003511548469,0.0,0.0,0.5048450470552683,0.7899838291716657,,,,0.9999985713598288
STAD_AXIS_162,,STAD,CMPD004090,Flavone,CYP1B1,AHR,CYP1B1,Fibroblast_CAF,176,0.3872714007684521,reserve_or_unlabeled,0,,0.3872714007684521,IS4_low_priority_or_incomplete_axis,reserve_background_axis,0.0,0.7983003511548469,0.0,0.0,0.5048450470552683,0.7895858203783217,,,,0.9999985713598288
STAD_AXIS_158,,STAD,CMPD008074,Purpurin,CYP1B1,AHR,CYP1B1,Fibroblast_CAF,177,0.3872567833515585,reserve_or_unlabeled,0,,0.3872567833515585,IS4_low_priority_or_incomplete_axis,reserve_background_axis,0.0,0.7983003511548469,0.0,0.0,0.5048450470552683,0.7894396462093859,,,,0.9999985713598288
STAD_AXIS_152,,STAD,CMPD024882,Ammidin,CYP1B1,AHR,CYP1B1,Fibroblast_CAF,178,0.3872097339020124,reserve_or_unlabeled,0,,0.3872097339020124,IS4_low_priority_or_incomplete_axis,reserve_background_axis,0.0,0.7983003511548469,0.0,0.0,0.5048450470552683,0.7889691517139251,,,,0.9999985713598288
STAD_AXIS_157,,STAD,CMPD051525,7-hydroxy flavone,CYP1B1,AHR,CYP1B1,Fibroblast_CAF,179,0.3871986665905824,reserve_or_unlabeled,0,,0.3871986665905824,IS4_low_priority_or_incomplete_axis,reserve_background_axis,0.0,0.7983003511548469,0.0,0.0,0.5048450470552683,0.7888584785996251,,,,0.9999985713598288
STAD_AXIS_159,,STAD,CMPD025925,Cirsiliol,CYP1B1,AHR,CYP1B1,Fibroblast_CAF,180,0.3871860435759551,reserve_or_unlabeled,0,,0.3871860435759551,IS4_low_priority_or_incomplete_axis,reserve_background_axis,0.0,0.7983003511548469,0.0,0.0,0.5048450470552683,0.7887322484533523,,,,0.9999985713598288
STAD_AXIS_160,,STAD,CMPD034648,"Trans-3,5-dihydroxy-5-methoxy-stilbene",CYP1B1,AHR,CYP1B1,Fibroblast_CAF,181,0.3871627816856187,reserve_or_unlabeled,0,,0.3871627816856187,IS4_low_priority_or_incomplete_axis,reserve_background_axis,0.0,0.7983003511548469,0.0,0.0,0.5048450470552683,0.7884996295499875,,,,0.9999985713598288
STAD_AXIS_154,,STAD,CMPD007412,Cannabinol,CYP1B1,AHR,CYP1B1,Fibroblast_CAF,182,0.3871516635018364,reserve_or_unlabeled,0,,0.3871516635018364,IS4_low_priority_or_incomplete_axis,reserve_background_axis,0.0,0.7983003511548469,0.0,0.0,0.5048450470552683,0.7883884477121652,,,,0.9999985713598288
STAD_AXIS_153,,STAD,CMPD006353,Chalkone,CYP1B1,AHR,CYP1B1,Fibroblast_CAF,183,0.3871507743177699,reserve_or_unlabeled,0,,0.3871507743177699,IS4_low_priority_or_incomplete_axis,reserve_background_axis,0.0,0.7983003511548469,0.0,0.0,0.5048450470552683,0.7883795558715002,,,,0.9999985713598288
STAD_AXIS_155,,STAD,CMPD026062,Evodiamine,CYP1B1,AHR,CYP1B1,Fibroblast_CAF,184,0.3871438820451562,reserve_or_unlabeled,0,,0.3871438820451562,IS4_low_priority_or_incomplete_axis,reserve_background_axis,0.0,0.7983003511548469,0.0,0.0,0.5048450470552683,0.7883106331453638,,,,0.9999985713598288
STAD_AXIS_156,,STAD,CMPD011639,Pterostilbene,CYP1B1,AHR,CYP1B1,Fibroblast_CAF,185,0.3871435201508959,reserve_or_unlabeled,0,,0.3871435201508959,IS4_low_priority_or_incomplete_axis,reserve_background_axis,0.0,0.7983003511548469,0.0,0.0,0.5048450470552683,0.7883070142027602,,,,0.9999985713598288
STAD_AXIS_151,,STAD,CMPD027217,5-hydroxyflavone,CYP1B1,AHR,CYP1B1,Fibroblast_CAF,186,0.387094384231604,reserve_or_unlabeled,0,,0.387094384231604,IS4_low_priority_or_incomplete_axis,reserve_background_axis,0.0,0.7983003511548469,0.0,0.0,0.5048450470552683,0.7878156550098409,,,,0.9999985713598288
STAD_AXIS_166,,STAD,CMPD025038,Hesperetin,CYP1B1,AHR,CYP1B1,Fibroblast_CAF,187,0.3870931204717784,reserve_or_unlabeled,0,,0.3870931204717784,IS4_low_priority_or_incomplete_axis,reserve_background_axis,0.0,0.7983003511548469,0.0,0.0,0.5048450470552683,0.7878030174115848,,,,0.9999985713598288
STAD_AXIS_165,,STAD,CMPD024946,Baicalein,CYP1B1,AHR,CYP1B1,Fibroblast_CAF,188,0.3870906834088666,reserve_or_unlabeled,0,,0.3870906834088666,IS4_low_priority_or_incomplete_axis,reserve_background_axis,0.0,0.7983003511548469,0.0,0.0,0.5048450470552683,0.7877786467824677,,,,0.9999985713598288
STAD_AXIS_164,,STAD,CMPD020484,Dehydroevidiamine,CYP1B1,AHR,CYP1B1,Fibroblast_CAF,189,0.3870482272303006,reserve_or_unlabeled,0,,0.3870482272303006,IS4_low_priority_or_incomplete_axis,reserve_background_axis,0.0,0.7983003511548469,0.0,0.0,0.5048450470552683,0.787354084996807,,,,0.9999985713598288
STAD_AXIS_163,,STAD,CMPD003830,Scutellarein,CYP1B1,AHR,CYP1B1,Fibroblast_CAF,190,0.3870255442476508,reserve_or_unlabeled,0,,0.3870255442476508,IS4_low_priority_or_incomplete_axis,reserve_background_axis,0.0,0.7983003511548469,0.0,0.0,0.5048450470552683,0.7871272551703087,,,,0.9999985713598288
STAD_AXIS_167,,STAD,CMPD047932,Pongapin,CYP1B1,AHR,CYP1B1,Fibroblast_CAF,191,0.3869947172169975,reserve_or_unlabeled,0,,0.3869947172169975,IS4_low_priority_or_incomplete_axis,reserve_background_axis,0.0,0.7983003511548469,0.0,0.0,0.5048450470552683,0.7868189848637757,,,,0.9999985713598288
STAD_AXIS_172,,STAD,CMPD024770,Quercetin,CYP1B1,SP1,CYP1B1,Fibroblast_CAF,192,0.3847864961731747,reserve_or_unlabeled,0,,0.3847864961731747,IS4_low_priority_or_incomplete_axis,reserve_background_axis,0.0,0.7517134412111394,0.0,0.0,0.4356371963732119,0.9159605386812412,,,,0.9999976987768112
STAD_AXIS_140,,STAD,CMPD025553,Physovenine,ACHE,FOS,ACHE,T_NK_ILC,193,0.3835223925156941,reserve_or_unlabeled,0,,0.3835223925156941,IS4_low_priority_or_incomplete_axis,reserve_background_axis,0.0,0.5001062524581252,0.0,0.0,0.8660790033973258,0.8900040242693241,,,,0.9999971769671496
STAD_AXIS_136,,STAD,CMPD024768,Kaempferol,CYP1B1,AHR,CYP1B1,Myeloid,194,0.3764988059850744,reserve_or_unlabeled,0,,0.3764988059850744,IS4_low_priority_or_incomplete_axis,reserve_background_axis,0.0,0.5403218648750293,0.0,0.0,0.8988026691689692,0.7878195095292161,,,,0.8954122197573682
STAD_AXIS_193,,STAD,CMPD038626,Beta-naphthoflavone,AHR,AHR,AHR,Fibroblast_CAF,195,0.373643076273443,reserve_or_unlabeled,0,,0.373643076273443,IS4_low_priority_or_incomplete_axis,reserve_background_axis,0.0,0.7132425748041523,0.0,0.0,0.5468951703635563,0.7729588154533418,,,,0.9999971792037178
STAD_AXIS_139,,STAD,CMPD024770,Quercetin,PLAU,FOXM1,PLAU,Fibroblast_CAF,196,0.3721378233011219,reserve_or_unlabeled,0,,0.3721378233011219,IS4_low_priority_or_incomplete_axis,reserve_background_axis,0.0,0.7524892976159062,0.0,0.0,0.4006954387663396,0.8298521268625566,,,,0.9999978311382608
STAD_AXIS_118,,STAD,CMPD025163,Indirubin,AHR,AHR,AHR,Myeloid,197,0.3717594786016187,reserve_or_unlabeled,0,,0.3717594786016187,IS4_low_priority_or_incomplete_axis,reserve_background_axis,0.0,0.5198144784619624,0.0,0.0,0.8988026691689692,0.7703090803976893,,,,0.9139654332958742
STAD_AXIS_120,,STAD,CMPD024946,Baicalein,ALOX12,FOS,ALOX12,T_NK_ILC,198,0.351880567776839,reserve_or_unlabeled,0,,0.351880567776839,IS4_low_priority_or_incomplete_axis,reserve_background_axis,0.0,0.3966192002091664,0.0,0.0,0.854472048101586,0.8820594239588717,,,,0.8540451832583285
STAD_AXIS_190,,STAD,CMPD025479,Ellipticine,CYP1A1,AHR,CYP1A1,Fibroblast_CAF,199,0.3475969165213845,reserve_or_unlabeled,0,,0.3475969165213845,IS4_low_priority_or_incomplete_axis,reserve_background_axis,0.0,0.5689026549079422,0.0,0.0,0.7451637625214511,0.780604819487776,,,,0.6377470586169297
STAD_AXIS_135,,STAD,CMPD024770,Quercetin,CYP1B1,TBP,CYP1B1,T_NK_ILC,200,0.3451292932796035,reserve_or_unlabeled,0,,0.3451292932796035,IS4_low_priority_or_incomplete_axis,reserve_background_axis,0.0,0.4264191016178165,0.0,0.0,0.8683737685050908,0.9034981194728448,,,,0.5786563369452714
