decoy_axis_id,source_positive_axis_id,cancer,compound_master_id,compound_representative_name,target_gene_symbol,tf_gene_symbol,dominant_spatial_celltype,negative_reason,hgnn_integrated_label,hgnn_label_ordinal,hgnn_binary_positive,sampling_note
NEG_000001,COAD_AXIS_034,COAD,CMPD024770,Quercetin,HSP90AB1,HSF1,Myeloid,same_compound_wrong_target,negative_decoy_candidate,0,0,Degree-aware replacement should be refined before final model training; this table is the first hard-negative candidate pool.
NEG_000002,COAD_AXIS_034,COAD,CMPD025384,Angustidine,CDK1,MYB,Myeloid,wrong_compound_same_context,negative_decoy_candidate,0,0,Degree-aware replacement should be refined before final model training; this table is the first hard-negative candidate pool.
NEG_000003,COAD_AXIS_022,COAD,CMPD025856,Allopseudococain,DRD1,TFAP2A,Myeloid,same_compound_wrong_target,negative_decoy_candidate,0,0,Degree-aware replacement should be refined before final model training; this table is the first hard-negative candidate pool.
NEG_000004,COAD_AXIS_022,COAD,CMPD025856,Allopseudococain,SLC6A4,ATF4,T_NK_ILC,same_target_wrong_cell_state,negative_decoy_candidate,0,0,Degree-aware replacement should be refined before final model training; this table is the first hard-negative candidate pool.
NEG_000005,COAD_AXIS_022,COAD,CMPD026195,Noscapine,SLC6A4,ATF4,Myeloid,wrong_compound_same_context,negative_decoy_candidate,0,0,Degree-aware replacement should be refined before final model training; this table is the first hard-negative candidate pool.
NEG_000006,COAD_AXIS_089,COAD,CMPD025754,Ibogain,ACHE,JUN,Myeloid,same_compound_wrong_target,negative_decoy_candidate,0,0,Degree-aware replacement should be refined before final model training; this table is the first hard-negative candidate pool.
NEG_000007,COAD_AXIS_089,COAD,CMPD025754,Ibogain,SLC6A4,ATF4,Fibroblast_CAF,same_target_wrong_cell_state,negative_decoy_candidate,0,0,Degree-aware replacement should be refined before final model training; this table is the first hard-negative candidate pool.
NEG_000008,COAD_AXIS_089,COAD,CMPD025693,Triptolide,SLC6A4,ATF4,Myeloid,wrong_compound_same_context,negative_decoy_candidate,0,0,Degree-aware replacement should be refined before final model training; this table is the first hard-negative candidate pool.
NEG_000009,COAD_AXIS_037,COAD,CMPD025173,Stepholidine,ACHE,TFAP2A,Myeloid,same_compound_wrong_target,negative_decoy_candidate,0,0,Degree-aware replacement should be refined before final model training; this table is the first hard-negative candidate pool.
NEG_000010,COAD_AXIS_037,COAD,CMPD025173,Stepholidine,DRD1,HR,Fibroblast_CAF,same_target_wrong_cell_state,negative_decoy_candidate,0,0,Degree-aware replacement should be refined before final model training; this table is the first hard-negative candidate pool.
NEG_000011,COAD_AXIS_037,COAD,CMPD025893,Xyloidone,DRD1,HR,Myeloid,wrong_compound_same_context,negative_decoy_candidate,0,0,Degree-aware replacement should be refined before final model training; this table is the first hard-negative candidate pool.
NEG_000012,COAD_AXIS_029,COAD,CMPD025553,Physovenine,PPARG,ETV4,Myeloid,same_compound_wrong_target,negative_decoy_candidate,0,0,Degree-aware replacement should be refined before final model training; this table is the first hard-negative candidate pool.
NEG_000013,COAD_AXIS_029,COAD,CMPD025553,Physovenine,ACHE,TBP,Fibroblast_CAF,same_target_wrong_cell_state,negative_decoy_candidate,0,0,Degree-aware replacement should be refined before final model training; this table is the first hard-negative candidate pool.
NEG_000014,COAD_AXIS_029,COAD,CMPD019676,Berberine chloride,ACHE,TBP,Myeloid,wrong_compound_same_context,negative_decoy_candidate,0,0,Degree-aware replacement should be refined before final model training; this table is the first hard-negative candidate pool.
NEG_000015,COAD_AXIS_001,COAD,CMPD025553,Physovenine,CYP2B6,FOXM1,Myeloid,same_compound_wrong_target,negative_decoy_candidate,0,0,Degree-aware replacement should be refined before final model training; this table is the first hard-negative candidate pool.
NEG_000016,COAD_AXIS_001,COAD,CMPD025553,Physovenine,ACHE,TFAP2A,T_NK_ILC,same_target_wrong_cell_state,negative_decoy_candidate,0,0,Degree-aware replacement should be refined before final model training; this table is the first hard-negative candidate pool.
NEG_000017,COAD_AXIS_001,COAD,CMPD025506,Isocorypalmine,ACHE,TFAP2A,Myeloid,wrong_compound_same_context,negative_decoy_candidate,0,0,Degree-aware replacement should be refined before final model training; this table is the first hard-negative candidate pool.
NEG_000018,COAD_AXIS_050,COAD,CMPD025506,Isocorypalmine,ACHE,TBP,Myeloid,same_compound_wrong_target,negative_decoy_candidate,0,0,Degree-aware replacement should be refined before final model training; this table is the first hard-negative candidate pool.
NEG_000019,COAD_AXIS_050,COAD,CMPD025506,Isocorypalmine,DRD1,HR,T_NK_ILC,same_target_wrong_cell_state,negative_decoy_candidate,0,0,Degree-aware replacement should be refined before final model training; this table is the first hard-negative candidate pool.
NEG_000020,COAD_AXIS_050,COAD,CMPD024843,Dihydrosanguinarine,DRD1,HR,Myeloid,wrong_compound_same_context,negative_decoy_candidate,0,0,Degree-aware replacement should be refined before final model training; this table is the first hard-negative candidate pool.
NEG_000021,COAD_AXIS_043,COAD,CMPD024770,Quercetin,CYP2B6,CEBPG,Myeloid,same_compound_wrong_target,negative_decoy_candidate,0,0,Degree-aware replacement should be refined before final model training; this table is the first hard-negative candidate pool.
NEG_000022,COAD_AXIS_043,COAD,CMPD024770,Quercetin,ACHE,TBP,Fibroblast_CAF,same_target_wrong_cell_state,negative_decoy_candidate,0,0,Degree-aware replacement should be refined before final model training; this table is the first hard-negative candidate pool.
NEG_000023,COAD_AXIS_043,COAD,CMPD026077,Tetrahydropalmatine,ACHE,TBP,Myeloid,wrong_compound_same_context,negative_decoy_candidate,0,0,Degree-aware replacement should be refined before final model training; this table is the first hard-negative candidate pool.
NEG_000024,COAD_AXIS_049,COAD,CMPD025160,Tanshinone iia,PPARG,CEBPG,Myeloid,same_compound_wrong_target,negative_decoy_candidate,0,0,Degree-aware replacement should be refined before final model training; this table is the first hard-negative candidate pool.
NEG_000025,COAD_AXIS_049,COAD,CMPD025160,Tanshinone iia,ACHE,TBP,T_NK_ILC,same_target_wrong_cell_state,negative_decoy_candidate,0,0,Degree-aware replacement should be refined before final model training; this table is the first hard-negative candidate pool.
NEG_000026,COAD_AXIS_049,COAD,CMPD025089,"Quercetin tetramethyl(3',4',5,7) ether",ACHE,TBP,Myeloid,wrong_compound_same_context,negative_decoy_candidate,0,0,Degree-aware replacement should be refined before final model training; this table is the first hard-negative candidate pool.
NEG_000027,COAD_AXIS_016,COAD,CMPD025173,Stepholidine,PPARG,CEBPG,Myeloid,same_compound_wrong_target,negative_decoy_candidate,0,0,Degree-aware replacement should be refined before final model training; this table is the first hard-negative candidate pool.
NEG_000028,COAD_AXIS_016,COAD,CMPD025173,Stepholidine,DRD1,TFAP2A,Fibroblast_CAF,same_target_wrong_cell_state,negative_decoy_candidate,0,0,Degree-aware replacement should be refined before final model training; this table is the first hard-negative candidate pool.
NEG_000029,COAD_AXIS_016,COAD,CMPD025160,Tanshinone iia,DRD1,TFAP2A,Myeloid,wrong_compound_same_context,negative_decoy_candidate,0,0,Degree-aware replacement should be refined before final model training; this table is the first hard-negative candidate pool.
NEG_000030,COAD_AXIS_011,COAD,CMPD025553,Physovenine,PLAU,ETS1,Myeloid,same_compound_wrong_target,negative_decoy_candidate,0,0,Degree-aware replacement should be refined before final model training; this table is the first hard-negative candidate pool.
NEG_000031,COAD_AXIS_011,COAD,CMPD025553,Physovenine,ACHE,HR,Fibroblast_CAF,same_target_wrong_cell_state,negative_decoy_candidate,0,0,Degree-aware replacement should be refined before final model training; this table is the first hard-negative candidate pool.
NEG_000032,COAD_AXIS_011,COAD,CMPD013394,"1,2-dimethylbenzene",ACHE,HR,Myeloid,wrong_compound_same_context,negative_decoy_candidate,0,0,Degree-aware replacement should be refined before final model training; this table is the first hard-negative candidate pool.
NEG_000033,COAD_AXIS_064,COAD,CMPD025387,"methyl (E)-2-[(2S,3Z,12bS)-3-ethylidene-2,4,6,7,12,12b-hexahydro-1H-indolo[3,2-h]quinolizin-2-yl]-3-methoxyprop-2-enoate",MMP1,ETV4,Myeloid,same_compound_wrong_target,negative_decoy_candidate,0,0,Degree-aware replacement should be refined before final model training; this table is the first hard-negative candidate pool.
NEG_000034,COAD_AXIS_064,COAD,CMPD025387,"methyl (E)-2-[(2S,3Z,12bS)-3-ethylidene-2,4,6,7,12,12b-hexahydro-1H-indolo[3,2-h]quinolizin-2-yl]-3-methoxyprop-2-enoate",ACHE,TBP,T_NK_ILC,same_target_wrong_cell_state,negative_decoy_candidate,0,0,Degree-aware replacement should be refined before final model training; this table is the first hard-negative candidate pool.
NEG_000035,COAD_AXIS_064,COAD,CMPD024820,Luteolin,ACHE,TBP,Myeloid,wrong_compound_same_context,negative_decoy_candidate,0,0,Degree-aware replacement should be refined before final model training; this table is the first hard-negative candidate pool.
NEG_000036,COAD_AXIS_061,COAD,CMPD025384,Angustidine,XDH,CEBPG,Myeloid,same_compound_wrong_target,negative_decoy_candidate,0,0,Degree-aware replacement should be refined before final model training; this table is the first hard-negative candidate pool.
NEG_000037,COAD_AXIS_061,COAD,CMPD025384,Angustidine,ACHE,TBP,T_NK_ILC,same_target_wrong_cell_state,negative_decoy_candidate,0,0,Degree-aware replacement should be refined before final model training; this table is the first hard-negative candidate pool.
NEG_000038,COAD_AXIS_061,COAD,CMPD004917,Toluene,ACHE,TBP,Myeloid,wrong_compound_same_context,negative_decoy_candidate,0,0,Degree-aware replacement should be refined before final model training; this table is the first hard-negative candidate pool.
NEG_000039,COAD_AXIS_065,COAD,CMPD024768,Kaempferol,SLC6A2,MYB,Myeloid,same_compound_wrong_target,negative_decoy_candidate,0,0,Degree-aware replacement should be refined before final model training; this table is the first hard-negative candidate pool.
NEG_000040,COAD_AXIS_065,COAD,CMPD024768,Kaempferol,ACHE,TBP,Fibroblast_CAF,same_target_wrong_cell_state,negative_decoy_candidate,0,0,Degree-aware replacement should be refined before final model training; this table is the first hard-negative candidate pool.
NEG_000041,COAD_AXIS_065,COAD,CMPD025181,"5-(1-methoxyethyl)-2,6-dihydroxy-1,7-dimethyl-9,10-dihydrophenanthrene",ACHE,TBP,Myeloid,wrong_compound_same_context,negative_decoy_candidate,0,0,Degree-aware replacement should be refined before final model training; this table is the first hard-negative candidate pool.
NEG_000042,COAD_AXIS_060,COAD,CMPD025216,Marmesinin,ACHE,TP53,Myeloid,same_compound_wrong_target,negative_decoy_candidate,0,0,Degree-aware replacement should be refined before final model training; this table is the first hard-negative candidate pool.
NEG_000043,COAD_AXIS_060,COAD,CMPD025188,Eriodyctiol (flavanone),ACHE,TBP,Myeloid,wrong_compound_same_context,negative_decoy_candidate,0,0,Degree-aware replacement should be refined before final model training; this table is the first hard-negative candidate pool.
NEG_000044,COAD_AXIS_063,COAD,CMPD025251,Decursin,SLC6A2,MYB,Myeloid,same_compound_wrong_target,negative_decoy_candidate,0,0,Degree-aware replacement should be refined before final model training; this table is the first hard-negative candidate pool.
NEG_000045,COAD_AXIS_063,COAD,CMPD025251,Decursin,ACHE,TBP,Fibroblast_CAF,same_target_wrong_cell_state,negative_decoy_candidate,0,0,Degree-aware replacement should be refined before final model training; this table is the first hard-negative candidate pool.
NEG_000046,COAD_AXIS_063,COAD,CMPD025348,Galangin,ACHE,TBP,Myeloid,wrong_compound_same_context,negative_decoy_candidate,0,0,Degree-aware replacement should be refined before final model training; this table is the first hard-negative candidate pool.
NEG_000047,COAD_AXIS_062,COAD,CMPD026148,Corydalmine,MMP1,ETV4,Myeloid,same_compound_wrong_target,negative_decoy_candidate,0,0,Degree-aware replacement should be refined before final model training; this table is the first hard-negative candidate pool.
NEG_000048,COAD_AXIS_062,COAD,CMPD026148,Corydalmine,ACHE,TBP,Fibroblast_CAF,same_target_wrong_cell_state,negative_decoy_candidate,0,0,Degree-aware replacement should be refined before final model training; this table is the first hard-negative candidate pool.
NEG_000049,COAD_AXIS_062,COAD,CMPD025602,"3,5-dihydroxy-2-(4-hydroxyphenyl)chromone",ACHE,TBP,Myeloid,wrong_compound_same_context,negative_decoy_candidate,0,0,Degree-aware replacement should be refined before final model training; this table is the first hard-negative candidate pool.
NEG_000050,COAD_AXIS_003,COAD,CMPD024770,Quercetin,PPARG,ETV4,Myeloid,same_compound_wrong_target,negative_decoy_candidate,0,0,Degree-aware replacement should be refined before final model training; this table is the first hard-negative candidate pool.
NEG_000051,COAD_AXIS_003,COAD,CMPD025893,Xyloidone,ACHE,TFAP2A,Myeloid,wrong_compound_same_context,negative_decoy_candidate,0,0,Degree-aware replacement should be refined before final model training; this table is the first hard-negative candidate pool.
NEG_000052,COAD_AXIS_071,COAD,CMPD024843,Dihydrosanguinarine,MMP1,CEBPG,Myeloid,same_compound_wrong_target,negative_decoy_candidate,0,0,Degree-aware replacement should be refined before final model training; this table is the first hard-negative candidate pool.
NEG_000053,COAD_AXIS_071,COAD,CMPD024843,Dihydrosanguinarine,ACHE,TBP,Fibroblast_CAF,same_target_wrong_cell_state,negative_decoy_candidate,0,0,Degree-aware replacement should be refined before final model training; this table is the first hard-negative candidate pool.
NEG_000054,COAD_AXIS_071,COAD,CMPD024806,(-)-epigallocatechin-3-gallate,ACHE,TBP,Myeloid,wrong_compound_same_context,negative_decoy_candidate,0,0,Degree-aware replacement should be refined before final model training; this table is the first hard-negative candidate pool.
NEG_000055,COAD_AXIS_070,COAD,CMPD026190,Pectolinarigenin,MMP1,ETV4,Myeloid,same_compound_wrong_target,negative_decoy_candidate,0,0,Degree-aware replacement should be refined before final model training; this table is the first hard-negative candidate pool.
NEG_000056,COAD_AXIS_070,COAD,CMPD026190,Pectolinarigenin,ACHE,TBP,T_NK_ILC,same_target_wrong_cell_state,negative_decoy_candidate,0,0,Degree-aware replacement should be refined before final model training; this table is the first hard-negative candidate pool.
NEG_000057,COAD_AXIS_070,COAD,CMPD026024,Zizyphusine,ACHE,TBP,Myeloid,wrong_compound_same_context,negative_decoy_candidate,0,0,Degree-aware replacement should be refined before final model training; this table is the first hard-negative candidate pool.
NEG_000058,COAD_AXIS_072,COAD,CMPD025264,Deltoin,BACE1,NFKB,Myeloid,same_compound_wrong_target,negative_decoy_candidate,0,0,Degree-aware replacement should be refined before final model training; this table is the first hard-negative candidate pool.
NEG_000059,COAD_AXIS_072,COAD,CMPD025264,Deltoin,ACHE,TBP,T_NK_ILC,same_target_wrong_cell_state,negative_decoy_candidate,0,0,Degree-aware replacement should be refined before final model training; this table is the first hard-negative candidate pool.
NEG_000060,COAD_AXIS_072,COAD,CMPD025163,Indirubin,ACHE,TBP,Myeloid,wrong_compound_same_context,negative_decoy_candidate,0,0,Degree-aware replacement should be refined before final model training; this table is the first hard-negative candidate pool.
NEG_000061,COAD_AXIS_018,COAD,CMPD025553,Physovenine,MMP1,CEBPG,Myeloid,same_compound_wrong_target,negative_decoy_candidate,0,0,Degree-aware replacement should be refined before final model training; this table is the first hard-negative candidate pool.
NEG_000062,COAD_AXIS_018,COAD,CMPD025553,Physovenine,ACHE,MYC,Endothelial,same_target_wrong_cell_state,negative_decoy_candidate,0,0,Degree-aware replacement should be refined before final model training; this table is the first hard-negative candidate pool.
NEG_000063,COAD_AXIS_018,COAD,CMPD025163,Indirubin,ACHE,MYC,Myeloid,wrong_compound_same_context,negative_decoy_candidate,0,0,Degree-aware replacement should be refined before final model training; this table is the first hard-negative candidate pool.
NEG_000064,COAD_AXIS_004,COAD,CMPD025160,Tanshinone iia,SLC6A2,MYB,Myeloid,same_compound_wrong_target,negative_decoy_candidate,0,0,Degree-aware replacement should be refined before final model training; this table is the first hard-negative candidate pool.
NEG_000065,COAD_AXIS_004,COAD,CMPD025160,Tanshinone iia,ACHE,TFAP2A,Fibroblast_CAF,same_target_wrong_cell_state,negative_decoy_candidate,0,0,Degree-aware replacement should be refined before final model training; this table is the first hard-negative candidate pool.
NEG_000066,COAD_AXIS_004,COAD,CMPD025143,Isocryptanshinone,ACHE,TFAP2A,Myeloid,wrong_compound_same_context,negative_decoy_candidate,0,0,Degree-aware replacement should be refined before final model training; this table is the first hard-negative candidate pool.
NEG_000067,COAD_AXIS_021,COAD,CMPD025506,Isocorypalmine,ACHE,HR,Myeloid,same_compound_wrong_target,negative_decoy_candidate,0,0,Degree-aware replacement should be refined before final model training; this table is the first hard-negative candidate pool.
NEG_000068,COAD_AXIS_021,COAD,CMPD025506,Isocorypalmine,DRD1,TFAP2A,Fibroblast_CAF,same_target_wrong_cell_state,negative_decoy_candidate,0,0,Degree-aware replacement should be refined before final model training; this table is the first hard-negative candidate pool.
NEG_000069,COAD_AXIS_021,COAD,CMPD025384,Angustidine,DRD1,TFAP2A,Myeloid,wrong_compound_same_context,negative_decoy_candidate,0,0,Degree-aware replacement should be refined before final model training; this table is the first hard-negative candidate pool.
NEG_000070,COAD_AXIS_073,COAD,CMPD025929,Artemisinin,ACHE,HR,Myeloid,same_compound_wrong_target,negative_decoy_candidate,0,0,Degree-aware replacement should be refined before final model training; this table is the first hard-negative candidate pool.
NEG_000071,COAD_AXIS_073,COAD,CMPD025929,Artemisinin,CYP2B6,FOXM1,T_NK_ILC,same_target_wrong_cell_state,negative_decoy_candidate,0,0,Degree-aware replacement should be refined before final model training; this table is the first hard-negative candidate pool.
NEG_000072,COAD_AXIS_073,COAD,CMPD025287,Gancaonin A,CYP2B6,FOXM1,Myeloid,wrong_compound_same_context,negative_decoy_candidate,0,0,Degree-aware replacement should be refined before final model training; this table is the first hard-negative candidate pool.
NEG_000073,COAD_AXIS_006,COAD,CMPD025387,"methyl (E)-2-[(2S,3Z,12bS)-3-ethylidene-2,4,6,7,12,12b-hexahydro-1H-indolo[3,2-h]quinolizin-2-yl]-3-methoxyprop-2-enoate",MMP1,CEBPG,Myeloid,same_compound_wrong_target,negative_decoy_candidate,0,0,Degree-aware replacement should be refined before final model training; this table is the first hard-negative candidate pool.
NEG_000074,COAD_AXIS_006,COAD,CMPD025387,"methyl (E)-2-[(2S,3Z,12bS)-3-ethylidene-2,4,6,7,12,12b-hexahydro-1H-indolo[3,2-h]quinolizin-2-yl]-3-methoxyprop-2-enoate",ACHE,TFAP2A,T_NK_ILC,same_target_wrong_cell_state,negative_decoy_candidate,0,0,Degree-aware replacement should be refined before final model training; this table is the first hard-negative candidate pool.
NEG_000075,COAD_AXIS_006,COAD,CMPD025163,Indirubin,ACHE,TFAP2A,Myeloid,wrong_compound_same_context,negative_decoy_candidate,0,0,Degree-aware replacement should be refined before final model training; this table is the first hard-negative candidate pool.
NEG_000076,COAD_AXIS_010,COAD,CMPD024768,Kaempferol,SLC6A4,ATF4,Myeloid,same_compound_wrong_target,negative_decoy_candidate,0,0,Degree-aware replacement should be refined before final model training; this table is the first hard-negative candidate pool.
NEG_000077,COAD_AXIS_010,COAD,CMPD024768,Kaempferol,ACHE,TFAP2A,T_NK_ILC,same_target_wrong_cell_state,negative_decoy_candidate,0,0,Degree-aware replacement should be refined before final model training; this table is the first hard-negative candidate pool.
NEG_000078,COAD_AXIS_010,COAD,CMPD025112,7-Methoxy-2-methyl isoflavone,ACHE,TFAP2A,Myeloid,wrong_compound_same_context,negative_decoy_candidate,0,0,Degree-aware replacement should be refined before final model training; this table is the first hard-negative candidate pool.
NEG_000079,COAD_AXIS_009,COAD,CMPD025384,Angustidine,PPARG,CEBPG,Myeloid,same_compound_wrong_target,negative_decoy_candidate,0,0,Degree-aware replacement should be refined before final model training; this table is the first hard-negative candidate pool.
NEG_000080,COAD_AXIS_009,COAD,CMPD025384,Angustidine,ACHE,TFAP2A,T_NK_ILC,same_target_wrong_cell_state,negative_decoy_candidate,0,0,Degree-aware replacement should be refined before final model training; this table is the first hard-negative candidate pool.
NEG_000081,COAD_AXIS_009,COAD,CMPD024946,Baicalein,ACHE,TFAP2A,Myeloid,wrong_compound_same_context,negative_decoy_candidate,0,0,Degree-aware replacement should be refined before final model training; this table is the first hard-negative candidate pool.
NEG_000082,COAD_AXIS_007,COAD,CMPD025216,Marmesinin,CDK1,MYB,Myeloid,same_compound_wrong_target,negative_decoy_candidate,0,0,Degree-aware replacement should be refined before final model training; this table is the first hard-negative candidate pool.
NEG_000083,COAD_AXIS_007,COAD,CMPD025216,Marmesinin,ACHE,TFAP2A,Fibroblast_CAF,same_target_wrong_cell_state,negative_decoy_candidate,0,0,Degree-aware replacement should be refined before final model training; this table is the first hard-negative candidate pool.
NEG_000084,COAD_AXIS_007,COAD,CMPD025671,Eckol,ACHE,TFAP2A,Myeloid,wrong_compound_same_context,negative_decoy_candidate,0,0,Degree-aware replacement should be refined before final model training; this table is the first hard-negative candidate pool.
NEG_000085,COAD_AXIS_005,COAD,CMPD025251,Decursin,PPARG,DDIT3,Myeloid,same_compound_wrong_target,negative_decoy_candidate,0,0,Degree-aware replacement should be refined before final model training; this table is the first hard-negative candidate pool.
NEG_000086,COAD_AXIS_005,COAD,CMPD025251,Decursin,ACHE,TFAP2A,Fibroblast_CAF,same_target_wrong_cell_state,negative_decoy_candidate,0,0,Degree-aware replacement should be refined before final model training; this table is the first hard-negative candidate pool.
NEG_000087,COAD_AXIS_005,COAD,CMPD025623,Psi-Baptigenin,ACHE,TFAP2A,Myeloid,wrong_compound_same_context,negative_decoy_candidate,0,0,Degree-aware replacement should be refined before final model training; this table is the first hard-negative candidate pool.
NEG_000088,COAD_AXIS_008,COAD,CMPD026148,Corydalmine,CYP2B6,CEBPG,Myeloid,same_compound_wrong_target,negative_decoy_candidate,0,0,Degree-aware replacement should be refined before final model training; this table is the first hard-negative candidate pool.
NEG_000089,COAD_AXIS_008,COAD,CMPD026148,Corydalmine,ACHE,TFAP2A,Fibroblast_CAF,same_target_wrong_cell_state,negative_decoy_candidate,0,0,Degree-aware replacement should be refined before final model training; this table is the first hard-negative candidate pool.
NEG_000090,COAD_AXIS_008,COAD,CMPD025509,(S)-Canadine,ACHE,TFAP2A,Myeloid,wrong_compound_same_context,negative_decoy_candidate,0,0,Degree-aware replacement should be refined before final model training; this table is the first hard-negative candidate pool.
NEG_000091,COAD_AXIS_013,COAD,CMPD025264,Deltoin,CCNA2,FOXM1,Myeloid,same_compound_wrong_target,negative_decoy_candidate,0,0,Degree-aware replacement should be refined before final model training; this table is the first hard-negative candidate pool.
NEG_000092,COAD_AXIS_013,COAD,CMPD025264,Deltoin,ACHE,TFAP2A,T_NK_ILC,same_target_wrong_cell_state,negative_decoy_candidate,0,0,Degree-aware replacement should be refined before final model training; this table is the first hard-negative candidate pool.
NEG_000093,COAD_AXIS_013,COAD,CMPD025929,Artemisinin,ACHE,TFAP2A,Myeloid,wrong_compound_same_context,negative_decoy_candidate,0,0,Degree-aware replacement should be refined before final model training; this table is the first hard-negative candidate pool.
NEG_000094,COAD_AXIS_014,COAD,CMPD026190,Pectolinarigenin,ACHE,SSRP1,Myeloid,same_compound_wrong_target,negative_decoy_candidate,0,0,Degree-aware replacement should be refined before final model training; this table is the first hard-negative candidate pool.
NEG_000095,COAD_AXIS_014,COAD,CMPD026190,Pectolinarigenin,ACHE,TFAP2A,T_NK_ILC,same_target_wrong_cell_state,negative_decoy_candidate,0,0,Degree-aware replacement should be refined before final model training; this table is the first hard-negative candidate pool.
NEG_000096,COAD_AXIS_014,COAD,CMPD025158,"(6S)-6-hydroxy-1-methyl-6-methylol-8,9-dihydro-7H-naphtho[8,7-g]benzofuran-10,11-quinone",ACHE,TFAP2A,Myeloid,wrong_compound_same_context,negative_decoy_candidate,0,0,Degree-aware replacement should be refined before final model training; this table is the first hard-negative candidate pool.
NEG_000097,COAD_AXIS_012,COAD,CMPD024843,Dihydrosanguinarine,CDK1,MYB,Myeloid,same_compound_wrong_target,negative_decoy_candidate,0,0,Degree-aware replacement should be refined before final model training; this table is the first hard-negative candidate pool.
NEG_000098,COAD_AXIS_012,COAD,CMPD024843,Dihydrosanguinarine,ACHE,TFAP2A,T_NK_ILC,same_target_wrong_cell_state,negative_decoy_candidate,0,0,Degree-aware replacement should be refined before final model training; this table is the first hard-negative candidate pool.
NEG_000099,COAD_AXIS_012,COAD,CMPD026077,Tetrahydropalmatine,ACHE,TFAP2A,Myeloid,wrong_compound_same_context,negative_decoy_candidate,0,0,Degree-aware replacement should be refined before final model training; this table is the first hard-negative candidate pool.
NEG_000100,COAD_AXIS_017,COAD,CMPD025841,Guggulsterone,ACHE,JUN,Myeloid,same_compound_wrong_target,negative_decoy_candidate,0,0,Degree-aware replacement should be refined before final model training; this table is the first hard-negative candidate pool.
NEG_000101,COAD_AXIS_017,COAD,CMPD025841,Guggulsterone,PGR,NFKB,T_NK_ILC,same_target_wrong_cell_state,negative_decoy_candidate,0,0,Degree-aware replacement should be refined before final model training; this table is the first hard-negative candidate pool.
NEG_000102,COAD_AXIS_017,COAD,CMPD026190,Pectolinarigenin,PGR,NFKB,Myeloid,wrong_compound_same_context,negative_decoy_candidate,0,0,Degree-aware replacement should be refined before final model training; this table is the first hard-negative candidate pool.
NEG_000103,COAD_AXIS_019,COAD,CMPD024770,Quercetin,SLC6A4,ATF4,Myeloid,same_compound_wrong_target,negative_decoy_candidate,0,0,Degree-aware replacement should be refined before final model training; this table is the first hard-negative candidate pool.
NEG_000104,COAD_AXIS_019,COAD,CMPD024770,Quercetin,ACHE,HR,T_NK_ILC,same_target_wrong_cell_state,negative_decoy_candidate,0,0,Degree-aware replacement should be refined before final model training; this table is the first hard-negative candidate pool.
NEG_000105,COAD_AXIS_019,COAD,CMPD025188,Eriodyctiol (flavanone),ACHE,HR,Myeloid,wrong_compound_same_context,negative_decoy_candidate,0,0,Degree-aware replacement should be refined before final model training; this table is the first hard-negative candidate pool.
NEG_000106,COAD_AXIS_040,COAD,CMPD026077,Tetrahydropalmatine,ACHE,HR,Myeloid,same_compound_wrong_target,negative_decoy_candidate,0,0,Degree-aware replacement should be refined before final model training; this table is the first hard-negative candidate pool.
NEG_000107,COAD_AXIS_040,COAD,CMPD026077,Tetrahydropalmatine,DRD1,TFAP2A,T_NK_ILC,same_target_wrong_cell_state,negative_decoy_candidate,0,0,Degree-aware replacement should be refined before final model training; this table is the first hard-negative candidate pool.
NEG_000108,COAD_AXIS_040,COAD,CMPD025387,"methyl (E)-2-[(2S,3Z,12bS)-3-ethylidene-2,4,6,7,12,12b-hexahydro-1H-indolo[3,2-h]quinolizin-2-yl]-3-methoxyprop-2-enoate",DRD1,TFAP2A,Myeloid,wrong_compound_same_context,negative_decoy_candidate,0,0,Degree-aware replacement should be refined before final model training; this table is the first hard-negative candidate pool.
NEG_000109,COAD_AXIS_036,COAD,CMPD024770,Quercetin,DRD1,TFAP2A,Myeloid,same_compound_wrong_target,negative_decoy_candidate,0,0,Degree-aware replacement should be refined before final model training; this table is the first hard-negative candidate pool.
NEG_000110,COAD_AXIS_036,COAD,CMPD024770,Quercetin,ACHE,MYC,Fibroblast_CAF,same_target_wrong_cell_state,negative_decoy_candidate,0,0,Degree-aware replacement should be refined before final model training; this table is the first hard-negative candidate pool.
NEG_000111,COAD_AXIS_036,COAD,CMPD024820,Luteolin,ACHE,MYC,Myeloid,wrong_compound_same_context,negative_decoy_candidate,0,0,Degree-aware replacement should be refined before final model training; this table is the first hard-negative candidate pool.
NEG_000112,COAD_AXIS_020,COAD,CMPD025160,Tanshinone iia,ACHE,SSRP1,Myeloid,same_compound_wrong_target,negative_decoy_candidate,0,0,Degree-aware replacement should be refined before final model training; this table is the first hard-negative candidate pool.
NEG_000113,COAD_AXIS_020,COAD,CMPD025160,Tanshinone iia,ACHE,HR,T_NK_ILC,same_target_wrong_cell_state,negative_decoy_candidate,0,0,Degree-aware replacement should be refined before final model training; this table is the first hard-negative candidate pool.
NEG_000114,COAD_AXIS_020,COAD,CMPD025163,Indirubin,ACHE,HR,Myeloid,wrong_compound_same_context,negative_decoy_candidate,0,0,Degree-aware replacement should be refined before final model training; this table is the first hard-negative candidate pool.
NEG_000115,COAD_AXIS_044,COAD,CMPD025509,(S)-Canadine,PPARG,CEBPG,Myeloid,same_compound_wrong_target,negative_decoy_candidate,0,0,Degree-aware replacement should be refined before final model training; this table is the first hard-negative candidate pool.
NEG_000116,COAD_AXIS_044,COAD,CMPD025509,(S)-Canadine,DRD1,TFAP2A,Fibroblast_CAF,same_target_wrong_cell_state,negative_decoy_candidate,0,0,Degree-aware replacement should be refined before final model training; this table is the first hard-negative candidate pool.
NEG_000117,COAD_AXIS_044,COAD,CMPD019676,Berberine chloride,DRD1,TFAP2A,Myeloid,wrong_compound_same_context,negative_decoy_candidate,0,0,Degree-aware replacement should be refined before final model training; this table is the first hard-negative candidate pool.
NEG_000118,COAD_AXIS_026,COAD,CMPD025251,Decursin,HSP90AB1,MYC,Myeloid,same_compound_wrong_target,negative_decoy_candidate,0,0,Degree-aware replacement should be refined before final model training; this table is the first hard-negative candidate pool.
NEG_000119,COAD_AXIS_026,COAD,CMPD025251,Decursin,ACHE,HR,T_NK_ILC,same_target_wrong_cell_state,negative_decoy_candidate,0,0,Degree-aware replacement should be refined before final model training; this table is the first hard-negative candidate pool.
NEG_000120,COAD_AXIS_026,COAD,CMPD025140,Dihydrotanshinoneⅰ,ACHE,HR,Myeloid,wrong_compound_same_context,negative_decoy_candidate,0,0,Degree-aware replacement should be refined before final model training; this table is the first hard-negative candidate pool.
NEG_000121,COAD_AXIS_025,COAD,CMPD025384,Angustidine,PTGS2,ETV4,Myeloid,same_compound_wrong_target,negative_decoy_candidate,0,0,Degree-aware replacement should be refined before final model training; this table is the first hard-negative candidate pool.
NEG_000122,COAD_AXIS_025,COAD,CMPD025384,Angustidine,ACHE,HR,Endothelial,same_target_wrong_cell_state,negative_decoy_candidate,0,0,Degree-aware replacement should be refined before final model training; this table is the first hard-negative candidate pool.
NEG_000123,COAD_AXIS_025,COAD,CMPD024851,(S)-Scoulerine,ACHE,HR,Myeloid,wrong_compound_same_context,negative_decoy_candidate,0,0,Degree-aware replacement should be refined before final model training; this table is the first hard-negative candidate pool.
NEG_000124,COAD_AXIS_023,COAD,CMPD026148,Corydalmine,CDK1,MYB,Myeloid,same_compound_wrong_target,negative_decoy_candidate,0,0,Degree-aware replacement should be refined before final model training; this table is the first hard-negative candidate pool.
NEG_000125,COAD_AXIS_023,COAD,CMPD026148,Corydalmine,ACHE,HR,T_NK_ILC,same_target_wrong_cell_state,negative_decoy_candidate,0,0,Degree-aware replacement should be refined before final model training; this table is the first hard-negative candidate pool.
NEG_000126,COAD_AXIS_023,COAD,CMPD025501,Rutaecarpine,ACHE,HR,Myeloid,wrong_compound_same_context,negative_decoy_candidate,0,0,Degree-aware replacement should be refined before final model training; this table is the first hard-negative candidate pool.
NEG_000127,COAD_AXIS_024,COAD,CMPD025387,"methyl (E)-2-[(2S,3Z,12bS)-3-ethylidene-2,4,6,7,12,12b-hexahydro-1H-indolo[3,2-h]quinolizin-2-yl]-3-methoxyprop-2-enoate",HSP90AB1,DDIT3,Myeloid,same_compound_wrong_target,negative_decoy_candidate,0,0,Degree-aware replacement should be refined before final model training; this table is the first hard-negative candidate pool.
NEG_000128,COAD_AXIS_024,COAD,CMPD025387,"methyl (E)-2-[(2S,3Z,12bS)-3-ethylidene-2,4,6,7,12,12b-hexahydro-1H-indolo[3,2-h]quinolizin-2-yl]-3-methoxyprop-2-enoate",ACHE,HR,Endothelial,same_target_wrong_cell_state,negative_decoy_candidate,0,0,Degree-aware replacement should be refined before final model training; this table is the first hard-negative candidate pool.
NEG_000129,COAD_AXIS_024,COAD,CMPD025841,Guggulsterone,ACHE,HR,Myeloid,wrong_compound_same_context,negative_decoy_candidate,0,0,Degree-aware replacement should be refined before final model training; this table is the first hard-negative candidate pool.
NEG_000130,COAD_AXIS_028,COAD,CMPD024768,Kaempferol,PGR,PGR,Myeloid,same_compound_wrong_target,negative_decoy_candidate,0,0,Degree-aware replacement should be refined before final model training; this table is the first hard-negative candidate pool.
NEG_000131,COAD_AXIS_028,COAD,CMPD024768,Kaempferol,ACHE,HR,T_NK_ILC,same_target_wrong_cell_state,negative_decoy_candidate,0,0,Degree-aware replacement should be refined before final model training; this table is the first hard-negative candidate pool.
NEG_000132,COAD_AXIS_028,COAD,CMPD025420,"(13aS)-2,3,10-trimethoxy-6,8,13,13a-tetrahydro-5H-isoquinolino[2,1-b]isoquinolin-9-ol",ACHE,HR,Myeloid,wrong_compound_same_context,negative_decoy_candidate,0,0,Degree-aware replacement should be refined before final model training; this table is the first hard-negative candidate pool.
NEG_000133,COAD_AXIS_027,COAD,CMPD025216,Marmesinin,MMP1,ETV4,Myeloid,same_compound_wrong_target,negative_decoy_candidate,0,0,Degree-aware replacement should be refined before final model training; this table is the first hard-negative candidate pool.
NEG_000134,COAD_AXIS_027,COAD,CMPD024806,(-)-epigallocatechin-3-gallate,ACHE,HR,Myeloid,wrong_compound_same_context,negative_decoy_candidate,0,0,Degree-aware replacement should be refined before final model training; this table is the first hard-negative candidate pool.
NEG_000135,COAD_AXIS_035,COAD,CMPD016599,Physostigmine,CYP2B6,CEBPA,Myeloid,same_compound_wrong_target,negative_decoy_candidate,0,0,Degree-aware replacement should be refined before final model training; this table is the first hard-negative candidate pool.
NEG_000136,COAD_AXIS_035,COAD,CMPD016599,Physostigmine,ACHE,TFAP2A,T_NK_ILC,same_target_wrong_cell_state,negative_decoy_candidate,0,0,Degree-aware replacement should be refined before final model training; this table is the first hard-negative candidate pool.
NEG_000137,COAD_AXIS_035,COAD,CMPD025348,Galangin,ACHE,TFAP2A,Myeloid,wrong_compound_same_context,negative_decoy_candidate,0,0,Degree-aware replacement should be refined before final model training; this table is the first hard-negative candidate pool.
NEG_000138,COAD_AXIS_030,COAD,CMPD016599,Physostigmine,SLC6A4,ATF4,Myeloid,same_compound_wrong_target,negative_decoy_candidate,0,0,Degree-aware replacement should be refined before final model training; this table is the first hard-negative candidate pool.
NEG_000139,COAD_AXIS_030,COAD,CMPD025623,Psi-Baptigenin,ACHE,HR,Myeloid,wrong_compound_same_context,negative_decoy_candidate,0,0,Degree-aware replacement should be refined before final model training; this table is the first hard-negative candidate pool.
NEG_000140,COAD_AXIS_031,COAD,CMPD025264,Deltoin,PPARG,CEBPG,Myeloid,same_compound_wrong_target,negative_decoy_candidate,0,0,Degree-aware replacement should be refined before final model training; this table is the first hard-negative candidate pool.
NEG_000141,COAD_AXIS_031,COAD,CMPD025264,Deltoin,ACHE,HR,T_NK_ILC,same_target_wrong_cell_state,negative_decoy_candidate,0,0,Degree-aware replacement should be refined before final model training; this table is the first hard-negative candidate pool.
NEG_000142,COAD_AXIS_031,COAD,CMPD025051,ellagic acid,ACHE,HR,Myeloid,wrong_compound_same_context,negative_decoy_candidate,0,0,Degree-aware replacement should be refined before final model training; this table is the first hard-negative candidate pool.
NEG_000143,COAD_AXIS_033,COAD,CMPD024843,Dihydrosanguinarine,ACHE,SP1,Myeloid,same_compound_wrong_target,negative_decoy_candidate,0,0,Degree-aware replacement should be refined before final model training; this table is the first hard-negative candidate pool.
NEG_000144,COAD_AXIS_033,COAD,CMPD024843,Dihydrosanguinarine,ACHE,HR,T_NK_ILC,same_target_wrong_cell_state,negative_decoy_candidate,0,0,Degree-aware replacement should be refined before final model training; this table is the first hard-negative candidate pool.
NEG_000145,COAD_AXIS_033,COAD,CMPD025348,Galangin,ACHE,HR,Myeloid,wrong_compound_same_context,negative_decoy_candidate,0,0,Degree-aware replacement should be refined before final model training; this table is the first hard-negative candidate pool.
NEG_000146,COAD_AXIS_032,COAD,CMPD026190,Pectolinarigenin,MMP1,CEBPG,Myeloid,same_compound_wrong_target,negative_decoy_candidate,0,0,Degree-aware replacement should be refined before final model training; this table is the first hard-negative candidate pool.
NEG_000147,COAD_AXIS_032,COAD,CMPD026190,Pectolinarigenin,ACHE,HR,Fibroblast_CAF,same_target_wrong_cell_state,negative_decoy_candidate,0,0,Degree-aware replacement should be refined before final model training; this table is the first hard-negative candidate pool.
NEG_000148,COAD_AXIS_032,COAD,CMPD025678,Hyperforin,ACHE,HR,Myeloid,wrong_compound_same_context,negative_decoy_candidate,0,0,Degree-aware replacement should be refined before final model training; this table is the first hard-negative candidate pool.
NEG_000149,COAD_AXIS_048,COAD,CMPD025160,Tanshinone iia,MMP1,ETV4,Myeloid,same_compound_wrong_target,negative_decoy_candidate,0,0,Degree-aware replacement should be refined before final model training; this table is the first hard-negative candidate pool.
NEG_000150,COAD_AXIS_048,COAD,CMPD025160,Tanshinone iia,ACHE,MYC,Fibroblast_CAF,same_target_wrong_cell_state,negative_decoy_candidate,0,0,Degree-aware replacement should be refined before final model training; this table is the first hard-negative candidate pool.
NEG_000151,COAD_AXIS_048,COAD,CMPD013588,2-epigalanthamine,ACHE,MYC,Myeloid,wrong_compound_same_context,negative_decoy_candidate,0,0,Degree-aware replacement should be refined before final model training; this table is the first hard-negative candidate pool.
NEG_000152,COAD_AXIS_051,COAD,CMPD024851,(S)-Scoulerine,ACHE,MYC,Myeloid,same_compound_wrong_target,negative_decoy_candidate,0,0,Degree-aware replacement should be refined before final model training; this table is the first hard-negative candidate pool.
NEG_000153,COAD_AXIS_051,COAD,CMPD024851,(S)-Scoulerine,DRD1,TFAP2A,T_NK_ILC,same_target_wrong_cell_state,negative_decoy_candidate,0,0,Degree-aware replacement should be refined before final model training; this table is the first hard-negative candidate pool.
NEG_000154,COAD_AXIS_051,COAD,CMPD025251,Decursin,DRD1,TFAP2A,Myeloid,wrong_compound_same_context,negative_decoy_candidate,0,0,Degree-aware replacement should be refined before final model training; this table is the first hard-negative candidate pool.
NEG_000155,COAD_AXIS_053,COAD,CMPD025251,Decursin,MMP1,ETV4,Myeloid,same_compound_wrong_target,negative_decoy_candidate,0,0,Degree-aware replacement should be refined before final model training; this table is the first hard-negative candidate pool.
NEG_000156,COAD_AXIS_053,COAD,CMPD025251,Decursin,ACHE,MYC,Fibroblast_CAF,same_target_wrong_cell_state,negative_decoy_candidate,0,0,Degree-aware replacement should be refined before final model training; this table is the first hard-negative candidate pool.
NEG_000157,COAD_AXIS_053,COAD,CMPD026150,Luteanin,ACHE,MYC,Myeloid,wrong_compound_same_context,negative_decoy_candidate,0,0,Degree-aware replacement should be refined before final model training; this table is the first hard-negative candidate pool.
NEG_000158,COAD_AXIS_066,COAD,CMPD025420,"(13aS)-2,3,10-trimethoxy-6,8,13,13a-tetrahydro-5H-isoquinolino[2,1-b]isoquinolin-9-ol",ACHE,SP1,Myeloid,same_compound_wrong_target,negative_decoy_candidate,0,0,Degree-aware replacement should be refined before final model training; this table is the first hard-negative candidate pool.
NEG_000159,COAD_AXIS_066,COAD,CMPD025420,"(13aS)-2,3,10-trimethoxy-6,8,13,13a-tetrahydro-5H-isoquinolino[2,1-b]isoquinolin-9-ol",DRD1,TFAP2A,Fibroblast_CAF,same_target_wrong_cell_state,negative_decoy_candidate,0,0,Degree-aware replacement should be refined before final model training; this table is the first hard-negative candidate pool.
NEG_000160,COAD_AXIS_066,COAD,CMPD024806,(-)-epigallocatechin-3-gallate,DRD1,TFAP2A,Myeloid,wrong_compound_same_context,negative_decoy_candidate,0,0,Degree-aware replacement should be refined before final model training; this table is the first hard-negative candidate pool.
NEG_000161,COAD_AXIS_057,COAD,CMPD026148,Corydalmine,XDH,CEBPG,Myeloid,same_compound_wrong_target,negative_decoy_candidate,0,0,Degree-aware replacement should be refined before final model training; this table is the first hard-negative candidate pool.
NEG_000162,COAD_AXIS_057,COAD,CMPD026148,Corydalmine,ACHE,MYC,Fibroblast_CAF,same_target_wrong_cell_state,negative_decoy_candidate,0,0,Degree-aware replacement should be refined before final model training; this table is the first hard-negative candidate pool.
NEG_000163,COAD_AXIS_057,COAD,CMPD025678,Hyperforin,ACHE,MYC,Myeloid,wrong_compound_same_context,negative_decoy_candidate,0,0,Degree-aware replacement should be refined before final model training; this table is the first hard-negative candidate pool.
NEG_000164,COAD_AXIS_055,COAD,CMPD025384,Angustidine,ACHE,TP53,Myeloid,same_compound_wrong_target,negative_decoy_candidate,0,0,Degree-aware replacement should be refined before final model training; this table is the first hard-negative candidate pool.
NEG_000165,COAD_AXIS_055,COAD,CMPD025384,Angustidine,ACHE,MYC,Fibroblast_CAF,same_target_wrong_cell_state,negative_decoy_candidate,0,0,Degree-aware replacement should be refined before final model training; this table is the first hard-negative candidate pool.
NEG_000166,COAD_AXIS_055,COAD,CMPD025506,Isocorypalmine,ACHE,MYC,Myeloid,wrong_compound_same_context,negative_decoy_candidate,0,0,Degree-aware replacement should be refined before final model training; this table is the first hard-negative candidate pool.
NEG_000167,COAD_AXIS_052,COAD,CMPD025216,Marmesinin,SLC6A2,MYB,Myeloid,same_compound_wrong_target,negative_decoy_candidate,0,0,Degree-aware replacement should be refined before final model training; this table is the first hard-negative candidate pool.
NEG_000168,COAD_AXIS_052,COAD,CMPD025216,Marmesinin,ACHE,MYC,Fibroblast_CAF,same_target_wrong_cell_state,negative_decoy_candidate,0,0,Degree-aware replacement should be refined before final model training; this table is the first hard-negative candidate pool.
NEG_000169,COAD_AXIS_052,COAD,CMPD025112,7-Methoxy-2-methyl isoflavone,ACHE,MYC,Myeloid,wrong_compound_same_context,negative_decoy_candidate,0,0,Degree-aware replacement should be refined before final model training; this table is the first hard-negative candidate pool.
NEG_000170,COAD_AXIS_056,COAD,CMPD024768,Kaempferol,CDK1,MYB,Myeloid,same_compound_wrong_target,negative_decoy_candidate,0,0,Degree-aware replacement should be refined before final model training; this table is the first hard-negative candidate pool.
NEG_000171,COAD_AXIS_056,COAD,CMPD025754,Ibogain,ACHE,MYC,Myeloid,wrong_compound_same_context,negative_decoy_candidate,0,0,Degree-aware replacement should be refined before final model training; this table is the first hard-negative candidate pool.
NEG_000172,COAD_AXIS_054,COAD,CMPD025387,"methyl (E)-2-[(2S,3Z,12bS)-3-ethylidene-2,4,6,7,12,12b-hexahydro-1H-indolo[3,2-h]quinolizin-2-yl]-3-methoxyprop-2-enoate",SLC6A4,ATF4,Myeloid,same_compound_wrong_target,negative_decoy_candidate,0,0,Degree-aware replacement should be refined before final model training; this table is the first hard-negative candidate pool.
NEG_000173,COAD_AXIS_054,COAD,CMPD025893,Xyloidone,ACHE,MYC,Myeloid,wrong_compound_same_context,negative_decoy_candidate,0,0,Degree-aware replacement should be refined before final model training; this table is the first hard-negative candidate pool.
NEG_000174,COAD_AXIS_059,COAD,CMPD025188,Eriodyctiol (flavanone),ACHE,MYC,Myeloid,same_compound_wrong_target,negative_decoy_candidate,0,0,Degree-aware replacement should be refined before final model training; this table is the first hard-negative candidate pool.
NEG_000175,COAD_AXIS_059,COAD,CMPD025188,Eriodyctiol (flavanone),HSP90AB1,DDIT3,Fibroblast_CAF,same_target_wrong_cell_state,negative_decoy_candidate,0,0,Degree-aware replacement should be refined before final model training; this table is the first hard-negative candidate pool.
NEG_000176,COAD_AXIS_059,COAD,CMPD025602,"3,5-dihydroxy-2-(4-hydroxyphenyl)chromone",HSP90AB1,DDIT3,Myeloid,wrong_compound_same_context,negative_decoy_candidate,0,0,Degree-aware replacement should be refined before final model training; this table is the first hard-negative candidate pool.
NEG_000177,COAD_AXIS_069,COAD,CMPD026190,Pectolinarigenin,PLAU,ETS1,Myeloid,same_compound_wrong_target,negative_decoy_candidate,0,0,Degree-aware replacement should be refined before final model training; this table is the first hard-negative candidate pool.
NEG_000178,COAD_AXIS_069,COAD,CMPD026190,Pectolinarigenin,ACHE,MYC,T_NK_ILC,same_target_wrong_cell_state,negative_decoy_candidate,0,0,Degree-aware replacement should be refined before final model training; this table is the first hard-negative candidate pool.
NEG_000179,COAD_AXIS_069,COAD,CMPD024927,Dinatin,ACHE,MYC,Myeloid,wrong_compound_same_context,negative_decoy_candidate,0,0,Degree-aware replacement should be refined before final model training; this table is the first hard-negative candidate pool.
NEG_000180,COAD_AXIS_067,COAD,CMPD025264,Deltoin,ACHE,TP53,Myeloid,same_compound_wrong_target,negative_decoy_candidate,0,0,Degree-aware replacement should be refined before final model training; this table is the first hard-negative candidate pool.
NEG_000181,COAD_AXIS_067,COAD,CMPD025264,Deltoin,ACHE,MYC,T_NK_ILC,same_target_wrong_cell_state,negative_decoy_candidate,0,0,Degree-aware replacement should be refined before final model training; this table is the first hard-negative candidate pool.
NEG_000182,COAD_AXIS_067,COAD,CMPD025671,Eckol,ACHE,MYC,Myeloid,wrong_compound_same_context,negative_decoy_candidate,0,0,Degree-aware replacement should be refined before final model training; this table is the first hard-negative candidate pool.
NEG_000183,COAD_AXIS_045,COAD,CMPD013588,2-epigalanthamine,PPARG,DDIT3,Myeloid,same_compound_wrong_target,negative_decoy_candidate,0,0,Degree-aware replacement should be refined before final model training; this table is the first hard-negative candidate pool.
NEG_000184,COAD_AXIS_045,COAD,CMPD013588,2-epigalanthamine,ACHE,TFAP2A,T_NK_ILC,same_target_wrong_cell_state,negative_decoy_candidate,0,0,Degree-aware replacement should be refined before final model training; this table is the first hard-negative candidate pool.
NEG_000185,COAD_AXIS_045,COAD,CMPD025856,Allopseudococain,ACHE,TFAP2A,Myeloid,wrong_compound_same_context,negative_decoy_candidate,0,0,Degree-aware replacement should be refined before final model training; this table is the first hard-negative candidate pool.
NEG_000186,COAD_AXIS_041,COAD,CMPD013588,2-epigalanthamine,ACHE,AP1,Myeloid,same_compound_wrong_target,negative_decoy_candidate,0,0,Degree-aware replacement should be refined before final model training; this table is the first hard-negative candidate pool.
NEG_000187,COAD_AXIS_041,COAD,CMPD013588,2-epigalanthamine,ACHE,HR,T_NK_ILC,same_target_wrong_cell_state,negative_decoy_candidate,0,0,Degree-aware replacement should be refined before final model training; this table is the first hard-negative candidate pool.
NEG_000188,COAD_AXIS_041,COAD,CMPD025856,Allopseudococain,ACHE,HR,Myeloid,wrong_compound_same_context,negative_decoy_candidate,0,0,Degree-aware replacement should be refined before final model training; this table is the first hard-negative candidate pool.
NEG_000189,COAD_AXIS_068,COAD,CMPD024843,Dihydrosanguinarine,PTGS2,ETV4,Myeloid,same_compound_wrong_target,negative_decoy_candidate,0,0,Degree-aware replacement should be refined before final model training; this table is the first hard-negative candidate pool.
NEG_000190,COAD_AXIS_068,COAD,CMPD024843,Dihydrosanguinarine,ACHE,MYC,Fibroblast_CAF,same_target_wrong_cell_state,negative_decoy_candidate,0,0,Degree-aware replacement should be refined before final model training; this table is the first hard-negative candidate pool.
NEG_000191,COAD_AXIS_068,COAD,CMPD024838,Berberine,ACHE,MYC,Myeloid,wrong_compound_same_context,negative_decoy_candidate,0,0,Degree-aware replacement should be refined before final model training; this table is the first hard-negative candidate pool.
NEG_000192,COAD_AXIS_046,COAD,CMPD057237,(-)-huperzine a,MMP1,ETV4,Myeloid,same_compound_wrong_target,negative_decoy_candidate,0,0,Degree-aware replacement should be refined before final model training; this table is the first hard-negative candidate pool.
NEG_000193,COAD_AXIS_046,COAD,CMPD057237,(-)-huperzine a,ACHE,TFAP2A,T_NK_ILC,same_target_wrong_cell_state,negative_decoy_candidate,0,0,Degree-aware replacement should be refined before final model training; this table is the first hard-negative candidate pool.
NEG_000194,COAD_AXIS_046,COAD,CMPD026024,Zizyphusine,ACHE,TFAP2A,Myeloid,wrong_compound_same_context,negative_decoy_candidate,0,0,Degree-aware replacement should be refined before final model training; this table is the first hard-negative candidate pool.
NEG_000195,COAD_AXIS_042,COAD,CMPD057237,(-)-huperzine a,DRD1,HR,Myeloid,same_compound_wrong_target,negative_decoy_candidate,0,0,Degree-aware replacement should be refined before final model training; this table is the first hard-negative candidate pool.
NEG_000196,COAD_AXIS_042,COAD,CMPD057237,(-)-huperzine a,ACHE,HR,T_NK_ILC,same_target_wrong_cell_state,negative_decoy_candidate,0,0,Degree-aware replacement should be refined before final model training; this table is the first hard-negative candidate pool.
NEG_000197,COAD_AXIS_042,COAD,CMPD004807,M-xylene,ACHE,HR,Myeloid,wrong_compound_same_context,negative_decoy_candidate,0,0,Degree-aware replacement should be refined before final model training; this table is the first hard-negative candidate pool.
NEG_000198,COAD_AXIS_058,COAD,CMPD025553,Physovenine,MMP1,ETV4,Myeloid,same_compound_wrong_target,negative_decoy_candidate,0,0,Degree-aware replacement should be refined before final model training; this table is the first hard-negative candidate pool.
NEG_000199,COAD_AXIS_058,COAD,CMPD025553,Physovenine,ACHE,JUN,T_NK_ILC,same_target_wrong_cell_state,negative_decoy_candidate,0,0,Degree-aware replacement should be refined before final model training; this table is the first hard-negative candidate pool.
NEG_000200,COAD_AXIS_058,COAD,CMPD025509,(S)-Canadine,ACHE,JUN,Myeloid,wrong_compound_same_context,negative_decoy_candidate,0,0,Degree-aware replacement should be refined before final model training; this table is the first hard-negative candidate pool.
NEG_000201,COAD_AXIS_015,COAD,CMPD024770,Quercetin,CDK1,KLF5,T_NK_ILC,same_target_wrong_cell_state,negative_decoy_candidate,0,0,Degree-aware replacement should be refined before final model training; this table is the first hard-negative candidate pool.
NEG_000202,COAD_AXIS_015,COAD,CMPD026110,isodihydrofutoquinol a,CDK1,KLF5,Myeloid,wrong_compound_same_context,negative_decoy_candidate,0,0,Degree-aware replacement should be refined before final model training; this table is the first hard-negative candidate pool.
NEG_000203,COAD_AXIS_092,COAD,CMPD016599,Physostigmine,ACHE,SP1,Myeloid,same_compound_wrong_target,negative_decoy_candidate,0,0,Degree-aware replacement should be refined before final model training; this table is the first hard-negative candidate pool.
NEG_000204,COAD_AXIS_092,COAD,CMPD016599,Physostigmine,ACHE,MYC,T_NK_ILC,same_target_wrong_cell_state,negative_decoy_candidate,0,0,Degree-aware replacement should be refined before final model training; this table is the first hard-negative candidate pool.
NEG_000205,COAD_AXIS_092,COAD,CMPD026110,isodihydrofutoquinol a,ACHE,MYC,Myeloid,wrong_compound_same_context,negative_decoy_candidate,0,0,Degree-aware replacement should be refined before final model training; this table is the first hard-negative candidate pool.
NEG_000206,COAD_AXIS_093,COAD,CMPD025553,Physovenine,DRD1,TFAP2A,Myeloid,same_compound_wrong_target,negative_decoy_candidate,0,0,Degree-aware replacement should be refined before final model training; this table is the first hard-negative candidate pool.
NEG_000207,COAD_AXIS_093,COAD,CMPD024946,Baicalein,ACHE,TP53,Myeloid,wrong_compound_same_context,negative_decoy_candidate,0,0,Degree-aware replacement should be refined before final model training; this table is the first hard-negative candidate pool.
NEG_000208,COAD_AXIS_085,COAD,CMPD019676,Berberine chloride,PGR,NFKB,Myeloid,same_compound_wrong_target,negative_decoy_candidate,0,0,Degree-aware replacement should be refined before final model training; this table is the first hard-negative candidate pool.
NEG_000209,COAD_AXIS_085,COAD,CMPD019676,Berberine chloride,ACHE,TFAP2A,T_NK_ILC,same_target_wrong_cell_state,negative_decoy_candidate,0,0,Degree-aware replacement should be refined before final model training; this table is the first hard-negative candidate pool.
NEG_000210,COAD_AXIS_085,COAD,CMPD024806,(-)-epigallocatechin-3-gallate,ACHE,TFAP2A,Myeloid,wrong_compound_same_context,negative_decoy_candidate,0,0,Degree-aware replacement should be refined before final model training; this table is the first hard-negative candidate pool.
NEG_000211,COAD_AXIS_084,COAD,CMPD024838,Berberine,MMP1,ETV4,Myeloid,same_compound_wrong_target,negative_decoy_candidate,0,0,Degree-aware replacement should be refined before final model training; this table is the first hard-negative candidate pool.
NEG_000212,COAD_AXIS_084,COAD,CMPD024838,Berberine,ACHE,TFAP2A,T_NK_ILC,same_target_wrong_cell_state,negative_decoy_candidate,0,0,Degree-aware replacement should be refined before final model training; this table is the first hard-negative candidate pool.
NEG_000213,COAD_AXIS_084,COAD,CMPD026110,isodihydrofutoquinol a,ACHE,TFAP2A,Myeloid,wrong_compound_same_context,negative_decoy_candidate,0,0,Degree-aware replacement should be refined before final model training; this table is the first hard-negative candidate pool.
NEG_000214,COAD_AXIS_078,COAD,CMPD019676,Berberine chloride,ACHE,TP53,Myeloid,same_compound_wrong_target,negative_decoy_candidate,0,0,Degree-aware replacement should be refined before final model training; this table is the first hard-negative candidate pool.
NEG_000215,COAD_AXIS_078,COAD,CMPD019676,Berberine chloride,ACHE,HR,T_NK_ILC,same_target_wrong_cell_state,negative_decoy_candidate,0,0,Degree-aware replacement should be refined before final model training; this table is the first hard-negative candidate pool.
NEG_000216,COAD_AXIS_079,COAD,CMPD024838,Berberine,SLC6A2,MYB,Myeloid,same_compound_wrong_target,negative_decoy_candidate,0,0,Degree-aware replacement should be refined before final model training; this table is the first hard-negative candidate pool.
NEG_000217,COAD_AXIS_079,COAD,CMPD024838,Berberine,ACHE,HR,Fibroblast_CAF,same_target_wrong_cell_state,negative_decoy_candidate,0,0,Degree-aware replacement should be refined before final model training; this table is the first hard-negative candidate pool.
NEG_000218,COAD_AXIS_079,COAD,CMPD025671,Eckol,ACHE,HR,Myeloid,wrong_compound_same_context,negative_decoy_candidate,0,0,Degree-aware replacement should be refined before final model training; this table is the first hard-negative candidate pool.
NEG_000219,COAD_AXIS_087,COAD,CMPD024770,Quercetin,HSP90AB1,MYC,Myeloid,same_compound_wrong_target,negative_decoy_candidate,0,0,Degree-aware replacement should be refined before final model training; this table is the first hard-negative candidate pool.
NEG_000220,COAD_AXIS_087,COAD,CMPD024770,Quercetin,ACHE,JUN,T_NK_ILC,same_target_wrong_cell_state,negative_decoy_candidate,0,0,Degree-aware replacement should be refined before final model training; this table is the first hard-negative candidate pool.
NEG_000221,COAD_AXIS_087,COAD,CMPD063162,Alpha-lipoic acid,ACHE,JUN,Myeloid,wrong_compound_same_context,negative_decoy_candidate,0,0,Degree-aware replacement should be refined before final model training; this table is the first hard-negative candidate pool.
NEG_000222,COAD_AXIS_047,COAD,CMPD025163,Indirubin,ACHE,SP1,Myeloid,same_compound_wrong_target,negative_decoy_candidate,0,0,Degree-aware replacement should be refined before final model training; this table is the first hard-negative candidate pool.
NEG_000223,COAD_AXIS_047,COAD,CMPD025163,Indirubin,CCNA2,FOXM1,Fibroblast_CAF,same_target_wrong_cell_state,negative_decoy_candidate,0,0,Degree-aware replacement should be refined before final model training; this table is the first hard-negative candidate pool.
NEG_000224,COAD_AXIS_047,COAD,CMPD025387,"methyl (E)-2-[(2S,3Z,12bS)-3-ethylidene-2,4,6,7,12,12b-hexahydro-1H-indolo[3,2-h]quinolizin-2-yl]-3-methoxyprop-2-enoate",CCNA2,FOXM1,Myeloid,wrong_compound_same_context,negative_decoy_candidate,0,0,Degree-aware replacement should be refined before final model training; this table is the first hard-negative candidate pool.
NEG_000225,COAD_AXIS_075,COAD,CMPD024770,Quercetin,ACHE,AP1,Myeloid,same_compound_wrong_target,negative_decoy_candidate,0,0,Degree-aware replacement should be refined before final model training; this table is the first hard-negative candidate pool.
NEG_000226,COAD_AXIS_075,COAD,CMPD024770,Quercetin,MMP1,CEBPG,Fibroblast_CAF,same_target_wrong_cell_state,negative_decoy_candidate,0,0,Degree-aware replacement should be refined before final model training; this table is the first hard-negative candidate pool.
NEG_000227,COAD_AXIS_075,COAD,CMPD024776,Sumatrol,MMP1,CEBPG,Myeloid,wrong_compound_same_context,negative_decoy_candidate,0,0,Degree-aware replacement should be refined before final model training; this table is the first hard-negative candidate pool.
NEG_000228,COAD_AXIS_094,COAD,CMPD025160,Tanshinone iia,PPARG,ETV4,Myeloid,same_compound_wrong_target,negative_decoy_candidate,0,0,Degree-aware replacement should be refined before final model training; this table is the first hard-negative candidate pool.
NEG_000229,COAD_AXIS_094,COAD,CMPD025160,Tanshinone iia,ACHE,JUN,T_NK_ILC,same_target_wrong_cell_state,negative_decoy_candidate,0,0,Degree-aware replacement should be refined before final model training; this table is the first hard-negative candidate pool.
NEG_000230,COAD_AXIS_094,COAD,CMPD004917,Toluene,ACHE,JUN,Myeloid,wrong_compound_same_context,negative_decoy_candidate,0,0,Degree-aware replacement should be refined before final model training; this table is the first hard-negative candidate pool.
NEG_000231,COAD_AXIS_082,COAD,CMPD024820,Luteolin,ACHE,JUN,Myeloid,same_compound_wrong_target,negative_decoy_candidate,0,0,Degree-aware replacement should be refined before final model training; this table is the first hard-negative candidate pool.
NEG_000232,COAD_AXIS_082,COAD,CMPD024820,Luteolin,MMP1,CEBPG,T_NK_ILC,same_target_wrong_cell_state,negative_decoy_candidate,0,0,Degree-aware replacement should be refined before final model training; this table is the first hard-negative candidate pool.
NEG_000233,COAD_AXIS_082,COAD,CMPD025160,Tanshinone iia,MMP1,CEBPG,Myeloid,wrong_compound_same_context,negative_decoy_candidate,0,0,Degree-aware replacement should be refined before final model training; this table is the first hard-negative candidate pool.
NEG_000234,COAD_AXIS_083,COAD,CMPD024768,Kaempferol,CDK1,E2F1,Myeloid,same_compound_wrong_target,negative_decoy_candidate,0,0,Degree-aware replacement should be refined before final model training; this table is the first hard-negative candidate pool.
NEG_000235,COAD_AXIS_083,COAD,CMPD024768,Kaempferol,MMP1,CEBPG,T_NK_ILC,same_target_wrong_cell_state,negative_decoy_candidate,0,0,Degree-aware replacement should be refined before final model training; this table is the first hard-negative candidate pool.
NEG_000236,COAD_AXIS_083,COAD,CMPD019676,Berberine chloride,MMP1,CEBPG,Myeloid,wrong_compound_same_context,negative_decoy_candidate,0,0,Degree-aware replacement should be refined before final model training; this table is the first hard-negative candidate pool.
NEG_000237,COAD_AXIS_088,COAD,CMPD024806,(-)-epigallocatechin-3-gallate,ACHE,TP53,Myeloid,same_compound_wrong_target,negative_decoy_candidate,0,0,Degree-aware replacement should be refined before final model training; this table is the first hard-negative candidate pool.
NEG_000238,COAD_AXIS_088,COAD,CMPD024806,(-)-epigallocatechin-3-gallate,MMP1,CEBPG,T_NK_ILC,same_target_wrong_cell_state,negative_decoy_candidate,0,0,Degree-aware replacement should be refined before final model training; this table is the first hard-negative candidate pool.
NEG_000239,COAD_AXIS_088,COAD,CMPD024838,Berberine,MMP1,CEBPG,Myeloid,wrong_compound_same_context,negative_decoy_candidate,0,0,Degree-aware replacement should be refined before final model training; this table is the first hard-negative candidate pool.
NEG_000240,COAD_AXIS_099,COAD,CMPD025251,Decursin,CDK1,E2F1,Myeloid,same_compound_wrong_target,negative_decoy_candidate,0,0,Degree-aware replacement should be refined before final model training; this table is the first hard-negative candidate pool.
NEG_000241,COAD_AXIS_099,COAD,CMPD025251,Decursin,ACHE,JUN,T_NK_ILC,same_target_wrong_cell_state,negative_decoy_candidate,0,0,Degree-aware replacement should be refined before final model training; this table is the first hard-negative candidate pool.
NEG_000242,COAD_AXIS_099,COAD,CMPD024927,Dinatin,ACHE,JUN,Myeloid,wrong_compound_same_context,negative_decoy_candidate,0,0,Degree-aware replacement should be refined before final model training; this table is the first hard-negative candidate pool.
NEG_000243,COAD_AXIS_097,COAD,CMPD025216,Marmesinin,CDK1,E2F1,Myeloid,same_compound_wrong_target,negative_decoy_candidate,0,0,Degree-aware replacement should be refined before final model training; this table is the first hard-negative candidate pool.
NEG_000244,COAD_AXIS_097,COAD,CMPD025216,Marmesinin,ACHE,JUN,T_NK_ILC,same_target_wrong_cell_state,negative_decoy_candidate,0,0,Degree-aware replacement should be refined before final model training; this table is the first hard-negative candidate pool.
NEG_000245,COAD_AXIS_097,COAD,CMPD026195,Noscapine,ACHE,JUN,Myeloid,wrong_compound_same_context,negative_decoy_candidate,0,0,Degree-aware replacement should be refined before final model training; this table is the first hard-negative candidate pool.
NEG_000246,COAD_AXIS_096,COAD,CMPD025387,"methyl (E)-2-[(2S,3Z,12bS)-3-ethylidene-2,4,6,7,12,12b-hexahydro-1H-indolo[3,2-h]quinolizin-2-yl]-3-methoxyprop-2-enoate",PPARG,CEBPG,Myeloid,same_compound_wrong_target,negative_decoy_candidate,0,0,Degree-aware replacement should be refined before final model training; this table is the first hard-negative candidate pool.
NEG_000247,COAD_AXIS_096,COAD,CMPD025387,"methyl (E)-2-[(2S,3Z,12bS)-3-ethylidene-2,4,6,7,12,12b-hexahydro-1H-indolo[3,2-h]quinolizin-2-yl]-3-methoxyprop-2-enoate",ACHE,JUN,Fibroblast_CAF,same_target_wrong_cell_state,negative_decoy_candidate,0,0,Degree-aware replacement should be refined before final model training; this table is the first hard-negative candidate pool.
NEG_000248,COAD_AXIS_096,COAD,CMPD025678,Hyperforin,ACHE,JUN,Myeloid,wrong_compound_same_context,negative_decoy_candidate,0,0,Degree-aware replacement should be refined before final model training; this table is the first hard-negative candidate pool.
NEG_000249,COAD_AXIS_098,COAD,CMPD026148,Corydalmine,CDK1,E2F1,Myeloid,same_compound_wrong_target,negative_decoy_candidate,0,0,Degree-aware replacement should be refined before final model training; this table is the first hard-negative candidate pool.
NEG_000250,COAD_AXIS_098,COAD,CMPD026148,Corydalmine,ACHE,JUN,Fibroblast_CAF,same_target_wrong_cell_state,negative_decoy_candidate,0,0,Degree-aware replacement should be refined before final model training; this table is the first hard-negative candidate pool.
NEG_000251,COAD_AXIS_098,COAD,CMPD025287,Gancaonin A,ACHE,JUN,Myeloid,wrong_compound_same_context,negative_decoy_candidate,0,0,Degree-aware replacement should be refined before final model training; this table is the first hard-negative candidate pool.
NEG_000252,COAD_AXIS_100,COAD,CMPD025384,Angustidine,CDK1,MYC,Myeloid,same_compound_wrong_target,negative_decoy_candidate,0,0,Degree-aware replacement should be refined before final model training; this table is the first hard-negative candidate pool.
NEG_000253,COAD_AXIS_100,COAD,CMPD025384,Angustidine,ACHE,JUN,Fibroblast_CAF,same_target_wrong_cell_state,negative_decoy_candidate,0,0,Degree-aware replacement should be refined before final model training; this table is the first hard-negative candidate pool.
NEG_000254,COAD_AXIS_100,COAD,CMPD004807,M-xylene,ACHE,JUN,Myeloid,wrong_compound_same_context,negative_decoy_candidate,0,0,Degree-aware replacement should be refined before final model training; this table is the first hard-negative candidate pool.
NEG_000255,COAD_AXIS_038,COAD,CMPD024770,Quercetin,PPARG,DDIT3,Myeloid,same_compound_wrong_target,negative_decoy_candidate,0,0,Degree-aware replacement should be refined before final model training; this table is the first hard-negative candidate pool.
NEG_000256,COAD_AXIS_038,COAD,CMPD024770,Quercetin,CDK1,MYBL2,Fibroblast_CAF,same_target_wrong_cell_state,negative_decoy_candidate,0,0,Degree-aware replacement should be refined before final model training; this table is the first hard-negative candidate pool.
NEG_000257,COAD_AXIS_038,COAD,CMPD025387,"methyl (E)-2-[(2S,3Z,12bS)-3-ethylidene-2,4,6,7,12,12b-hexahydro-1H-indolo[3,2-h]quinolizin-2-yl]-3-methoxyprop-2-enoate",CDK1,MYBL2,Myeloid,wrong_compound_same_context,negative_decoy_candidate,0,0,Degree-aware replacement should be refined before final model training; this table is the first hard-negative candidate pool.
NEG_000258,COAD_AXIS_039,COAD,CMPD024770,Quercetin,CDK1,MYC,Myeloid,same_compound_wrong_target,negative_decoy_candidate,0,0,Degree-aware replacement should be refined before final model training; this table is the first hard-negative candidate pool.
NEG_000259,COAD_AXIS_039,COAD,CMPD024770,Quercetin,CDK1,E2F1,T_NK_ILC,same_target_wrong_cell_state,negative_decoy_candidate,0,0,Degree-aware replacement should be refined before final model training; this table is the first hard-negative candidate pool.
NEG_000260,COAD_AXIS_039,COAD,CMPD024927,Dinatin,CDK1,E2F1,Myeloid,wrong_compound_same_context,negative_decoy_candidate,0,0,Degree-aware replacement should be refined before final model training; this table is the first hard-negative candidate pool.
NEG_000261,COAD_AXIS_002,COAD,CMPD025553,Physovenine,PPARG,CEBPG,Myeloid,same_compound_wrong_target,negative_decoy_candidate,0,0,Degree-aware replacement should be refined before final model training; this table is the first hard-negative candidate pool.
NEG_000262,COAD_AXIS_002,COAD,CMPD025553,Physovenine,ACHE,AP1,Fibroblast_CAF,same_target_wrong_cell_state,negative_decoy_candidate,0,0,Degree-aware replacement should be refined before final model training; this table is the first hard-negative candidate pool.
NEG_000263,COAD_AXIS_002,COAD,CMPD025509,(S)-Canadine,ACHE,AP1,Myeloid,wrong_compound_same_context,negative_decoy_candidate,0,0,Degree-aware replacement should be refined before final model training; this table is the first hard-negative candidate pool.
NEG_000264,COAD_AXIS_077,COAD,CMPD025163,Indirubin,DRD1,TFAP2A,Myeloid,same_compound_wrong_target,negative_decoy_candidate,0,0,Degree-aware replacement should be refined before final model training; this table is the first hard-negative candidate pool.
NEG_000265,COAD_AXIS_077,COAD,CMPD025163,Indirubin,CDK1,MYBL2,T_NK_ILC,same_target_wrong_cell_state,negative_decoy_candidate,0,0,Degree-aware replacement should be refined before final model training; this table is the first hard-negative candidate pool.
NEG_000266,COAD_AXIS_077,COAD,CMPD025384,Angustidine,CDK1,MYBL2,Myeloid,wrong_compound_same_context,negative_decoy_candidate,0,0,Degree-aware replacement should be refined before final model training; this table is the first hard-negative candidate pool.
NEG_000267,COAD_AXIS_091,COAD,CMPD025501,Rutaecarpine,ACHE,SP1,Myeloid,same_compound_wrong_target,negative_decoy_candidate,0,0,Degree-aware replacement should be refined before final model training; this table is the first hard-negative candidate pool.
NEG_000268,COAD_AXIS_091,COAD,CMPD025501,Rutaecarpine,PTGS2,ETV4,T_NK_ILC,same_target_wrong_cell_state,negative_decoy_candidate,0,0,Degree-aware replacement should be refined before final model training; this table is the first hard-negative candidate pool.
NEG_000269,COAD_AXIS_091,COAD,CMPD013394,"1,2-dimethylbenzene",PTGS2,ETV4,Myeloid,wrong_compound_same_context,negative_decoy_candidate,0,0,Degree-aware replacement should be refined before final model training; this table is the first hard-negative candidate pool.
NEG_000270,COAD_AXIS_095,COAD,CMPD025693,Triptolide,ACHE,TBP,Myeloid,same_compound_wrong_target,negative_decoy_candidate,0,0,Degree-aware replacement should be refined before final model training; this table is the first hard-negative candidate pool.
NEG_000271,COAD_AXIS_095,COAD,CMPD025693,Triptolide,PTGS2,ETV4,T_NK_ILC,same_target_wrong_cell_state,negative_decoy_candidate,0,0,Degree-aware replacement should be refined before final model training; this table is the first hard-negative candidate pool.
NEG_000272,COAD_AXIS_095,COAD,CMPD024770,Quercetin,PTGS2,ETV4,Myeloid,wrong_compound_same_context,negative_decoy_candidate,0,0,Degree-aware replacement should be refined before final model training; this table is the first hard-negative candidate pool.
NEG_000273,COAD_AXIS_074,COAD,CMPD024770,Quercetin,GSTP1,CEBPG,Myeloid,same_compound_wrong_target,negative_decoy_candidate,0,0,Degree-aware replacement should be refined before final model training; this table is the first hard-negative candidate pool.
NEG_000274,COAD_AXIS_074,COAD,CMPD024770,Quercetin,MMP1,ETV4,Fibroblast_CAF,same_target_wrong_cell_state,negative_decoy_candidate,0,0,Degree-aware replacement should be refined before final model training; this table is the first hard-negative candidate pool.
NEG_000275,COAD_AXIS_074,COAD,CMPD024843,Dihydrosanguinarine,MMP1,ETV4,Myeloid,wrong_compound_same_context,negative_decoy_candidate,0,0,Degree-aware replacement should be refined before final model training; this table is the first hard-negative candidate pool.
NEG_000276,COAD_AXIS_081,COAD,CMPD024768,Kaempferol,BACE1,NFKB,Myeloid,same_compound_wrong_target,negative_decoy_candidate,0,0,Degree-aware replacement should be refined before final model training; this table is the first hard-negative candidate pool.
NEG_000277,COAD_AXIS_081,COAD,CMPD024768,Kaempferol,MMP1,ETV4,Endothelial,same_target_wrong_cell_state,negative_decoy_candidate,0,0,Degree-aware replacement should be refined before final model training; this table is the first hard-negative candidate pool.
NEG_000278,COAD_AXIS_081,COAD,CMPD025163,Indirubin,MMP1,ETV4,Myeloid,wrong_compound_same_context,negative_decoy_candidate,0,0,Degree-aware replacement should be refined before final model training; this table is the first hard-negative candidate pool.
NEG_000279,COAD_AXIS_080,COAD,CMPD024820,Luteolin,DRD1,HR,Myeloid,same_compound_wrong_target,negative_decoy_candidate,0,0,Degree-aware replacement should be refined before final model training; this table is the first hard-negative candidate pool.
NEG_000280,COAD_AXIS_080,COAD,CMPD024820,Luteolin,MMP1,ETV4,T_NK_ILC,same_target_wrong_cell_state,negative_decoy_candidate,0,0,Degree-aware replacement should be refined before final model training; this table is the first hard-negative candidate pool.
NEG_000281,COAD_AXIS_080,COAD,CMPD025754,Ibogain,MMP1,ETV4,Myeloid,wrong_compound_same_context,negative_decoy_candidate,0,0,Degree-aware replacement should be refined before final model training; this table is the first hard-negative candidate pool.
NEG_000282,COAD_AXIS_086,COAD,CMPD024806,(-)-epigallocatechin-3-gallate,ACHE,JUN,Myeloid,same_compound_wrong_target,negative_decoy_candidate,0,0,Degree-aware replacement should be refined before final model training; this table is the first hard-negative candidate pool.
NEG_000283,COAD_AXIS_086,COAD,CMPD024806,(-)-epigallocatechin-3-gallate,MMP1,ETV4,T_NK_ILC,same_target_wrong_cell_state,negative_decoy_candidate,0,0,Degree-aware replacement should be refined before final model training; this table is the first hard-negative candidate pool.
NEG_000284,COAD_AXIS_086,COAD,CMPD025623,Psi-Baptigenin,MMP1,ETV4,Myeloid,wrong_compound_same_context,negative_decoy_candidate,0,0,Degree-aware replacement should be refined before final model training; this table is the first hard-negative candidate pool.
NEG_000285,COAD_AXIS_076,COAD,CMPD025671,Eckol,ACHE,JUN,Myeloid,same_compound_wrong_target,negative_decoy_candidate,0,0,Degree-aware replacement should be refined before final model training; this table is the first hard-negative candidate pool.
NEG_000286,COAD_AXIS_076,COAD,CMPD025671,Eckol,BACE1,NFKB,T_NK_ILC,same_target_wrong_cell_state,negative_decoy_candidate,0,0,Degree-aware replacement should be refined before final model training; this table is the first hard-negative candidate pool.
NEG_000287,COAD_AXIS_076,COAD,CMPD025602,"3,5-dihydroxy-2-(4-hydroxyphenyl)chromone",BACE1,NFKB,Myeloid,wrong_compound_same_context,negative_decoy_candidate,0,0,Degree-aware replacement should be refined before final model training; this table is the first hard-negative candidate pool.
NEG_000288,COAD_AXIS_090,COAD,CMPD024770,Quercetin,ACHE,SSRP1,Fibroblast_CAF,same_compound_wrong_target,negative_decoy_candidate,0,0,Degree-aware replacement should be refined before final model training; this table is the first hard-negative candidate pool.
NEG_000289,COAD_AXIS_090,COAD,CMPD025553,Physovenine,CDK1,E2F1,Fibroblast_CAF,wrong_compound_same_context,negative_decoy_candidate,0,0,Degree-aware replacement should be refined before final model training; this table is the first hard-negative candidate pool.
NEG_000290,LIHC_AXIS_092,LIHC,CMPD025015,"4',5-Dihydroxyflavone",CDK1,KLF5,T_NK_ILC,same_compound_wrong_target,negative_decoy_candidate,0,0,Degree-aware replacement should be refined before final model training; this table is the first hard-negative candidate pool.
NEG_000291,LIHC_AXIS_092,LIHC,CMPD025015,"4',5-Dihydroxyflavone",AR,HDAC1,Tumor_Lineage,same_target_wrong_cell_state,negative_decoy_candidate,0,0,Degree-aware replacement should be refined before final model training; this table is the first hard-negative candidate pool.
NEG_000292,LIHC_AXIS_092,LIHC,CMPD024770,Quercetin,AR,HDAC1,T_NK_ILC,wrong_compound_same_context,negative_decoy_candidate,0,0,Degree-aware replacement should be refined before final model training; this table is the first hard-negative candidate pool.
NEG_000293,LIHC_AXIS_008,LIHC,CMPD024770,Quercetin,AHR,STAT3,Tumor_Lineage,same_compound_wrong_target,negative_decoy_candidate,0,0,Degree-aware replacement should be refined before final model training; this table is the first hard-negative candidate pool.
NEG_000294,LIHC_AXIS_008,LIHC,CMPD024770,Quercetin,MMP1,EHF,T_NK_ILC,same_target_wrong_cell_state,negative_decoy_candidate,0,0,Degree-aware replacement should be refined before final model training; this table is the first hard-negative candidate pool.
NEG_000295,LIHC_AXIS_008,LIHC,CMPD025479,Ellipticine,MMP1,EHF,Tumor_Lineage,wrong_compound_same_context,negative_decoy_candidate,0,0,Degree-aware replacement should be refined before final model training; this table is the first hard-negative candidate pool.
NEG_000296,LIHC_AXIS_010,LIHC,CMPD024768,Kaempferol,ACHE,NFE2L2,Tumor_Lineage,same_compound_wrong_target,negative_decoy_candidate,0,0,Degree-aware replacement should be refined before final model training; this table is the first hard-negative candidate pool.
NEG_000297,LIHC_AXIS_010,LIHC,CMPD024768,Kaempferol,MMP1,EHF,Plasma_cell,same_target_wrong_cell_state,negative_decoy_candidate,0,0,Degree-aware replacement should be refined before final model training; this table is the first hard-negative candidate pool.
NEG_000298,LIHC_AXIS_010,LIHC,CMPD052974,Collagen,MMP1,EHF,Tumor_Lineage,wrong_compound_same_context,negative_decoy_candidate,0,0,Degree-aware replacement should be refined before final model training; this table is the first hard-negative candidate pool.
NEG_000299,LIHC_AXIS_011,LIHC,CMPD024820,Luteolin,AR,MYC,Tumor_Lineage,same_compound_wrong_target,negative_decoy_candidate,0,0,Degree-aware replacement should be refined before final model training; this table is the first hard-negative candidate pool.
NEG_000300,LIHC_AXIS_011,LIHC,CMPD024820,Luteolin,MMP1,EHF,Plasma_cell,same_target_wrong_cell_state,negative_decoy_candidate,0,0,Degree-aware replacement should be refined before final model training; this table is the first hard-negative candidate pool.
NEG_000301,LIHC_AXIS_011,LIHC,CMPD025188,Eriodyctiol (flavanone),MMP1,EHF,Tumor_Lineage,wrong_compound_same_context,negative_decoy_candidate,0,0,Degree-aware replacement should be refined before final model training; this table is the first hard-negative candidate pool.
NEG_000302,LIHC_AXIS_013,LIHC,CMPD024806,(-)-epigallocatechin-3-gallate,CDK1,E2F4,Tumor_Lineage,same_compound_wrong_target,negative_decoy_candidate,0,0,Degree-aware replacement should be refined before final model training; this table is the first hard-negative candidate pool.
NEG_000303,LIHC_AXIS_013,LIHC,CMPD024806,(-)-epigallocatechin-3-gallate,MMP1,EHF,Myeloid,same_target_wrong_cell_state,negative_decoy_candidate,0,0,Degree-aware replacement should be refined before final model training; this table is the first hard-negative candidate pool.
NEG_000304,LIHC_AXIS_013,LIHC,CMPD026829,Flavopiridol,MMP1,EHF,Tumor_Lineage,wrong_compound_same_context,negative_decoy_candidate,0,0,Degree-aware replacement should be refined before final model training; this table is the first hard-negative candidate pool.
NEG_000305,LIHC_AXIS_050,LIHC,CMPD024770,Quercetin,AR,HDAC1,Tumor_Lineage,same_compound_wrong_target,negative_decoy_candidate,0,0,Degree-aware replacement should be refined before final model training; this table is the first hard-negative candidate pool.
NEG_000306,LIHC_AXIS_050,LIHC,CMPD024770,Quercetin,MMP1,FOXO1,Plasma_cell,same_target_wrong_cell_state,negative_decoy_candidate,0,0,Degree-aware replacement should be refined before final model training; this table is the first hard-negative candidate pool.
NEG_000307,LIHC_AXIS_050,LIHC,CMPD053196,Rocaglamide,MMP1,FOXO1,Tumor_Lineage,wrong_compound_same_context,negative_decoy_candidate,0,0,Degree-aware replacement should be refined before final model training; this table is the first hard-negative candidate pool.
NEG_000308,LIHC_AXIS_034,LIHC,CMPD024770,Quercetin,RELA,E2F1,Plasma_cell,same_compound_wrong_target,negative_decoy_candidate,0,0,Degree-aware replacement should be refined before final model training; this table is the first hard-negative candidate pool.
NEG_000309,LIHC_AXIS_034,LIHC,CMPD024770,Quercetin,MMP1,SMAD2,Tumor_Lineage,same_target_wrong_cell_state,negative_decoy_candidate,0,0,Degree-aware replacement should be refined before final model training; this table is the first hard-negative candidate pool.
NEG_000310,LIHC_AXIS_034,LIHC,CMPD025929,Artemisinin,MMP1,SMAD2,Plasma_cell,wrong_compound_same_context,negative_decoy_candidate,0,0,Degree-aware replacement should be refined before final model training; this table is the first hard-negative candidate pool.
NEG_000311,LIHC_AXIS_043,LIHC,CMPD025501,Rutaecarpine,MMP1,CTNNB1,Tumor_Lineage,same_compound_wrong_target,negative_decoy_candidate,0,0,Degree-aware replacement should be refined before final model training; this table is the first hard-negative candidate pool.
NEG_000312,LIHC_AXIS_043,LIHC,CMPD025501,Rutaecarpine,CYP1A2,NR1I3,T_NK_ILC,same_target_wrong_cell_state,negative_decoy_candidate,0,0,Degree-aware replacement should be refined before final model training; this table is the first hard-negative candidate pool.
NEG_000313,LIHC_AXIS_043,LIHC,CMPD024820,Luteolin,CYP1A2,NR1I3,Tumor_Lineage,wrong_compound_same_context,negative_decoy_candidate,0,0,Degree-aware replacement should be refined before final model training; this table is the first hard-negative candidate pool.
NEG_000314,LIHC_AXIS_088,LIHC,CMPD024770,Quercetin,CYP1A2,NR1I3,Tumor_Lineage,same_compound_wrong_target,negative_decoy_candidate,0,0,Degree-aware replacement should be refined before final model training; this table is the first hard-negative candidate pool.
NEG_000315,LIHC_AXIS_088,LIHC,CMPD024770,Quercetin,MMP1,MYC,Plasma_cell,same_target_wrong_cell_state,negative_decoy_candidate,0,0,Degree-aware replacement should be refined before final model training; this table is the first hard-negative candidate pool.
NEG_000316,LIHC_AXIS_088,LIHC,CMPD025188,Eriodyctiol (flavanone),MMP1,MYC,Tumor_Lineage,wrong_compound_same_context,negative_decoy_candidate,0,0,Degree-aware replacement should be refined before final model training; this table is the first hard-negative candidate pool.
NEG_000317,LIHC_AXIS_001,LIHC,CMPD025479,Ellipticine,CYP1A1,NR1H3,Tumor_Lineage,same_compound_wrong_target,negative_decoy_candidate,0,0,Degree-aware replacement should be refined before final model training; this table is the first hard-negative candidate pool.
NEG_000318,LIHC_AXIS_001,LIHC,CMPD025479,Ellipticine,CYP1A1,NR1I3,Plasma_cell,same_target_wrong_cell_state,negative_decoy_candidate,0,0,Degree-aware replacement should be refined before final model training; this table is the first hard-negative candidate pool.
NEG_000319,LIHC_AXIS_001,LIHC,CMPD025501,Rutaecarpine,CYP1A1,NR1I3,Tumor_Lineage,wrong_compound_same_context,negative_decoy_candidate,0,0,Degree-aware replacement should be refined before final model training; this table is the first hard-negative candidate pool.
NEG_000320,LIHC_AXIS_060,LIHC,CMPD024768,Kaempferol,CDK1,NFYA,Tumor_Lineage,same_compound_wrong_target,negative_decoy_candidate,0,0,Degree-aware replacement should be refined before final model training; this table is the first hard-negative candidate pool.
NEG_000321,LIHC_AXIS_060,LIHC,CMPD024768,Kaempferol,MMP1,FOXO1,Plasma_cell,same_target_wrong_cell_state,negative_decoy_candidate,0,0,Degree-aware replacement should be refined before final model training; this table is the first hard-negative candidate pool.
NEG_000322,LIHC_AXIS_060,LIHC,CMPD051922,"3,4-benzopyrene",MMP1,FOXO1,Tumor_Lineage,wrong_compound_same_context,negative_decoy_candidate,0,0,Degree-aware replacement should be refined before final model training; this table is the first hard-negative candidate pool.
NEG_000323,LIHC_AXIS_059,LIHC,CMPD024820,Luteolin,PLAU,E2F1,Tumor_Lineage,same_compound_wrong_target,negative_decoy_candidate,0,0,Degree-aware replacement should be refined before final model training; this table is the first hard-negative candidate pool.
NEG_000324,LIHC_AXIS_059,LIHC,CMPD024820,Luteolin,MMP1,FOXO1,Plasma_cell,same_target_wrong_cell_state,negative_decoy_candidate,0,0,Degree-aware replacement should be refined before final model training; this table is the first hard-negative candidate pool.
NEG_000325,LIHC_AXIS_059,LIHC,CMPD026234,Fisetin,MMP1,FOXO1,Tumor_Lineage,wrong_compound_same_context,negative_decoy_candidate,0,0,Degree-aware replacement should be refined before final model training; this table is the first hard-negative candidate pool.
NEG_000326,LIHC_AXIS_061,LIHC,CMPD024770,Quercetin,AR,E2F1,Plasma_cell,same_compound_wrong_target,negative_decoy_candidate,0,0,Degree-aware replacement should be refined before final model training; this table is the first hard-negative candidate pool.
NEG_000327,LIHC_AXIS_061,LIHC,CMPD024770,Quercetin,MMP1,CEBPB,T_NK_ILC,same_target_wrong_cell_state,negative_decoy_candidate,0,0,Degree-aware replacement should be refined before final model training; this table is the first hard-negative candidate pool.
NEG_000328,LIHC_AXIS_061,LIHC,CMPD025671,Eckol,MMP1,CEBPB,Plasma_cell,wrong_compound_same_context,negative_decoy_candidate,0,0,Degree-aware replacement should be refined before final model training; this table is the first hard-negative candidate pool.
NEG_000329,LIHC_AXIS_045,LIHC,CMPD024820,Luteolin,AHR,NR1H3,Plasma_cell,same_compound_wrong_target,negative_decoy_candidate,0,0,Degree-aware replacement should be refined before final model training; this table is the first hard-negative candidate pool.
NEG_000330,LIHC_AXIS_045,LIHC,CMPD024820,Luteolin,MMP1,SMAD2,Tumor_Lineage,same_target_wrong_cell_state,negative_decoy_candidate,0,0,Degree-aware replacement should be refined before final model training; this table is the first hard-negative candidate pool.
NEG_000331,LIHC_AXIS_045,LIHC,CMPD025188,Eriodyctiol (flavanone),MMP1,SMAD2,Plasma_cell,wrong_compound_same_context,negative_decoy_candidate,0,0,Degree-aware replacement should be refined before final model training; this table is the first hard-negative candidate pool.
NEG_000332,LIHC_AXIS_031,LIHC,CMPD024770,Quercetin,MMP1,HOPX,T_NK_ILC,same_compound_wrong_target,negative_decoy_candidate,0,0,Degree-aware replacement should be refined before final model training; this table is the first hard-negative candidate pool.
NEG_000333,LIHC_AXIS_031,LIHC,CMPD024770,Quercetin,MMP1,CEBPG,Tumor_Lineage,same_target_wrong_cell_state,negative_decoy_candidate,0,0,Degree-aware replacement should be refined before final model training; this table is the first hard-negative candidate pool.
NEG_000334,LIHC_AXIS_031,LIHC,CMPD024820,Luteolin,MMP1,CEBPG,T_NK_ILC,wrong_compound_same_context,negative_decoy_candidate,0,0,Degree-aware replacement should be refined before final model training; this table is the first hard-negative candidate pool.
NEG_000335,LIHC_AXIS_044,LIHC,CMPD024768,Kaempferol,CYP1A1,NR1I3,Plasma_cell,same_compound_wrong_target,negative_decoy_candidate,0,0,Degree-aware replacement should be refined before final model training; this table is the first hard-negative candidate pool.
NEG_000336,LIHC_AXIS_044,LIHC,CMPD024768,Kaempferol,MMP1,SMAD2,Tumor_Lineage,same_target_wrong_cell_state,negative_decoy_candidate,0,0,Degree-aware replacement should be refined before final model training; this table is the first hard-negative candidate pool.
NEG_000337,LIHC_AXIS_044,LIHC,CMPD025553,Physovenine,MMP1,SMAD2,Plasma_cell,wrong_compound_same_context,negative_decoy_candidate,0,0,Degree-aware replacement should be refined before final model training; this table is the first hard-negative candidate pool.
NEG_000338,LIHC_AXIS_071,LIHC,CMPD024806,(-)-epigallocatechin-3-gallate,MMP1,CEBPG,Tumor_Lineage,same_compound_wrong_target,negative_decoy_candidate,0,0,Degree-aware replacement should be refined before final model training; this table is the first hard-negative candidate pool.
NEG_000339,LIHC_AXIS_071,LIHC,CMPD024806,(-)-epigallocatechin-3-gallate,MMP1,FOXO1,Plasma_cell,same_target_wrong_cell_state,negative_decoy_candidate,0,0,Degree-aware replacement should be refined before final model training; this table is the first hard-negative candidate pool.
NEG_000340,LIHC_AXIS_071,LIHC,CMPD025163,Indirubin,MMP1,FOXO1,Tumor_Lineage,wrong_compound_same_context,negative_decoy_candidate,0,0,Degree-aware replacement should be refined before final model training; this table is the first hard-negative candidate pool.
NEG_000341,LIHC_AXIS_049,LIHC,CMPD024806,(-)-epigallocatechin-3-gallate,MMP1,HOPX,Plasma_cell,same_compound_wrong_target,negative_decoy_candidate,0,0,Degree-aware replacement should be refined before final model training; this table is the first hard-negative candidate pool.
NEG_000342,LIHC_AXIS_049,LIHC,CMPD024806,(-)-epigallocatechin-3-gallate,MMP1,SMAD2,Tumor_Lineage,same_target_wrong_cell_state,negative_decoy_candidate,0,0,Degree-aware replacement should be refined before final model training; this table is the first hard-negative candidate pool.
NEG_000343,LIHC_AXIS_049,LIHC,CMPD025566,"3',4',7-trihydroxyflavanone",MMP1,SMAD2,Plasma_cell,wrong_compound_same_context,negative_decoy_candidate,0,0,Degree-aware replacement should be refined before final model training; this table is the first hard-negative candidate pool.
NEG_000344,LIHC_AXIS_078,LIHC,CMPD024768,Kaempferol,CDK1,E2F4,Plasma_cell,same_compound_wrong_target,negative_decoy_candidate,0,0,Degree-aware replacement should be refined before final model training; this table is the first hard-negative candidate pool.
NEG_000345,LIHC_AXIS_078,LIHC,CMPD024768,Kaempferol,MMP1,CEBPB,Tumor_Lineage,same_target_wrong_cell_state,negative_decoy_candidate,0,0,Degree-aware replacement should be refined before final model training; this table is the first hard-negative candidate pool.
NEG_000346,LIHC_AXIS_078,LIHC,CMPD025501,Rutaecarpine,MMP1,CEBPB,Plasma_cell,wrong_compound_same_context,negative_decoy_candidate,0,0,Degree-aware replacement should be refined before final model training; this table is the first hard-negative candidate pool.
NEG_000347,LIHC_AXIS_079,LIHC,CMPD024820,Luteolin,CDK1,E2F4,Plasma_cell,same_compound_wrong_target,negative_decoy_candidate,0,0,Degree-aware replacement should be refined before final model training; this table is the first hard-negative candidate pool.
NEG_000348,LIHC_AXIS_079,LIHC,CMPD024820,Luteolin,MMP1,CEBPB,Tumor_Lineage,same_target_wrong_cell_state,negative_decoy_candidate,0,0,Degree-aware replacement should be refined before final model training; this table is the first hard-negative candidate pool.
NEG_000349,LIHC_AXIS_079,LIHC,CMPD025348,Galangin,MMP1,CEBPB,Plasma_cell,wrong_compound_same_context,negative_decoy_candidate,0,0,Degree-aware replacement should be refined before final model training; this table is the first hard-negative candidate pool.
NEG_000350,LIHC_AXIS_046,LIHC,CMPD025015,"4',5-Dihydroxyflavone",MMP1,MYC,Tumor_Lineage,same_compound_wrong_target,negative_decoy_candidate,0,0,Degree-aware replacement should be refined before final model training; this table is the first hard-negative candidate pool.
NEG_000351,LIHC_AXIS_046,LIHC,CMPD025015,"4',5-Dihydroxyflavone",AR,E2F1,Plasma_cell,same_target_wrong_cell_state,negative_decoy_candidate,0,0,Degree-aware replacement should be refined before final model training; this table is the first hard-negative candidate pool.
NEG_000352,LIHC_AXIS_046,LIHC,CMPD008994,Acteoside,AR,E2F1,Tumor_Lineage,wrong_compound_same_context,negative_decoy_candidate,0,0,Degree-aware replacement should be refined before final model training; this table is the first hard-negative candidate pool.
NEG_000353,LIHC_AXIS_086,LIHC,CMPD024806,(-)-epigallocatechin-3-gallate,CDK1,E2F4,Plasma_cell,same_compound_wrong_target,negative_decoy_candidate,0,0,Degree-aware replacement should be refined before final model training; this table is the first hard-negative candidate pool.
NEG_000354,LIHC_AXIS_086,LIHC,CMPD024806,(-)-epigallocatechin-3-gallate,MMP1,CEBPB,Tumor_Lineage,same_target_wrong_cell_state,negative_decoy_candidate,0,0,Degree-aware replacement should be refined before final model training; this table is the first hard-negative candidate pool.
NEG_000355,LIHC_AXIS_086,LIHC,CMPD038626,Beta-naphthoflavone,MMP1,CEBPB,Plasma_cell,wrong_compound_same_context,negative_decoy_candidate,0,0,Degree-aware replacement should be refined before final model training; this table is the first hard-negative candidate pool.
NEG_000356,LIHC_AXIS_002,LIHC,CMPD025163,Indirubin,AR,FOXO1,Plasma_cell,same_compound_wrong_target,negative_decoy_candidate,0,0,Degree-aware replacement should be refined before final model training; this table is the first hard-negative candidate pool.
NEG_000357,LIHC_AXIS_002,LIHC,CMPD025163,Indirubin,AHR,NR1H3,Tumor_Lineage,same_target_wrong_cell_state,negative_decoy_candidate,0,0,Degree-aware replacement should be refined before final model training; this table is the first hard-negative candidate pool.
NEG_000358,LIHC_AXIS_002,LIHC,CMPD024903,Picropodophyllin,AHR,NR1H3,Plasma_cell,wrong_compound_same_context,negative_decoy_candidate,0,0,Degree-aware replacement should be refined before final model training; this table is the first hard-negative candidate pool.
NEG_000359,LIHC_AXIS_009,LIHC,CMPD024770,Quercetin,AR,MYBL2,Tumor_Lineage,same_compound_wrong_target,negative_decoy_candidate,0,0,Degree-aware replacement should be refined before final model training; this table is the first hard-negative candidate pool.
NEG_000360,LIHC_AXIS_009,LIHC,CMPD024770,Quercetin,CYP1A1,NR1I3,Plasma_cell,same_target_wrong_cell_state,negative_decoy_candidate,0,0,Degree-aware replacement should be refined before final model training; this table is the first hard-negative candidate pool.
NEG_000361,LIHC_AXIS_009,LIHC,CMPD024820,Luteolin,CYP1A1,NR1I3,Tumor_Lineage,wrong_compound_same_context,negative_decoy_candidate,0,0,Degree-aware replacement should be refined before final model training; this table is the first hard-negative candidate pool.
NEG_000362,LIHC_AXIS_020,LIHC,CMPD024770,Quercetin,PLAU,FOXM1,Plasma_cell,same_compound_wrong_target,negative_decoy_candidate,0,0,Degree-aware replacement should be refined before final model training; this table is the first hard-negative candidate pool.
NEG_000363,LIHC_AXIS_020,LIHC,CMPD024770,Quercetin,MMP1,EWSR1,Tumor_Lineage,same_target_wrong_cell_state,negative_decoy_candidate,0,0,Degree-aware replacement should be refined before final model training; this table is the first hard-negative candidate pool.
NEG_000364,LIHC_AXIS_020,LIHC,CMPD025348,Galangin,MMP1,EWSR1,Plasma_cell,wrong_compound_same_context,negative_decoy_candidate,0,0,Degree-aware replacement should be refined before final model training; this table is the first hard-negative candidate pool.
NEG_000365,LIHC_AXIS_073,LIHC,CMPD024768,Kaempferol,CDK1,FOXO1,Tumor_Lineage,same_compound_wrong_target,negative_decoy_candidate,0,0,Degree-aware replacement should be refined before final model training; this table is the first hard-negative candidate pool.
NEG_000366,LIHC_AXIS_073,LIHC,CMPD024768,Kaempferol,AR,E2F1,T_NK_ILC,same_target_wrong_cell_state,negative_decoy_candidate,0,0,Degree-aware replacement should be refined before final model training; this table is the first hard-negative candidate pool.
NEG_000367,LIHC_AXIS_073,LIHC,CMPD025942,arachidonic acid,AR,E2F1,Tumor_Lineage,wrong_compound_same_context,negative_decoy_candidate,0,0,Degree-aware replacement should be refined before final model training; this table is the first hard-negative candidate pool.
NEG_000368,LIHC_AXIS_006,LIHC,CMPD024768,Kaempferol,CDK1,E2F1,Plasma_cell,same_compound_wrong_target,negative_decoy_candidate,0,0,Degree-aware replacement should be refined before final model training; this table is the first hard-negative candidate pool.
NEG_000369,LIHC_AXIS_006,LIHC,CMPD024768,Kaempferol,AHR,NR1H3,Myeloid,same_target_wrong_cell_state,negative_decoy_candidate,0,0,Degree-aware replacement should be refined before final model training; this table is the first hard-negative candidate pool.
NEG_000370,LIHC_AXIS_006,LIHC,CMPD025678,Hyperforin,AHR,NR1H3,Plasma_cell,wrong_compound_same_context,negative_decoy_candidate,0,0,Degree-aware replacement should be refined before final model training; this table is the first hard-negative candidate pool.
NEG_000371,LIHC_AXIS_068,LIHC,CMPD024770,Quercetin,MMP1,EHF,Plasma_cell,same_compound_wrong_target,negative_decoy_candidate,0,0,Degree-aware replacement should be refined before final model training; this table is the first hard-negative candidate pool.
NEG_000372,LIHC_AXIS_068,LIHC,CMPD024770,Quercetin,MMP1,CTNNB1,T_NK_ILC,same_target_wrong_cell_state,negative_decoy_candidate,0,0,Degree-aware replacement should be refined before final model training; this table is the first hard-negative candidate pool.
NEG_000373,LIHC_AXIS_068,LIHC,CMPD025163,Indirubin,MMP1,CTNNB1,Plasma_cell,wrong_compound_same_context,negative_decoy_candidate,0,0,Degree-aware replacement should be refined before final model training; this table is the first hard-negative candidate pool.
NEG_000374,LIHC_AXIS_026,LIHC,CMPD024820,Luteolin,CDK1,SMAD7,Plasma_cell,same_compound_wrong_target,negative_decoy_candidate,0,0,Degree-aware replacement should be refined before final model training; this table is the first hard-negative candidate pool.
NEG_000375,LIHC_AXIS_026,LIHC,CMPD024820,Luteolin,MMP1,EWSR1,Tumor_Lineage,same_target_wrong_cell_state,negative_decoy_candidate,0,0,Degree-aware replacement should be refined before final model training; this table is the first hard-negative candidate pool.
NEG_000376,LIHC_AXIS_026,LIHC,CMPD024946,Baicalein,MMP1,EWSR1,Plasma_cell,wrong_compound_same_context,negative_decoy_candidate,0,0,Degree-aware replacement should be refined before final model training; this table is the first hard-negative candidate pool.
NEG_000377,LIHC_AXIS_025,LIHC,CMPD024768,Kaempferol,CYP1A2,NR1I3,Plasma_cell,same_compound_wrong_target,negative_decoy_candidate,0,0,Degree-aware replacement should be refined before final model training; this table is the first hard-negative candidate pool.
NEG_000378,LIHC_AXIS_025,LIHC,CMPD024768,Kaempferol,MMP1,EWSR1,Tumor_Lineage,same_target_wrong_cell_state,negative_decoy_candidate,0,0,Degree-aware replacement should be refined before final model training; this table is the first hard-negative candidate pool.
NEG_000379,LIHC_AXIS_025,LIHC,CMPD025015,"4',5-Dihydroxyflavone",MMP1,EWSR1,Plasma_cell,wrong_compound_same_context,negative_decoy_candidate,0,0,Degree-aware replacement should be refined before final model training; this table is the first hard-negative candidate pool.
NEG_000380,LIHC_AXIS_017,LIHC,CMPD024768,Kaempferol,HSP90AB1,STAT3,Tumor_Lineage,same_compound_wrong_target,negative_decoy_candidate,0,0,Degree-aware replacement should be refined before final model training; this table is the first hard-negative candidate pool.
NEG_000381,LIHC_AXIS_017,LIHC,CMPD024768,Kaempferol,CYP1A1,NR1I3,T_NK_ILC,same_target_wrong_cell_state,negative_decoy_candidate,0,0,Degree-aware replacement should be refined before final model training; this table is the first hard-negative candidate pool.
NEG_000382,LIHC_AXIS_017,LIHC,CMPD025163,Indirubin,CYP1A1,NR1I3,Tumor_Lineage,wrong_compound_same_context,negative_decoy_candidate,0,0,Degree-aware replacement should be refined before final model training; this table is the first hard-negative candidate pool.
NEG_000383,LIHC_AXIS_030,LIHC,CMPD024806,(-)-epigallocatechin-3-gallate,AHR,SMAD2,Plasma_cell,same_compound_wrong_target,negative_decoy_candidate,0,0,Degree-aware replacement should be refined before final model training; this table is the first hard-negative candidate pool.
NEG_000384,LIHC_AXIS_030,LIHC,CMPD024806,(-)-epigallocatechin-3-gallate,MMP1,EWSR1,T_NK_ILC,same_target_wrong_cell_state,negative_decoy_candidate,0,0,Degree-aware replacement should be refined before final model training; this table is the first hard-negative candidate pool.
NEG_000385,LIHC_AXIS_030,LIHC,CMPD025188,Eriodyctiol (flavanone),MMP1,EWSR1,Plasma_cell,wrong_compound_same_context,negative_decoy_candidate,0,0,Degree-aware replacement should be refined before final model training; this table is the first hard-negative candidate pool.
NEG_000386,LIHC_AXIS_084,LIHC,CMPD024768,Kaempferol,MMP1,TCF7L2,Plasma_cell,same_compound_wrong_target,negative_decoy_candidate,0,0,Degree-aware replacement should be refined before final model training; this table is the first hard-negative candidate pool.
NEG_000387,LIHC_AXIS_084,LIHC,CMPD024768,Kaempferol,MMP1,CTNNB1,T_NK_ILC,same_target_wrong_cell_state,negative_decoy_candidate,0,0,Degree-aware replacement should be refined before final model training; this table is the first hard-negative candidate pool.
NEG_000388,LIHC_AXIS_084,LIHC,CMPD025671,Eckol,MMP1,CTNNB1,Plasma_cell,wrong_compound_same_context,negative_decoy_candidate,0,0,Degree-aware replacement should be refined before final model training; this table is the first hard-negative candidate pool.
NEG_000389,LIHC_AXIS_083,LIHC,CMPD024820,Luteolin,CYP1A1,NR1H3,Plasma_cell,same_compound_wrong_target,negative_decoy_candidate,0,0,Degree-aware replacement should be refined before final model training; this table is the first hard-negative candidate pool.
NEG_000390,LIHC_AXIS_083,LIHC,CMPD024820,Luteolin,MMP1,CTNNB1,T_NK_ILC,same_target_wrong_cell_state,negative_decoy_candidate,0,0,Degree-aware replacement should be refined before final model training; this table is the first hard-negative candidate pool.
NEG_000391,LIHC_AXIS_083,LIHC,CMPD025602,"3,5-dihydroxy-2-(4-hydroxyphenyl)chromone",MMP1,CTNNB1,Plasma_cell,wrong_compound_same_context,negative_decoy_candidate,0,0,Degree-aware replacement should be refined before final model training; this table is the first hard-negative candidate pool.
NEG_000392,LIHC_AXIS_018,LIHC,CMPD025348,Galangin,AHR,NR1H3,Tumor_Lineage,same_compound_wrong_target,negative_decoy_candidate,0,0,Degree-aware replacement should be refined before final model training; this table is the first hard-negative candidate pool.
NEG_000393,LIHC_AXIS_018,LIHC,CMPD025348,Galangin,CYP1A1,NR1I3,Plasma_cell,same_target_wrong_cell_state,negative_decoy_candidate,0,0,Degree-aware replacement should be refined before final model training; this table is the first hard-negative candidate pool.
NEG_000394,LIHC_AXIS_018,LIHC,CMPD025188,Eriodyctiol (flavanone),CYP1A1,NR1I3,Tumor_Lineage,wrong_compound_same_context,negative_decoy_candidate,0,0,Degree-aware replacement should be refined before final model training; this table is the first hard-negative candidate pool.
NEG_000395,LIHC_AXIS_089,LIHC,CMPD024806,(-)-epigallocatechin-3-gallate,AR,MYC,Plasma_cell,same_compound_wrong_target,negative_decoy_candidate,0,0,Degree-aware replacement should be refined before final model training; this table is the first hard-negative candidate pool.
NEG_000396,LIHC_AXIS_089,LIHC,CMPD024806,(-)-epigallocatechin-3-gallate,MMP1,CTNNB1,Tumor_Lineage,same_target_wrong_cell_state,negative_decoy_candidate,0,0,Degree-aware replacement should be refined before final model training; this table is the first hard-negative candidate pool.
NEG_000397,LIHC_AXIS_089,LIHC,CMPD025015,"4',5-Dihydroxyflavone",MMP1,CTNNB1,Plasma_cell,wrong_compound_same_context,negative_decoy_candidate,0,0,Degree-aware replacement should be refined before final model training; this table is the first hard-negative candidate pool.
NEG_000398,LIHC_AXIS_096,LIHC,CMPD024770,Quercetin,AHR,SMAD2,Plasma_cell,same_compound_wrong_target,negative_decoy_candidate,0,0,Degree-aware replacement should be refined before final model training; this table is the first hard-negative candidate pool.
NEG_000399,LIHC_AXIS_096,LIHC,CMPD025856,Allopseudococain,MMP1,CEBPG,Plasma_cell,wrong_compound_same_context,negative_decoy_candidate,0,0,Degree-aware replacement should be refined before final model training; this table is the first hard-negative candidate pool.
NEG_000400,LIHC_AXIS_047,LIHC,CMPD025929,Artemisinin,MMP1,EWSR1,Tumor_Lineage,same_compound_wrong_target,negative_decoy_candidate,0,0,Degree-aware replacement should be refined before final model training; this table is the first hard-negative candidate pool.
NEG_000401,LIHC_AXIS_047,LIHC,CMPD025929,Artemisinin,CYP2B6,NR1I3,T_NK_ILC,same_target_wrong_cell_state,negative_decoy_candidate,0,0,Degree-aware replacement should be refined before final model training; this table is the first hard-negative candidate pool.
NEG_000402,LIHC_AXIS_047,LIHC,CMPD038626,Beta-naphthoflavone,CYP2B6,NR1I3,Tumor_Lineage,wrong_compound_same_context,negative_decoy_candidate,0,0,Degree-aware replacement should be refined before final model training; this table is the first hard-negative candidate pool.
NEG_000403,LIHC_AXIS_069,LIHC,CMPD025015,"4',5-Dihydroxyflavone",BACE1,CTNNB1,Tumor_Lineage,same_compound_wrong_target,negative_decoy_candidate,0,0,Degree-aware replacement should be refined before final model training; this table is the first hard-negative candidate pool.
NEG_000404,LIHC_AXIS_069,LIHC,CMPD025015,"4',5-Dihydroxyflavone",AR,FOXO1,Plasma_cell,same_target_wrong_cell_state,negative_decoy_candidate,0,0,Degree-aware replacement should be refined before final model training; this table is the first hard-negative candidate pool.
NEG_000405,LIHC_AXIS_069,LIHC,CMPD024770,Quercetin,AR,FOXO1,Tumor_Lineage,wrong_compound_same_context,negative_decoy_candidate,0,0,Degree-aware replacement should be refined before final model training; this table is the first hard-negative candidate pool.
NEG_000406,LIHC_AXIS_004,LIHC,CMPD025015,"4',5-Dihydroxyflavone",MMP1,CEBPB,Tumor_Lineage,same_compound_wrong_target,negative_decoy_candidate,0,0,Degree-aware replacement should be refined before final model training; this table is the first hard-negative candidate pool.
NEG_000407,LIHC_AXIS_004,LIHC,CMPD025015,"4',5-Dihydroxyflavone",AR,FOXM1,Plasma_cell,same_target_wrong_cell_state,negative_decoy_candidate,0,0,Degree-aware replacement should be refined before final model training; this table is the first hard-negative candidate pool.
NEG_000408,LIHC_AXIS_004,LIHC,CMPD024770,Quercetin,AR,FOXM1,Tumor_Lineage,wrong_compound_same_context,negative_decoy_candidate,0,0,Degree-aware replacement should be refined before final model training; this table is the first hard-negative candidate pool.
NEG_000409,LIHC_AXIS_040,LIHC,CMPD025671,Eckol,MMP1,RELA,Plasma_cell,same_compound_wrong_target,negative_decoy_candidate,0,0,Degree-aware replacement should be refined before final model training; this table is the first hard-negative candidate pool.
NEG_000410,LIHC_AXIS_040,LIHC,CMPD025671,Eckol,BACE1,CTNNB1,T_NK_ILC,same_target_wrong_cell_state,negative_decoy_candidate,0,0,Degree-aware replacement should be refined before final model training; this table is the first hard-negative candidate pool.
NEG_000411,LIHC_AXIS_040,LIHC,CMPD024768,Kaempferol,BACE1,CTNNB1,Plasma_cell,wrong_compound_same_context,negative_decoy_candidate,0,0,Degree-aware replacement should be refined before final model training; this table is the first hard-negative candidate pool.
NEG_000412,LIHC_AXIS_003,LIHC,CMPD025678,Hyperforin,RELA,E2F1,Tumor_Lineage,same_compound_wrong_target,negative_decoy_candidate,0,0,Degree-aware replacement should be refined before final model training; this table is the first hard-negative candidate pool.
NEG_000413,LIHC_AXIS_003,LIHC,CMPD025678,Hyperforin,NR1I2,NR1I3,Plasma_cell,same_target_wrong_cell_state,negative_decoy_candidate,0,0,Degree-aware replacement should be refined before final model training; this table is the first hard-negative candidate pool.
NEG_000414,LIHC_AXIS_003,LIHC,CMPD024768,Kaempferol,NR1I2,NR1I3,Tumor_Lineage,wrong_compound_same_context,negative_decoy_candidate,0,0,Degree-aware replacement should be refined before final model training; this table is the first hard-negative candidate pool.
NEG_000415,LIHC_AXIS_100,LIHC,CMPD024770,Quercetin,AHR,NR1H3,Plasma_cell,same_compound_wrong_target,negative_decoy_candidate,0,0,Degree-aware replacement should be refined before final model training; this table is the first hard-negative candidate pool.
NEG_000416,LIHC_AXIS_100,LIHC,CMPD024770,Quercetin,CYP1A1,NR1H3,Tumor_Lineage,same_target_wrong_cell_state,negative_decoy_candidate,0,0,Degree-aware replacement should be refined before final model training; this table is the first hard-negative candidate pool.
NEG_000417,LIHC_AXIS_100,LIHC,CMPD025163,Indirubin,CYP1A1,NR1H3,Plasma_cell,wrong_compound_same_context,negative_decoy_candidate,0,0,Degree-aware replacement should be refined before final model training; this table is the first hard-negative candidate pool.
NEG_000418,LIHC_AXIS_099,LIHC,CMPD024770,Quercetin,BACE1,RELA,Tumor_Lineage,same_compound_wrong_target,negative_decoy_candidate,0,0,Degree-aware replacement should be refined before final model training; this table is the first hard-negative candidate pool.
NEG_000419,LIHC_AXIS_099,LIHC,CMPD024770,Quercetin,MMP1,HOPX,Plasma_cell,same_target_wrong_cell_state,negative_decoy_candidate,0,0,Degree-aware replacement should be refined before final model training; this table is the first hard-negative candidate pool.
NEG_000420,LIHC_AXIS_099,LIHC,CMPD025678,Hyperforin,MMP1,HOPX,Tumor_Lineage,wrong_compound_same_context,negative_decoy_candidate,0,0,Degree-aware replacement should be refined before final model training; this table is the first hard-negative candidate pool.
NEG_000421,LIHC_AXIS_091,LIHC,CMPD024768,Kaempferol,CDK1,E2F1,Tumor_Lineage,same_compound_wrong_target,negative_decoy_candidate,0,0,Degree-aware replacement should be refined before final model training; this table is the first hard-negative candidate pool.
NEG_000422,LIHC_AXIS_091,LIHC,CMPD024768,Kaempferol,AR,FOXM1,Plasma_cell,same_target_wrong_cell_state,negative_decoy_candidate,0,0,Degree-aware replacement should be refined before final model training; this table is the first hard-negative candidate pool.
NEG_000423,LIHC_AXIS_091,LIHC,CMPD024820,Luteolin,AR,FOXM1,Tumor_Lineage,wrong_compound_same_context,negative_decoy_candidate,0,0,Degree-aware replacement should be refined before final model training; this table is the first hard-negative candidate pool.
NEG_000424,LIHC_AXIS_027,LIHC,CMPD024770,Quercetin,ALOX5,NFKB,Plasma_cell,same_compound_wrong_target,negative_decoy_candidate,0,0,Degree-aware replacement should be refined before final model training; this table is the first hard-negative candidate pool.
NEG_000425,LIHC_AXIS_027,LIHC,CMPD024770,Quercetin,CDK1,KLF5,B_cell,same_target_wrong_cell_state,negative_decoy_candidate,0,0,Degree-aware replacement should be refined before final model training; this table is the first hard-negative candidate pool.
NEG_000426,LIHC_AXIS_027,LIHC,CMPD024768,Kaempferol,CDK1,KLF5,Plasma_cell,wrong_compound_same_context,negative_decoy_candidate,0,0,Degree-aware replacement should be refined before final model training; this table is the first hard-negative candidate pool.
NEG_000427,LIHC_AXIS_051,LIHC,CMPD024770,Quercetin,RELA,E2F1,T_NK_ILC,same_compound_wrong_target,negative_decoy_candidate,0,0,Degree-aware replacement should be refined before final model training; this table is the first hard-negative candidate pool.
NEG_000428,LIHC_AXIS_051,LIHC,CMPD024770,Quercetin,CDK1,SP1,Plasma_cell,same_target_wrong_cell_state,negative_decoy_candidate,0,0,Degree-aware replacement should be refined before final model training; this table is the first hard-negative candidate pool.
NEG_000429,LIHC_AXIS_051,LIHC,CMPD025012,Naringenin,CDK1,SP1,T_NK_ILC,wrong_compound_same_context,negative_decoy_candidate,0,0,Degree-aware replacement should be refined before final model training; this table is the first hard-negative candidate pool.
NEG_000430,LIHC_AXIS_028,LIHC,CMPD024770,Quercetin,CYP1B1,TBP,Plasma_cell,same_compound_wrong_target,negative_decoy_candidate,0,0,Degree-aware replacement should be refined before final model training; this table is the first hard-negative candidate pool.
NEG_000431,LIHC_AXIS_028,LIHC,CMPD024770,Quercetin,CDK1,NFYA,Tumor_Lineage,same_target_wrong_cell_state,negative_decoy_candidate,0,0,Degree-aware replacement should be refined before final model training; this table is the first hard-negative candidate pool.
NEG_000432,LIHC_AXIS_028,LIHC,CMPD025671,Eckol,CDK1,NFYA,Plasma_cell,wrong_compound_same_context,negative_decoy_candidate,0,0,Degree-aware replacement should be refined before final model training; this table is the first hard-negative candidate pool.
NEG_000433,LIHC_AXIS_022,LIHC,CMPD025163,Indirubin,RELA,E2F1,T_NK_ILC,same_compound_wrong_target,negative_decoy_candidate,0,0,Degree-aware replacement should be refined before final model training; this table is the first hard-negative candidate pool.
NEG_000434,LIHC_AXIS_022,LIHC,CMPD025163,Indirubin,CDK1,E2F1,Tumor_Lineage,same_target_wrong_cell_state,negative_decoy_candidate,0,0,Degree-aware replacement should be refined before final model training; this table is the first hard-negative candidate pool.
NEG_000435,LIHC_AXIS_022,LIHC,CMPD024768,Kaempferol,CDK1,E2F1,T_NK_ILC,wrong_compound_same_context,negative_decoy_candidate,0,0,Degree-aware replacement should be refined before final model training; this table is the first hard-negative candidate pool.
NEG_000436,LIHC_AXIS_090,LIHC,CMPD025693,Triptolide,CDK1,KLF5,Plasma_cell,same_compound_wrong_target,negative_decoy_candidate,0,0,Degree-aware replacement should be refined before final model training; this table is the first hard-negative candidate pool.
NEG_000437,LIHC_AXIS_090,LIHC,CMPD025693,Triptolide,PTGS2,NR1H3,T_NK_ILC,same_target_wrong_cell_state,negative_decoy_candidate,0,0,Degree-aware replacement should be refined before final model training; this table is the first hard-negative candidate pool.
NEG_000438,LIHC_AXIS_090,LIHC,CMPD025929,Artemisinin,PTGS2,NR1H3,Plasma_cell,wrong_compound_same_context,negative_decoy_candidate,0,0,Degree-aware replacement should be refined before final model training; this table is the first hard-negative candidate pool.
NEG_000439,LIHC_AXIS_082,LIHC,CMPD025163,Indirubin,HSP90AB1,AHR,T_NK_ILC,same_compound_wrong_target,negative_decoy_candidate,0,0,Degree-aware replacement should be refined before final model training; this table is the first hard-negative candidate pool.
NEG_000440,LIHC_AXIS_082,LIHC,CMPD025163,Indirubin,CDK1,SP1,Tumor_Lineage,same_target_wrong_cell_state,negative_decoy_candidate,0,0,Degree-aware replacement should be refined before final model training; this table is the first hard-negative candidate pool.
NEG_000441,LIHC_AXIS_082,LIHC,CMPD024768,Kaempferol,CDK1,SP1,T_NK_ILC,wrong_compound_same_context,negative_decoy_candidate,0,0,Degree-aware replacement should be refined before final model training; this table is the first hard-negative candidate pool.
NEG_000442,LIHC_AXIS_097,LIHC,CMPD038626,Beta-naphthoflavone,CYP1B1,TBP,Plasma_cell,same_compound_wrong_target,negative_decoy_candidate,0,0,Degree-aware replacement should be refined before final model training; this table is the first hard-negative candidate pool.
NEG_000443,LIHC_AXIS_097,LIHC,CMPD038626,Beta-naphthoflavone,AHR,NR1H3,Tumor_Lineage,same_target_wrong_cell_state,negative_decoy_candidate,0,0,Degree-aware replacement should be refined before final model training; this table is the first hard-negative candidate pool.
NEG_000444,LIHC_AXIS_097,LIHC,CMPD024922,Chryseriol,AHR,NR1H3,Plasma_cell,wrong_compound_same_context,negative_decoy_candidate,0,0,Degree-aware replacement should be refined before final model training; this table is the first hard-negative candidate pool.
NEG_000445,LIHC_AXIS_054,LIHC,CMPD025163,Indirubin,CDK1,SMAD7,Plasma_cell,same_compound_wrong_target,negative_decoy_candidate,0,0,Degree-aware replacement should be refined before final model training; this table is the first hard-negative candidate pool.
NEG_000446,LIHC_AXIS_054,LIHC,CMPD025163,Indirubin,CDK1,KLF5,T_NK_ILC,same_target_wrong_cell_state,negative_decoy_candidate,0,0,Degree-aware replacement should be refined before final model training; this table is the first hard-negative candidate pool.
NEG_000447,LIHC_AXIS_054,LIHC,CMPD026190,Pectolinarigenin,CDK1,KLF5,Plasma_cell,wrong_compound_same_context,negative_decoy_candidate,0,0,Degree-aware replacement should be refined before final model training; this table is the first hard-negative candidate pool.
NEG_000448,LIHC_AXIS_024,LIHC,CMPD024946,Baicalein,CDK1,NFYA,T_NK_ILC,same_compound_wrong_target,negative_decoy_candidate,0,0,Degree-aware replacement should be refined before final model training; this table is the first hard-negative candidate pool.
NEG_000449,LIHC_AXIS_024,LIHC,CMPD024946,Baicalein,CDK1,E2F1,Tumor_Lineage,same_target_wrong_cell_state,negative_decoy_candidate,0,0,Degree-aware replacement should be refined before final model training; this table is the first hard-negative candidate pool.
NEG_000450,LIHC_AXIS_024,LIHC,CMPD025012,Naringenin,CDK1,E2F1,T_NK_ILC,wrong_compound_same_context,negative_decoy_candidate,0,0,Degree-aware replacement should be refined before final model training; this table is the first hard-negative candidate pool.
NEG_000451,LIHC_AXIS_023,LIHC,CMPD024770,Quercetin,AR,MYBL2,Plasma_cell,same_compound_wrong_target,negative_decoy_candidate,0,0,Degree-aware replacement should be refined before final model training; this table is the first hard-negative candidate pool.
NEG_000452,LIHC_AXIS_023,LIHC,CMPD024770,Quercetin,CDK1,E2F1,B_cell,same_target_wrong_cell_state,negative_decoy_candidate,0,0,Degree-aware replacement should be refined before final model training; this table is the first hard-negative candidate pool.
NEG_000453,LIHC_AXIS_023,LIHC,CMPD024806,(-)-epigallocatechin-3-gallate,CDK1,E2F1,Plasma_cell,wrong_compound_same_context,negative_decoy_candidate,0,0,Degree-aware replacement should be refined before final model training; this table is the first hard-negative candidate pool.
NEG_000454,LIHC_AXIS_032,LIHC,CMPD024770,Quercetin,MMP1,ETV7,T_NK_ILC,same_compound_wrong_target,negative_decoy_candidate,0,0,Degree-aware replacement should be refined before final model training; this table is the first hard-negative candidate pool.
NEG_000455,LIHC_AXIS_032,LIHC,CMPD024770,Quercetin,CDK1,E2F4,Tumor_Lineage,same_target_wrong_cell_state,negative_decoy_candidate,0,0,Degree-aware replacement should be refined before final model training; this table is the first hard-negative candidate pool.
NEG_000456,LIHC_AXIS_032,LIHC,CMPD025898,Praeruptorin A,CDK1,E2F4,T_NK_ILC,wrong_compound_same_context,negative_decoy_candidate,0,0,Degree-aware replacement should be refined before final model training; this table is the first hard-negative candidate pool.
NEG_000457,LIHC_AXIS_072,LIHC,CMPD024770,Quercetin,CYP2B6,FOXM1,T_NK_ILC,same_compound_wrong_target,negative_decoy_candidate,0,0,Degree-aware replacement should be refined before final model training; this table is the first hard-negative candidate pool.
NEG_000458,LIHC_AXIS_072,LIHC,CMPD024770,Quercetin,CYP1B1,CREB1,Plasma_cell,same_target_wrong_cell_state,negative_decoy_candidate,0,0,Degree-aware replacement should be refined before final model training; this table is the first hard-negative candidate pool.
NEG_000459,LIHC_AXIS_072,LIHC,CMPD025188,Eriodyctiol (flavanone),CYP1B1,CREB1,T_NK_ILC,wrong_compound_same_context,negative_decoy_candidate,0,0,Degree-aware replacement should be refined before final model training; this table is the first hard-negative candidate pool.
NEG_000460,LIHC_AXIS_070,LIHC,CMPD024946,Baicalein,MMP1,ETV7,Plasma_cell,same_compound_wrong_target,negative_decoy_candidate,0,0,Degree-aware replacement should be refined before final model training; this table is the first hard-negative candidate pool.
NEG_000461,LIHC_AXIS_070,LIHC,CMPD024946,Baicalein,CDK1,KLF5,T_NK_ILC,same_target_wrong_cell_state,negative_decoy_candidate,0,0,Degree-aware replacement should be refined before final model training; this table is the first hard-negative candidate pool.
NEG_000462,LIHC_AXIS_070,LIHC,CMPD026234,Fisetin,CDK1,KLF5,Plasma_cell,wrong_compound_same_context,negative_decoy_candidate,0,0,Degree-aware replacement should be refined before final model training; this table is the first hard-negative candidate pool.
NEG_000463,LIHC_AXIS_014,LIHC,CMPD025163,Indirubin,SLC6A2,CEBPB,Plasma_cell,same_compound_wrong_target,negative_decoy_candidate,0,0,Degree-aware replacement should be refined before final model training; this table is the first hard-negative candidate pool.
NEG_000464,LIHC_AXIS_014,LIHC,CMPD025163,Indirubin,AHR,SMAD2,Tumor_Lineage,same_target_wrong_cell_state,negative_decoy_candidate,0,0,Degree-aware replacement should be refined before final model training; this table is the first hard-negative candidate pool.
NEG_000465,LIHC_AXIS_014,LIHC,CMPD026190,Pectolinarigenin,AHR,SMAD2,Plasma_cell,wrong_compound_same_context,negative_decoy_candidate,0,0,Degree-aware replacement should be refined before final model training; this table is the first hard-negative candidate pool.
NEG_000466,LIHC_AXIS_029,LIHC,CMPD025163,Indirubin,CYP19A1,CEBPD,Plasma_cell,same_compound_wrong_target,negative_decoy_candidate,0,0,Degree-aware replacement should be refined before final model training; this table is the first hard-negative candidate pool.
NEG_000467,LIHC_AXIS_029,LIHC,CMPD025163,Indirubin,AHR,NFE2L2,Tumor_Lineage,same_target_wrong_cell_state,negative_decoy_candidate,0,0,Degree-aware replacement should be refined before final model training; this table is the first hard-negative candidate pool.
NEG_000468,LIHC_AXIS_029,LIHC,CMPD024872,Wogonin,AHR,NFE2L2,Plasma_cell,wrong_compound_same_context,negative_decoy_candidate,0,0,Degree-aware replacement should be refined before final model training; this table is the first hard-negative candidate pool.
NEG_000469,LIHC_AXIS_080,LIHC,CMPD025163,Indirubin,CYP1B1,SP1,T_NK_ILC,same_compound_wrong_target,negative_decoy_candidate,0,0,Degree-aware replacement should be refined before final model training; this table is the first hard-negative candidate pool.
NEG_000470,LIHC_AXIS_080,LIHC,CMPD025163,Indirubin,CDK1,TFDP1,Tumor_Lineage,same_target_wrong_cell_state,negative_decoy_candidate,0,0,Degree-aware replacement should be refined before final model training; this table is the first hard-negative candidate pool.
NEG_000471,LIHC_AXIS_080,LIHC,CMPD025553,Physovenine,CDK1,TFDP1,T_NK_ILC,wrong_compound_same_context,negative_decoy_candidate,0,0,Degree-aware replacement should be refined before final model training; this table is the first hard-negative candidate pool.
NEG_000472,LIHC_AXIS_076,LIHC,CMPD025163,Indirubin,RELA,E2F1,Tumor_Lineage,same_compound_wrong_target,negative_decoy_candidate,0,0,Degree-aware replacement should be refined before final model training; this table is the first hard-negative candidate pool.
NEG_000473,LIHC_AXIS_076,LIHC,CMPD025163,Indirubin,CDK1,FOXO1,Plasma_cell,same_target_wrong_cell_state,negative_decoy_candidate,0,0,Degree-aware replacement should be refined before final model training; this table is the first hard-negative candidate pool.
NEG_000474,LIHC_AXIS_076,LIHC,CMPD024770,Quercetin,CDK1,FOXO1,Tumor_Lineage,wrong_compound_same_context,negative_decoy_candidate,0,0,Degree-aware replacement should be refined before final model training; this table is the first hard-negative candidate pool.
NEG_000475,LIHC_AXIS_081,LIHC,CMPD024768,Kaempferol,CDK1,KLF5,T_NK_ILC,same_compound_wrong_target,negative_decoy_candidate,0,0,Degree-aware replacement should be refined before final model training; this table is the first hard-negative candidate pool.
NEG_000476,LIHC_AXIS_081,LIHC,CMPD024768,Kaempferol,CYP1B1,SP1,Plasma_cell,same_target_wrong_cell_state,negative_decoy_candidate,0,0,Degree-aware replacement should be refined before final model training; this table is the first hard-negative candidate pool.
NEG_000477,LIHC_AXIS_081,LIHC,CMPD025015,"4',5-Dihydroxyflavone",CYP1B1,SP1,T_NK_ILC,wrong_compound_same_context,negative_decoy_candidate,0,0,Degree-aware replacement should be refined before final model training; this table is the first hard-negative candidate pool.
NEG_000478,LIHC_AXIS_035,LIHC,CMPD024770,Quercetin,CYP1A1,NR1H3,T_NK_ILC,same_compound_wrong_target,negative_decoy_candidate,0,0,Degree-aware replacement should be refined before final model training; this table is the first hard-negative candidate pool.
NEG_000479,LIHC_AXIS_035,LIHC,CMPD024770,Quercetin,CDK1,MYBL2,Tumor_Lineage,same_target_wrong_cell_state,negative_decoy_candidate,0,0,Degree-aware replacement should be refined before final model training; this table is the first hard-negative candidate pool.
NEG_000480,LIHC_AXIS_035,LIHC,CMPD025015,"4',5-Dihydroxyflavone",CDK1,MYBL2,T_NK_ILC,wrong_compound_same_context,negative_decoy_candidate,0,0,Degree-aware replacement should be refined before final model training; this table is the first hard-negative candidate pool.
NEG_000481,LIHC_AXIS_021,LIHC,CMPD024768,Kaempferol,DPP4,CDX2,Plasma_cell,same_compound_wrong_target,negative_decoy_candidate,0,0,Degree-aware replacement should be refined before final model training; this table is the first hard-negative candidate pool.
NEG_000482,LIHC_AXIS_021,LIHC,CMPD024768,Kaempferol,AHR,SMAD2,T_NK_ILC,same_target_wrong_cell_state,negative_decoy_candidate,0,0,Degree-aware replacement should be refined before final model training; this table is the first hard-negative candidate pool.
NEG_000483,LIHC_AXIS_021,LIHC,CMPD024820,Luteolin,AHR,SMAD2,Plasma_cell,wrong_compound_same_context,negative_decoy_candidate,0,0,Degree-aware replacement should be refined before final model training; this table is the first hard-negative candidate pool.
NEG_000484,LIHC_AXIS_095,LIHC,CMPD024946,Baicalein,RELA,E2F1,Tumor_Lineage,same_compound_wrong_target,negative_decoy_candidate,0,0,Degree-aware replacement should be refined before final model training; this table is the first hard-negative candidate pool.
NEG_000485,LIHC_AXIS_095,LIHC,CMPD024946,Baicalein,CDK1,FOXO1,T_NK_ILC,same_target_wrong_cell_state,negative_decoy_candidate,0,0,Degree-aware replacement should be refined before final model training; this table is the first hard-negative candidate pool.
NEG_000486,LIHC_AXIS_095,LIHC,CMPD025671,Eckol,CDK1,FOXO1,Tumor_Lineage,wrong_compound_same_context,negative_decoy_candidate,0,0,Degree-aware replacement should be refined before final model training; this table is the first hard-negative candidate pool.
NEG_000487,LIHC_AXIS_037,LIHC,CMPD024768,Kaempferol,AR,E2F1,Plasma_cell,same_compound_wrong_target,negative_decoy_candidate,0,0,Degree-aware replacement should be refined before final model training; this table is the first hard-negative candidate pool.
NEG_000488,LIHC_AXIS_037,LIHC,CMPD024768,Kaempferol,AHR,NFE2L2,T_NK_ILC,same_target_wrong_cell_state,negative_decoy_candidate,0,0,Degree-aware replacement should be refined before final model training; this table is the first hard-negative candidate pool.
NEG_000489,LIHC_AXIS_037,LIHC,CMPD024820,Luteolin,AHR,NFE2L2,Plasma_cell,wrong_compound_same_context,negative_decoy_candidate,0,0,Degree-aware replacement should be refined before final model training; this table is the first hard-negative candidate pool.
NEG_000490,LIHC_AXIS_041,LIHC,CMPD025163,Indirubin,AR,E2F1,Plasma_cell,same_compound_wrong_target,negative_decoy_candidate,0,0,Degree-aware replacement should be refined before final model training; this table is the first hard-negative candidate pool.
NEG_000491,LIHC_AXIS_041,LIHC,CMPD024820,Luteolin,CDK1,E2F1,Plasma_cell,wrong_compound_same_context,negative_decoy_candidate,0,0,Degree-aware replacement should be refined before final model training; this table is the first hard-negative candidate pool.
NEG_000492,LIHC_AXIS_094,LIHC,CMPD024770,Quercetin,PLAU,GTF3A,Plasma_cell,same_compound_wrong_target,negative_decoy_candidate,0,0,Degree-aware replacement should be refined before final model training; this table is the first hard-negative candidate pool.
NEG_000493,LIHC_AXIS_094,LIHC,CMPD024770,Quercetin,CDK1,TFDP1,T_NK_ILC,same_target_wrong_cell_state,negative_decoy_candidate,0,0,Degree-aware replacement should be refined before final model training; this table is the first hard-negative candidate pool.
NEG_000494,LIHC_AXIS_094,LIHC,CMPD038626,Beta-naphthoflavone,CDK1,TFDP1,Plasma_cell,wrong_compound_same_context,negative_decoy_candidate,0,0,Degree-aware replacement should be refined before final model training; this table is the first hard-negative candidate pool.
NEG_000495,LIHC_AXIS_066,LIHC,CMPD025163,Indirubin,CDK1,SMAD7,T_NK_ILC,same_compound_wrong_target,negative_decoy_candidate,0,0,Degree-aware replacement should be refined before final model training; this table is the first hard-negative candidate pool.
NEG_000496,LIHC_AXIS_066,LIHC,CMPD025163,Indirubin,CDK1,E2F4,Tumor_Lineage,same_target_wrong_cell_state,negative_decoy_candidate,0,0,Degree-aware replacement should be refined before final model training; this table is the first hard-negative candidate pool.
NEG_000497,LIHC_AXIS_066,LIHC,CMPD024968,Yamogenin,CDK1,E2F4,T_NK_ILC,wrong_compound_same_context,negative_decoy_candidate,0,0,Degree-aware replacement should be refined before final model training; this table is the first hard-negative candidate pool.
NEG_000498,LIHC_AXIS_056,LIHC,CMPD024770,Quercetin,DPP4,HNF1A,Plasma_cell,same_compound_wrong_target,negative_decoy_candidate,0,0,Degree-aware replacement should be refined before final model training; this table is the first hard-negative candidate pool.
NEG_000499,LIHC_AXIS_056,LIHC,CMPD024770,Quercetin,CDK1,E2F4,Myeloid,same_target_wrong_cell_state,negative_decoy_candidate,0,0,Degree-aware replacement should be refined before final model training; this table is the first hard-negative candidate pool.
NEG_000500,LIHC_AXIS_056,LIHC,CMPD025015,"4',5-Dihydroxyflavone",CDK1,E2F4,Plasma_cell,wrong_compound_same_context,negative_decoy_candidate,0,0,Degree-aware replacement should be refined before final model training; this table is the first hard-negative candidate pool.
NEG_000501,LIHC_AXIS_052,LIHC,CMPD024946,Baicalein,AR,MYC,Plasma_cell,same_compound_wrong_target,negative_decoy_candidate,0,0,Degree-aware replacement should be refined before final model training; this table is the first hard-negative candidate pool.
NEG_000502,LIHC_AXIS_052,LIHC,CMPD025929,Artemisinin,CDK1,E2F1,Plasma_cell,wrong_compound_same_context,negative_decoy_candidate,0,0,Degree-aware replacement should be refined before final model training; this table is the first hard-negative candidate pool.
NEG_000503,LIHC_AXIS_065,LIHC,CMPD025163,Indirubin,MMP1,CTNNB1,T_NK_ILC,same_compound_wrong_target,negative_decoy_candidate,0,0,Degree-aware replacement should be refined before final model training; this table is the first hard-negative candidate pool.
NEG_000504,LIHC_AXIS_065,LIHC,CMPD025163,Indirubin,AHR,NFE2L2,B_cell,same_target_wrong_cell_state,negative_decoy_candidate,0,0,Degree-aware replacement should be refined before final model training; this table is the first hard-negative candidate pool.
NEG_000505,LIHC_AXIS_065,LIHC,CMPD025012,Naringenin,AHR,NFE2L2,T_NK_ILC,wrong_compound_same_context,negative_decoy_candidate,0,0,Degree-aware replacement should be refined before final model training; this table is the first hard-negative candidate pool.
NEG_000506,LIHC_AXIS_085,LIHC,CMPD024946,Baicalein,AKR1B1,NFKB2,T_NK_ILC,same_compound_wrong_target,negative_decoy_candidate,0,0,Degree-aware replacement should be refined before final model training; this table is the first hard-negative candidate pool.
NEG_000507,LIHC_AXIS_085,LIHC,CMPD024946,Baicalein,CDK1,E2F4,Tumor_Lineage,same_target_wrong_cell_state,negative_decoy_candidate,0,0,Degree-aware replacement should be refined before final model training; this table is the first hard-negative candidate pool.
NEG_000508,LIHC_AXIS_085,LIHC,CMPD024806,(-)-epigallocatechin-3-gallate,CDK1,E2F4,T_NK_ILC,wrong_compound_same_context,negative_decoy_candidate,0,0,Degree-aware replacement should be refined before final model training; this table is the first hard-negative candidate pool.
NEG_000509,LIHC_AXIS_058,LIHC,CMPD024770,Quercetin,MMP1,SMAD2,T_NK_ILC,same_compound_wrong_target,negative_decoy_candidate,0,0,Degree-aware replacement should be refined before final model training; this table is the first hard-negative candidate pool.
NEG_000510,LIHC_AXIS_058,LIHC,CMPD024770,Quercetin,AKR1B1,NFKB2,Tumor_Lineage,same_target_wrong_cell_state,negative_decoy_candidate,0,0,Degree-aware replacement should be refined before final model training; this table is the first hard-negative candidate pool.
NEG_000511,LIHC_AXIS_058,LIHC,CMPD024820,Luteolin,AKR1B1,NFKB2,T_NK_ILC,wrong_compound_same_context,negative_decoy_candidate,0,0,Degree-aware replacement should be refined before final model training; this table is the first hard-negative candidate pool.
NEG_000512,LIHC_AXIS_005,LIHC,CMPD024820,Luteolin,MAPK14,CEBPD,Plasma_cell,same_compound_wrong_target,negative_decoy_candidate,0,0,Degree-aware replacement should be refined before final model training; this table is the first hard-negative candidate pool.
NEG_000513,LIHC_AXIS_005,LIHC,CMPD024820,Luteolin,XDH,CEBPB,Tumor_Lineage,same_target_wrong_cell_state,negative_decoy_candidate,0,0,Degree-aware replacement should be refined before final model training; this table is the first hard-negative candidate pool.
NEG_000514,LIHC_AXIS_005,LIHC,CMPD024768,Kaempferol,XDH,CEBPB,Plasma_cell,wrong_compound_same_context,negative_decoy_candidate,0,0,Degree-aware replacement should be refined before final model training; this table is the first hard-negative candidate pool.
NEG_000515,LIHC_AXIS_075,LIHC,CMPD025163,Indirubin,CYP1A1,FOXO1,T_NK_ILC,same_compound_wrong_target,negative_decoy_candidate,0,0,Degree-aware replacement should be refined before final model training; this table is the first hard-negative candidate pool.
NEG_000516,LIHC_AXIS_075,LIHC,CMPD025163,Indirubin,CDK1,MYBL2,Tumor_Lineage,same_target_wrong_cell_state,negative_decoy_candidate,0,0,Degree-aware replacement should be refined before final model training; this table is the first hard-negative candidate pool.
NEG_000517,LIHC_AXIS_075,LIHC,CMPD024768,Kaempferol,CDK1,MYBL2,T_NK_ILC,wrong_compound_same_context,negative_decoy_candidate,0,0,Degree-aware replacement should be refined before final model training; this table is the first hard-negative candidate pool.
NEG_000518,LIHC_AXIS_015,LIHC,CMPD025678,Hyperforin,MMP1,CTNNB1,Tumor_Lineage,same_compound_wrong_target,negative_decoy_candidate,0,0,Degree-aware replacement should be refined before final model training; this table is the first hard-negative candidate pool.
NEG_000519,LIHC_AXIS_015,LIHC,CMPD025678,Hyperforin,NR1I2,HNF1A,T_NK_ILC,same_target_wrong_cell_state,negative_decoy_candidate,0,0,Degree-aware replacement should be refined before final model training; this table is the first hard-negative candidate pool.
NEG_000520,LIHC_AXIS_015,LIHC,CMPD026234,Fisetin,NR1I2,HNF1A,Tumor_Lineage,wrong_compound_same_context,negative_decoy_candidate,0,0,Degree-aware replacement should be refined before final model training; this table is the first hard-negative candidate pool.
NEG_000521,LIHC_AXIS_019,LIHC,CMPD025553,Physovenine,RELA,E2F1,Plasma_cell,same_compound_wrong_target,negative_decoy_candidate,0,0,Degree-aware replacement should be refined before final model training; this table is the first hard-negative candidate pool.
NEG_000522,LIHC_AXIS_019,LIHC,CMPD025553,Physovenine,ACHE,CEBPB,Tumor_Lineage,same_target_wrong_cell_state,negative_decoy_candidate,0,0,Degree-aware replacement should be refined before final model training; this table is the first hard-negative candidate pool.
NEG_000523,LIHC_AXIS_019,LIHC,CMPD025348,Galangin,ACHE,CEBPB,Plasma_cell,wrong_compound_same_context,negative_decoy_candidate,0,0,Degree-aware replacement should be refined before final model training; this table is the first hard-negative candidate pool.
NEG_000524,LIHC_AXIS_036,LIHC,CMPD024770,Quercetin,AHR,SMAD2,T_NK_ILC,same_compound_wrong_target,negative_decoy_candidate,0,0,Degree-aware replacement should be refined before final model training; this table is the first hard-negative candidate pool.
NEG_000525,LIHC_AXIS_036,LIHC,CMPD024770,Quercetin,PLAU,E2F1,Plasma_cell,same_target_wrong_cell_state,negative_decoy_candidate,0,0,Degree-aware replacement should be refined before final model training; this table is the first hard-negative candidate pool.
NEG_000526,LIHC_AXIS_036,LIHC,CMPD024768,Kaempferol,PLAU,E2F1,T_NK_ILC,wrong_compound_same_context,negative_decoy_candidate,0,0,Degree-aware replacement should be refined before final model training; this table is the first hard-negative candidate pool.
NEG_000527,LIHC_AXIS_038,LIHC,CMPD025479,Ellipticine,MMP1,MYC,Tumor_Lineage,same_compound_wrong_target,negative_decoy_candidate,0,0,Degree-aware replacement should be refined before final model training; this table is the first hard-negative candidate pool.
NEG_000528,LIHC_AXIS_038,LIHC,CMPD025479,Ellipticine,CYP1A1,FOXO1,Plasma_cell,same_target_wrong_cell_state,negative_decoy_candidate,0,0,Degree-aware replacement should be refined before final model training; this table is the first hard-negative candidate pool.
NEG_000529,LIHC_AXIS_038,LIHC,CMPD025188,Eriodyctiol (flavanone),CYP1A1,FOXO1,Tumor_Lineage,wrong_compound_same_context,negative_decoy_candidate,0,0,Degree-aware replacement should be refined before final model training; this table is the first hard-negative candidate pool.
NEG_000530,LIHC_AXIS_039,LIHC,CMPD025348,Galangin,BACE1,CTNNB1,Tumor_Lineage,same_compound_wrong_target,negative_decoy_candidate,0,0,Degree-aware replacement should be refined before final model training; this table is the first hard-negative candidate pool.
NEG_000531,LIHC_AXIS_039,LIHC,CMPD025348,Galangin,CYP1A1,FOXO1,Plasma_cell,same_target_wrong_cell_state,negative_decoy_candidate,0,0,Degree-aware replacement should be refined before final model training; this table is the first hard-negative candidate pool.
NEG_000532,LIHC_AXIS_039,LIHC,CMPD024946,Baicalein,CYP1A1,FOXO1,Tumor_Lineage,wrong_compound_same_context,negative_decoy_candidate,0,0,Degree-aware replacement should be refined before final model training; this table is the first hard-negative candidate pool.
NEG_000533,LIHC_AXIS_053,LIHC,CMPD025553,Physovenine,MMP1,CTNNB1,Plasma_cell,same_compound_wrong_target,negative_decoy_candidate,0,0,Degree-aware replacement should be refined before final model training; this table is the first hard-negative candidate pool.
NEG_000534,LIHC_AXIS_053,LIHC,CMPD025553,Physovenine,ACHE,NFE2L2,Tumor_Lineage,same_target_wrong_cell_state,negative_decoy_candidate,0,0,Degree-aware replacement should be refined before final model training; this table is the first hard-negative candidate pool.
NEG_000535,LIHC_AXIS_053,LIHC,CMPD024770,Quercetin,ACHE,NFE2L2,Plasma_cell,wrong_compound_same_context,negative_decoy_candidate,0,0,Degree-aware replacement should be refined before final model training; this table is the first hard-negative candidate pool.
NEG_000536,LIHC_AXIS_057,LIHC,CMPD025671,Eckol,RELA,E2F1,T_NK_ILC,same_compound_wrong_target,negative_decoy_candidate,0,0,Degree-aware replacement should be refined before final model training; this table is the first hard-negative candidate pool.
NEG_000537,LIHC_AXIS_057,LIHC,CMPD025671,Eckol,BACE1,RELA,Tumor_Lineage,same_target_wrong_cell_state,negative_decoy_candidate,0,0,Degree-aware replacement should be refined before final model training; this table is the first hard-negative candidate pool.
NEG_000538,LIHC_AXIS_057,LIHC,CMPD025602,"3,5-dihydroxy-2-(4-hydroxyphenyl)chromone",BACE1,RELA,T_NK_ILC,wrong_compound_same_context,negative_decoy_candidate,0,0,Degree-aware replacement should be refined before final model training; this table is the first hard-negative candidate pool.
NEG_000539,LIHC_AXIS_093,LIHC,CMPD053196,Rocaglamide,MMP1,MYC,Plasma_cell,same_compound_wrong_target,negative_decoy_candidate,0,0,Degree-aware replacement should be refined before final model training; this table is the first hard-negative candidate pool.
NEG_000540,LIHC_AXIS_093,LIHC,CMPD053196,Rocaglamide,RELA,E2F1,Tumor_Lineage,same_target_wrong_cell_state,negative_decoy_candidate,0,0,Degree-aware replacement should be refined before final model training; this table is the first hard-negative candidate pool.
NEG_000541,LIHC_AXIS_093,LIHC,CMPD025188,Eriodyctiol (flavanone),RELA,E2F1,Plasma_cell,wrong_compound_same_context,negative_decoy_candidate,0,0,Degree-aware replacement should be refined before final model training; this table is the first hard-negative candidate pool.
NEG_000542,LIHC_AXIS_077,LIHC,CMPD025671,Eckol,MMP1,SMAD2,T_NK_ILC,same_compound_wrong_target,negative_decoy_candidate,0,0,Degree-aware replacement should be refined before final model training; this table is the first hard-negative candidate pool.
NEG_000543,LIHC_AXIS_077,LIHC,CMPD025671,Eckol,BACE1,SP1,Plasma_cell,same_target_wrong_cell_state,negative_decoy_candidate,0,0,Degree-aware replacement should be refined before final model training; this table is the first hard-negative candidate pool.
NEG_000544,LIHC_AXIS_077,LIHC,CMPD026234,Fisetin,BACE1,SP1,T_NK_ILC,wrong_compound_same_context,negative_decoy_candidate,0,0,Degree-aware replacement should be refined before final model training; this table is the first hard-negative candidate pool.
NEG_000545,LIHC_AXIS_074,LIHC,CMPD025402,Coryincine,CDK1,FOXO1,T_NK_ILC,same_compound_wrong_target,negative_decoy_candidate,0,0,Degree-aware replacement should be refined before final model training; this table is the first hard-negative candidate pool.
NEG_000546,LIHC_AXIS_074,LIHC,CMPD025402,Coryincine,ADRA1D,TBP,Plasma_cell,same_target_wrong_cell_state,negative_decoy_candidate,0,0,Degree-aware replacement should be refined before final model training; this table is the first hard-negative candidate pool.
NEG_000547,LIHC_AXIS_074,LIHC,CMPD025671,Eckol,ADRA1D,TBP,T_NK_ILC,wrong_compound_same_context,negative_decoy_candidate,0,0,Degree-aware replacement should be refined before final model training; this table is the first hard-negative candidate pool.
NEG_000548,LIHC_AXIS_064,LIHC,CMPD026190,Pectolinarigenin,MMP1,EHF,Plasma_cell,same_compound_wrong_target,negative_decoy_candidate,0,0,Degree-aware replacement should be refined before final model training; this table is the first hard-negative candidate pool.
NEG_000549,LIHC_AXIS_064,LIHC,CMPD026190,Pectolinarigenin,MAPK14,CEBPD,Tumor_Lineage,same_target_wrong_cell_state,negative_decoy_candidate,0,0,Degree-aware replacement should be refined before final model training; this table is the first hard-negative candidate pool.
NEG_000550,LIHC_AXIS_064,LIHC,CMPD024768,Kaempferol,MAPK14,CEBPD,Plasma_cell,wrong_compound_same_context,negative_decoy_candidate,0,0,Degree-aware replacement should be refined before final model training; this table is the first hard-negative candidate pool.
NEG_000551,LIHC_AXIS_062,LIHC,CMPD025602,"3,5-dihydroxy-2-(4-hydroxyphenyl)chromone",NR1I2,HNF1A,Plasma_cell,same_compound_wrong_target,negative_decoy_candidate,0,0,Degree-aware replacement should be refined before final model training; this table is the first hard-negative candidate pool.
NEG_000552,LIHC_AXIS_062,LIHC,CMPD025602,"3,5-dihydroxy-2-(4-hydroxyphenyl)chromone",MAPK14,CEBPD,Tumor_Lineage,same_target_wrong_cell_state,negative_decoy_candidate,0,0,Degree-aware replacement should be refined before final model training; this table is the first hard-negative candidate pool.
NEG_000553,LIHC_AXIS_062,LIHC,CMPD025015,"4',5-Dihydroxyflavone",MAPK14,CEBPD,Plasma_cell,wrong_compound_same_context,negative_decoy_candidate,0,0,Degree-aware replacement should be refined before final model training; this table is the first hard-negative candidate pool.
NEG_000554,LIHC_AXIS_063,LIHC,CMPD024922,Chryseriol,PTGS2,NR1H3,Plasma_cell,same_compound_wrong_target,negative_decoy_candidate,0,0,Degree-aware replacement should be refined before final model training; this table is the first hard-negative candidate pool.
NEG_000555,LIHC_AXIS_063,LIHC,CMPD024922,Chryseriol,MAPK14,CEBPD,Tumor_Lineage,same_target_wrong_cell_state,negative_decoy_candidate,0,0,Degree-aware replacement should be refined before final model training; this table is the first hard-negative candidate pool.
NEG_000556,LIHC_AXIS_063,LIHC,CMPD025188,Eriodyctiol (flavanone),MAPK14,CEBPD,Plasma_cell,wrong_compound_same_context,negative_decoy_candidate,0,0,Degree-aware replacement should be refined before final model training; this table is the first hard-negative candidate pool.
NEG_000557,LIHC_AXIS_033,LIHC,CMPD025671,Eckol,MMP1,CTNNB1,T_NK_ILC,same_compound_wrong_target,negative_decoy_candidate,0,0,Degree-aware replacement should be refined before final model training; this table is the first hard-negative candidate pool.
NEG_000558,LIHC_AXIS_033,LIHC,CMPD025671,Eckol,BACE1,HIF1A,Plasma_cell,same_target_wrong_cell_state,negative_decoy_candidate,0,0,Degree-aware replacement should be refined before final model training; this table is the first hard-negative candidate pool.
NEG_000559,LIHC_AXIS_033,LIHC,CMPD024768,Kaempferol,BACE1,HIF1A,T_NK_ILC,wrong_compound_same_context,negative_decoy_candidate,0,0,Degree-aware replacement should be refined before final model training; this table is the first hard-negative candidate pool.
NEG_000560,LIHC_AXIS_055,LIHC,CMPD025693,Triptolide,MMP1,RELA,Plasma_cell,same_compound_wrong_target,negative_decoy_candidate,0,0,Degree-aware replacement should be refined before final model training; this table is the first hard-negative candidate pool.
NEG_000561,LIHC_AXIS_055,LIHC,CMPD025693,Triptolide,PTGS2,CEBPB,Tumor_Lineage,same_target_wrong_cell_state,negative_decoy_candidate,0,0,Degree-aware replacement should be refined before final model training; this table is the first hard-negative candidate pool.
NEG_000562,LIHC_AXIS_055,LIHC,CMPD024768,Kaempferol,PTGS2,CEBPB,Plasma_cell,wrong_compound_same_context,negative_decoy_candidate,0,0,Degree-aware replacement should be refined before final model training; this table is the first hard-negative candidate pool.
NEG_000563,LIHC_AXIS_087,LIHC,CMPD024770,Quercetin,MMP1,EWSR1,T_NK_ILC,same_compound_wrong_target,negative_decoy_candidate,0,0,Degree-aware replacement should be refined before final model training; this table is the first hard-negative candidate pool.
NEG_000564,LIHC_AXIS_087,LIHC,CMPD024770,Quercetin,PLAU,JUN,Plasma_cell,same_target_wrong_cell_state,negative_decoy_candidate,0,0,Degree-aware replacement should be refined before final model training; this table is the first hard-negative candidate pool.
NEG_000565,LIHC_AXIS_087,LIHC,CMPD052974,Collagen,PLAU,JUN,T_NK_ILC,wrong_compound_same_context,negative_decoy_candidate,0,0,Degree-aware replacement should be refined before final model training; this table is the first hard-negative candidate pool.
NEG_000566,LIHC_AXIS_012,LIHC,CMPD025012,Naringenin,MMP1,MYC,Plasma_cell,same_compound_wrong_target,negative_decoy_candidate,0,0,Degree-aware replacement should be refined before final model training; this table is the first hard-negative candidate pool.
NEG_000567,LIHC_AXIS_012,LIHC,CMPD025012,Naringenin,CYP19A1,CEBPD,T_NK_ILC,same_target_wrong_cell_state,negative_decoy_candidate,0,0,Degree-aware replacement should be refined before final model training; this table is the first hard-negative candidate pool.
NEG_000568,LIHC_AXIS_012,LIHC,CMPD025671,Eckol,CYP19A1,CEBPD,Plasma_cell,wrong_compound_same_context,negative_decoy_candidate,0,0,Degree-aware replacement should be refined before final model training; this table is the first hard-negative candidate pool.
NEG_000569,LIHC_AXIS_007,LIHC,CMPD025163,Indirubin,PLAU,JUN,T_NK_ILC,same_compound_wrong_target,negative_decoy_candidate,0,0,Degree-aware replacement should be refined before final model training; this table is the first hard-negative candidate pool.
NEG_000570,LIHC_AXIS_007,LIHC,CMPD025163,Indirubin,AHR,NFKB,Tumor_Lineage,same_target_wrong_cell_state,negative_decoy_candidate,0,0,Degree-aware replacement should be refined before final model training; this table is the first hard-negative candidate pool.
NEG_000571,LIHC_AXIS_007,LIHC,CMPD024770,Quercetin,AHR,NFKB,T_NK_ILC,wrong_compound_same_context,negative_decoy_candidate,0,0,Degree-aware replacement should be refined before final model training; this table is the first hard-negative candidate pool.
NEG_000572,LIHC_AXIS_098,LIHC,CMPD025671,Eckol,CYP1B1,TBP,Plasma_cell,same_compound_wrong_target,negative_decoy_candidate,0,0,Degree-aware replacement should be refined before final model training; this table is the first hard-negative candidate pool.
NEG_000573,LIHC_AXIS_098,LIHC,CMPD025163,Indirubin,BACE1,RELA,Plasma_cell,wrong_compound_same_context,negative_decoy_candidate,0,0,Degree-aware replacement should be refined before final model training; this table is the first hard-negative candidate pool.
NEG_000574,LIHC_AXIS_048,LIHC,CMPD024770,Quercetin,MMP1,RELA,T_NK_ILC,same_compound_wrong_target,negative_decoy_candidate,0,0,Degree-aware replacement should be refined before final model training; this table is the first hard-negative candidate pool.
NEG_000575,LIHC_AXIS_048,LIHC,CMPD024770,Quercetin,AKR1B1,AP1,Tumor_Lineage,same_target_wrong_cell_state,negative_decoy_candidate,0,0,Degree-aware replacement should be refined before final model training; this table is the first hard-negative candidate pool.
NEG_000576,LIHC_AXIS_048,LIHC,CMPD024820,Luteolin,AKR1B1,AP1,T_NK_ILC,wrong_compound_same_context,negative_decoy_candidate,0,0,Degree-aware replacement should be refined before final model training; this table is the first hard-negative candidate pool.
NEG_000577,LIHC_AXIS_016,LIHC,CMPD024770,Quercetin,PTGS2,NR1H3,T_NK_ILC,same_compound_wrong_target,negative_decoy_candidate,0,0,Degree-aware replacement should be refined before final model training; this table is the first hard-negative candidate pool.
NEG_000578,LIHC_AXIS_016,LIHC,CMPD024770,Quercetin,ALOX5,NFKB,Tumor_Lineage,same_target_wrong_cell_state,negative_decoy_candidate,0,0,Degree-aware replacement should be refined before final model training; this table is the first hard-negative candidate pool.
NEG_000579,LIHC_AXIS_016,LIHC,CMPD024820,Luteolin,ALOX5,NFKB,T_NK_ILC,wrong_compound_same_context,negative_decoy_candidate,0,0,Degree-aware replacement should be refined before final model training; this table is the first hard-negative candidate pool.
NEG_000580,LIHC_AXIS_067,LIHC,CMPD025012,Naringenin,PTGS2,NR1H3,B_cell,same_compound_wrong_target,negative_decoy_candidate,0,0,Degree-aware replacement should be refined before final model training; this table is the first hard-negative candidate pool.
NEG_000581,LIHC_AXIS_067,LIHC,CMPD025012,Naringenin,CYP19A1,CEBPD,Tumor_Lineage,same_target_wrong_cell_state,negative_decoy_candidate,0,0,Degree-aware replacement should be refined before final model training; this table is the first hard-negative candidate pool.
NEG_000582,LIHC_AXIS_067,LIHC,CMPD024770,Quercetin,CYP19A1,CEBPD,B_cell,wrong_compound_same_context,negative_decoy_candidate,0,0,Degree-aware replacement should be refined before final model training; this table is the first hard-negative candidate pool.
NEG_000583,LIHC_AXIS_042,LIHC,CMPD024820,Luteolin,AR,HDAC1,Myeloid,same_compound_wrong_target,negative_decoy_candidate,0,0,Degree-aware replacement should be refined before final model training; this table is the first hard-negative candidate pool.
NEG_000584,LIHC_AXIS_042,LIHC,CMPD024820,Luteolin,TYR,MITF,Plasma_cell,same_target_wrong_cell_state,negative_decoy_candidate,0,0,Degree-aware replacement should be refined before final model training; this table is the first hard-negative candidate pool.
NEG_000585,LIHC_AXIS_042,LIHC,CMPD025163,Indirubin,TYR,MITF,Myeloid,wrong_compound_same_context,negative_decoy_candidate,0,0,Degree-aware replacement should be refined before final model training; this table is the first hard-negative candidate pool.
NEG_000586,STAD_AXIS_017,STAD,CMPD024770,Quercetin,PGR,EPAS1,Fibroblast_CAF,same_compound_wrong_target,negative_decoy_candidate,0,0,Degree-aware replacement should be refined before final model training; this table is the first hard-negative candidate pool.
NEG_000587,STAD_AXIS_017,STAD,CMPD024770,Quercetin,PLAU,ETS1,T_NK_ILC,same_target_wrong_cell_state,negative_decoy_candidate,0,0,Degree-aware replacement should be refined before final model training; this table is the first hard-negative candidate pool.
NEG_000588,STAD_AXIS_017,STAD,CMPD025671,Eckol,PLAU,ETS1,Fibroblast_CAF,wrong_compound_same_context,negative_decoy_candidate,0,0,Degree-aware replacement should be refined before final model training; this table is the first hard-negative candidate pool.
NEG_000589,STAD_AXIS_010,STAD,CMPD024770,Quercetin,BACE1,NFKB1,Fibroblast_CAF,same_compound_wrong_target,negative_decoy_candidate,0,0,Degree-aware replacement should be refined before final model training; this table is the first hard-negative candidate pool.
NEG_000590,STAD_AXIS_010,STAD,CMPD024770,Quercetin,PLAU,MYC,Myeloid,same_target_wrong_cell_state,negative_decoy_candidate,0,0,Degree-aware replacement should be refined before final model training; this table is the first hard-negative candidate pool.
NEG_000591,STAD_AXIS_010,STAD,CMPD024768,Kaempferol,PLAU,MYC,Fibroblast_CAF,wrong_compound_same_context,negative_decoy_candidate,0,0,Degree-aware replacement should be refined before final model training; this table is the first hard-negative candidate pool.
NEG_000592,STAD_AXIS_027,STAD,CMPD024770,Quercetin,ACHE,SP1,Fibroblast_CAF,same_compound_wrong_target,negative_decoy_candidate,0,0,Degree-aware replacement should be refined before final model training; this table is the first hard-negative candidate pool.
NEG_000593,STAD_AXIS_027,STAD,CMPD024770,Quercetin,PLAU,FOS,T_NK_ILC,same_target_wrong_cell_state,negative_decoy_candidate,0,0,Degree-aware replacement should be refined before final model training; this table is the first hard-negative candidate pool.
NEG_000594,STAD_AXIS_027,STAD,CMPD024964,Kaempferide,PLAU,FOS,Fibroblast_CAF,wrong_compound_same_context,negative_decoy_candidate,0,0,Degree-aware replacement should be refined before final model training; this table is the first hard-negative candidate pool.
NEG_000595,STAD_AXIS_021,STAD,CMPD025188,Eriodyctiol (flavanone),PLAU,ETS1,Fibroblast_CAF,same_compound_wrong_target,negative_decoy_candidate,0,0,Degree-aware replacement should be refined before final model training; this table is the first hard-negative candidate pool.
NEG_000596,STAD_AXIS_021,STAD,CMPD025188,Eriodyctiol (flavanone),HSP90AB1,HOPX,T_NK_ILC,same_target_wrong_cell_state,negative_decoy_candidate,0,0,Degree-aware replacement should be refined before final model training; this table is the first hard-negative candidate pool.
NEG_000597,STAD_AXIS_021,STAD,CMPD026234,Fisetin,HSP90AB1,HOPX,Fibroblast_CAF,wrong_compound_same_context,negative_decoy_candidate,0,0,Degree-aware replacement should be refined before final model training; this table is the first hard-negative candidate pool.
NEG_000598,STAD_AXIS_029,STAD,CMPD024770,Quercetin,BACE1,TCF7L2,Fibroblast_CAF,same_compound_wrong_target,negative_decoy_candidate,0,0,Degree-aware replacement should be refined before final model training; this table is the first hard-negative candidate pool.
NEG_000599,STAD_AXIS_029,STAD,CMPD024770,Quercetin,PLAU,HIF1A,T_NK_ILC,same_target_wrong_cell_state,negative_decoy_candidate,0,0,Degree-aware replacement should be refined before final model training; this table is the first hard-negative candidate pool.
NEG_000600,STAD_AXIS_029,STAD,CMPD025188,Eriodyctiol (flavanone),PLAU,HIF1A,Fibroblast_CAF,wrong_compound_same_context,negative_decoy_candidate,0,0,Degree-aware replacement should be refined before final model training; this table is the first hard-negative candidate pool.
NEG_000601,STAD_AXIS_085,STAD,CMPD024806,(-)-epigallocatechin-3-gallate,ACHE,FOS,Fibroblast_CAF,same_compound_wrong_target,negative_decoy_candidate,0,0,Degree-aware replacement should be refined before final model training; this table is the first hard-negative candidate pool.
NEG_000602,STAD_AXIS_085,STAD,CMPD024806,(-)-epigallocatechin-3-gallate,APP,MYC,T_NK_ILC,same_target_wrong_cell_state,negative_decoy_candidate,0,0,Degree-aware replacement should be refined before final model training; this table is the first hard-negative candidate pool.
NEG_000603,STAD_AXIS_085,STAD,CMPD025163,Indirubin,APP,MYC,Fibroblast_CAF,wrong_compound_same_context,negative_decoy_candidate,0,0,Degree-aware replacement should be refined before final model training; this table is the first hard-negative candidate pool.
NEG_000604,STAD_AXIS_008,STAD,CMPD024770,Quercetin,BACE1,CTNNB1,Fibroblast_CAF,same_compound_wrong_target,negative_decoy_candidate,0,0,Degree-aware replacement should be refined before final model training; this table is the first hard-negative candidate pool.
NEG_000605,STAD_AXIS_008,STAD,CMPD024770,Quercetin,PLAU,E2F1,Myeloid,same_target_wrong_cell_state,negative_decoy_candidate,0,0,Degree-aware replacement should be refined before final model training; this table is the first hard-negative candidate pool.
NEG_000606,STAD_AXIS_008,STAD,CMPD025841,Guggulsterone,PLAU,E2F1,Fibroblast_CAF,wrong_compound_same_context,negative_decoy_candidate,0,0,Degree-aware replacement should be refined before final model training; this table is the first hard-negative candidate pool.
NEG_000607,STAD_AXIS_024,STAD,CMPD024770,Quercetin,RELA,RELA,Fibroblast_CAF,same_compound_wrong_target,negative_decoy_candidate,0,0,Degree-aware replacement should be refined before final model training; this table is the first hard-negative candidate pool.
NEG_000608,STAD_AXIS_024,STAD,CMPD024770,Quercetin,PLAU,JUN,Myeloid,same_target_wrong_cell_state,negative_decoy_candidate,0,0,Degree-aware replacement should be refined before final model training; this table is the first hard-negative candidate pool.
NEG_000609,STAD_AXIS_024,STAD,CMPD024773,Stigmasterol,PLAU,JUN,Fibroblast_CAF,wrong_compound_same_context,negative_decoy_candidate,0,0,Degree-aware replacement should be refined before final model training; this table is the first hard-negative candidate pool.
NEG_000610,STAD_AXIS_022,STAD,CMPD024770,Quercetin,AHR,NR3C1,Fibroblast_CAF,same_compound_wrong_target,negative_decoy_candidate,0,0,Degree-aware replacement should be refined before final model training; this table is the first hard-negative candidate pool.
NEG_000611,STAD_AXIS_022,STAD,CMPD024770,Quercetin,PLAU,HOXD3,T_NK_ILC,same_target_wrong_cell_state,negative_decoy_candidate,0,0,Degree-aware replacement should be refined before final model training; this table is the first hard-negative candidate pool.
NEG_000612,STAD_AXIS_022,STAD,CMPD025566,"3',4',7-trihydroxyflavanone",PLAU,HOXD3,Fibroblast_CAF,wrong_compound_same_context,negative_decoy_candidate,0,0,Degree-aware replacement should be refined before final model training; this table is the first hard-negative candidate pool.
NEG_000613,STAD_AXIS_007,STAD,CMPD024770,Quercetin,HSP90AB1,HOPX,Fibroblast_CAF,same_compound_wrong_target,negative_decoy_candidate,0,0,Degree-aware replacement should be refined before final model training; this table is the first hard-negative candidate pool.
NEG_000614,STAD_AXIS_007,STAD,CMPD024770,Quercetin,PLAU,RELA,T_NK_ILC,same_target_wrong_cell_state,negative_decoy_candidate,0,0,Degree-aware replacement should be refined before final model training; this table is the first hard-negative candidate pool.
NEG_000615,STAD_AXIS_007,STAD,CMPD008994,Acteoside,PLAU,RELA,Fibroblast_CAF,wrong_compound_same_context,negative_decoy_candidate,0,0,Degree-aware replacement should be refined before final model training; this table is the first hard-negative candidate pool.
NEG_000616,STAD_AXIS_078,STAD,CMPD024770,Quercetin,AHR,AHR,Fibroblast_CAF,same_compound_wrong_target,negative_decoy_candidate,0,0,Degree-aware replacement should be refined before final model training; this table is the first hard-negative candidate pool.
NEG_000617,STAD_AXIS_078,STAD,CMPD024770,Quercetin,PLAU,RBPJ,Myeloid,same_target_wrong_cell_state,negative_decoy_candidate,0,0,Degree-aware replacement should be refined before final model training; this table is the first hard-negative candidate pool.
NEG_000618,STAD_AXIS_078,STAD,CMPD038626,Beta-naphthoflavone,PLAU,RBPJ,Fibroblast_CAF,wrong_compound_same_context,negative_decoy_candidate,0,0,Degree-aware replacement should be refined before final model training; this table is the first hard-negative candidate pool.
NEG_000619,STAD_AXIS_049,STAD,CMPD024770,Quercetin,ACHE,JUN,Fibroblast_CAF,same_compound_wrong_target,negative_decoy_candidate,0,0,Degree-aware replacement should be refined before final model training; this table is the first hard-negative candidate pool.
NEG_000620,STAD_AXIS_049,STAD,CMPD024770,Quercetin,PLAU,NR3C1,Myeloid,same_target_wrong_cell_state,negative_decoy_candidate,0,0,Degree-aware replacement should be refined before final model training; this table is the first hard-negative candidate pool.
NEG_000621,STAD_AXIS_049,STAD,CMPD025039,Citromitin,PLAU,NR3C1,Fibroblast_CAF,wrong_compound_same_context,negative_decoy_candidate,0,0,Degree-aware replacement should be refined before final model training; this table is the first hard-negative candidate pool.
NEG_000622,STAD_AXIS_005,STAD,CMPD024770,Quercetin,PLAU,GTF3A,T_NK_ILC,same_target_wrong_cell_state,negative_decoy_candidate,0,0,Degree-aware replacement should be refined before final model training; this table is the first hard-negative candidate pool.
NEG_000623,STAD_AXIS_005,STAD,CMPD012823,Apigenin,PLAU,GTF3A,Fibroblast_CAF,wrong_compound_same_context,negative_decoy_candidate,0,0,Degree-aware replacement should be refined before final model training; this table is the first hard-negative candidate pool.
NEG_000624,STAD_AXIS_050,STAD,CMPD024770,Quercetin,BACE1,HIF1A,Fibroblast_CAF,same_compound_wrong_target,negative_decoy_candidate,0,0,Degree-aware replacement should be refined before final model training; this table is the first hard-negative candidate pool.
NEG_000625,STAD_AXIS_050,STAD,CMPD024770,Quercetin,PLAU,NFKB1,Myeloid,same_target_wrong_cell_state,negative_decoy_candidate,0,0,Degree-aware replacement should be refined before final model training; this table is the first hard-negative candidate pool.
NEG_000626,STAD_AXIS_050,STAD,CMPD024838,Berberine,PLAU,NFKB1,Fibroblast_CAF,wrong_compound_same_context,negative_decoy_candidate,0,0,Degree-aware replacement should be refined before final model training; this table is the first hard-negative candidate pool.
NEG_000627,STAD_AXIS_041,STAD,CMPD024770,Quercetin,AHR,STAT3,Fibroblast_CAF,same_compound_wrong_target,negative_decoy_candidate,0,0,Degree-aware replacement should be refined before final model training; this table is the first hard-negative candidate pool.
NEG_000628,STAD_AXIS_041,STAD,CMPD024770,Quercetin,PLAU,RUNX2,T_NK_ILC,same_target_wrong_cell_state,negative_decoy_candidate,0,0,Degree-aware replacement should be refined before final model training; this table is the first hard-negative candidate pool.
NEG_000629,STAD_AXIS_041,STAD,CMPD026190,Pectolinarigenin,PLAU,RUNX2,Fibroblast_CAF,wrong_compound_same_context,negative_decoy_candidate,0,0,Degree-aware replacement should be refined before final model training; this table is the first hard-negative candidate pool.
NEG_000630,STAD_AXIS_040,STAD,CMPD024770,Quercetin,ALOX12,FOS,Fibroblast_CAF,same_compound_wrong_target,negative_decoy_candidate,0,0,Degree-aware replacement should be refined before final model training; this table is the first hard-negative candidate pool.
NEG_000631,STAD_AXIS_040,STAD,CMPD024770,Quercetin,PLAU,REL,T_NK_ILC,same_target_wrong_cell_state,negative_decoy_candidate,0,0,Degree-aware replacement should be refined before final model training; this table is the first hard-negative candidate pool.
NEG_000632,STAD_AXIS_040,STAD,CMPD025402,Coryincine,PLAU,REL,Fibroblast_CAF,wrong_compound_same_context,negative_decoy_candidate,0,0,Degree-aware replacement should be refined before final model training; this table is the first hard-negative candidate pool.
NEG_000633,STAD_AXIS_100,STAD,CMPD024770,Quercetin,AHR,NR1H3,Fibroblast_CAF,same_compound_wrong_target,negative_decoy_candidate,0,0,Degree-aware replacement should be refined before final model training; this table is the first hard-negative candidate pool.
NEG_000634,STAD_AXIS_100,STAD,CMPD024770,Quercetin,PLAU,CREB1,T_NK_ILC,same_target_wrong_cell_state,negative_decoy_candidate,0,0,Degree-aware replacement should be refined before final model training; this table is the first hard-negative candidate pool.
NEG_000635,STAD_AXIS_100,STAD,CMPD029494,Alpha-naphthoflavone,PLAU,CREB1,Fibroblast_CAF,wrong_compound_same_context,negative_decoy_candidate,0,0,Degree-aware replacement should be refined before final model training; this table is the first hard-negative candidate pool.
NEG_000636,STAD_AXIS_020,STAD,CMPD025402,Coryincine,CYP1A1,AHR,Fibroblast_CAF,same_compound_wrong_target,negative_decoy_candidate,0,0,Degree-aware replacement should be refined before final model training; this table is the first hard-negative candidate pool.
NEG_000637,STAD_AXIS_020,STAD,CMPD025402,Coryincine,ADRA1D,RELA,T_NK_ILC,same_target_wrong_cell_state,negative_decoy_candidate,0,0,Degree-aware replacement should be refined before final model training; this table is the first hard-negative candidate pool.
NEG_000638,STAD_AXIS_020,STAD,CMPD024770,Quercetin,ADRA1D,RELA,Fibroblast_CAF,wrong_compound_same_context,negative_decoy_candidate,0,0,Degree-aware replacement should be refined before final model training; this table is the first hard-negative candidate pool.
NEG_000639,STAD_AXIS_019,STAD,CMPD024770,Quercetin,HSP90AB1,HIF1A,Fibroblast_CAF,same_compound_wrong_target,negative_decoy_candidate,0,0,Degree-aware replacement should be refined before final model training; this table is the first hard-negative candidate pool.
NEG_000640,STAD_AXIS_019,STAD,CMPD024770,Quercetin,AKR1B1,RELA,T_NK_ILC,same_target_wrong_cell_state,negative_decoy_candidate,0,0,Degree-aware replacement should be refined before final model training; this table is the first hard-negative candidate pool.
NEG_000641,STAD_AXIS_019,STAD,CMPD025841,Guggulsterone,AKR1B1,RELA,Fibroblast_CAF,wrong_compound_same_context,negative_decoy_candidate,0,0,Degree-aware replacement should be refined before final model training; this table is the first hard-negative candidate pool.
NEG_000642,STAD_AXIS_013,STAD,CMPD024770,Quercetin,PGR,RELA,Fibroblast_CAF,same_compound_wrong_target,negative_decoy_candidate,0,0,Degree-aware replacement should be refined before final model training; this table is the first hard-negative candidate pool.
NEG_000643,STAD_AXIS_013,STAD,CMPD024770,Quercetin,CYP1B1,ESR1,Myeloid,same_target_wrong_cell_state,negative_decoy_candidate,0,0,Degree-aware replacement should be refined before final model training; this table is the first hard-negative candidate pool.
NEG_000644,STAD_AXIS_013,STAD,CMPD027440,3-hydroxy-4-methoxy-acetophenone,CYP1B1,ESR1,Fibroblast_CAF,wrong_compound_same_context,negative_decoy_candidate,0,0,Degree-aware replacement should be refined before final model training; this table is the first hard-negative candidate pool.
NEG_000645,STAD_AXIS_039,STAD,CMPD024770,Quercetin,PLAU,ETV4,T_NK_ILC,same_target_wrong_cell_state,negative_decoy_candidate,0,0,Degree-aware replacement should be refined before final model training; this table is the first hard-negative candidate pool.
NEG_000646,STAD_AXIS_039,STAD,CMPD025163,Indirubin,PLAU,ETV4,Fibroblast_CAF,wrong_compound_same_context,negative_decoy_candidate,0,0,Degree-aware replacement should be refined before final model training; this table is the first hard-negative candidate pool.
NEG_000647,STAD_AXIS_002,STAD,CMPD024770,Quercetin,PGR,FOS,Fibroblast_CAF,same_compound_wrong_target,negative_decoy_candidate,0,0,Degree-aware replacement should be refined before final model training; this table is the first hard-negative candidate pool.
NEG_000648,STAD_AXIS_002,STAD,CMPD024770,Quercetin,CYP1B1,EP300,Myeloid,same_target_wrong_cell_state,negative_decoy_candidate,0,0,Degree-aware replacement should be refined before final model training; this table is the first hard-negative candidate pool.
NEG_000649,STAD_AXIS_002,STAD,CMPD026068,Evodiamide,CYP1B1,EP300,Fibroblast_CAF,wrong_compound_same_context,negative_decoy_candidate,0,0,Degree-aware replacement should be refined before final model training; this table is the first hard-negative candidate pool.
NEG_000650,STAD_AXIS_028,STAD,CMPD024770,Quercetin,MMP1,HOPX,T_NK_ILC,same_target_wrong_cell_state,negative_decoy_candidate,0,0,Degree-aware replacement should be refined before final model training; this table is the first hard-negative candidate pool.
NEG_000651,STAD_AXIS_028,STAD,CMPD005156,Hydroxytyrosol,MMP1,HOPX,Fibroblast_CAF,wrong_compound_same_context,negative_decoy_candidate,0,0,Degree-aware replacement should be refined before final model training; this table is the first hard-negative candidate pool.
NEG_000652,STAD_AXIS_018,STAD,CMPD024768,Kaempferol,ACHE,JUN,Fibroblast_CAF,same_compound_wrong_target,negative_decoy_candidate,0,0,Degree-aware replacement should be refined before final model training; this table is the first hard-negative candidate pool.
NEG_000653,STAD_AXIS_018,STAD,CMPD024768,Kaempferol,CYP1B1,ESR1,Myeloid,same_target_wrong_cell_state,negative_decoy_candidate,0,0,Degree-aware replacement should be refined before final model training; this table is the first hard-negative candidate pool.
NEG_000654,STAD_AXIS_018,STAD,CMPD029494,Alpha-naphthoflavone,CYP1B1,ESR1,Fibroblast_CAF,wrong_compound_same_context,negative_decoy_candidate,0,0,Degree-aware replacement should be refined before final model training; this table is the first hard-negative candidate pool.
NEG_000655,STAD_AXIS_011,STAD,CMPD025671,Eckol,HTR2A,PITX2,Fibroblast_CAF,same_compound_wrong_target,negative_decoy_candidate,0,0,Degree-aware replacement should be refined before final model training; this table is the first hard-negative candidate pool.
NEG_000656,STAD_AXIS_011,STAD,CMPD026148,Corydalmine,BACE1,RELA,Fibroblast_CAF,wrong_compound_same_context,negative_decoy_candidate,0,0,Degree-aware replacement should be refined before final model training; this table is the first hard-negative candidate pool.
NEG_000657,STAD_AXIS_014,STAD,CMPD025012,Naringenin,BACE1,RELA,Fibroblast_CAF,same_compound_wrong_target,negative_decoy_candidate,0,0,Degree-aware replacement should be refined before final model training; this table is the first hard-negative candidate pool.
NEG_000658,STAD_AXIS_014,STAD,CMPD025012,Naringenin,CYP19A1,RELA,T_NK_ILC,same_target_wrong_cell_state,negative_decoy_candidate,0,0,Degree-aware replacement should be refined before final model training; this table is the first hard-negative candidate pool.
NEG_000659,STAD_AXIS_014,STAD,CMPD024843,Dihydrosanguinarine,CYP19A1,RELA,Fibroblast_CAF,wrong_compound_same_context,negative_decoy_candidate,0,0,Degree-aware replacement should be refined before final model training; this table is the first hard-negative candidate pool.
NEG_000660,STAD_AXIS_003,STAD,CMPD024768,Kaempferol,PLAU,NR3C1,Fibroblast_CAF,same_compound_wrong_target,negative_decoy_candidate,0,0,Degree-aware replacement should be refined before final model training; this table is the first hard-negative candidate pool.
NEG_000661,STAD_AXIS_003,STAD,CMPD024768,Kaempferol,CYP1B1,EP300,Myeloid,same_target_wrong_cell_state,negative_decoy_candidate,0,0,Degree-aware replacement should be refined before final model training; this table is the first hard-negative candidate pool.
NEG_000662,STAD_AXIS_003,STAD,CMPD025693,Triptolide,CYP1B1,EP300,Fibroblast_CAF,wrong_compound_same_context,negative_decoy_candidate,0,0,Degree-aware replacement should be refined before final model training; this table is the first hard-negative candidate pool.
NEG_000663,STAD_AXIS_001,STAD,CMPD024770,Quercetin,AHR,PITX2,Fibroblast_CAF,same_compound_wrong_target,negative_decoy_candidate,0,0,Degree-aware replacement should be refined before final model training; this table is the first hard-negative candidate pool.
NEG_000664,STAD_AXIS_001,STAD,CMPD024770,Quercetin,CYP1B1,AHR,T_NK_ILC,same_target_wrong_cell_state,negative_decoy_candidate,0,0,Degree-aware replacement should be refined before final model training; this table is the first hard-negative candidate pool.
NEG_000665,STAD_AXIS_001,STAD,CMPD024806,(-)-epigallocatechin-3-gallate,CYP1B1,AHR,Fibroblast_CAF,wrong_compound_same_context,negative_decoy_candidate,0,0,Degree-aware replacement should be refined before final model training; this table is the first hard-negative candidate pool.
NEG_000666,STAD_AXIS_034,STAD,CMPD024768,Kaempferol,HSP90AB1,HIF1A,Fibroblast_CAF,same_compound_wrong_target,negative_decoy_candidate,0,0,Degree-aware replacement should be refined before final model training; this table is the first hard-negative candidate pool.
NEG_000667,STAD_AXIS_034,STAD,CMPD024768,Kaempferol,MMP1,HOPX,T_NK_ILC,same_target_wrong_cell_state,negative_decoy_candidate,0,0,Degree-aware replacement should be refined before final model training; this table is the first hard-negative candidate pool.
NEG_000668,STAD_AXIS_034,STAD,CMPD026148,Corydalmine,MMP1,HOPX,Fibroblast_CAF,wrong_compound_same_context,negative_decoy_candidate,0,0,Degree-aware replacement should be refined before final model training; this table is the first hard-negative candidate pool.
NEG_000669,STAD_AXIS_035,STAD,CMPD024820,Luteolin,CYP1B1,ESR1,Fibroblast_CAF,same_compound_wrong_target,negative_decoy_candidate,0,0,Degree-aware replacement should be refined before final model training; this table is the first hard-negative candidate pool.
NEG_000670,STAD_AXIS_035,STAD,CMPD024820,Luteolin,MMP1,HOPX,T_NK_ILC,same_target_wrong_cell_state,negative_decoy_candidate,0,0,Degree-aware replacement should be refined before final model training; this table is the first hard-negative candidate pool.
NEG_000671,STAD_AXIS_035,STAD,CMPD029494,Alpha-naphthoflavone,MMP1,HOPX,Fibroblast_CAF,wrong_compound_same_context,negative_decoy_candidate,0,0,Degree-aware replacement should be refined before final model training; this table is the first hard-negative candidate pool.
NEG_000672,STAD_AXIS_036,STAD,CMPD024806,(-)-epigallocatechin-3-gallate,MMP9,RELA,Fibroblast_CAF,same_compound_wrong_target,negative_decoy_candidate,0,0,Degree-aware replacement should be refined before final model training; this table is the first hard-negative candidate pool.
NEG_000673,STAD_AXIS_036,STAD,CMPD024806,(-)-epigallocatechin-3-gallate,MMP1,HOPX,T_NK_ILC,same_target_wrong_cell_state,negative_decoy_candidate,0,0,Degree-aware replacement should be refined before final model training; this table is the first hard-negative candidate pool.
NEG_000674,STAD_AXIS_036,STAD,CMPD025925,Cirsiliol,MMP1,HOPX,Fibroblast_CAF,wrong_compound_same_context,negative_decoy_candidate,0,0,Degree-aware replacement should be refined before final model training; this table is the first hard-negative candidate pool.
NEG_000675,STAD_AXIS_042,STAD,CMPD024770,Quercetin,CYP19A1,RELA,Fibroblast_CAF,same_compound_wrong_target,negative_decoy_candidate,0,0,Degree-aware replacement should be refined before final model training; this table is the first hard-negative candidate pool.
NEG_000676,STAD_AXIS_042,STAD,CMPD025921,16-epi-Isositsirikine,PLAU,ATF4,Fibroblast_CAF,wrong_compound_same_context,negative_decoy_candidate,0,0,Degree-aware replacement should be refined before final model training; this table is the first hard-negative candidate pool.
NEG_000677,STAD_AXIS_026,STAD,CMPD024770,Quercetin,HTR2A,PITX2,Fibroblast_CAF,same_compound_wrong_target,negative_decoy_candidate,0,0,Degree-aware replacement should be refined before final model training; this table is the first hard-negative candidate pool.
NEG_000678,STAD_AXIS_026,STAD,CMPD024770,Quercetin,CYP1B1,CREB1,T_NK_ILC,same_target_wrong_cell_state,negative_decoy_candidate,0,0,Degree-aware replacement should be refined before final model training; this table is the first hard-negative candidate pool.
NEG_000679,STAD_AXIS_026,STAD,CMPD025163,Indirubin,CYP1B1,CREB1,Fibroblast_CAF,wrong_compound_same_context,negative_decoy_candidate,0,0,Degree-aware replacement should be refined before final model training; this table is the first hard-negative candidate pool.
NEG_000680,STAD_AXIS_032,STAD,CMPD025693,Triptolide,PGR,FOS,Fibroblast_CAF,same_compound_wrong_target,negative_decoy_candidate,0,0,Degree-aware replacement should be refined before final model training; this table is the first hard-negative candidate pool.
NEG_000681,STAD_AXIS_032,STAD,CMPD025693,Triptolide,PLAU,GTF3A,Myeloid,same_target_wrong_cell_state,negative_decoy_candidate,0,0,Degree-aware replacement should be refined before final model training; this table is the first hard-negative candidate pool.
NEG_000682,STAD_AXIS_032,STAD,CMPD024820,Luteolin,PLAU,GTF3A,Fibroblast_CAF,wrong_compound_same_context,negative_decoy_candidate,0,0,Degree-aware replacement should be refined before final model training; this table is the first hard-negative candidate pool.
NEG_000683,STAD_AXIS_033,STAD,CMPD024806,(-)-epigallocatechin-3-gallate,CYP1B1,ESR1,Fibroblast_CAF,same_compound_wrong_target,negative_decoy_candidate,0,0,Degree-aware replacement should be refined before final model training; this table is the first hard-negative candidate pool.
NEG_000684,STAD_AXIS_033,STAD,CMPD024806,(-)-epigallocatechin-3-gallate,PLAU,GTF3A,T_NK_ILC,same_target_wrong_cell_state,negative_decoy_candidate,0,0,Degree-aware replacement should be refined before final model training; this table is the first hard-negative candidate pool.
NEG_000685,STAD_AXIS_033,STAD,CMPD025871,Lucidumoside D,PLAU,GTF3A,Fibroblast_CAF,wrong_compound_same_context,negative_decoy_candidate,0,0,Degree-aware replacement should be refined before final model training; this table is the first hard-negative candidate pool.
NEG_000686,STAD_AXIS_067,STAD,CMPD024770,Quercetin,AHR,EPAS1,Fibroblast_CAF,same_compound_wrong_target,negative_decoy_candidate,0,0,Degree-aware replacement should be refined before final model training; this table is the first hard-negative candidate pool.
NEG_000687,STAD_AXIS_067,STAD,CMPD024770,Quercetin,AKR1B1,NFKB2,Myeloid,same_target_wrong_cell_state,negative_decoy_candidate,0,0,Degree-aware replacement should be refined before final model training; this table is the first hard-negative candidate pool.
NEG_000688,STAD_AXIS_067,STAD,CMPD047932,Pongapin,AKR1B1,NFKB2,Fibroblast_CAF,wrong_compound_same_context,negative_decoy_candidate,0,0,Degree-aware replacement should be refined before final model training; this table is the first hard-negative candidate pool.
NEG_000689,STAD_AXIS_051,STAD,CMPD025841,Guggulsterone,HSP90AB1,HOPX,Fibroblast_CAF,same_compound_wrong_target,negative_decoy_candidate,0,0,Degree-aware replacement should be refined before final model training; this table is the first hard-negative candidate pool.
NEG_000690,STAD_AXIS_051,STAD,CMPD025841,Guggulsterone,PGR,FOS,T_NK_ILC,same_target_wrong_cell_state,negative_decoy_candidate,0,0,Degree-aware replacement should be refined before final model training; this table is the first hard-negative candidate pool.
NEG_000691,STAD_AXIS_051,STAD,CMPD024768,Kaempferol,PGR,FOS,Fibroblast_CAF,wrong_compound_same_context,negative_decoy_candidate,0,0,Degree-aware replacement should be refined before final model training; this table is the first hard-negative candidate pool.
NEG_000692,STAD_AXIS_083,STAD,CMPD024806,(-)-epigallocatechin-3-gallate,PLAU,FOXM1,Fibroblast_CAF,same_compound_wrong_target,negative_decoy_candidate,0,0,Degree-aware replacement should be refined before final model training; this table is the first hard-negative candidate pool.
NEG_000693,STAD_AXIS_083,STAD,CMPD024806,(-)-epigallocatechin-3-gallate,PLAU,E2F1,T_NK_ILC,same_target_wrong_cell_state,negative_decoy_candidate,0,0,Degree-aware replacement should be refined before final model training; this table is the first hard-negative candidate pool.
NEG_000694,STAD_AXIS_083,STAD,CMPD003830,Scutellarein,PLAU,E2F1,Fibroblast_CAF,wrong_compound_same_context,negative_decoy_candidate,0,0,Degree-aware replacement should be refined before final model training; this table is the first hard-negative candidate pool.
NEG_000695,STAD_AXIS_082,STAD,CMPD025693,Triptolide,CYP1B1,AHR,Fibroblast_CAF,same_compound_wrong_target,negative_decoy_candidate,0,0,Degree-aware replacement should be refined before final model training; this table is the first hard-negative candidate pool.
NEG_000696,STAD_AXIS_082,STAD,CMPD025693,Triptolide,PLAU,E2F1,Myeloid,same_target_wrong_cell_state,negative_decoy_candidate,0,0,Degree-aware replacement should be refined before final model training; this table is the first hard-negative candidate pool.
NEG_000697,STAD_AXIS_082,STAD,CMPD047932,Pongapin,PLAU,E2F1,Fibroblast_CAF,wrong_compound_same_context,negative_decoy_candidate,0,0,Degree-aware replacement should be refined before final model training; this table is the first hard-negative candidate pool.
NEG_000698,STAD_AXIS_076,STAD,CMPD025693,Triptolide,ACHE,JUN,Fibroblast_CAF,same_compound_wrong_target,negative_decoy_candidate,0,0,Degree-aware replacement should be refined before final model training; this table is the first hard-negative candidate pool.
NEG_000699,STAD_AXIS_076,STAD,CMPD025693,Triptolide,PLAU,RELA,Myeloid,same_target_wrong_cell_state,negative_decoy_candidate,0,0,Degree-aware replacement should be refined before final model training; this table is the first hard-negative candidate pool.
NEG_000700,STAD_AXIS_076,STAD,CMPD026190,Pectolinarigenin,PLAU,RELA,Fibroblast_CAF,wrong_compound_same_context,negative_decoy_candidate,0,0,Degree-aware replacement should be refined before final model training; this table is the first hard-negative candidate pool.
NEG_000701,STAD_AXIS_077,STAD,CMPD024806,(-)-epigallocatechin-3-gallate,MMP1,EWSR1,Fibroblast_CAF,same_compound_wrong_target,negative_decoy_candidate,0,0,Degree-aware replacement should be refined before final model training; this table is the first hard-negative candidate pool.
NEG_000702,STAD_AXIS_077,STAD,CMPD024806,(-)-epigallocatechin-3-gallate,PLAU,RELA,T_NK_ILC,same_target_wrong_cell_state,negative_decoy_candidate,0,0,Degree-aware replacement should be refined before final model training; this table is the first hard-negative candidate pool.
NEG_000703,STAD_AXIS_077,STAD,CMPD025039,Citromitin,PLAU,RELA,Fibroblast_CAF,wrong_compound_same_context,negative_decoy_candidate,0,0,Degree-aware replacement should be refined before final model training; this table is the first hard-negative candidate pool.
NEG_000704,STAD_AXIS_004,STAD,CMPD024768,Kaempferol,PLAU,ETS1,Fibroblast_CAF,same_compound_wrong_target,negative_decoy_candidate,0,0,Degree-aware replacement should be refined before final model training; this table is the first hard-negative candidate pool.
NEG_000705,STAD_AXIS_004,STAD,CMPD024768,Kaempferol,CYP1B1,AHR,T_NK_ILC,same_target_wrong_cell_state,negative_decoy_candidate,0,0,Degree-aware replacement should be refined before final model training; this table is the first hard-negative candidate pool.
NEG_000706,STAD_AXIS_004,STAD,CMPD025017,Catechin,CYP1B1,AHR,Fibroblast_CAF,wrong_compound_same_context,negative_decoy_candidate,0,0,Degree-aware replacement should be refined before final model training; this table is the first hard-negative candidate pool.
NEG_000707,STAD_AXIS_057,STAD,CMPD025163,Indirubin,ACHE,SP1,Fibroblast_CAF,same_compound_wrong_target,negative_decoy_candidate,0,0,Degree-aware replacement should be refined before final model training; this table is the first hard-negative candidate pool.
NEG_000708,STAD_AXIS_057,STAD,CMPD025163,Indirubin,AHR,EPAS1,T_NK_ILC,same_target_wrong_cell_state,negative_decoy_candidate,0,0,Degree-aware replacement should be refined before final model training; this table is the first hard-negative candidate pool.
NEG_000709,STAD_AXIS_057,STAD,CMPD025439,Futokadsurin C,AHR,EPAS1,Fibroblast_CAF,wrong_compound_same_context,negative_decoy_candidate,0,0,Degree-aware replacement should be refined before final model training; this table is the first hard-negative candidate pool.
NEG_000710,STAD_AXIS_045,STAD,CMPD024768,Kaempferol,BACE1,RELA,Fibroblast_CAF,same_compound_wrong_target,negative_decoy_candidate,0,0,Degree-aware replacement should be refined before final model training; this table is the first hard-negative candidate pool.
NEG_000711,STAD_AXIS_045,STAD,CMPD024768,Kaempferol,CYP1B1,CREB1,T_NK_ILC,same_target_wrong_cell_state,negative_decoy_candidate,0,0,Degree-aware replacement should be refined before final model training; this table is the first hard-negative candidate pool.
NEG_000712,STAD_AXIS_045,STAD,CMPD024876,Dasycarpamin,CYP1B1,CREB1,Fibroblast_CAF,wrong_compound_same_context,negative_decoy_candidate,0,0,Degree-aware replacement should be refined before final model training; this table is the first hard-negative candidate pool.
NEG_000713,STAD_AXIS_086,STAD,CMPD024773,Stigmasterol,ACHE,JUN,Fibroblast_CAF,same_compound_wrong_target,negative_decoy_candidate,0,0,Degree-aware replacement should be refined before final model training; this table is the first hard-negative candidate pool.
NEG_000714,STAD_AXIS_086,STAD,CMPD024773,Stigmasterol,PLAU,GTF3A,T_NK_ILC,same_target_wrong_cell_state,negative_decoy_candidate,0,0,Degree-aware replacement should be refined before final model training; this table is the first hard-negative candidate pool.
NEG_000715,STAD_AXIS_086,STAD,CMPD025191,Tetramethoxyluteolin,PLAU,GTF3A,Fibroblast_CAF,wrong_compound_same_context,negative_decoy_candidate,0,0,Degree-aware replacement should be refined before final model training; this table is the first hard-negative candidate pool.
NEG_000716,STAD_AXIS_084,STAD,CMPD024768,Kaempferol,HSP90AB1,HOPX,Fibroblast_CAF,same_compound_wrong_target,negative_decoy_candidate,0,0,Degree-aware replacement should be refined before final model training; this table is the first hard-negative candidate pool.
NEG_000717,STAD_AXIS_084,STAD,CMPD024768,Kaempferol,AHR,EPAS1,T_NK_ILC,same_target_wrong_cell_state,negative_decoy_candidate,0,0,Degree-aware replacement should be refined before final model training; this table is the first hard-negative candidate pool.
NEG_000718,STAD_AXIS_084,STAD,CMPD015728,Myricetin,AHR,EPAS1,Fibroblast_CAF,wrong_compound_same_context,negative_decoy_candidate,0,0,Degree-aware replacement should be refined before final model training; this table is the first hard-negative candidate pool.
NEG_000719,STAD_AXIS_079,STAD,CMPD024770,Quercetin,APP,MYC,Fibroblast_CAF,same_compound_wrong_target,negative_decoy_candidate,0,0,Degree-aware replacement should be refined before final model training; this table is the first hard-negative candidate pool.
NEG_000720,STAD_AXIS_079,STAD,CMPD014972,Pinosylvin,CYP1B1,AR,Fibroblast_CAF,wrong_compound_same_context,negative_decoy_candidate,0,0,Degree-aware replacement should be refined before final model training; this table is the first hard-negative candidate pool.
NEG_000721,STAD_AXIS_015,STAD,CMPD025671,Eckol,CYP1B1,AHR,Fibroblast_CAF,same_compound_wrong_target,negative_decoy_candidate,0,0,Degree-aware replacement should be refined before final model training; this table is the first hard-negative candidate pool.
NEG_000722,STAD_AXIS_015,STAD,CMPD025671,Eckol,BACE1,HSF1,T_NK_ILC,same_target_wrong_cell_state,negative_decoy_candidate,0,0,Degree-aware replacement should be refined before final model training; this table is the first hard-negative candidate pool.
NEG_000723,STAD_AXIS_015,STAD,CMPD051525,7-hydroxy flavone,BACE1,HSF1,Fibroblast_CAF,wrong_compound_same_context,negative_decoy_candidate,0,0,Degree-aware replacement should be refined before final model training; this table is the first hard-negative candidate pool.
NEG_000724,STAD_AXIS_016,STAD,CMPD024770,Quercetin,CYP1A1,AHR,Fibroblast_CAF,same_compound_wrong_target,negative_decoy_candidate,0,0,Degree-aware replacement should be refined before final model training; this table is the first hard-negative candidate pool.
NEG_000725,STAD_AXIS_016,STAD,CMPD024770,Quercetin,ALOX5,RELA,T_NK_ILC,same_target_wrong_cell_state,negative_decoy_candidate,0,0,Degree-aware replacement should be refined before final model training; this table is the first hard-negative candidate pool.
NEG_000726,STAD_AXIS_016,STAD,CMPD025921,16-epi-Isositsirikine,ALOX5,RELA,Fibroblast_CAF,wrong_compound_same_context,negative_decoy_candidate,0,0,Degree-aware replacement should be refined before final model training; this table is the first hard-negative candidate pool.
NEG_000727,STAD_AXIS_038,STAD,CMPD024770,Quercetin,ALOX5,RORA,T_NK_ILC,same_target_wrong_cell_state,negative_decoy_candidate,0,0,Degree-aware replacement should be refined before final model training; this table is the first hard-negative candidate pool.
NEG_000728,STAD_AXIS_038,STAD,CMPD025216,Marmesinin,ALOX5,RORA,Fibroblast_CAF,wrong_compound_same_context,negative_decoy_candidate,0,0,Degree-aware replacement should be refined before final model training; this table is the first hard-negative candidate pool.
NEG_000729,STAD_AXIS_023,STAD,CMPD025841,Guggulsterone,BACE1,RELA,Fibroblast_CAF,same_compound_wrong_target,negative_decoy_candidate,0,0,Degree-aware replacement should be refined before final model training; this table is the first hard-negative candidate pool.
NEG_000730,STAD_AXIS_023,STAD,CMPD025841,Guggulsterone,PGR,EPAS1,Myeloid,same_target_wrong_cell_state,negative_decoy_candidate,0,0,Degree-aware replacement should be refined before final model training; this table is the first hard-negative candidate pool.
NEG_000731,STAD_AXIS_023,STAD,CMPD025012,Naringenin,PGR,EPAS1,Fibroblast_CAF,wrong_compound_same_context,negative_decoy_candidate,0,0,Degree-aware replacement should be refined before final model training; this table is the first hard-negative candidate pool.
NEG_000732,STAD_AXIS_046,STAD,CMPD029494,Alpha-naphthoflavone,PLAU,NR3C1,Fibroblast_CAF,same_compound_wrong_target,negative_decoy_candidate,0,0,Degree-aware replacement should be refined before final model training; this table is the first hard-negative candidate pool.
NEG_000733,STAD_AXIS_046,STAD,CMPD029494,Alpha-naphthoflavone,CYP1B1,EP300,Myeloid,same_target_wrong_cell_state,negative_decoy_candidate,0,0,Degree-aware replacement should be refined before final model training; this table is the first hard-negative candidate pool.
NEG_000734,STAD_AXIS_046,STAD,CMPD047932,Pongapin,CYP1B1,EP300,Fibroblast_CAF,wrong_compound_same_context,negative_decoy_candidate,0,0,Degree-aware replacement should be refined before final model training; this table is the first hard-negative candidate pool.
NEG_000735,STAD_AXIS_053,STAD,CMPD024770,Quercetin,CDK2,MYC,Fibroblast_CAF,same_compound_wrong_target,negative_decoy_candidate,0,0,Degree-aware replacement should be refined before final model training; this table is the first hard-negative candidate pool.
NEG_000736,STAD_AXIS_053,STAD,CMPD024770,Quercetin,MMP9,RELA,T_NK_ILC,same_target_wrong_cell_state,negative_decoy_candidate,0,0,Degree-aware replacement should be refined before final model training; this table is the first hard-negative candidate pool.
NEG_000737,STAD_AXIS_053,STAD,CMPD029494,Alpha-naphthoflavone,MMP9,RELA,Fibroblast_CAF,wrong_compound_same_context,negative_decoy_candidate,0,0,Degree-aware replacement should be refined before final model training; this table is the first hard-negative candidate pool.
NEG_000738,STAD_AXIS_037,STAD,CMPD025163,Indirubin,CYP1B1,AHR,Fibroblast_CAF,same_compound_wrong_target,negative_decoy_candidate,0,0,Degree-aware replacement should be refined before final model training; this table is the first hard-negative candidate pool.
NEG_000739,STAD_AXIS_037,STAD,CMPD025163,Indirubin,AHR,PITX2,Myeloid,same_target_wrong_cell_state,negative_decoy_candidate,0,0,Degree-aware replacement should be refined before final model training; this table is the first hard-negative candidate pool.
NEG_000740,STAD_AXIS_037,STAD,CMPD025566,"3',4',7-trihydroxyflavanone",AHR,PITX2,Fibroblast_CAF,wrong_compound_same_context,negative_decoy_candidate,0,0,Degree-aware replacement should be refined before final model training; this table is the first hard-negative candidate pool.
NEG_000741,STAD_AXIS_044,STAD,CMPD024768,Kaempferol,RELA,RELA,Fibroblast_CAF,same_compound_wrong_target,negative_decoy_candidate,0,0,Degree-aware replacement should be refined before final model training; this table is the first hard-negative candidate pool.
NEG_000742,STAD_AXIS_044,STAD,CMPD024768,Kaempferol,AHR,PITX2,T_NK_ILC,same_target_wrong_cell_state,negative_decoy_candidate,0,0,Degree-aware replacement should be refined before final model training; this table is the first hard-negative candidate pool.
NEG_000743,STAD_AXIS_044,STAD,CMPD019676,Berberine chloride,AHR,PITX2,Fibroblast_CAF,wrong_compound_same_context,negative_decoy_candidate,0,0,Degree-aware replacement should be refined before final model training; this table is the first hard-negative candidate pool.
NEG_000744,STAD_AXIS_081,STAD,CMPD025841,Guggulsterone,AHR,EPAS1,Fibroblast_CAF,same_compound_wrong_target,negative_decoy_candidate,0,0,Degree-aware replacement should be refined before final model training; this table is the first hard-negative candidate pool.
NEG_000745,STAD_AXIS_081,STAD,CMPD025841,Guggulsterone,PGR,RELA,T_NK_ILC,same_target_wrong_cell_state,negative_decoy_candidate,0,0,Degree-aware replacement should be refined before final model training; this table is the first hard-negative candidate pool.
NEG_000746,STAD_AXIS_081,STAD,CMPD026190,Pectolinarigenin,PGR,RELA,Fibroblast_CAF,wrong_compound_same_context,negative_decoy_candidate,0,0,Degree-aware replacement should be refined before final model training; this table is the first hard-negative candidate pool.
NEG_000747,STAD_AXIS_031,STAD,CMPD025671,Eckol,AKR1B1,RELA,Fibroblast_CAF,same_compound_wrong_target,negative_decoy_candidate,0,0,Degree-aware replacement should be refined before final model training; this table is the first hard-negative candidate pool.
NEG_000748,STAD_AXIS_031,STAD,CMPD025671,Eckol,BACE1,HIF1A,T_NK_ILC,same_target_wrong_cell_state,negative_decoy_candidate,0,0,Degree-aware replacement should be refined before final model training; this table is the first hard-negative candidate pool.
NEG_000749,STAD_AXIS_031,STAD,CMPD024806,(-)-epigallocatechin-3-gallate,BACE1,HIF1A,Fibroblast_CAF,wrong_compound_same_context,negative_decoy_candidate,0,0,Degree-aware replacement should be refined before final model training; this table is the first hard-negative candidate pool.
NEG_000750,STAD_AXIS_068,STAD,CMPD024770,Quercetin,MMP1,EWSR1,T_NK_ILC,same_target_wrong_cell_state,negative_decoy_candidate,0,0,Degree-aware replacement should be refined before final model training; this table is the first hard-negative candidate pool.
NEG_000751,STAD_AXIS_068,STAD,CMPD003852,Pyrene,MMP1,EWSR1,Fibroblast_CAF,wrong_compound_same_context,negative_decoy_candidate,0,0,Degree-aware replacement should be refined before final model training; this table is the first hard-negative candidate pool.
NEG_000752,STAD_AXIS_006,STAD,CMPD025163,Indirubin,PLAU,JUN,Fibroblast_CAF,same_compound_wrong_target,negative_decoy_candidate,0,0,Degree-aware replacement should be refined before final model training; this table is the first hard-negative candidate pool.
NEG_000753,STAD_AXIS_006,STAD,CMPD025163,Indirubin,AHR,AHR,T_NK_ILC,same_target_wrong_cell_state,negative_decoy_candidate,0,0,Degree-aware replacement should be refined before final model training; this table is the first hard-negative candidate pool.
NEG_000754,STAD_AXIS_006,STAD,CMPD019676,Berberine chloride,AHR,AHR,Fibroblast_CAF,wrong_compound_same_context,negative_decoy_candidate,0,0,Degree-aware replacement should be refined before final model training; this table is the first hard-negative candidate pool.
NEG_000755,STAD_AXIS_058,STAD,CMPD025671,Eckol,MMP1,EWSR1,Fibroblast_CAF,same_compound_wrong_target,negative_decoy_candidate,0,0,Degree-aware replacement should be refined before final model training; this table is the first hard-negative candidate pool.
NEG_000756,STAD_AXIS_058,STAD,CMPD025671,Eckol,BACE1,STAT3,T_NK_ILC,same_target_wrong_cell_state,negative_decoy_candidate,0,0,Degree-aware replacement should be refined before final model training; this table is the first hard-negative candidate pool.
NEG_000757,STAD_AXIS_058,STAD,CMPD024773,Stigmasterol,BACE1,STAT3,Fibroblast_CAF,wrong_compound_same_context,negative_decoy_candidate,0,0,Degree-aware replacement should be refined before final model training; this table is the first hard-negative candidate pool.
NEG_000758,STAD_AXIS_074,STAD,CMPD025163,Indirubin,ALOX5,NFKB1,Fibroblast_CAF,same_compound_wrong_target,negative_decoy_candidate,0,0,Degree-aware replacement should be refined before final model training; this table is the first hard-negative candidate pool.
NEG_000759,STAD_AXIS_074,STAD,CMPD025163,Indirubin,AHR,NR3C1,T_NK_ILC,same_target_wrong_cell_state,negative_decoy_candidate,0,0,Degree-aware replacement should be refined before final model training; this table is the first hard-negative candidate pool.
NEG_000760,STAD_AXIS_074,STAD,CMPD024820,Luteolin,AHR,NR3C1,Fibroblast_CAF,wrong_compound_same_context,negative_decoy_candidate,0,0,Degree-aware replacement should be refined before final model training; this table is the first hard-negative candidate pool.
NEG_000761,STAD_AXIS_075,STAD,CMPD025163,Indirubin,PLAU,ATF4,Fibroblast_CAF,same_compound_wrong_target,negative_decoy_candidate,0,0,Degree-aware replacement should be refined before final model training; this table is the first hard-negative candidate pool.
NEG_000762,STAD_AXIS_075,STAD,CMPD025163,Indirubin,AHR,STAT3,T_NK_ILC,same_target_wrong_cell_state,negative_decoy_candidate,0,0,Degree-aware replacement should be refined before final model training; this table is the first hard-negative candidate pool.
NEG_000763,STAD_AXIS_075,STAD,CMPD015715,"1-(3,5-dihydroxyphenyl)-2-(4-hydroxyphenyl)ethylene; (e)-form",AHR,STAT3,Fibroblast_CAF,wrong_compound_same_context,negative_decoy_candidate,0,0,Degree-aware replacement should be refined before final model training; this table is the first hard-negative candidate pool.
NEG_000764,STAD_AXIS_025,STAD,CMPD029494,Alpha-naphthoflavone,BACE1,TCF7L2,Fibroblast_CAF,same_compound_wrong_target,negative_decoy_candidate,0,0,Degree-aware replacement should be refined before final model training; this table is the first hard-negative candidate pool.
NEG_000765,STAD_AXIS_025,STAD,CMPD029494,Alpha-naphthoflavone,CYP1B1,AHR,T_NK_ILC,same_target_wrong_cell_state,negative_decoy_candidate,0,0,Degree-aware replacement should be refined before final model training; this table is the first hard-negative candidate pool.
NEG_000766,STAD_AXIS_025,STAD,CMPD024977,Bergaptin,CYP1B1,AHR,Fibroblast_CAF,wrong_compound_same_context,negative_decoy_candidate,0,0,Degree-aware replacement should be refined before final model training; this table is the first hard-negative candidate pool.
NEG_000767,STAD_AXIS_095,STAD,CMPD025188,Eriodyctiol (flavanone),CYP1B1,TBP,Fibroblast_CAF,wrong_compound_same_context,negative_decoy_candidate,0,0,Degree-aware replacement should be refined before final model training; this table is the first hard-negative candidate pool.
NEG_000768,STAD_AXIS_098,STAD,CMPD024768,Kaempferol,ACHE,SP1,Fibroblast_CAF,same_compound_wrong_target,negative_decoy_candidate,0,0,Degree-aware replacement should be refined before final model training; this table is the first hard-negative candidate pool.
NEG_000769,STAD_AXIS_098,STAD,CMPD024768,Kaempferol,MMP1,EWSR1,Myeloid,same_target_wrong_cell_state,negative_decoy_candidate,0,0,Degree-aware replacement should be refined before final model training; this table is the first hard-negative candidate pool.
NEG_000770,STAD_AXIS_098,STAD,CMPD008994,Acteoside,MMP1,EWSR1,Fibroblast_CAF,wrong_compound_same_context,negative_decoy_candidate,0,0,Degree-aware replacement should be refined before final model training; this table is the first hard-negative candidate pool.
NEG_000771,STAD_AXIS_097,STAD,CMPD024820,Luteolin,PLAU,MYC,Fibroblast_CAF,same_compound_wrong_target,negative_decoy_candidate,0,0,Degree-aware replacement should be refined before final model training; this table is the first hard-negative candidate pool.
NEG_000772,STAD_AXIS_097,STAD,CMPD024820,Luteolin,MMP1,EWSR1,Myeloid,same_target_wrong_cell_state,negative_decoy_candidate,0,0,Degree-aware replacement should be refined before final model training; this table is the first hard-negative candidate pool.
NEG_000773,STAD_AXIS_097,STAD,CMPD026069,Goshuyuamide I,MMP1,EWSR1,Fibroblast_CAF,wrong_compound_same_context,negative_decoy_candidate,0,0,Degree-aware replacement should be refined before final model training; this table is the first hard-negative candidate pool.
NEG_000774,STAD_AXIS_012,STAD,CMPD024768,Kaempferol,PLAU,NFKB1,Fibroblast_CAF,same_compound_wrong_target,negative_decoy_candidate,0,0,Degree-aware replacement should be refined before final model training; this table is the first hard-negative candidate pool.
NEG_000775,STAD_AXIS_012,STAD,CMPD024768,Kaempferol,AHR,AHR,Myeloid,same_target_wrong_cell_state,negative_decoy_candidate,0,0,Degree-aware replacement should be refined before final model training; this table is the first hard-negative candidate pool.
NEG_000776,STAD_AXIS_012,STAD,CMPD014972,Pinosylvin,AHR,AHR,Fibroblast_CAF,wrong_compound_same_context,negative_decoy_candidate,0,0,Degree-aware replacement should be refined before final model training; this table is the first hard-negative candidate pool.
NEG_000777,STAD_AXIS_009,STAD,CMPD024946,Baicalein,AHR,AHR,Fibroblast_CAF,same_compound_wrong_target,negative_decoy_candidate,0,0,Degree-aware replacement should be refined before final model training; this table is the first hard-negative candidate pool.
NEG_000778,STAD_AXIS_009,STAD,CMPD024946,Baicalein,ALOX12,FOS,Myeloid,same_target_wrong_cell_state,negative_decoy_candidate,0,0,Degree-aware replacement should be refined before final model training; this table is the first hard-negative candidate pool.
NEG_000779,STAD_AXIS_009,STAD,CMPD025188,Eriodyctiol (flavanone),ALOX12,FOS,Fibroblast_CAF,wrong_compound_same_context,negative_decoy_candidate,0,0,Degree-aware replacement should be refined before final model training; this table is the first hard-negative candidate pool.
NEG_000780,STAD_AXIS_047,STAD,CMPD024768,Kaempferol,DRD1,FOS,Fibroblast_CAF,same_compound_wrong_target,negative_decoy_candidate,0,0,Degree-aware replacement should be refined before final model training; this table is the first hard-negative candidate pool.
NEG_000781,STAD_AXIS_047,STAD,CMPD024768,Kaempferol,ALOX5,RELA,T_NK_ILC,same_target_wrong_cell_state,negative_decoy_candidate,0,0,Degree-aware replacement should be refined before final model training; this table is the first hard-negative candidate pool.
NEG_000782,STAD_AXIS_047,STAD,CMPD026148,Corydalmine,ALOX5,RELA,Fibroblast_CAF,wrong_compound_same_context,negative_decoy_candidate,0,0,Degree-aware replacement should be refined before final model training; this table is the first hard-negative candidate pool.
NEG_000783,STAD_AXIS_056,STAD,CMPD025671,Eckol,HSP90AB1,HOPX,Fibroblast_CAF,same_compound_wrong_target,negative_decoy_candidate,0,0,Degree-aware replacement should be refined before final model training; this table is the first hard-negative candidate pool.
NEG_000784,STAD_AXIS_056,STAD,CMPD025671,Eckol,BACE1,NFKB1,T_NK_ILC,same_target_wrong_cell_state,negative_decoy_candidate,0,0,Degree-aware replacement should be refined before final model training; this table is the first hard-negative candidate pool.
NEG_000785,STAD_AXIS_056,STAD,CMPD024773,Stigmasterol,BACE1,NFKB1,Fibroblast_CAF,wrong_compound_same_context,negative_decoy_candidate,0,0,Degree-aware replacement should be refined before final model training; this table is the first hard-negative candidate pool.
NEG_000786,STAD_AXIS_043,STAD,CMPD024817,Acacetin,AKR1B1,NFKB2,Fibroblast_CAF,same_compound_wrong_target,negative_decoy_candidate,0,0,Degree-aware replacement should be refined before final model training; this table is the first hard-negative candidate pool.
NEG_000787,STAD_AXIS_043,STAD,CMPD024817,Acacetin,CYP1B1,AHR,T_NK_ILC,same_target_wrong_cell_state,negative_decoy_candidate,0,0,Degree-aware replacement should be refined before final model training; this table is the first hard-negative candidate pool.
NEG_000788,STAD_AXIS_043,STAD,CMPD025039,Citromitin,CYP1B1,AHR,Fibroblast_CAF,wrong_compound_same_context,negative_decoy_candidate,0,0,Degree-aware replacement should be refined before final model training; this table is the first hard-negative candidate pool.
NEG_000789,STAD_AXIS_096,STAD,CMPD025163,Indirubin,CYP1B1,CREB1,Myeloid,same_compound_wrong_target,negative_decoy_candidate,0,0,Degree-aware replacement should be refined before final model training; this table is the first hard-negative candidate pool.
NEG_000790,STAD_AXIS_096,STAD,CMPD025163,Indirubin,AHR,NR1H3,Fibroblast_CAF,same_target_wrong_cell_state,negative_decoy_candidate,0,0,Degree-aware replacement should be refined before final model training; this table is the first hard-negative candidate pool.
NEG_000791,STAD_AXIS_096,STAD,CMPD002559,"2,4,2',4'-tetrahydroxychalcone",AHR,NR1H3,Myeloid,wrong_compound_same_context,negative_decoy_candidate,0,0,Degree-aware replacement should be refined before final model training; this table is the first hard-negative candidate pool.
NEG_000792,STAD_AXIS_048,STAD,CMPD025602,"3,5-dihydroxy-2-(4-hydroxyphenyl)chromone",ALOX12,FOS,Fibroblast_CAF,same_compound_wrong_target,negative_decoy_candidate,0,0,Degree-aware replacement should be refined before final model training; this table is the first hard-negative candidate pool.
NEG_000793,STAD_AXIS_048,STAD,CMPD025602,"3,5-dihydroxy-2-(4-hydroxyphenyl)chromone",CYP1B1,AHR,T_NK_ILC,same_target_wrong_cell_state,negative_decoy_candidate,0,0,Degree-aware replacement should be refined before final model training; this table is the first hard-negative candidate pool.
NEG_000794,STAD_AXIS_048,STAD,CMPD025269,Euchrenone,CYP1B1,AHR,Fibroblast_CAF,wrong_compound_same_context,negative_decoy_candidate,0,0,Degree-aware replacement should be refined before final model training; this table is the first hard-negative candidate pool.
NEG_000795,STAD_AXIS_030,STAD,CMPD025671,Eckol,PGR,FOS,Fibroblast_CAF,same_compound_wrong_target,negative_decoy_candidate,0,0,Degree-aware replacement should be refined before final model training; this table is the first hard-negative candidate pool.
NEG_000796,STAD_AXIS_030,STAD,CMPD025671,Eckol,BACE1,CTNNB1,T_NK_ILC,same_target_wrong_cell_state,negative_decoy_candidate,0,0,Degree-aware replacement should be refined before final model training; this table is the first hard-negative candidate pool.
NEG_000797,STAD_AXIS_030,STAD,CMPD024768,Kaempferol,BACE1,CTNNB1,Fibroblast_CAF,wrong_compound_same_context,negative_decoy_candidate,0,0,Degree-aware replacement should be refined before final model training; this table is the first hard-negative candidate pool.
NEG_000798,STAD_AXIS_066,STAD,CMPD025671,Eckol,AHR,AHR,Fibroblast_CAF,same_compound_wrong_target,negative_decoy_candidate,0,0,Degree-aware replacement should be refined before final model training; this table is the first hard-negative candidate pool.
NEG_000799,STAD_AXIS_066,STAD,CMPD025671,Eckol,BACE1,TCF7L2,T_NK_ILC,same_target_wrong_cell_state,negative_decoy_candidate,0,0,Degree-aware replacement should be refined before final model training; this table is the first hard-negative candidate pool.
NEG_000800,STAD_AXIS_066,STAD,CMPD021553,Curcumin,BACE1,TCF7L2,Fibroblast_CAF,wrong_compound_same_context,negative_decoy_candidate,0,0,Degree-aware replacement should be refined before final model training; this table is the first hard-negative candidate pool.
NEG_000801,STAD_AXIS_059,STAD,CMPD015715,"1-(3,5-dihydroxyphenyl)-2-(4-hydroxyphenyl)ethylene; (e)-form",PLAU,REL,Fibroblast_CAF,same_compound_wrong_target,negative_decoy_candidate,0,0,Degree-aware replacement should be refined before final model training; this table is the first hard-negative candidate pool.
NEG_000802,STAD_AXIS_059,STAD,CMPD015715,"1-(3,5-dihydroxyphenyl)-2-(4-hydroxyphenyl)ethylene; (e)-form",CYP1B1,AHR,T_NK_ILC,same_target_wrong_cell_state,negative_decoy_candidate,0,0,Degree-aware replacement should be refined before final model training; this table is the first hard-negative candidate pool.
NEG_000803,STAD_AXIS_059,STAD,CMPD025160,Tanshinone iia,CYP1B1,AHR,Fibroblast_CAF,wrong_compound_same_context,negative_decoy_candidate,0,0,Degree-aware replacement should be refined before final model training; this table is the first hard-negative candidate pool.
NEG_000804,STAD_AXIS_061,STAD,CMPD025348,Galangin,AHR,AHR,Fibroblast_CAF,same_compound_wrong_target,negative_decoy_candidate,0,0,Degree-aware replacement should be refined before final model training; this table is the first hard-negative candidate pool.
NEG_000805,STAD_AXIS_061,STAD,CMPD025348,Galangin,CYP1B1,AHR,T_NK_ILC,same_target_wrong_cell_state,negative_decoy_candidate,0,0,Degree-aware replacement should be refined before final model training; this table is the first hard-negative candidate pool.
NEG_000806,STAD_AXIS_061,STAD,CMPD024773,Stigmasterol,CYP1B1,AHR,Fibroblast_CAF,wrong_compound_same_context,negative_decoy_candidate,0,0,Degree-aware replacement should be refined before final model training; this table is the first hard-negative candidate pool.
NEG_000807,STAD_AXIS_060,STAD,CMPD003852,Pyrene,PLAU,ATF4,Fibroblast_CAF,same_compound_wrong_target,negative_decoy_candidate,0,0,Degree-aware replacement should be refined before final model training; this table is the first hard-negative candidate pool.
NEG_000808,STAD_AXIS_060,STAD,CMPD003852,Pyrene,CYP1B1,AHR,Myeloid,same_target_wrong_cell_state,negative_decoy_candidate,0,0,Degree-aware replacement should be refined before final model training; this table is the first hard-negative candidate pool.
NEG_000809,STAD_AXIS_060,STAD,CMPD025607,"5-hydroxy-7-methoxy-2-(3,4,5-trimethoxyphenyl)chromone",CYP1B1,AHR,Fibroblast_CAF,wrong_compound_same_context,negative_decoy_candidate,0,0,Degree-aware replacement should be refined before final model training; this table is the first hard-negative candidate pool.
NEG_000810,STAD_AXIS_062,STAD,CMPD024964,Kaempferide,AHR,AHR,Fibroblast_CAF,same_compound_wrong_target,negative_decoy_candidate,0,0,Degree-aware replacement should be refined before final model training; this table is the first hard-negative candidate pool.
NEG_000811,STAD_AXIS_062,STAD,CMPD024964,Kaempferide,CYP1B1,AHR,Myeloid,same_target_wrong_cell_state,negative_decoy_candidate,0,0,Degree-aware replacement should be refined before final model training; this table is the first hard-negative candidate pool.
NEG_000812,STAD_AXIS_062,STAD,CMPD025479,Ellipticine,CYP1B1,AHR,Fibroblast_CAF,wrong_compound_same_context,negative_decoy_candidate,0,0,Degree-aware replacement should be refined before final model training; this table is the first hard-negative candidate pool.
NEG_000813,STAD_AXIS_072,STAD,CMPD024820,Luteolin,PLAU,E2F1,Fibroblast_CAF,same_compound_wrong_target,negative_decoy_candidate,0,0,Degree-aware replacement should be refined before final model training; this table is the first hard-negative candidate pool.
NEG_000814,STAD_AXIS_072,STAD,CMPD024820,Luteolin,CYP1B1,AHR,T_NK_ILC,same_target_wrong_cell_state,negative_decoy_candidate,0,0,Degree-aware replacement should be refined before final model training; this table is the first hard-negative candidate pool.
NEG_000815,STAD_AXIS_072,STAD,CMPD025439,Futokadsurin C,CYP1B1,AHR,Fibroblast_CAF,wrong_compound_same_context,negative_decoy_candidate,0,0,Degree-aware replacement should be refined before final model training; this table is the first hard-negative candidate pool.
NEG_000816,STAD_AXIS_070,STAD,CMPD024921,Diosmetin,AHR,PITX2,Fibroblast_CAF,same_compound_wrong_target,negative_decoy_candidate,0,0,Degree-aware replacement should be refined before final model training; this table is the first hard-negative candidate pool.
NEG_000817,STAD_AXIS_070,STAD,CMPD024921,Diosmetin,CYP1B1,AHR,T_NK_ILC,same_target_wrong_cell_state,negative_decoy_candidate,0,0,Degree-aware replacement should be refined before final model training; this table is the first hard-negative candidate pool.
NEG_000818,STAD_AXIS_070,STAD,CMPD025387,"methyl (E)-2-[(2S,3Z,12bS)-3-ethylidene-2,4,6,7,12,12b-hexahydro-1H-indolo[3,2-h]quinolizin-2-yl]-3-methoxyprop-2-enoate",CYP1B1,AHR,Fibroblast_CAF,wrong_compound_same_context,negative_decoy_candidate,0,0,Degree-aware replacement should be refined before final model training; this table is the first hard-negative candidate pool.
NEG_000819,STAD_AXIS_071,STAD,CMPD012823,Apigenin,ACHE,SP1,Fibroblast_CAF,same_compound_wrong_target,negative_decoy_candidate,0,0,Degree-aware replacement should be refined before final model training; this table is the first hard-negative candidate pool.
NEG_000820,STAD_AXIS_071,STAD,CMPD012823,Apigenin,CYP1B1,AHR,T_NK_ILC,same_target_wrong_cell_state,negative_decoy_candidate,0,0,Degree-aware replacement should be refined before final model training; this table is the first hard-negative candidate pool.
NEG_000821,STAD_AXIS_071,STAD,CMPD026068,Evodiamide,CYP1B1,AHR,Fibroblast_CAF,wrong_compound_same_context,negative_decoy_candidate,0,0,Degree-aware replacement should be refined before final model training; this table is the first hard-negative candidate pool.
NEG_000822,STAD_AXIS_069,STAD,CMPD003951,Chrysin,AHR,STAT3,Fibroblast_CAF,same_compound_wrong_target,negative_decoy_candidate,0,0,Degree-aware replacement should be refined before final model training; this table is the first hard-negative candidate pool.
NEG_000823,STAD_AXIS_069,STAD,CMPD003951,Chrysin,CYP1B1,AHR,Myeloid,same_target_wrong_cell_state,negative_decoy_candidate,0,0,Degree-aware replacement should be refined before final model training; this table is the first hard-negative candidate pool.
NEG_000824,STAD_AXIS_069,STAD,CMPD025264,Deltoin,CYP1B1,AHR,Fibroblast_CAF,wrong_compound_same_context,negative_decoy_candidate,0,0,Degree-aware replacement should be refined before final model training; this table is the first hard-negative candidate pool.
NEG_000825,STAD_AXIS_052,STAD,CMPD024770,Quercetin,BACE1,RELA,T_NK_ILC,same_target_wrong_cell_state,negative_decoy_candidate,0,0,Degree-aware replacement should be refined before final model training; this table is the first hard-negative candidate pool.
NEG_000826,STAD_AXIS_052,STAD,CMPD007412,Cannabinol,BACE1,RELA,Fibroblast_CAF,wrong_compound_same_context,negative_decoy_candidate,0,0,Degree-aware replacement should be refined before final model training; this table is the first hard-negative candidate pool.
NEG_000827,STAD_AXIS_080,STAD,CMPD014972,Pinosylvin,BACE1,RELA,Fibroblast_CAF,same_compound_wrong_target,negative_decoy_candidate,0,0,Degree-aware replacement should be refined before final model training; this table is the first hard-negative candidate pool.
NEG_000828,STAD_AXIS_080,STAD,CMPD014972,Pinosylvin,CYP1B1,AHR,T_NK_ILC,same_target_wrong_cell_state,negative_decoy_candidate,0,0,Degree-aware replacement should be refined before final model training; this table is the first hard-negative candidate pool.
NEG_000829,STAD_AXIS_080,STAD,CMPD025188,Eriodyctiol (flavanone),CYP1B1,AHR,Fibroblast_CAF,wrong_compound_same_context,negative_decoy_candidate,0,0,Degree-aware replacement should be refined before final model training; this table is the first hard-negative candidate pool.
NEG_000830,STAD_AXIS_087,STAD,CMPD025549,Homoeriodictyol,PLAU,MYC,Fibroblast_CAF,same_compound_wrong_target,negative_decoy_candidate,0,0,Degree-aware replacement should be refined before final model training; this table is the first hard-negative candidate pool.
NEG_000831,STAD_AXIS_087,STAD,CMPD025549,Homoeriodictyol,CYP1B1,AHR,T_NK_ILC,same_target_wrong_cell_state,negative_decoy_candidate,0,0,Degree-aware replacement should be refined before final model training; this table is the first hard-negative candidate pool.
NEG_000832,STAD_AXIS_087,STAD,CMPD025356,Palmatine,CYP1B1,AHR,Fibroblast_CAF,wrong_compound_same_context,negative_decoy_candidate,0,0,Degree-aware replacement should be refined before final model training; this table is the first hard-negative candidate pool.
NEG_000833,STAD_AXIS_054,STAD,CMPD053196,Rocaglamide,MMP9,RELA,Fibroblast_CAF,same_compound_wrong_target,negative_decoy_candidate,0,0,Degree-aware replacement should be refined before final model training; this table is the first hard-negative candidate pool.
NEG_000834,STAD_AXIS_054,STAD,CMPD053196,Rocaglamide,RELA,RELA,Myeloid,same_target_wrong_cell_state,negative_decoy_candidate,0,0,Degree-aware replacement should be refined before final model training; this table is the first hard-negative candidate pool.
NEG_000835,STAD_AXIS_054,STAD,CMPD020484,Dehydroevidiamine,RELA,RELA,Fibroblast_CAF,wrong_compound_same_context,negative_decoy_candidate,0,0,Degree-aware replacement should be refined before final model training; this table is the first hard-negative candidate pool.
NEG_000836,STAD_AXIS_063,STAD,CMPD025566,"3',4',7-trihydroxyflavanone",CYP1B1,AHR,Fibroblast_CAF,same_compound_wrong_target,negative_decoy_candidate,0,0,Degree-aware replacement should be refined before final model training; this table is the first hard-negative candidate pool.
NEG_000837,STAD_AXIS_063,STAD,CMPD025566,"3',4',7-trihydroxyflavanone",BACE1,RELA,T_NK_ILC,same_target_wrong_cell_state,negative_decoy_candidate,0,0,Degree-aware replacement should be refined before final model training; this table is the first hard-negative candidate pool.
NEG_000838,STAD_AXIS_063,STAD,CMPD024946,Baicalein,BACE1,RELA,Fibroblast_CAF,wrong_compound_same_context,negative_decoy_candidate,0,0,Degree-aware replacement should be refined before final model training; this table is the first hard-negative candidate pool.
NEG_000839,STAD_AXIS_089,STAD,CMPD024925,Eupatorin,BACE1,RELA,Fibroblast_CAF,same_compound_wrong_target,negative_decoy_candidate,0,0,Degree-aware replacement should be refined before final model training; this table is the first hard-negative candidate pool.
NEG_000840,STAD_AXIS_089,STAD,CMPD024925,Eupatorin,CYP1B1,AHR,T_NK_ILC,same_target_wrong_cell_state,negative_decoy_candidate,0,0,Degree-aware replacement should be refined before final model training; this table is the first hard-negative candidate pool.
NEG_000841,STAD_AXIS_089,STAD,CMPD021553,Curcumin,CYP1B1,AHR,Fibroblast_CAF,wrong_compound_same_context,negative_decoy_candidate,0,0,Degree-aware replacement should be refined before final model training; this table is the first hard-negative candidate pool.
NEG_000842,STAD_AXIS_094,STAD,CMPD019676,Berberine chloride,BACE1,RELA,Fibroblast_CAF,same_compound_wrong_target,negative_decoy_candidate,0,0,Degree-aware replacement should be refined before final model training; this table is the first hard-negative candidate pool.
NEG_000843,STAD_AXIS_094,STAD,CMPD019676,Berberine chloride,CYP1B1,AHR,T_NK_ILC,same_target_wrong_cell_state,negative_decoy_candidate,0,0,Degree-aware replacement should be refined before final model training; this table is the first hard-negative candidate pool.
NEG_000844,STAD_AXIS_094,STAD,CMPD053196,Rocaglamide,CYP1B1,AHR,Fibroblast_CAF,wrong_compound_same_context,negative_decoy_candidate,0,0,Degree-aware replacement should be refined before final model training; this table is the first hard-negative candidate pool.
NEG_000845,STAD_AXIS_064,STAD,CMPD008994,Acteoside,ACHE,JUN,Fibroblast_CAF,same_compound_wrong_target,negative_decoy_candidate,0,0,Degree-aware replacement should be refined before final model training; this table is the first hard-negative candidate pool.
NEG_000846,STAD_AXIS_064,STAD,CMPD008994,Acteoside,BACE1,RELA,T_NK_ILC,same_target_wrong_cell_state,negative_decoy_candidate,0,0,Degree-aware replacement should be refined before final model training; this table is the first hard-negative candidate pool.
NEG_000847,STAD_AXIS_064,STAD,CMPD024922,Chryseriol,BACE1,RELA,Fibroblast_CAF,wrong_compound_same_context,negative_decoy_candidate,0,0,Degree-aware replacement should be refined before final model training; this table is the first hard-negative candidate pool.
NEG_000848,STAD_AXIS_092,STAD,CMPD024922,Chryseriol,CYP1B1,TBP,Fibroblast_CAF,same_compound_wrong_target,negative_decoy_candidate,0,0,Degree-aware replacement should be refined before final model training; this table is the first hard-negative candidate pool.
NEG_000849,STAD_AXIS_092,STAD,CMPD024922,Chryseriol,CYP1B1,AHR,T_NK_ILC,same_target_wrong_cell_state,negative_decoy_candidate,0,0,Degree-aware replacement should be refined before final model training; this table is the first hard-negative candidate pool.
NEG_000850,STAD_AXIS_092,STAD,CMPD026148,Corydalmine,CYP1B1,AHR,Fibroblast_CAF,wrong_compound_same_context,negative_decoy_candidate,0,0,Degree-aware replacement should be refined before final model training; this table is the first hard-negative candidate pool.
NEG_000851,STAD_AXIS_093,STAD,CMPD025501,Rutaecarpine,MMP1,HOPX,Fibroblast_CAF,same_compound_wrong_target,negative_decoy_candidate,0,0,Degree-aware replacement should be refined before final model training; this table is the first hard-negative candidate pool.
NEG_000852,STAD_AXIS_093,STAD,CMPD025501,Rutaecarpine,CYP1B1,AHR,T_NK_ILC,same_target_wrong_cell_state,negative_decoy_candidate,0,0,Degree-aware replacement should be refined before final model training; this table is the first hard-negative candidate pool.
NEG_000853,STAD_AXIS_093,STAD,CMPD025251,Decursin,CYP1B1,AHR,Fibroblast_CAF,wrong_compound_same_context,negative_decoy_candidate,0,0,Degree-aware replacement should be refined before final model training; this table is the first hard-negative candidate pool.
NEG_000854,STAD_AXIS_091,STAD,CMPD024838,Berberine,DRD1,FOS,Fibroblast_CAF,same_compound_wrong_target,negative_decoy_candidate,0,0,Degree-aware replacement should be refined before final model training; this table is the first hard-negative candidate pool.
NEG_000855,STAD_AXIS_091,STAD,CMPD024838,Berberine,CYP1B1,AHR,T_NK_ILC,same_target_wrong_cell_state,negative_decoy_candidate,0,0,Degree-aware replacement should be refined before final model training; this table is the first hard-negative candidate pool.
NEG_000856,STAD_AXIS_091,STAD,CMPD025841,Guggulsterone,CYP1B1,AHR,Fibroblast_CAF,wrong_compound_same_context,negative_decoy_candidate,0,0,Degree-aware replacement should be refined before final model training; this table is the first hard-negative candidate pool.
NEG_000857,STAD_AXIS_090,STAD,CMPD015728,Myricetin,CYP1B1,ESR1,Fibroblast_CAF,same_compound_wrong_target,negative_decoy_candidate,0,0,Degree-aware replacement should be refined before final model training; this table is the first hard-negative candidate pool.
NEG_000858,STAD_AXIS_090,STAD,CMPD015728,Myricetin,CYP1B1,AHR,T_NK_ILC,same_target_wrong_cell_state,negative_decoy_candidate,0,0,Degree-aware replacement should be refined before final model training; this table is the first hard-negative candidate pool.
NEG_000859,STAD_AXIS_090,STAD,CMPD024843,Dihydrosanguinarine,CYP1B1,AHR,Fibroblast_CAF,wrong_compound_same_context,negative_decoy_candidate,0,0,Degree-aware replacement should be refined before final model training; this table is the first hard-negative candidate pool.
NEG_000860,STAD_AXIS_065,STAD,CMPD024806,(-)-epigallocatechin-3-gallate,ALOX5,RORA,Fibroblast_CAF,same_compound_wrong_target,negative_decoy_candidate,0,0,Degree-aware replacement should be refined before final model training; this table is the first hard-negative candidate pool.
NEG_000861,STAD_AXIS_065,STAD,CMPD024806,(-)-epigallocatechin-3-gallate,BACE1,RELA,T_NK_ILC,same_target_wrong_cell_state,negative_decoy_candidate,0,0,Degree-aware replacement should be refined before final model training; this table is the first hard-negative candidate pool.
NEG_000862,STAD_AXIS_065,STAD,CMPD006353,Chalkone,BACE1,RELA,Fibroblast_CAF,wrong_compound_same_context,negative_decoy_candidate,0,0,Degree-aware replacement should be refined before final model training; this table is the first hard-negative candidate pool.
NEG_000863,STAD_AXIS_073,STAD,CMPD052974,Collagen,ACHE,JUN,Fibroblast_CAF,same_compound_wrong_target,negative_decoy_candidate,0,0,Degree-aware replacement should be refined before final model training; this table is the first hard-negative candidate pool.
NEG_000864,STAD_AXIS_073,STAD,CMPD052974,Collagen,BACE1,RELA,Myeloid,same_target_wrong_cell_state,negative_decoy_candidate,0,0,Degree-aware replacement should be refined before final model training; this table is the first hard-negative candidate pool.
NEG_000865,STAD_AXIS_073,STAD,CMPD025693,Triptolide,BACE1,RELA,Fibroblast_CAF,wrong_compound_same_context,negative_decoy_candidate,0,0,Degree-aware replacement should be refined before final model training; this table is the first hard-negative candidate pool.
NEG_000866,STAD_AXIS_088,STAD,CMPD005156,Hydroxytyrosol,ACHE,JUN,Fibroblast_CAF,same_compound_wrong_target,negative_decoy_candidate,0,0,Degree-aware replacement should be refined before final model training; this table is the first hard-negative candidate pool.
NEG_000867,STAD_AXIS_088,STAD,CMPD005156,Hydroxytyrosol,BACE1,RELA,T_NK_ILC,same_target_wrong_cell_state,negative_decoy_candidate,0,0,Degree-aware replacement should be refined before final model training; this table is the first hard-negative candidate pool.
NEG_000868,STAD_AXIS_088,STAD,CMPD025188,Eriodyctiol (flavanone),BACE1,RELA,Fibroblast_CAF,wrong_compound_same_context,negative_decoy_candidate,0,0,Degree-aware replacement should be refined before final model training; this table is the first hard-negative candidate pool.
NEG_000869,STAD_AXIS_099,STAD,CMPD002559,"2,4,2',4'-tetrahydroxychalcone",AHR,AHR,Fibroblast_CAF,same_compound_wrong_target,negative_decoy_candidate,0,0,Degree-aware replacement should be refined before final model training; this table is the first hard-negative candidate pool.
NEG_000870,STAD_AXIS_099,STAD,CMPD002559,"2,4,2',4'-tetrahydroxychalcone",BACE1,RELA,T_NK_ILC,same_target_wrong_cell_state,negative_decoy_candidate,0,0,Degree-aware replacement should be refined before final model training; this table is the first hard-negative candidate pool.
NEG_000871,STAD_AXIS_099,STAD,CMPD025152,prolithospermic acid,BACE1,RELA,Fibroblast_CAF,wrong_compound_same_context,negative_decoy_candidate,0,0,Degree-aware replacement should be refined before final model training; this table is the first hard-negative candidate pool.
NEG_000872,STAD_AXIS_055,STAD,CMPD024770,Quercetin,ACHE,JUN,Myeloid,same_compound_wrong_target,negative_decoy_candidate,0,0,Degree-aware replacement should be refined before final model training; this table is the first hard-negative candidate pool.
NEG_000873,STAD_AXIS_055,STAD,CMPD034648,"Trans-3,5-dihydroxy-5-methoxy-stilbene",CYP1B1,AHR,Myeloid,wrong_compound_same_context,negative_decoy_candidate,0,0,Degree-aware replacement should be refined before final model training; this table is the first hard-negative candidate pool.
