frozen_axis_id,candidate_axis_id,cancer,axis_display_label,compound_master_id,compound_representative_name,dominant_spatial_celltype,integrated_rank_within_cancer,integrated_axis_score_with_ppi_msi,integrated_evidence_tier,publication_use_role,gene_role,requested_gene_symbol,depmap_mapped_gene_symbol,depmap_primary_testable,depmap_gene_support_status,depmap_gene_support_tier,depmap_gene_support_score,depmap_gene_raw_score_before_broad_penalty,broad_dependency_flag,broad_dependency_penalty,n_gene_effect_models,median_gene_effect,mean_gene_effect,q25_gene_effect,q75_gene_effect,frac_gene_effect_le_minus_0_30,frac_gene_effect_le_minus_0_50,pan_median_gene_effect,other_cancer_median_gene_effect,cancer_selective_dependency_delta,median_dependency_probability,frac_dependency_probability_ge_0_50,frac_dependency_probability_ge_0_90,median_expression_log2_tpm1,frac_expression_log2_tpm1_ge_1,median_copy_number_wgs,damaging_mutation_fraction,effect_strength_score,dependency_probability_score,cellline_consistency_score,expression_gate_score,selectivity_score,depmap_axis_support_status,depmap_axis_support_score,depmap_axis_support_tier,depmap_best_gene_symbol,depmap_best_gene_role,depmap_best_requested_gene_symbol,depmap_best_gene_score,depmap_mean_available_gene_score,depmap_n_tested_axis_genes,depmap_n_strong_or_moderate_axis_genes,depmap_best_median_gene_effect,depmap_best_median_dependency_probability,depmap_best_frac_gene_effect_le_minus_0_30,depmap_best_median_expression_log2_tpm1,depmap_best_selectivity_delta,depmap_best_broad_dependency_flag,depmap_best_effect_strength_score,depmap_best_dependency_probability_score,depmap_best_cellline_consistency_score,depmap_best_expression_gate_score,depmap_best_selectivity_score,lincs_cmap_combined_support_score,lincs_cmap_combined_support_tier,lincs_axis_support_status,lincs_best_release,lincs_best_n_signatures,target_gene_symbol,tf_gene_symbol,regulon_target_gene_symbol,target_gene_for_linkage,rctd_spotlight_consistency_score,same_cancer_clinical_prognosis_score,drug_evidence_score,single_cell_regulatory_score,cancer_context_specificity_score,bindingdb_support_level,bindingdb_n_rows,bindingdb_best_affinity_nm,pubmed_n_pmids,drug_evidence_class,clinical_prognosis_support_class,rctd_spotlight_consistency_class,ppi_msi_local_support_score,integrated_spatial_recurrence_score,under_validation_gap_score,chemical_anchor_score,non_broad_cancer_sensitivity_score,underexplored_opportunity_score,existing_evidence_gap_class,candidate_discovery_class,compound_target_niche_key,best_non_broad_gene_symbol,best_non_broad_gene_role,best_non_broad_gene_score,axis_n_non_broad_tested_genes,axis_n_nb1_nb2_non_broad_genes
COAD_AXIS_034,COAD_CV034,COAD,Quercetin | CDK1/MYB,CMPD024770,Quercetin,Myeloid,1,0.8391144570908674,IS1_publication_core_axis,main_text_flagship_axis,regulatory_tf,MYB,MYB,True,tested,DP3_weak_or_contextual_dependency,0.4839456515146191,0.4839456515146191,False,0.0,63,-0.3787468839546858,-0.4688718332845908,-0.6226272294876702,-0.2438856663184233,0.6349206349206349,0.3492063492063492,-0.2977983659576638,-0.2964652171712962,0.0822816667833896,0.3173642102964211,0.3492063492063492,0.1269841269841269,4.24889665,0.9523809523809524,1.0408725304143216,0.0224719101123595,0.3519182830072089,0.3173642102964211,0.8492063492063492,1.0,0.3645633335667792,scored,0.7759336549339424,DP2_broad_essential_dependency_caution,CDK1,direct_drug_target,CDK1,0.8083767664249782,0.6786043204608345,2,0,-2.808933642499307,1.0,1.0,6.8801574500000005,0.1918838321248914,True,1.0,1.0,1.0,1.0,0.5837676642497829,0.4989258740860073,LC4_opposite_direction,scored,GSE92742,33,CDK1,MYB,CDK1,CDK1,0.7333326297500089,1.0,0.7853194478953663,0.6123153408061816,0.9999983243607252,strong,3,450.0,3.0,D1_strong_binding_or_literature,C1_strong_same_cancer_prognosis,R1_strong_RCTD_SPOTlight_concordance,0.8154009307104897,0.8580516639554029,0.21468055210463366,0.7853194478953663,0.6215021653461236,0.4994827310072754,well_anchored_existing_evidence,NB2_moderate_sensitivity_reprioritized,COAD|Quercetin|MYB|Myeloid,MYB,regulatory_tf,0.4839456515146191,1,2
COAD_AXIS_073,COAD_CV073,COAD,Artemisinin | CYP2B6/FOXM1,CMPD025929,Artemisinin,Myeloid,25,0.7553773205793709,IS2_high_priority_validation_axis,supplementary_top50_axis,regulatory_tf,FOXM1,FOXM1,True,tested,DP4_no_dependency_support,0.2694192371748382,0.2694192371748382,False,0.0,63,-0.219183069500902,-0.2617486276258434,-0.3627595738738405,-0.1074706836702569,0.3968253968253968,0.1428571428571428,-0.2682580701867806,-0.2697601503163115,-0.0505770808154095,0.1345084935545886,0.1587301587301587,0.0158730158730158,5.392982,1.0,1.0572416916223522,0.0337078651685393,0.1064354915398492,0.1345084935545886,0.5555555555555556,1.0,0.0988458383691809,scored,0.2377351660769235,DP4_no_dependency_support,FOXM1,regulatory_tf,FOXM1,0.2694192371748382,0.1426829527831796,2,0,-0.219183069500902,0.1345084935545886,0.3968253968253968,5.392982,-0.0505770808154095,False,0.1064354915398492,0.1345084935545886,0.5555555555555556,1.0,0.0988458383691809,0.5142505902991095,LC3_weak_or_neutral,scored,GSE92742,4,CYP2B6,FOXM1,CYP2B6,CYP2B6,0.7333326297500089,0.2920264793734641,0.7299597239476832,0.9945228159875212,0.9999992715735556,strong,4,600.0,1.0,D1_strong_binding_or_literature,C3_weak_or_cross_cancer_prognosis,R1_strong_RCTD_SPOTlight_concordance,0.7937371959344115,0.96697340690322,0.27004027605231684,0.7299597239476832,0.4385498055880403,0.3585188818319513,partly_anchored_underexplored,NB3_contextual_non_broad_signal,COAD|Artemisinin|FOXM1|Myeloid,FOXM1,regulatory_tf,0.2694192371748382,2,0
COAD_AXIS_035,COAD_CV035,COAD,Physostigmine | ACHE/TFAP2A,CMPD016599,Physostigmine,Myeloid,47,0.738285412047482,IS2_high_priority_validation_axis,supplementary_top50_axis,direct_drug_target,ACHE,ACHE,True,tested,DP4_no_dependency_support,0.1872769928067041,0.1872769928067041,False,0.0,63,-0.2338553564558968,-0.2316161148765376,-0.3481805795328104,-0.1137732403294889,0.3333333333333333,0.1269841269841269,-0.2232002693071747,-0.2228232892199539,0.0110320672359429,0.1224870626729974,0.0952380952380952,0.0,0.7423921250000001,0.4166666666666667,1.207465501755446,0.0112359550561797,0.1290082407013797,0.1224870626729974,0.4285714285714285,0.18559803125,0.2220641344718858,scored,0.1813454080409488,DP4_no_dependency_support,ACHE,direct_drug_target,ACHE,0.1872769928067041,0.1635506537436831,2,0,-0.2338553564558968,0.1224870626729974,0.3333333333333333,0.7423921250000001,0.0110320672359429,False,0.1290082407013797,0.1224870626729974,0.4285714285714285,0.18559803125,0.2220641344718858,0.5125703114210567,LC3_weak_or_neutral,scored,GSE92742,11,ACHE,TFAP2A,ACHE,ACHE,0.7333326297500089,0.4454757715236179,0.6416,0.7339599444839645,0.99999917868315,very_strong,48,0.43,38.0,D1_strong_binding_or_literature,C3_weak_or_cross_cancer_prognosis,R1_strong_RCTD_SPOTlight_concordance,0.7304474312253699,0.9903990119807774,0.35840000000000005,0.6416,0.3472750649716549,0.2915721445502015,well_anchored_existing_evidence,NB4_low_non_broad_signal,COAD|Physostigmine|ACHE|Myeloid,ACHE,direct_drug_target,0.1872769928067041,2,0
COAD_AXIS_010,COAD_CV010,COAD,Kaempferol | ACHE/TFAP2A,CMPD024768,Kaempferol,Myeloid,27,0.7545880603399934,IS2_high_priority_validation_axis,supplementary_top50_axis,direct_drug_target,ACHE,ACHE,True,tested,DP4_no_dependency_support,0.1872769928067041,0.1872769928067041,False,0.0,63,-0.2338553564558968,-0.2316161148765376,-0.3481805795328104,-0.1137732403294889,0.3333333333333333,0.1269841269841269,-0.2232002693071747,-0.2228232892199539,0.0110320672359429,0.1224870626729974,0.0952380952380952,0.0,0.7423921250000001,0.4166666666666667,1.207465501755446,0.0112359550561797,0.1290082407013797,0.1224870626729974,0.4285714285714285,0.18559803125,0.2220641344718858,scored,0.1813454080409488,DP4_no_dependency_support,ACHE,direct_drug_target,ACHE,0.1872769928067041,0.1635506537436831,2,0,-0.2338553564558968,0.1224870626729974,0.3333333333333333,0.7423921250000001,0.0110320672359429,False,0.1290082407013797,0.1224870626729974,0.4285714285714285,0.18559803125,0.2220641344718858,0.5115972721605953,LC3_weak_or_neutral,scored,GSE92742,6,ACHE,TFAP2A,ACHE,ACHE,0.7333326297500089,0.4454757715236179,0.6479597239476832,0.8607849956943785,0.9999995148151628,moderate,1,92800.0,1.0,D2_external_database_supported,C3_weak_or_cross_cancer_prognosis,R1_strong_RCTD_SPOTlight_concordance,0.7323800374920221,0.9903990119807774,0.3520402760523168,0.6479597239476832,0.34732304332196445,0.29106020750407213,partly_anchored_underexplored,NB4_low_non_broad_signal,COAD|Kaempferol|ACHE|Myeloid,ACHE,direct_drug_target,0.1872769928067041,2,0
COAD_AXIS_036,COAD_CV036,COAD,Quercetin | ACHE/MYC,CMPD024770,Quercetin,Myeloid,38,0.7438524015834735,IS2_high_priority_validation_axis,supplementary_top50_axis,direct_drug_target,ACHE,ACHE,True,tested,DP4_no_dependency_support,0.1872769928067041,0.1872769928067041,False,0.0,63,-0.2338553564558968,-0.2316161148765376,-0.3481805795328104,-0.1137732403294889,0.3333333333333333,0.1269841269841269,-0.2232002693071747,-0.2228232892199539,0.0110320672359429,0.1224870626729974,0.0952380952380952,0.0,0.7423921250000001,0.4166666666666667,1.207465501755446,0.0112359550561797,0.1290082407013797,0.1224870626729974,0.4285714285714285,0.18559803125,0.2220641344718858,scored,0.6615191770824235,DP2_moderate_dependency,MYC,regulatory_tf,MYC,0.7800797231513533,0.305837538875634,2,0,-2.117496572328789,1.0,0.984126984126984,6.7987659,0.0503986157567668,True,1.0,1.0,1.0,1.0,0.3007972315135337,0.4989258740860073,LC4_opposite_direction,scored,GSE92742,33,ACHE,MYC,ACHE,ACHE,0.7333326297500089,0.4454757715236179,0.7003235364986989,0.7095699789220431,0.9999990086891004,moderate,5,2910.0,2.0,D2_external_database_supported,C3_weak_or_cross_cancer_prognosis,R1_strong_RCTD_SPOTlight_concordance,0.863206984002359,0.9466317380585186,0.29967646350130106,0.7003235364986989,0.348854093351526,0.28777641025702905,well_anchored_existing_evidence,NB4_low_non_broad_signal,COAD|Quercetin|ACHE|Myeloid,ACHE,direct_drug_target,0.1872769928067041,1,0
COAD_AXIS_030,COAD_CV030,COAD,Physostigmine | ACHE/HR,CMPD016599,Physostigmine,Myeloid,48,0.7380894697768773,IS2_high_priority_validation_axis,supplementary_top50_axis,direct_drug_target,ACHE,ACHE,True,tested,DP4_no_dependency_support,0.1872769928067041,0.1872769928067041,False,0.0,63,-0.2338553564558968,-0.2316161148765376,-0.3481805795328104,-0.1137732403294889,0.3333333333333333,0.1269841269841269,-0.2232002693071747,-0.2228232892199539,0.0110320672359429,0.1224870626729974,0.0952380952380952,0.0,0.7423921250000001,0.4166666666666667,1.207465501755446,0.0112359550561797,0.1290082407013797,0.1224870626729974,0.4285714285714285,0.18559803125,0.2220641344718858,scored,0.1830020079853128,DP4_no_dependency_support,ACHE,direct_drug_target,ACHE,0.1872769928067041,0.170177053521139,2,0,-0.2338553564558968,0.1224870626729974,0.3333333333333333,0.7423921250000001,0.0110320672359429,False,0.1290082407013797,0.1224870626729974,0.4285714285714285,0.18559803125,0.2220641344718858,0.5125703114210567,LC3_weak_or_neutral,scored,GSE92742,11,ACHE,HR,ACHE,ACHE,0.7333326297500089,0.4454757715236179,0.6416,0.8643538625442575,0.9999992325067508,very_strong,48,0.43,38.0,D1_strong_binding_or_literature,C3_weak_or_cross_cancer_prognosis,R1_strong_RCTD_SPOTlight_concordance,0.5924899621069056,0.9926616682037293,0.35840000000000005,0.6416,0.34060345713802687,0.28597066261308735,well_anchored_existing_evidence,NB4_low_non_broad_signal,COAD|Physostigmine|ACHE|Myeloid,ACHE,direct_drug_target,0.1872769928067041,2,0
COAD_AXIS_003,COAD_CV003,COAD,Quercetin | ACHE/TFAP2A,CMPD024770,Quercetin,Myeloid,18,0.7618241566594965,IS2_high_priority_validation_axis,supplementary_top50_axis,direct_drug_target,ACHE,ACHE,True,tested,DP4_no_dependency_support,0.1872769928067041,0.1872769928067041,False,0.0,63,-0.2338553564558968,-0.2316161148765376,-0.3481805795328104,-0.1137732403294889,0.3333333333333333,0.1269841269841269,-0.2232002693071747,-0.2228232892199539,0.0110320672359429,0.1224870626729974,0.0952380952380952,0.0,0.7423921250000001,0.4166666666666667,1.207465501755446,0.0112359550561797,0.1290082407013797,0.1224870626729974,0.4285714285714285,0.18559803125,0.2220641344718858,scored,0.1813454080409488,DP4_no_dependency_support,ACHE,direct_drug_target,ACHE,0.1872769928067041,0.1635506537436831,2,0,-0.2338553564558968,0.1224870626729974,0.3333333333333333,0.7423921250000001,0.0110320672359429,False,0.1290082407013797,0.1224870626729974,0.4285714285714285,0.18559803125,0.2220641344718858,0.4989258740860073,LC4_opposite_direction,scored,GSE92742,33,ACHE,TFAP2A,ACHE,ACHE,0.7333326297500089,0.4454757715236179,0.7003235364986989,0.8607849956943785,0.9999995853484376,moderate,5,2910.0,2.0,D2_external_database_supported,C3_weak_or_cross_cancer_prognosis,R1_strong_RCTD_SPOTlight_concordance,0.7314316207956667,0.9903990119807774,0.29967646350130106,0.7003235364986989,0.3466420525834173,0.2859516555423206,well_anchored_existing_evidence,NB4_low_non_broad_signal,COAD|Quercetin|ACHE|Myeloid,ACHE,direct_drug_target,0.1872769928067041,2,0
COAD_AXIS_028,COAD_CV028,COAD,Kaempferol | ACHE/HR,CMPD024768,Kaempferol,Myeloid,45,0.7391156816514397,IS2_high_priority_validation_axis,supplementary_top50_axis,direct_drug_target,ACHE,ACHE,True,tested,DP4_no_dependency_support,0.1872769928067041,0.1872769928067041,False,0.0,63,-0.2338553564558968,-0.2316161148765376,-0.3481805795328104,-0.1137732403294889,0.3333333333333333,0.1269841269841269,-0.2232002693071747,-0.2228232892199539,0.0110320672359429,0.1224870626729974,0.0952380952380952,0.0,0.7423921250000001,0.4166666666666667,1.207465501755446,0.0112359550561797,0.1290082407013797,0.1224870626729974,0.4285714285714285,0.18559803125,0.2220641344718858,scored,0.1830020079853128,DP4_no_dependency_support,ACHE,direct_drug_target,ACHE,0.1872769928067041,0.170177053521139,2,0,-0.2338553564558968,0.1224870626729974,0.3333333333333333,0.7423921250000001,0.0110320672359429,False,0.1290082407013797,0.1224870626729974,0.4285714285714285,0.18559803125,0.2220641344718858,0.5115972721605953,LC3_weak_or_neutral,scored,GSE92742,6,ACHE,HR,ACHE,ACHE,0.7333326297500089,0.4454757715236179,0.6479597239476832,0.8643538625442575,0.9999992470110703,moderate,1,92800.0,1.0,D2_external_database_supported,C3_weak_or_cross_cancer_prognosis,R1_strong_RCTD_SPOTlight_concordance,0.593848458623182,0.9926616682037293,0.3520402760523168,0.6479597239476832,0.3406227300008176,0.2854452774754086,partly_anchored_underexplored,NB4_low_non_broad_signal,COAD|Kaempferol|ACHE|Myeloid,ACHE,direct_drug_target,0.1872769928067041,2,0
COAD_AXIS_019,COAD_CV019,COAD,Quercetin | ACHE/HR,CMPD024770,Quercetin,Myeloid,36,0.7464422768701813,IS2_high_priority_validation_axis,supplementary_top50_axis,direct_drug_target,ACHE,ACHE,True,tested,DP4_no_dependency_support,0.1872769928067041,0.1872769928067041,False,0.0,63,-0.2338553564558968,-0.2316161148765376,-0.3481805795328104,-0.1137732403294889,0.3333333333333333,0.1269841269841269,-0.2232002693071747,-0.2228232892199539,0.0110320672359429,0.1224870626729974,0.0952380952380952,0.0,0.7423921250000001,0.4166666666666667,1.207465501755446,0.0112359550561797,0.1290082407013797,0.1224870626729974,0.4285714285714285,0.18559803125,0.2220641344718858,scored,0.1830020079853128,DP4_no_dependency_support,ACHE,direct_drug_target,ACHE,0.1872769928067041,0.170177053521139,2,0,-0.2338553564558968,0.1224870626729974,0.3333333333333333,0.7423921250000001,0.0110320672359429,False,0.1290082407013797,0.1224870626729974,0.4285714285714285,0.18559803125,0.2220641344718858,0.4989258740860073,LC4_opposite_direction,scored,GSE92742,33,ACHE,HR,ACHE,ACHE,0.7333326297500089,0.4454757715236179,0.7003235364986989,0.8643538625442575,0.99999935647608,moderate,5,2910.0,2.0,D2_external_database_supported,C3_weak_or_cross_cancer_prognosis,R1_strong_RCTD_SPOTlight_concordance,0.5938050075601705,0.9926616682037293,0.29967646350130106,0.7003235364986989,0.33998698754393764,0.2804617651738603,well_anchored_existing_evidence,NB4_low_non_broad_signal,COAD|Quercetin|ACHE|Myeloid,ACHE,direct_drug_target,0.1872769928067041,2,0
COAD_AXIS_065,COAD_CV065,COAD,Kaempferol | ACHE/TBP,CMPD024768,Kaempferol,Myeloid,14,0.7621600222845345,IS2_high_priority_validation_axis,supplementary_top50_axis,direct_drug_target,ACHE,ACHE,True,tested,DP4_no_dependency_support,0.1872769928067041,0.1872769928067041,False,0.0,63,-0.2338553564558968,-0.2316161148765376,-0.3481805795328104,-0.1137732403294889,0.3333333333333333,0.1269841269841269,-0.2232002693071747,-0.2228232892199539,0.0110320672359429,0.1224870626729974,0.0952380952380952,0.0,0.7423921250000001,0.4166666666666667,1.207465501755446,0.0112359550561797,0.1290082407013797,0.1224870626729974,0.4285714285714285,0.18559803125,0.2220641344718858,scored,0.5787941918283207,DP2_moderate_dependency,TBP,regulatory_tf,TBP,0.6478854622439001,0.3715203805815825,2,2,-0.6784258051493756,0.7833034659171018,0.9682539682539684,4.00685125,0.0343724245173521,True,0.8129627771528855,0.7833034659171018,1.0,1.0,0.2687448490347042,0.5115972721605953,LC3_weak_or_neutral,scored,GSE92742,6,ACHE,TBP,ACHE,ACHE,0.7333326297500089,0.7977108356218675,0.6479597239476832,0.8585072589614885,0.9999994226403724,moderate,1,92800.0,1.0,D2_external_database_supported,C1_strong_same_cancer_prognosis,R1_strong_RCTD_SPOTlight_concordance,0.7632776312330333,0.661941630426899,0.3520402760523168,0.6479597239476832,0.33363393805853964,0.27958859945754216,partly_anchored_underexplored,NB4_low_non_broad_signal,COAD|Kaempferol|ACHE|Myeloid,ACHE,direct_drug_target,0.1872769928067041,1,0
COAD_AXIS_043,COAD_CV043,COAD,Quercetin | ACHE/TBP,CMPD024770,Quercetin,Myeloid,8,0.769271226599485,IS2_high_priority_validation_axis,main_figure_candidate_panel,direct_drug_target,ACHE,ACHE,True,tested,DP4_no_dependency_support,0.1872769928067041,0.1872769928067041,False,0.0,63,-0.2338553564558968,-0.2316161148765376,-0.3481805795328104,-0.1137732403294889,0.3333333333333333,0.1269841269841269,-0.2232002693071747,-0.2228232892199539,0.0110320672359429,0.1224870626729974,0.0952380952380952,0.0,0.7423921250000001,0.4166666666666667,1.207465501755446,0.0112359550561797,0.1290082407013797,0.1224870626729974,0.4285714285714285,0.18559803125,0.2220641344718858,scored,0.5787941918283207,DP2_moderate_dependency,TBP,regulatory_tf,TBP,0.6478854622439001,0.3715203805815825,2,2,-0.6784258051493756,0.7833034659171018,0.9682539682539684,4.00685125,0.0343724245173521,True,0.8129627771528855,0.7833034659171018,1.0,1.0,0.2687448490347042,0.4989258740860073,LC4_opposite_direction,scored,GSE92742,33,ACHE,TBP,ACHE,ACHE,0.7333326297500089,0.7977108356218675,0.7003235364986989,0.8585072589614885,0.9999995065734611,moderate,5,2910.0,2.0,D2_external_database_supported,C1_strong_same_cancer_prognosis,R1_strong_RCTD_SPOTlight_concordance,0.761080286451263,0.661941630426899,0.29967646350130106,0.7003235364986989,0.3328905009157217,0.2746077376986913,well_anchored_existing_evidence,NB4_low_non_broad_signal,COAD|Quercetin|ACHE|Myeloid,ACHE,direct_drug_target,0.1872769928067041,1,0
COAD_AXIS_013,COAD_CV013,COAD,Deltoin | ACHE/TFAP2A,CMPD025264,Deltoin,Myeloid,32,0.7533213515772749,IS2_high_priority_validation_axis,supplementary_top50_axis,direct_drug_target,ACHE,ACHE,True,tested,DP4_no_dependency_support,0.1872769928067041,0.1872769928067041,False,0.0,63,-0.2338553564558968,-0.2316161148765376,-0.3481805795328104,-0.1137732403294889,0.3333333333333333,0.1269841269841269,-0.2232002693071747,-0.2228232892199539,0.0110320672359429,0.1224870626729974,0.0952380952380952,0.0,0.7423921250000001,0.4166666666666667,1.207465501755446,0.0112359550561797,0.1290082407013797,0.1224870626729974,0.4285714285714285,0.18559803125,0.2220641344718858,scored,0.1813454080409488,DP4_no_dependency_support,ACHE,direct_drug_target,ACHE,0.1872769928067041,0.1635506537436831,2,0,-0.2338553564558968,0.1224870626729974,0.3333333333333333,0.7423921250000001,0.0110320672359429,False,0.1290082407013797,0.1224870626729974,0.4285714285714285,0.18559803125,0.2220641344718858,0.0,LC4_not_tested,not_tested_in_available_lincs_releases,,0,ACHE,TFAP2A,ACHE,ACHE,0.7333326297500089,0.4454757715236179,0.6395597239476832,0.8597890216222898,0.9999995004469452,moderate,1,100000.0,1.0,D2_external_database_supported,C3_weak_or_cross_cancer_prognosis,R1_strong_RCTD_SPOTlight_concordance,0.7326681273722745,0.9903990119807774,0.36044027605231677,0.6395597239476832,0.3217575842079473,0.27031178627442026,partly_anchored_underexplored,NB4_low_non_broad_signal,COAD|Deltoin|ACHE|Myeloid,ACHE,direct_drug_target,0.1872769928067041,2,0
COAD_AXIS_014,COAD_CV014,COAD,Pectolinarigenin | ACHE/TFAP2A,CMPD026190,Pectolinarigenin,Myeloid,33,0.753138669150967,IS2_high_priority_validation_axis,supplementary_top50_axis,direct_drug_target,ACHE,ACHE,True,tested,DP4_no_dependency_support,0.1872769928067041,0.1872769928067041,False,0.0,63,-0.2338553564558968,-0.2316161148765376,-0.3481805795328104,-0.1137732403294889,0.3333333333333333,0.1269841269841269,-0.2232002693071747,-0.2228232892199539,0.0110320672359429,0.1224870626729974,0.0952380952380952,0.0,0.7423921250000001,0.4166666666666667,1.207465501755446,0.0112359550561797,0.1290082407013797,0.1224870626729974,0.4285714285714285,0.18559803125,0.2220641344718858,scored,0.1813454080409488,DP4_no_dependency_support,ACHE,direct_drug_target,ACHE,0.1872769928067041,0.1635506537436831,2,0,-0.2338553564558968,0.1224870626729974,0.3333333333333333,0.7423921250000001,0.0110320672359429,False,0.1290082407013797,0.1224870626729974,0.4285714285714285,0.18559803125,0.2220641344718858,0.0,LC4_not_tested,not_tested_in_available_lincs_releases,,0,ACHE,TFAP2A,ACHE,ACHE,0.7333326297500089,0.4454757715236179,0.6395597239476832,0.8597890216222898,0.9999995004469452,moderate,1,250000.0,1.0,D2_external_database_supported,C3_weak_or_cross_cancer_prognosis,R1_strong_RCTD_SPOTlight_concordance,0.7308413031091968,0.9903990119807774,0.36044027605231677,0.6395597239476832,0.3216662429947934,0.27023504960153377,partly_anchored_underexplored,NB4_low_non_broad_signal,COAD|Pectolinarigenin|ACHE|Myeloid,ACHE,direct_drug_target,0.1872769928067041,2,0
COAD_AXIS_012,COAD_CV012,COAD,Dihydrosanguinarine | ACHE/TFAP2A,CMPD024843,Dihydrosanguinarine,Myeloid,34,0.7530709364401751,IS2_high_priority_validation_axis,supplementary_top50_axis,direct_drug_target,ACHE,ACHE,True,tested,DP4_no_dependency_support,0.1872769928067041,0.1872769928067041,False,0.0,63,-0.2338553564558968,-0.2316161148765376,-0.3481805795328104,-0.1137732403294889,0.3333333333333333,0.1269841269841269,-0.2232002693071747,-0.2228232892199539,0.0110320672359429,0.1224870626729974,0.0952380952380952,0.0,0.7423921250000001,0.4166666666666667,1.207465501755446,0.0112359550561797,0.1290082407013797,0.1224870626729974,0.4285714285714285,0.18559803125,0.2220641344718858,scored,0.1813454080409488,DP4_no_dependency_support,ACHE,direct_drug_target,ACHE,0.1872769928067041,0.1635506537436831,2,0,-0.2338553564558968,0.1224870626729974,0.3333333333333333,0.7423921250000001,0.0110320672359429,False,0.1290082407013797,0.1224870626729974,0.4285714285714285,0.18559803125,0.2220641344718858,0.0,LC4_not_tested,not_tested_in_available_lincs_releases,,0,ACHE,TFAP2A,ACHE,ACHE,0.7333326297500089,0.4454757715236179,0.6395597239476832,0.8597890216222898,0.9999995004469452,moderate,1,100000.0,1.0,D2_external_database_supported,C3_weak_or_cross_cancer_prognosis,R1_strong_RCTD_SPOTlight_concordance,0.7301639760012767,0.9903990119807774,0.36044027605231677,0.6395597239476832,0.3216323766393974,0.27020659813536485,partly_anchored_underexplored,NB4_low_non_broad_signal,COAD|Dihydrosanguinarine|ACHE|Myeloid,ACHE,direct_drug_target,0.1872769928067041,2,0
COAD_AXIS_006,COAD_CV006,COAD,"methyl (E)-2-[(2S,3Z,... | ACHE/TFAP2A",CMPD025387,"methyl (E)-2-[(2S,3Z,12bS)-3-ethylidene-2,4,6,7,12,12b-hexahydro-1H-indolo[3,2-h]quinolizin-2-yl]-3-methoxyprop-2-enoate",Myeloid,26,0.7546590852584891,IS2_high_priority_validation_axis,supplementary_top50_axis,direct_drug_target,ACHE,ACHE,True,tested,DP4_no_dependency_support,0.1872769928067041,0.1872769928067041,False,0.0,63,-0.2338553564558968,-0.2316161148765376,-0.3481805795328104,-0.1137732403294889,0.3333333333333333,0.1269841269841269,-0.2232002693071747,-0.2228232892199539,0.0110320672359429,0.1224870626729974,0.0952380952380952,0.0,0.7423921250000001,0.4166666666666667,1.207465501755446,0.0112359550561797,0.1290082407013797,0.1224870626729974,0.4285714285714285,0.18559803125,0.2220641344718858,scored,0.1813454080409488,DP4_no_dependency_support,ACHE,direct_drug_target,ACHE,0.1872769928067041,0.1635506537436831,2,0,-0.2338553564558968,0.1224870626729974,0.3333333333333333,0.7423921250000001,0.0110320672359429,False,0.1290082407013797,0.1224870626729974,0.4285714285714285,0.18559803125,0.2220641344718858,0.0,LC4_not_tested,not_tested_in_available_lincs_releases,,0,ACHE,TFAP2A,ACHE,ACHE,0.7333326297500089,0.4454757715236179,0.6479597239476832,0.8607849956943785,0.9999995148151628,moderate,1,63800.0,1.0,D2_external_database_supported,C3_weak_or_cross_cancer_prognosis,R1_strong_RCTD_SPOTlight_concordance,0.7330902866769798,0.9903990119807774,0.3520402760523168,0.6479597239476832,0.32177869217318256,0.2696537840349871,partly_anchored_underexplored,NB4_low_non_broad_signal,"COAD|methyl (E)-2-[(2S,3Z,12bS)-3-ethylidene-2,4,6,7,12,12b-hexahydro-1H-indolo[3,2-h]quinolizin-2-yl]-3-methoxyprop-2-enoate|ACHE|Myeloid",ACHE,direct_drug_target,0.1872769928067041,2,0
COAD_AXIS_009,COAD_CV009,COAD,Angustidine | ACHE/TFAP2A,CMPD025384,Angustidine,Myeloid,28,0.7545475177114482,IS2_high_priority_validation_axis,supplementary_top50_axis,direct_drug_target,ACHE,ACHE,True,tested,DP4_no_dependency_support,0.1872769928067041,0.1872769928067041,False,0.0,63,-0.2338553564558968,-0.2316161148765376,-0.3481805795328104,-0.1137732403294889,0.3333333333333333,0.1269841269841269,-0.2232002693071747,-0.2228232892199539,0.0110320672359429,0.1224870626729974,0.0952380952380952,0.0,0.7423921250000001,0.4166666666666667,1.207465501755446,0.0112359550561797,0.1290082407013797,0.1224870626729974,0.4285714285714285,0.18559803125,0.2220641344718858,scored,0.1813454080409488,DP4_no_dependency_support,ACHE,direct_drug_target,ACHE,0.1872769928067041,0.1635506537436831,2,0,-0.2338553564558968,0.1224870626729974,0.3333333333333333,0.7423921250000001,0.0110320672359429,False,0.1290082407013797,0.1224870626729974,0.4285714285714285,0.18559803125,0.2220641344718858,0.0,LC4_not_tested,not_tested_in_available_lincs_releases,,0,ACHE,TFAP2A,ACHE,ACHE,0.7333326297500089,0.4454757715236179,0.6479597239476832,0.8607849956943785,0.9999995148151628,moderate,1,22000.0,1.0,D2_external_database_supported,C3_weak_or_cross_cancer_prognosis,R1_strong_RCTD_SPOTlight_concordance,0.7319746112065709,0.9903990119807774,0.3520402760523168,0.6479597239476832,0.3217229083996621,0.2696070366710894,partly_anchored_underexplored,NB4_low_non_broad_signal,COAD|Angustidine|ACHE|Myeloid,ACHE,direct_drug_target,0.1872769928067041,2,0
COAD_AXIS_007,COAD_CV007,COAD,Marmesinin | ACHE/TFAP2A,CMPD025216,Marmesinin,Myeloid,29,0.7544850151768417,IS2_high_priority_validation_axis,supplementary_top50_axis,direct_drug_target,ACHE,ACHE,True,tested,DP4_no_dependency_support,0.1872769928067041,0.1872769928067041,False,0.0,63,-0.2338553564558968,-0.2316161148765376,-0.3481805795328104,-0.1137732403294889,0.3333333333333333,0.1269841269841269,-0.2232002693071747,-0.2228232892199539,0.0110320672359429,0.1224870626729974,0.0952380952380952,0.0,0.7423921250000001,0.4166666666666667,1.207465501755446,0.0112359550561797,0.1290082407013797,0.1224870626729974,0.4285714285714285,0.18559803125,0.2220641344718858,scored,0.1813454080409488,DP4_no_dependency_support,ACHE,direct_drug_target,ACHE,0.1872769928067041,0.1635506537436831,2,0,-0.2338553564558968,0.1224870626729974,0.3333333333333333,0.7423921250000001,0.0110320672359429,False,0.1290082407013797,0.1224870626729974,0.4285714285714285,0.18559803125,0.2220641344718858,0.0,LC4_not_tested,not_tested_in_available_lincs_releases,,0,ACHE,TFAP2A,ACHE,ACHE,0.7333326297500089,0.4454757715236179,0.6479597239476832,0.8607849956943785,0.9999995148151628,moderate,1,68000.0,1.0,D2_external_database_supported,C3_weak_or_cross_cancer_prognosis,R1_strong_RCTD_SPOTlight_concordance,0.7313495858605056,0.9903990119807774,0.3520402760523168,0.6479597239476832,0.32169165713235887,0.2695808477944199,partly_anchored_underexplored,NB4_low_non_broad_signal,COAD|Marmesinin|ACHE|Myeloid,ACHE,direct_drug_target,0.1872769928067041,2,0
COAD_AXIS_005,COAD_CV005,COAD,Decursin | ACHE/TFAP2A,CMPD025251,Decursin,Myeloid,30,0.754426979817578,IS2_high_priority_validation_axis,supplementary_top50_axis,direct_drug_target,ACHE,ACHE,True,tested,DP4_no_dependency_support,0.1872769928067041,0.1872769928067041,False,0.0,63,-0.2338553564558968,-0.2316161148765376,-0.3481805795328104,-0.1137732403294889,0.3333333333333333,0.1269841269841269,-0.2232002693071747,-0.2228232892199539,0.0110320672359429,0.1224870626729974,0.0952380952380952,0.0,0.7423921250000001,0.4166666666666667,1.207465501755446,0.0112359550561797,0.1290082407013797,0.1224870626729974,0.4285714285714285,0.18559803125,0.2220641344718858,scored,0.1813454080409488,DP4_no_dependency_support,ACHE,direct_drug_target,ACHE,0.1872769928067041,0.1635506537436831,2,0,-0.2338553564558968,0.1224870626729974,0.3333333333333333,0.7423921250000001,0.0110320672359429,False,0.1290082407013797,0.1224870626729974,0.4285714285714285,0.18559803125,0.2220641344718858,0.0,LC4_not_tested,not_tested_in_available_lincs_releases,,0,ACHE,TFAP2A,ACHE,ACHE,0.7333326297500089,0.4454757715236179,0.6479597239476832,0.8607849956943785,0.9999995148151628,moderate,1,390000.0,1.0,D2_external_database_supported,C3_weak_or_cross_cancer_prognosis,R1_strong_RCTD_SPOTlight_concordance,0.730769232267868,0.9903990119807774,0.3520402760523168,0.6479597239476832,0.321662639452727,0.26955653068670893,partly_anchored_underexplored,NB4_low_non_broad_signal,COAD|Decursin|ACHE|Myeloid,ACHE,direct_drug_target,0.1872769928067041,2,0
COAD_AXIS_008,COAD_CV008,COAD,Corydalmine | ACHE/TFAP2A,CMPD026148,Corydalmine,Myeloid,31,0.7543853572382839,IS2_high_priority_validation_axis,supplementary_top50_axis,direct_drug_target,ACHE,ACHE,True,tested,DP4_no_dependency_support,0.1872769928067041,0.1872769928067041,False,0.0,63,-0.2338553564558968,-0.2316161148765376,-0.3481805795328104,-0.1137732403294889,0.3333333333333333,0.1269841269841269,-0.2232002693071747,-0.2228232892199539,0.0110320672359429,0.1224870626729974,0.0952380952380952,0.0,0.7423921250000001,0.4166666666666667,1.207465501755446,0.0112359550561797,0.1290082407013797,0.1224870626729974,0.4285714285714285,0.18559803125,0.2220641344718858,scored,0.1813454080409488,DP4_no_dependency_support,ACHE,direct_drug_target,ACHE,0.1872769928067041,0.1635506537436831,2,0,-0.2338553564558968,0.1224870626729974,0.3333333333333333,0.7423921250000001,0.0110320672359429,False,0.1290082407013797,0.1224870626729974,0.4285714285714285,0.18559803125,0.2220641344718858,0.0,LC4_not_tested,not_tested_in_available_lincs_releases,,0,ACHE,TFAP2A,ACHE,ACHE,0.7333326297500089,0.4454757715236179,0.6479597239476832,0.8607849956943785,0.9999995148151628,moderate,1,211200.0,1.0,D2_external_database_supported,C3_weak_or_cross_cancer_prognosis,R1_strong_RCTD_SPOTlight_concordance,0.7303530064749275,0.9903990119807774,0.3520402760523168,0.6479597239476832,0.32164182816307996,0.2695390906164356,partly_anchored_underexplored,NB4_low_non_broad_signal,COAD|Corydalmine|ACHE|Myeloid,ACHE,direct_drug_target,0.1872769928067041,2,0
COAD_AXIS_004,COAD_CV004,COAD,Tanshinone iia | ACHE/TFAP2A,CMPD025160,Tanshinone iia,Myeloid,23,0.7576107827647681,IS2_high_priority_validation_axis,supplementary_top50_axis,direct_drug_target,ACHE,ACHE,True,tested,DP4_no_dependency_support,0.1872769928067041,0.1872769928067041,False,0.0,63,-0.2338553564558968,-0.2316161148765376,-0.3481805795328104,-0.1137732403294889,0.3333333333333333,0.1269841269841269,-0.2232002693071747,-0.2228232892199539,0.0110320672359429,0.1224870626729974,0.0952380952380952,0.0,0.7423921250000001,0.4166666666666667,1.207465501755446,0.0112359550561797,0.1290082407013797,0.1224870626729974,0.4285714285714285,0.18559803125,0.2220641344718858,scored,0.1813454080409488,DP4_no_dependency_support,ACHE,direct_drug_target,ACHE,0.1872769928067041,0.1635506537436831,2,0,-0.2338553564558968,0.1224870626729974,0.3333333333333333,0.7423921250000001,0.0110320672359429,False,0.1290082407013797,0.1224870626729974,0.4285714285714285,0.18559803125,0.2220641344718858,0.0,LC4_not_tested,not_tested_in_available_lincs_releases,,0,ACHE,TFAP2A,ACHE,ACHE,0.7333326297500089,0.4454757715236179,0.670923536498699,0.8607849956943785,0.9999995471148684,moderate,3,100000.0,2.0,D2_external_database_supported,C3_weak_or_cross_cancer_prognosis,R1_strong_RCTD_SPOTlight_concordance,0.730457904788524,0.9903990119807774,0.32907646350130104,0.670923536498699,0.3216470730787598,0.26769692513514554,partly_anchored_underexplored,NB4_low_non_broad_signal,COAD|Tanshinone iia|ACHE|Myeloid,ACHE,direct_drug_target,0.1872769928067041,2,0
COAD_AXIS_031,COAD_CV031,COAD,Deltoin | ACHE/HR,CMPD025264,Deltoin,Myeloid,49,0.7379890184893484,IS2_high_priority_validation_axis,supplementary_top50_axis,direct_drug_target,ACHE,ACHE,True,tested,DP4_no_dependency_support,0.1872769928067041,0.1872769928067041,False,0.0,63,-0.2338553564558968,-0.2316161148765376,-0.3481805795328104,-0.1137732403294889,0.3333333333333333,0.1269841269841269,-0.2232002693071747,-0.2228232892199539,0.0110320672359429,0.1224870626729974,0.0952380952380952,0.0,0.7423921250000001,0.4166666666666667,1.207465501755446,0.0112359550561797,0.1290082407013797,0.1224870626729974,0.4285714285714285,0.18559803125,0.2220641344718858,scored,0.1830020079853128,DP4_no_dependency_support,ACHE,direct_drug_target,ACHE,0.1872769928067041,0.170177053521139,2,0,-0.2338553564558968,0.1224870626729974,0.3333333333333333,0.7423921250000001,0.0110320672359429,False,0.1290082407013797,0.1224870626729974,0.4285714285714285,0.18559803125,0.2220641344718858,0.0,LC4_not_tested,not_tested_in_available_lincs_releases,,0,ACHE,HR,ACHE,ACHE,0.7333326297500089,0.4454757715236179,0.6395597239476832,0.8643538625442575,0.999999227794654,moderate,1,100000.0,1.0,D2_external_database_supported,C3_weak_or_cross_cancer_prognosis,R1_strong_RCTD_SPOTlight_concordance,0.5943418385321185,0.9926616682037293,0.36044027605231677,0.6395597239476832,0.3150675353882347,0.2646914088987906,partly_anchored_underexplored,NB4_low_non_broad_signal,COAD|Deltoin|ACHE|Myeloid,ACHE,direct_drug_target,0.1872769928067041,2,0
COAD_AXIS_033,COAD_CV033,COAD,Dihydrosanguinarine | ACHE/HR,CMPD024843,Dihydrosanguinarine,Myeloid,50,0.7379682610665813,IS2_high_priority_validation_axis,supplementary_top50_axis,direct_drug_target,ACHE,ACHE,True,tested,DP4_no_dependency_support,0.1872769928067041,0.1872769928067041,False,0.0,63,-0.2338553564558968,-0.2316161148765376,-0.3481805795328104,-0.1137732403294889,0.3333333333333333,0.1269841269841269,-0.2232002693071747,-0.2228232892199539,0.0110320672359429,0.1224870626729974,0.0952380952380952,0.0,0.7423921250000001,0.4166666666666667,1.207465501755446,0.0112359550561797,0.1290082407013797,0.1224870626729974,0.4285714285714285,0.18559803125,0.2220641344718858,scored,0.1830020079853128,DP4_no_dependency_support,ACHE,direct_drug_target,ACHE,0.1872769928067041,0.170177053521139,2,0,-0.2338553564558968,0.1224870626729974,0.3333333333333333,0.7423921250000001,0.0110320672359429,False,0.1290082407013797,0.1224870626729974,0.4285714285714285,0.18559803125,0.2220641344718858,0.0,LC4_not_tested,not_tested_in_available_lincs_releases,,0,ACHE,HR,ACHE,ACHE,0.7333326297500089,0.4454757715236179,0.6395597239476832,0.8643538625442575,0.999999227794654,moderate,1,100000.0,1.0,D2_external_database_supported,C3_weak_or_cross_cancer_prognosis,R1_strong_RCTD_SPOTlight_concordance,0.5941342643044482,0.9926616682037293,0.36044027605231677,0.6395597239476832,0.31505715667685114,0.2646826896388539,partly_anchored_underexplored,NB4_low_non_broad_signal,COAD|Dihydrosanguinarine|ACHE|Myeloid,ACHE,direct_drug_target,0.1872769928067041,2,0
COAD_AXIS_026,COAD_CV026,COAD,Decursin | ACHE/HR,CMPD025251,Decursin,Myeloid,41,0.7393703997618818,IS2_high_priority_validation_axis,supplementary_top50_axis,direct_drug_target,ACHE,ACHE,True,tested,DP4_no_dependency_support,0.1872769928067041,0.1872769928067041,False,0.0,63,-0.2338553564558968,-0.2316161148765376,-0.3481805795328104,-0.1137732403294889,0.3333333333333333,0.1269841269841269,-0.2232002693071747,-0.2228232892199539,0.0110320672359429,0.1224870626729974,0.0952380952380952,0.0,0.7423921250000001,0.4166666666666667,1.207465501755446,0.0112359550561797,0.1290082407013797,0.1224870626729974,0.4285714285714285,0.18559803125,0.2220641344718858,scored,0.1830020079853128,DP4_no_dependency_support,ACHE,direct_drug_target,ACHE,0.1872769928067041,0.170177053521139,2,0,-0.2338553564558968,0.1224870626729974,0.3333333333333333,0.7423921250000001,0.0110320672359429,False,0.1290082407013797,0.1224870626729974,0.4285714285714285,0.18559803125,0.2220641344718858,0.0,LC4_not_tested,not_tested_in_available_lincs_releases,,0,ACHE,HR,ACHE,ACHE,0.7333326297500089,0.4454757715236179,0.6479597239476832,0.8643538625442575,0.9999992470110703,moderate,1,390000.0,1.0,D2_external_database_supported,C3_weak_or_cross_cancer_prognosis,R1_strong_RCTD_SPOTlight_concordance,0.5963956397276022,0.9926616682037293,0.3520402760523168,0.6479597239476832,0.3151702254480089,0.26411582237855363,partly_anchored_underexplored,NB4_low_non_broad_signal,COAD|Decursin|ACHE|Myeloid,ACHE,direct_drug_target,0.1872769928067041,2,0
COAD_AXIS_025,COAD_CV025,COAD,Angustidine | ACHE/HR,CMPD025384,Angustidine,Myeloid,42,0.7393485209485627,IS2_high_priority_validation_axis,supplementary_top50_axis,direct_drug_target,ACHE,ACHE,True,tested,DP4_no_dependency_support,0.1872769928067041,0.1872769928067041,False,0.0,63,-0.2338553564558968,-0.2316161148765376,-0.3481805795328104,-0.1137732403294889,0.3333333333333333,0.1269841269841269,-0.2232002693071747,-0.2228232892199539,0.0110320672359429,0.1224870626729974,0.0952380952380952,0.0,0.7423921250000001,0.4166666666666667,1.207465501755446,0.0112359550561797,0.1290082407013797,0.1224870626729974,0.4285714285714285,0.18559803125,0.2220641344718858,scored,0.1830020079853128,DP4_no_dependency_support,ACHE,direct_drug_target,ACHE,0.1872769928067041,0.170177053521139,2,0,-0.2338553564558968,0.1224870626729974,0.3333333333333333,0.7423921250000001,0.0110320672359429,False,0.1290082407013797,0.1224870626729974,0.4285714285714285,0.18559803125,0.2220641344718858,0.0,LC4_not_tested,not_tested_in_available_lincs_releases,,0,ACHE,HR,ACHE,ACHE,0.7333326297500089,0.4454757715236179,0.6479597239476832,0.8643538625442575,0.9999992470110703,moderate,1,22000.0,1.0,D2_external_database_supported,C3_weak_or_cross_cancer_prognosis,R1_strong_RCTD_SPOTlight_concordance,0.5961768515944117,0.9926616682037293,0.3520402760523168,0.6479597239476832,0.31515928604134935,0.2641066550456239,partly_anchored_underexplored,NB4_low_non_broad_signal,COAD|Angustidine|ACHE|Myeloid,ACHE,direct_drug_target,0.1872769928067041,2,0
COAD_AXIS_023,COAD_CV023,COAD,Corydalmine | ACHE/HR,CMPD026148,Corydalmine,Myeloid,43,0.7392366206766418,IS2_high_priority_validation_axis,supplementary_top50_axis,direct_drug_target,ACHE,ACHE,True,tested,DP4_no_dependency_support,0.1872769928067041,0.1872769928067041,False,0.0,63,-0.2338553564558968,-0.2316161148765376,-0.3481805795328104,-0.1137732403294889,0.3333333333333333,0.1269841269841269,-0.2232002693071747,-0.2228232892199539,0.0110320672359429,0.1224870626729974,0.0952380952380952,0.0,0.7423921250000001,0.4166666666666667,1.207465501755446,0.0112359550561797,0.1290082407013797,0.1224870626729974,0.4285714285714285,0.18559803125,0.2220641344718858,scored,0.1830020079853128,DP4_no_dependency_support,ACHE,direct_drug_target,ACHE,0.1872769928067041,0.170177053521139,2,0,-0.2338553564558968,0.1224870626729974,0.3333333333333333,0.7423921250000001,0.0110320672359429,False,0.1290082407013797,0.1224870626729974,0.4285714285714285,0.18559803125,0.2220641344718858,0.0,LC4_not_tested,not_tested_in_available_lincs_releases,,0,ACHE,HR,ACHE,ACHE,0.7333326297500089,0.4454757715236179,0.6479597239476832,0.8643538625442575,0.9999992470110703,moderate,1,211200.0,1.0,D2_external_database_supported,C3_weak_or_cross_cancer_prognosis,R1_strong_RCTD_SPOTlight_concordance,0.5950578488752017,0.9926616682037293,0.3520402760523168,0.6479597239476832,0.31510333590538886,0.2640597682683264,partly_anchored_underexplored,NB4_low_non_broad_signal,COAD|Corydalmine|ACHE|Myeloid,ACHE,direct_drug_target,0.1872769928067041,2,0
COAD_AXIS_024,COAD_CV024,COAD,"methyl (E)-2-[(2S,3Z,... | ACHE/HR",CMPD025387,"methyl (E)-2-[(2S,3Z,12bS)-3-ethylidene-2,4,6,7,12,12b-hexahydro-1H-indolo[3,2-h]quinolizin-2-yl]-3-methoxyprop-2-enoate",Myeloid,44,0.739215183655248,IS2_high_priority_validation_axis,supplementary_top50_axis,direct_drug_target,ACHE,ACHE,True,tested,DP4_no_dependency_support,0.1872769928067041,0.1872769928067041,False,0.0,63,-0.2338553564558968,-0.2316161148765376,-0.3481805795328104,-0.1137732403294889,0.3333333333333333,0.1269841269841269,-0.2232002693071747,-0.2228232892199539,0.0110320672359429,0.1224870626729974,0.0952380952380952,0.0,0.7423921250000001,0.4166666666666667,1.207465501755446,0.0112359550561797,0.1290082407013797,0.1224870626729974,0.4285714285714285,0.18559803125,0.2220641344718858,scored,0.1830020079853128,DP4_no_dependency_support,ACHE,direct_drug_target,ACHE,0.1872769928067041,0.170177053521139,2,0,-0.2338553564558968,0.1224870626729974,0.3333333333333333,0.7423921250000001,0.0110320672359429,False,0.1290082407013797,0.1224870626729974,0.4285714285714285,0.18559803125,0.2220641344718858,0.0,LC4_not_tested,not_tested_in_available_lincs_releases,,0,ACHE,HR,ACHE,ACHE,0.7333326297500089,0.4454757715236179,0.6479597239476832,0.8643538625442575,0.9999992470110703,moderate,1,63800.0,1.0,D2_external_database_supported,C3_weak_or_cross_cancer_prognosis,R1_strong_RCTD_SPOTlight_concordance,0.5948434786612639,0.9926616682037293,0.3520402760523168,0.6479597239476832,0.31509261739469197,0.26405078604843757,partly_anchored_underexplored,NB4_low_non_broad_signal,"COAD|methyl (E)-2-[(2S,3Z,12bS)-3-ethylidene-2,4,6,7,12,12b-hexahydro-1H-indolo[3,2-h]quinolizin-2-yl]-3-methoxyprop-2-enoate|ACHE|Myeloid",ACHE,direct_drug_target,0.1872769928067041,2,0
COAD_AXIS_027,COAD_CV027,COAD,Marmesinin | ACHE/HR,CMPD025216,Marmesinin,Myeloid,46,0.738967915123094,IS2_high_priority_validation_axis,supplementary_top50_axis,direct_drug_target,ACHE,ACHE,True,tested,DP4_no_dependency_support,0.1872769928067041,0.1872769928067041,False,0.0,63,-0.2338553564558968,-0.2316161148765376,-0.3481805795328104,-0.1137732403294889,0.3333333333333333,0.1269841269841269,-0.2232002693071747,-0.2228232892199539,0.0110320672359429,0.1224870626729974,0.0952380952380952,0.0,0.7423921250000001,0.4166666666666667,1.207465501755446,0.0112359550561797,0.1290082407013797,0.1224870626729974,0.4285714285714285,0.18559803125,0.2220641344718858,scored,0.1830020079853128,DP4_no_dependency_support,ACHE,direct_drug_target,ACHE,0.1872769928067041,0.170177053521139,2,0,-0.2338553564558968,0.1224870626729974,0.3333333333333333,0.7423921250000001,0.0110320672359429,False,0.1290082407013797,0.1224870626729974,0.4285714285714285,0.18559803125,0.2220641344718858,0.0,LC4_not_tested,not_tested_in_available_lincs_releases,,0,ACHE,HR,ACHE,ACHE,0.7333326297500089,0.4454757715236179,0.6479597239476832,0.8643538625442575,0.9999992470110703,moderate,1,68000.0,1.0,D2_external_database_supported,C3_weak_or_cross_cancer_prognosis,R1_strong_RCTD_SPOTlight_concordance,0.5923707933397246,0.9926616682037293,0.3520402760523168,0.6479597239476832,0.314968983128615,0.26394717928859,partly_anchored_underexplored,NB4_low_non_broad_signal,COAD|Marmesinin|ACHE|Myeloid,ACHE,direct_drug_target,0.1872769928067041,2,0
COAD_AXIS_017,COAD_CV017,COAD,Guggulsterone | PGR/NFKB,CMPD025841,Guggulsterone,Myeloid,35,0.7520976904986544,IS2_high_priority_validation_axis,supplementary_top50_axis,regulatory_tf,NFKB,NFKB1,True,tested,DP4_no_dependency_support,0.1218495890639788,0.1218495890639788,False,0.0,63,0.0551761826754736,0.0473158152535307,-0.0395363970643791,0.1306138624960173,0.0158730158730158,0.0,0.0396345525134781,0.0375512956101126,-0.017624887065361,0.0119744563843945,0.0,0.0,4.00090475,1.0,0.9069656039858616,0.0,0.0,0.0119744563843945,0.0158730158730158,1.0,0.164750225869278,scored,0.1027344481194442,DP4_no_dependency_support,NFKB1,regulatory_tf,NFKB,0.1218495890639788,0.0453890252858406,2,0,0.0551761826754736,0.0119744563843945,0.0158730158730158,4.00090475,-0.017624887065361,False,0.0,0.0119744563843945,0.0158730158730158,1.0,0.164750225869278,0.5252735562090567,LC3_weak_or_neutral,scored,GSE92742,19,PGR,NFKB,PGR,PGR,0.7333326297500089,0.6627043380494418,0.7299597239476832,1.0,0.9999988457913008,strong,2,224.0,1.0,D1_strong_binding_or_literature,C2_moderate_same_cancer_prognosis,R1_strong_RCTD_SPOTlight_concordance,0.4389941705091575,0.7664827278634773,0.27004027605231684,0.7299597239476832,0.32085158821161747,0.2622994040218355,partly_anchored_underexplored,NB4_low_non_broad_signal,COAD|Guggulsterone|NFKB1|Myeloid,NFKB1,regulatory_tf,0.1218495890639788,2,0
COAD_AXIS_020,COAD_CV020,COAD,Tanshinone iia | ACHE/HR,CMPD025160,Tanshinone iia,Myeloid,39,0.742333647935494,IS2_high_priority_validation_axis,supplementary_top50_axis,direct_drug_target,ACHE,ACHE,True,tested,DP4_no_dependency_support,0.1872769928067041,0.1872769928067041,False,0.0,63,-0.2338553564558968,-0.2316161148765376,-0.3481805795328104,-0.1137732403294889,0.3333333333333333,0.1269841269841269,-0.2232002693071747,-0.2228232892199539,0.0110320672359429,0.1224870626729974,0.0952380952380952,0.0,0.7423921250000001,0.4166666666666667,1.207465501755446,0.0112359550561797,0.1290082407013797,0.1224870626729974,0.4285714285714285,0.18559803125,0.2220641344718858,scored,0.1830020079853128,DP4_no_dependency_support,ACHE,direct_drug_target,ACHE,0.1872769928067041,0.170177053521139,2,0,-0.2338553564558968,0.1224870626729974,0.3333333333333333,0.7423921250000001,0.0110320672359429,False,0.1290082407013797,0.1224870626729974,0.4285714285714285,0.18559803125,0.2220641344718858,0.0,LC4_not_tested,not_tested_in_available_lincs_releases,,0,ACHE,HR,ACHE,ACHE,0.7333326297500089,0.4454757715236179,0.670923536498699,0.8643538625442575,0.9999992971390068,moderate,3,100000.0,2.0,D2_external_database_supported,C3_weak_or_cross_cancer_prognosis,R1_strong_RCTD_SPOTlight_concordance,0.5938787538155407,0.9926616682037293,0.32907646350130104,0.670923536498699,0.3150443811524058,0.26220170856320174,partly_anchored_underexplored,NB4_low_non_broad_signal,COAD|Tanshinone iia|ACHE|Myeloid,ACHE,direct_drug_target,0.1872769928067041,2,0
COAD_AXIS_018,COAD_CV018,COAD,Physovenine | ACHE/MYC,CMPD025553,Physovenine,Myeloid,22,0.7590011958690785,IS2_high_priority_validation_axis,supplementary_top50_axis,direct_drug_target,ACHE,ACHE,True,tested,DP4_no_dependency_support,0.1872769928067041,0.1872769928067041,False,0.0,63,-0.2338553564558968,-0.2316161148765376,-0.3481805795328104,-0.1137732403294889,0.3333333333333333,0.1269841269841269,-0.2232002693071747,-0.2228232892199539,0.0110320672359429,0.1224870626729974,0.0952380952380952,0.0,0.7423921250000001,0.4166666666666667,1.207465501755446,0.0112359550561797,0.1290082407013797,0.1224870626729974,0.4285714285714285,0.18559803125,0.2220641344718858,scored,0.6615191770824235,DP2_moderate_dependency,MYC,regulatory_tf,MYC,0.7800797231513533,0.305837538875634,2,0,-2.117496572328789,1.0,0.984126984126984,6.7987659,0.0503986157567668,True,1.0,1.0,1.0,1.0,0.3007972315135337,0.0,LC4_not_tested,not_tested_in_available_lincs_releases,,0,ACHE,MYC,ACHE,ACHE,0.7333326297500089,0.4454757715236179,0.7809597239476832,0.7411888480469154,0.9999993141599244,very_strong,1,4.0,1.0,D1_strong_binding_or_literature,C3_weak_or_cross_cancer_prognosis,R1_strong_RCTD_SPOTlight_concordance,0.8638614381974908,0.9466317380585186,0.2190402760523168,0.7809597239476832,0.32394052235698223,0.2606943971281379,well_anchored_existing_evidence,NB4_low_non_broad_signal,COAD|Physovenine|ACHE|Myeloid,ACHE,direct_drug_target,0.1872769928067041,1,0
COAD_AXIS_001,COAD_CV001,COAD,Physovenine | ACHE/TFAP2A,CMPD025553,Physovenine,Myeloid,6,0.7730871896382334,IS2_high_priority_validation_axis,main_figure_candidate_panel,direct_drug_target,ACHE,ACHE,True,tested,DP4_no_dependency_support,0.1872769928067041,0.1872769928067041,False,0.0,63,-0.2338553564558968,-0.2316161148765376,-0.3481805795328104,-0.1137732403294889,0.3333333333333333,0.1269841269841269,-0.2232002693071747,-0.2228232892199539,0.0110320672359429,0.1224870626729974,0.0952380952380952,0.0,0.7423921250000001,0.4166666666666667,1.207465501755446,0.0112359550561797,0.1290082407013797,0.1224870626729974,0.4285714285714285,0.18559803125,0.2220641344718858,scored,0.1813454080409488,DP4_no_dependency_support,ACHE,direct_drug_target,ACHE,0.1872769928067041,0.1635506537436831,2,0,-0.2338553564558968,0.1224870626729974,0.3333333333333333,0.7423921250000001,0.0110320672359429,False,0.1290082407013797,0.1224870626729974,0.4285714285714285,0.18559803125,0.2220641344718858,0.0,LC4_not_tested,not_tested_in_available_lincs_releases,,0,ACHE,TFAP2A,ACHE,ACHE,0.7333326297500089,0.4454757715236179,0.7809597239476832,0.8607849956943785,0.9999996744454338,very_strong,1,4.0,1.0,D1_strong_binding_or_literature,C3_weak_or_cross_cancer_prognosis,R1_strong_RCTD_SPOTlight_concordance,0.7311712346962592,0.9903990119807774,0.2190402760523168,0.7809597239476832,0.32168273957414656,0.25887742370000655,well_anchored_existing_evidence,NB4_low_non_broad_signal,COAD|Physovenine|ACHE|Myeloid,ACHE,direct_drug_target,0.1872769928067041,2,0
COAD_AXIS_071,COAD_CV071,COAD,Dihydrosanguinarine | ACHE/TBP,CMPD024843,Dihydrosanguinarine,Myeloid,19,0.7607755550417625,IS2_high_priority_validation_axis,supplementary_top50_axis,direct_drug_target,ACHE,ACHE,True,tested,DP4_no_dependency_support,0.1872769928067041,0.1872769928067041,False,0.0,63,-0.2338553564558968,-0.2316161148765376,-0.3481805795328104,-0.1137732403294889,0.3333333333333333,0.1269841269841269,-0.2232002693071747,-0.2228232892199539,0.0110320672359429,0.1224870626729974,0.0952380952380952,0.0,0.7423921250000001,0.4166666666666667,1.207465501755446,0.0112359550561797,0.1290082407013797,0.1224870626729974,0.4285714285714285,0.18559803125,0.2220641344718858,scored,0.5787941918283207,DP2_moderate_dependency,TBP,regulatory_tf,TBP,0.6478854622439001,0.3715203805815825,2,2,-0.6784258051493756,0.7833034659171018,0.9682539682539684,4.00685125,0.0343724245173521,True,0.8129627771528855,0.7833034659171018,1.0,1.0,0.2687448490347042,0.0,LC4_not_tested,not_tested_in_available_lincs_releases,,0,ACHE,TBP,ACHE,ACHE,0.7333326297500089,0.7977108356218675,0.6395597239476832,0.8553817928784714,0.9999994004573072,moderate,1,100000.0,1.0,D2_external_database_supported,C1_strong_same_cancer_prognosis,R1_strong_RCTD_SPOTlight_concordance,0.7649435314147723,0.661941630426899,0.36044027605231677,0.6395597239476832,0.3081373694595968,0.25886930672221053,partly_anchored_underexplored,NB4_low_non_broad_signal,COAD|Dihydrosanguinarine|ACHE|Myeloid,ACHE,direct_drug_target,0.1872769928067041,1,0
COAD_AXIS_070,COAD_CV070,COAD,Pectolinarigenin | ACHE/TBP,CMPD026190,Pectolinarigenin,Myeloid,20,0.7607283661721163,IS2_high_priority_validation_axis,supplementary_top50_axis,direct_drug_target,ACHE,ACHE,True,tested,DP4_no_dependency_support,0.1872769928067041,0.1872769928067041,False,0.0,63,-0.2338553564558968,-0.2316161148765376,-0.3481805795328104,-0.1137732403294889,0.3333333333333333,0.1269841269841269,-0.2232002693071747,-0.2228232892199539,0.0110320672359429,0.1224870626729974,0.0952380952380952,0.0,0.7423921250000001,0.4166666666666667,1.207465501755446,0.0112359550561797,0.1290082407013797,0.1224870626729974,0.4285714285714285,0.18559803125,0.2220641344718858,scored,0.5787941918283207,DP2_moderate_dependency,TBP,regulatory_tf,TBP,0.6478854622439001,0.3715203805815825,2,2,-0.6784258051493756,0.7833034659171018,0.9682539682539684,4.00685125,0.0343724245173521,True,0.8129627771528855,0.7833034659171018,1.0,1.0,0.2687448490347042,0.0,LC4_not_tested,not_tested_in_available_lincs_releases,,0,ACHE,TBP,ACHE,ACHE,0.7333326297500089,0.7977108356218675,0.6395597239476832,0.8553817928784714,0.9999994004573072,moderate,1,250000.0,1.0,D2_external_database_supported,C1_strong_same_cancer_prognosis,R1_strong_RCTD_SPOTlight_concordance,0.7644716427183095,0.661941630426899,0.36044027605231677,0.6395597239476832,0.30811377502477366,0.25884948479994296,partly_anchored_underexplored,NB4_low_non_broad_signal,COAD|Pectolinarigenin|ACHE|Myeloid,ACHE,direct_drug_target,0.1872769928067041,1,0
COAD_AXIS_072,COAD_CV072,COAD,Deltoin | ACHE/TBP,CMPD025264,Deltoin,Myeloid,21,0.7606716582442781,IS2_high_priority_validation_axis,supplementary_top50_axis,direct_drug_target,ACHE,ACHE,True,tested,DP4_no_dependency_support,0.1872769928067041,0.1872769928067041,False,0.0,63,-0.2338553564558968,-0.2316161148765376,-0.3481805795328104,-0.1137732403294889,0.3333333333333333,0.1269841269841269,-0.2232002693071747,-0.2228232892199539,0.0110320672359429,0.1224870626729974,0.0952380952380952,0.0,0.7423921250000001,0.4166666666666667,1.207465501755446,0.0112359550561797,0.1290082407013797,0.1224870626729974,0.4285714285714285,0.18559803125,0.2220641344718858,scored,0.5787941918283207,DP2_moderate_dependency,TBP,regulatory_tf,TBP,0.6478854622439001,0.3715203805815825,2,2,-0.6784258051493756,0.7833034659171018,0.9682539682539684,4.00685125,0.0343724245173521,True,0.8129627771528855,0.7833034659171018,1.0,1.0,0.2687448490347042,0.0,LC4_not_tested,not_tested_in_available_lincs_releases,,0,ACHE,TBP,ACHE,ACHE,0.7333326297500089,0.7977108356218675,0.6395597239476832,0.8553817928784714,0.9999994004573072,moderate,1,100000.0,1.0,D2_external_database_supported,C1_strong_same_cancer_prognosis,R1_strong_RCTD_SPOTlight_concordance,0.7639045634399281,0.661941630426899,0.36044027605231677,0.6395597239476832,0.3080854210608546,0.2588256643493581,partly_anchored_underexplored,NB4_low_non_broad_signal,COAD|Deltoin|ACHE|Myeloid,ACHE,direct_drug_target,0.1872769928067041,1,0
COAD_AXIS_064,COAD_CV064,COAD,"methyl (E)-2-[(2S,3Z,... | ACHE/TBP",CMPD025387,"methyl (E)-2-[(2S,3Z,12bS)-3-ethylidene-2,4,6,7,12,12b-hexahydro-1H-indolo[3,2-h]quinolizin-2-yl]-3-methoxyprop-2-enoate",Myeloid,12,0.762381685590257,IS2_high_priority_validation_axis,supplementary_top50_axis,direct_drug_target,ACHE,ACHE,True,tested,DP4_no_dependency_support,0.1872769928067041,0.1872769928067041,False,0.0,63,-0.2338553564558968,-0.2316161148765376,-0.3481805795328104,-0.1137732403294889,0.3333333333333333,0.1269841269841269,-0.2232002693071747,-0.2228232892199539,0.0110320672359429,0.1224870626729974,0.0952380952380952,0.0,0.7423921250000001,0.4166666666666667,1.207465501755446,0.0112359550561797,0.1290082407013797,0.1224870626729974,0.4285714285714285,0.18559803125,0.2220641344718858,scored,0.5787941918283207,DP2_moderate_dependency,TBP,regulatory_tf,TBP,0.6478854622439001,0.3715203805815825,2,2,-0.6784258051493756,0.7833034659171018,0.9682539682539684,4.00685125,0.0343724245173521,True,0.8129627771528855,0.7833034659171018,1.0,1.0,0.2687448490347042,0.0,LC4_not_tested,not_tested_in_available_lincs_releases,,0,ACHE,TBP,ACHE,ACHE,0.7333326297500089,0.7977108356218675,0.6479597239476832,0.8585072589614885,0.9999994226403724,moderate,1,63800.0,1.0,D2_external_database_supported,C1_strong_same_cancer_prognosis,R1_strong_RCTD_SPOTlight_concordance,0.7654942642902589,0.661941630426899,0.3520402760523168,0.6479597239476832,0.30816490610337116,0.25824529423109516,partly_anchored_underexplored,NB4_low_non_broad_signal,"COAD|methyl (E)-2-[(2S,3Z,12bS)-3-ethylidene-2,4,6,7,12,12b-hexahydro-1H-indolo[3,2-h]quinolizin-2-yl]-3-methoxyprop-2-enoate|ACHE|Myeloid",ACHE,direct_drug_target,0.1872769928067041,1,0
COAD_AXIS_061,COAD_CV061,COAD,Angustidine | ACHE/TBP,CMPD025384,Angustidine,Myeloid,13,0.7622162521603719,IS2_high_priority_validation_axis,supplementary_top50_axis,direct_drug_target,ACHE,ACHE,True,tested,DP4_no_dependency_support,0.1872769928067041,0.1872769928067041,False,0.0,63,-0.2338553564558968,-0.2316161148765376,-0.3481805795328104,-0.1137732403294889,0.3333333333333333,0.1269841269841269,-0.2232002693071747,-0.2228232892199539,0.0110320672359429,0.1224870626729974,0.0952380952380952,0.0,0.7423921250000001,0.4166666666666667,1.207465501755446,0.0112359550561797,0.1290082407013797,0.1224870626729974,0.4285714285714285,0.18559803125,0.2220641344718858,scored,0.5787941918283207,DP2_moderate_dependency,TBP,regulatory_tf,TBP,0.6478854622439001,0.3715203805815825,2,2,-0.6784258051493756,0.7833034659171018,0.9682539682539684,4.00685125,0.0343724245173521,True,0.8129627771528855,0.7833034659171018,1.0,1.0,0.2687448490347042,0.0,LC4_not_tested,not_tested_in_available_lincs_releases,,0,ACHE,TBP,ACHE,ACHE,0.7333326297500089,0.7977108356218675,0.6479597239476832,0.8585072589614885,0.9999994226403724,moderate,1,22000.0,1.0,D2_external_database_supported,C1_strong_same_cancer_prognosis,R1_strong_RCTD_SPOTlight_concordance,0.7638399299914077,0.661941630426899,0.3520402760523168,0.6479597239476832,0.3080821893884286,0.25817597679109755,partly_anchored_underexplored,NB4_low_non_broad_signal,COAD|Angustidine|ACHE|Myeloid,ACHE,direct_drug_target,0.1872769928067041,1,0
COAD_AXIS_060,COAD_CV060,COAD,Marmesinin | ACHE/TBP,CMPD025216,Marmesinin,Myeloid,15,0.7621559142457545,IS2_high_priority_validation_axis,supplementary_top50_axis,direct_drug_target,ACHE,ACHE,True,tested,DP4_no_dependency_support,0.1872769928067041,0.1872769928067041,False,0.0,63,-0.2338553564558968,-0.2316161148765376,-0.3481805795328104,-0.1137732403294889,0.3333333333333333,0.1269841269841269,-0.2232002693071747,-0.2228232892199539,0.0110320672359429,0.1224870626729974,0.0952380952380952,0.0,0.7423921250000001,0.4166666666666667,1.207465501755446,0.0112359550561797,0.1290082407013797,0.1224870626729974,0.4285714285714285,0.18559803125,0.2220641344718858,scored,0.5787941918283207,DP2_moderate_dependency,TBP,regulatory_tf,TBP,0.6478854622439001,0.3715203805815825,2,2,-0.6784258051493756,0.7833034659171018,0.9682539682539684,4.00685125,0.0343724245173521,True,0.8129627771528855,0.7833034659171018,1.0,1.0,0.2687448490347042,0.0,LC4_not_tested,not_tested_in_available_lincs_releases,,0,ACHE,TBP,ACHE,ACHE,0.7333326297500089,0.7977108356218675,0.6479597239476832,0.8585072589614885,0.9999994226403724,moderate,1,68000.0,1.0,D2_external_database_supported,C1_strong_same_cancer_prognosis,R1_strong_RCTD_SPOTlight_concordance,0.7632365508452329,0.661941630426899,0.3520402760523168,0.6479597239476832,0.30805202043111984,0.2581506949011012,partly_anchored_underexplored,NB4_low_non_broad_signal,COAD|Marmesinin|ACHE|Myeloid,ACHE,direct_drug_target,0.1872769928067041,1,0
COAD_AXIS_063,COAD_CV063,COAD,Decursin | ACHE/TBP,CMPD025251,Decursin,Myeloid,16,0.7621211772180909,IS2_high_priority_validation_axis,supplementary_top50_axis,direct_drug_target,ACHE,ACHE,True,tested,DP4_no_dependency_support,0.1872769928067041,0.1872769928067041,False,0.0,63,-0.2338553564558968,-0.2316161148765376,-0.3481805795328104,-0.1137732403294889,0.3333333333333333,0.1269841269841269,-0.2232002693071747,-0.2228232892199539,0.0110320672359429,0.1224870626729974,0.0952380952380952,0.0,0.7423921250000001,0.4166666666666667,1.207465501755446,0.0112359550561797,0.1290082407013797,0.1224870626729974,0.4285714285714285,0.18559803125,0.2220641344718858,scored,0.5787941918283207,DP2_moderate_dependency,TBP,regulatory_tf,TBP,0.6478854622439001,0.3715203805815825,2,2,-0.6784258051493756,0.7833034659171018,0.9682539682539684,4.00685125,0.0343724245173521,True,0.8129627771528855,0.7833034659171018,1.0,1.0,0.2687448490347042,0.0,LC4_not_tested,not_tested_in_available_lincs_releases,,0,ACHE,TBP,ACHE,ACHE,0.7333326297500089,0.7977108356218675,0.6479597239476832,0.8585072589614885,0.9999994226403724,moderate,1,390000.0,1.0,D2_external_database_supported,C1_strong_same_cancer_prognosis,R1_strong_RCTD_SPOTlight_concordance,0.762889180568598,0.661941630426899,0.3520402760523168,0.6479597239476832,0.3080346519172881,0.2581361399116264,partly_anchored_underexplored,NB4_low_non_broad_signal,COAD|Decursin|ACHE|Myeloid,ACHE,direct_drug_target,0.1872769928067041,1,0
COAD_AXIS_062,COAD_CV062,COAD,Corydalmine | ACHE/TBP,CMPD026148,Corydalmine,Myeloid,17,0.7620888252906692,IS2_high_priority_validation_axis,supplementary_top50_axis,direct_drug_target,ACHE,ACHE,True,tested,DP4_no_dependency_support,0.1872769928067041,0.1872769928067041,False,0.0,63,-0.2338553564558968,-0.2316161148765376,-0.3481805795328104,-0.1137732403294889,0.3333333333333333,0.1269841269841269,-0.2232002693071747,-0.2228232892199539,0.0110320672359429,0.1224870626729974,0.0952380952380952,0.0,0.7423921250000001,0.4166666666666667,1.207465501755446,0.0112359550561797,0.1290082407013797,0.1224870626729974,0.4285714285714285,0.18559803125,0.2220641344718858,scored,0.5787941918283207,DP2_moderate_dependency,TBP,regulatory_tf,TBP,0.6478854622439001,0.3715203805815825,2,2,-0.6784258051493756,0.7833034659171018,0.9682539682539684,4.00685125,0.0343724245173521,True,0.8129627771528855,0.7833034659171018,1.0,1.0,0.2687448490347042,0.0,LC4_not_tested,not_tested_in_available_lincs_releases,,0,ACHE,TBP,ACHE,ACHE,0.7333326297500089,0.7977108356218675,0.6479597239476832,0.8585072589614885,0.9999994226403724,moderate,1,211200.0,1.0,D2_external_database_supported,C1_strong_same_cancer_prognosis,R1_strong_RCTD_SPOTlight_concordance,0.7625656612943804,0.661941630426899,0.3520402760523168,0.6479597239476832,0.30801847595357723,0.25812258429116075,partly_anchored_underexplored,NB4_low_non_broad_signal,COAD|Corydalmine|ACHE|Myeloid,ACHE,direct_drug_target,0.1872769928067041,1,0
COAD_AXIS_049,COAD_CV049,COAD,Tanshinone iia | ACHE/TBP,CMPD025160,Tanshinone iia,Myeloid,9,0.7654112680099324,IS2_high_priority_validation_axis,main_figure_candidate_panel,direct_drug_target,ACHE,ACHE,True,tested,DP4_no_dependency_support,0.1872769928067041,0.1872769928067041,False,0.0,63,-0.2338553564558968,-0.2316161148765376,-0.3481805795328104,-0.1137732403294889,0.3333333333333333,0.1269841269841269,-0.2232002693071747,-0.2228232892199539,0.0110320672359429,0.1224870626729974,0.0952380952380952,0.0,0.7423921250000001,0.4166666666666667,1.207465501755446,0.0112359550561797,0.1290082407013797,0.1224870626729974,0.4285714285714285,0.18559803125,0.2220641344718858,scored,0.5787941918283207,DP2_moderate_dependency,TBP,regulatory_tf,TBP,0.6478854622439001,0.3715203805815825,2,2,-0.6784258051493756,0.7833034659171018,0.9682539682539684,4.00685125,0.0343724245173521,True,0.8129627771528855,0.7833034659171018,1.0,1.0,0.2687448490347042,0.0,LC4_not_tested,not_tested_in_available_lincs_releases,,0,ACHE,TBP,ACHE,ACHE,0.7333326297500089,0.7977108356218675,0.670923536498699,0.8585072589614885,0.9999994610763312,moderate,3,100000.0,2.0,D2_external_database_supported,C1_strong_same_cancer_prognosis,R1_strong_RCTD_SPOTlight_concordance,0.7636407278540158,0.661941630426899,0.32907646350130104,0.670923536498699,0.308072229281559,0.25639900188990356,partly_anchored_underexplored,NB4_low_non_broad_signal,COAD|Tanshinone iia|ACHE|Myeloid,ACHE,direct_drug_target,0.1872769928067041,1,0
COAD_AXIS_011,COAD_CV011,COAD,Physovenine | ACHE/HR,CMPD025553,Physovenine,Myeloid,11,0.7634405477053978,IS2_high_priority_validation_axis,supplementary_top50_axis,direct_drug_target,ACHE,ACHE,True,tested,DP4_no_dependency_support,0.1872769928067041,0.1872769928067041,False,0.0,63,-0.2338553564558968,-0.2316161148765376,-0.3481805795328104,-0.1137732403294889,0.3333333333333333,0.1269841269841269,-0.2232002693071747,-0.2228232892199539,0.0110320672359429,0.1224870626729974,0.0952380952380952,0.0,0.7423921250000001,0.4166666666666667,1.207465501755446,0.0112359550561797,0.1290082407013797,0.1224870626729974,0.4285714285714285,0.18559803125,0.2220641344718858,scored,0.1830020079853128,DP4_no_dependency_support,ACHE,direct_drug_target,ACHE,0.1872769928067041,0.170177053521139,2,0,-0.2338553564558968,0.1224870626729974,0.3333333333333333,0.7423921250000001,0.0110320672359429,False,0.1290082407013797,0.1224870626729974,0.4285714285714285,0.18559803125,0.2220641344718858,0.0,LC4_not_tested,not_tested_in_available_lincs_releases,,0,ACHE,HR,ACHE,ACHE,0.7333326297500089,0.4751408487120784,0.7809597239476832,0.8643538625442575,0.9999994947513048,very_strong,1,4.0,1.0,D1_strong_binding_or_literature,C2_moderate_same_cancer_prognosis,R1_strong_RCTD_SPOTlight_concordance,0.5915668161417018,0.9926616682037293,0.2190402760523168,0.7809597239476832,0.3164120381281369,0.2546357736405685,well_anchored_existing_evidence,NB4_low_non_broad_signal,COAD|Physovenine|ACHE|Myeloid,ACHE,direct_drug_target,0.1872769928067041,2,0
COAD_AXIS_029,COAD_CV029,COAD,Physovenine | ACHE/TBP,CMPD025553,Physovenine,Myeloid,5,0.7809782385803586,IS1_publication_core_axis,main_text_flagship_axis,direct_drug_target,ACHE,ACHE,True,tested,DP4_no_dependency_support,0.1872769928067041,0.1872769928067041,False,0.0,63,-0.2338553564558968,-0.2316161148765376,-0.3481805795328104,-0.1137732403294889,0.3333333333333333,0.1269841269841269,-0.2232002693071747,-0.2228232892199539,0.0110320672359429,0.1224870626729974,0.0952380952380952,0.0,0.7423921250000001,0.4166666666666667,1.207465501755446,0.0112359550561797,0.1290082407013797,0.1224870626729974,0.4285714285714285,0.18559803125,0.2220641344718858,scored,0.5787941918283207,DP2_moderate_dependency,TBP,regulatory_tf,TBP,0.6478854622439001,0.3715203805815825,2,2,-0.6784258051493756,0.7833034659171018,0.9682539682539684,4.00685125,0.0343724245173521,True,0.8129627771528855,0.7833034659171018,1.0,1.0,0.2687448490347042,0.0,LC4_not_tested,not_tested_in_available_lincs_releases,,0,ACHE,TBP,ACHE,ACHE,0.7333326297500089,0.7977108356218675,0.7809597239476832,0.8585072589614885,0.9999996125969848,very_strong,1,4.0,1.0,D1_strong_binding_or_literature,C1_strong_same_cancer_prognosis,R1_strong_RCTD_SPOTlight_concordance,0.7652596802173068,0.661941630426899,0.2190402760523168,0.7809597239476832,0.30815317689972355,0.2479893719084211,well_anchored_existing_evidence,NB4_low_non_broad_signal,COAD|Physovenine|ACHE|Myeloid,ACHE,direct_drug_target,0.1872769928067041,1,0
COAD_AXIS_050,COAD_CV050,COAD,Isocorypalmine | DRD1/HR,CMPD025506,Isocorypalmine,Myeloid,7,0.7724807678062635,IS2_high_priority_validation_axis,main_figure_candidate_panel,regulatory_tf,HR,HR,True,tested,DP4_no_dependency_support,0.1017772963788788,0.1017772963788788,False,0.0,63,0.0752450007754176,0.0848333382203633,-0.022938007696381,0.1831943936009218,0.0158730158730158,0.0,0.066840781878623,0.0663769327681072,-0.0088680680073103,0.0107346203975542,0.0,0.0,3.1394521,0.8571428571428571,0.9061960377419472,0.0449438202247191,0.0,0.0107346203975542,0.0158730158730158,0.7848630249999999,0.1822638639853792,scored,0.0902697041386301,DP4_no_dependency_support,HR,regulatory_tf,HR,0.1017772963788788,0.0557469274178841,2,0,0.0752450007754176,0.0107346203975542,0.0158730158730158,3.1394521,-0.0088680680073103,False,0.0,0.0107346203975542,0.0158730158730158,0.7848630249999999,0.1822638639853792,0.0,LC4_not_tested,not_tested_in_available_lincs_releases,,0,DRD1,HR,DRD1,DRD1,0.7333326297500089,0.4533182575348581,0.8863194478953664,0.8643538625442575,0.9999984551462552,very_strong,3,4.5,3.0,D1_strong_binding_or_literature,C2_moderate_same_cancer_prognosis,R1_strong_RCTD_SPOTlight_concordance,0.5634345461485297,1.0,0.11368055210463357,0.8863194478953664,0.2887840127829415,0.22479529109024524,well_anchored_existing_evidence,NB4_low_non_broad_signal,COAD|Isocorypalmine|HR|Myeloid,HR,regulatory_tf,0.1017772963788788,2,0
COAD_AXIS_037,COAD_CV037,COAD,Stepholidine | DRD1/HR,CMPD025173,Stepholidine,Myeloid,4,0.7815901897373574,IS2_high_priority_validation_axis,main_figure_candidate_panel,regulatory_tf,HR,HR,True,tested,DP4_no_dependency_support,0.1017772963788788,0.1017772963788788,False,0.0,63,0.0752450007754176,0.0848333382203633,-0.022938007696381,0.1831943936009218,0.0158730158730158,0.0,0.066840781878623,0.0663769327681072,-0.0088680680073103,0.0107346203975542,0.0,0.0,3.1394521,0.8571428571428571,0.9061960377419472,0.0449438202247191,0.0,0.0107346203975542,0.0158730158730158,0.7848630249999999,0.1822638639853792,scored,0.0902697041386301,DP4_no_dependency_support,HR,regulatory_tf,HR,0.1017772963788788,0.0557469274178841,2,0,0.0752450007754176,0.0107346203975542,0.0158730158730158,3.1394521,-0.0088680680073103,False,0.0,0.0107346203975542,0.0158730158730158,0.7848630249999999,0.1822638639853792,0.0,LC4_not_tested,not_tested_in_available_lincs_releases,,0,DRD1,HR,DRD1,DRD1,0.7333326297500089,0.4533182575348581,0.9536791718430496,0.8643538625442575,0.999998737807418,very_strong,9,3.4,7.0,D1_strong_binding_or_literature,C2_moderate_same_cancer_prognosis,R1_strong_RCTD_SPOTlight_concordance,0.5602249823360164,1.0,0.04632082815695038,0.9536791718430496,0.2886235345923158,0.21980997123121243,well_anchored_existing_evidence,NB4_low_non_broad_signal,COAD|Stepholidine|HR|Myeloid,HR,regulatory_tf,0.1017772963788788,2,0
COAD_AXIS_040,COAD_CV040,COAD,Tetrahydropalmatine | DRD1/TFAP2A,CMPD026077,Tetrahydropalmatine,Myeloid,37,0.7441102266724883,IS2_high_priority_validation_axis,supplementary_top50_axis,regulatory_tf,TFAP2A,TFAP2A,True,tested,DP4_no_dependency_support,0.068645297491599,0.068645297491599,False,0.0,63,0.0571556738632076,0.0261293777849765,-0.0763979354857971,0.1313511056876855,0.0476190476190476,0.0,0.0077380749730672,0.0068493460643376,-0.0503063277988699,0.0130372036340638,0.0,0.0,1.9321762,0.7380952380952381,0.9661197421636708,0.0112359550561797,0.0,0.0130372036340638,0.0476190476190476,0.48304405,0.09938734440226,scored,0.0599282409487234,DP4_no_dependency_support,TFAP2A,regulatory_tf,TFAP2A,0.068645297491599,0.0337770713200966,2,0,0.0571556738632076,0.0130372036340638,0.0476190476190476,1.9321762,-0.0503063277988699,False,0.0,0.0130372036340638,0.0476190476190476,0.48304405,0.09938734440226,0.5161164863911298,LC3_weak_or_neutral,scored,GSE92742,23,DRD1,TFAP2A,DRD1,DRD1,0.7333326297500089,0.2808541785491622,0.805278161220686,0.8607849956943785,0.9999987306150272,strong,4,124.0,4.0,D1_strong_binding_or_literature,C3_weak_or_cross_cancer_prognosis,R1_strong_RCTD_SPOTlight_concordance,0.717397569065314,1.0,0.19472183877931404,0.805278161220686,0.2642864123700037,0.21108039332277156,well_anchored_existing_evidence,NB4_low_non_broad_signal,COAD|Tetrahydropalmatine|TFAP2A|Myeloid,TFAP2A,regulatory_tf,0.068645297491599,2,0
COAD_AXIS_044,COAD_CV044,COAD,(S)-Canadine | DRD1/TFAP2A,CMPD025509,(S)-Canadine,Myeloid,40,0.7396818827226033,IS2_high_priority_validation_axis,supplementary_top50_axis,regulatory_tf,TFAP2A,TFAP2A,True,tested,DP4_no_dependency_support,0.068645297491599,0.068645297491599,False,0.0,63,0.0571556738632076,0.0261293777849765,-0.0763979354857971,0.1313511056876855,0.0476190476190476,0.0,0.0077380749730672,0.0068493460643376,-0.0503063277988699,0.0130372036340638,0.0,0.0,1.9321762,0.7380952380952381,0.9661197421636708,0.0112359550561797,0.0,0.0130372036340638,0.0476190476190476,0.48304405,0.09938734440226,scored,0.0599282409487234,DP4_no_dependency_support,TFAP2A,regulatory_tf,TFAP2A,0.068645297491599,0.0337770713200966,2,0,0.0571556738632076,0.0130372036340638,0.0476190476190476,1.9321762,-0.0503063277988699,False,0.0,0.0130372036340638,0.0476190476190476,0.48304405,0.09938734440226,0.0,LC4_not_tested,not_tested_in_available_lincs_releases,,0,DRD1,TFAP2A,DRD1,DRD1,0.7333326297500089,0.2808541785491622,0.7739235364986989,0.8607849956943785,0.9999986054158664,strong,3,49.0,2.0,D1_strong_binding_or_literature,C3_weak_or_cross_cancer_prognosis,R1_strong_RCTD_SPOTlight_concordance,0.7170106792967431,1.0,0.22607646350130106,0.7739235364986989,0.23846124356201875,0.19232355132816997,well_anchored_existing_evidence,NB4_low_non_broad_signal,COAD|(S)-Canadine|TFAP2A|Myeloid,TFAP2A,regulatory_tf,0.068645297491599,2,0
COAD_AXIS_021,COAD_CV021,COAD,Isocorypalmine | DRD1/TFAP2A,CMPD025506,Isocorypalmine,Myeloid,24,0.7555018987557811,IS2_high_priority_validation_axis,supplementary_top50_axis,regulatory_tf,TFAP2A,TFAP2A,True,tested,DP4_no_dependency_support,0.068645297491599,0.068645297491599,False,0.0,63,0.0571556738632076,0.0261293777849765,-0.0763979354857971,0.1313511056876855,0.0476190476190476,0.0,0.0077380749730672,0.0068493460643376,-0.0503063277988699,0.0130372036340638,0.0,0.0,1.9321762,0.7380952380952381,0.9661197421636708,0.0112359550561797,0.0,0.0130372036340638,0.0476190476190476,0.48304405,0.09938734440226,scored,0.0599282409487234,DP4_no_dependency_support,TFAP2A,regulatory_tf,TFAP2A,0.068645297491599,0.0337770713200966,2,0,0.0571556738632076,0.0130372036340638,0.0476190476190476,1.9321762,-0.0503063277988699,False,0.0,0.0130372036340638,0.0476190476190476,0.48304405,0.09938734440226,0.0,LC4_not_tested,not_tested_in_available_lincs_releases,,0,DRD1,TFAP2A,DRD1,DRD1,0.7333326297500089,0.2808541785491622,0.8863194478953664,0.8607849956943785,0.9999990045805534,very_strong,3,4.5,3.0,D1_strong_binding_or_literature,C3_weak_or_cross_cancer_prognosis,R1_strong_RCTD_SPOTlight_concordance,0.7178563241743736,1.0,0.11368055210463357,0.8863194478953664,0.23850352580590023,0.1856559474775543,well_anchored_existing_evidence,NB4_low_non_broad_signal,COAD|Isocorypalmine|TFAP2A|Myeloid,TFAP2A,regulatory_tf,0.068645297491599,2,0
COAD_AXIS_016,COAD_CV016,COAD,Stepholidine | DRD1/TFAP2A,CMPD025173,Stepholidine,Myeloid,10,0.7647364383013023,IS2_high_priority_validation_axis,main_figure_candidate_panel,regulatory_tf,TFAP2A,TFAP2A,True,tested,DP4_no_dependency_support,0.068645297491599,0.068645297491599,False,0.0,63,0.0571556738632076,0.0261293777849765,-0.0763979354857971,0.1313511056876855,0.0476190476190476,0.0,0.0077380749730672,0.0068493460643376,-0.0503063277988699,0.0130372036340638,0.0,0.0,1.9321762,0.7380952380952381,0.9661197421636708,0.0112359550561797,0.0,0.0130372036340638,0.0476190476190476,0.48304405,0.09938734440226,scored,0.0599282409487234,DP4_no_dependency_support,TFAP2A,regulatory_tf,TFAP2A,0.068645297491599,0.0337770713200966,2,0,0.0571556738632076,0.0130372036340638,0.0476190476190476,1.9321762,-0.0503063277988699,False,0.0,0.0130372036340638,0.0476190476190476,0.48304405,0.09938734440226,0.0,LC4_not_tested,not_tested_in_available_lincs_releases,,0,DRD1,TFAP2A,DRD1,DRD1,0.7333326297500089,0.2808541785491622,0.9536791718430496,0.8607849956943785,0.9999991867120628,very_strong,9,3.4,7.0,D1_strong_binding_or_literature,C3_weak_or_cross_cancer_prognosis,R1_strong_RCTD_SPOTlight_concordance,0.715897996823925,1.0,0.04632082815695038,0.9536791718430496,0.2384056094383778,0.18156499339539536,well_anchored_existing_evidence,NB4_low_non_broad_signal,COAD|Stepholidine|TFAP2A|Myeloid,TFAP2A,regulatory_tf,0.068645297491599,2,0
COAD_AXIS_089,COAD_CV089,COAD,Ibogain | SLC6A4/ATF4,CMPD025754,Ibogain,Myeloid,3,0.7999112302559706,IS1_publication_core_axis,main_text_flagship_axis,direct_drug_target,SLC6A4,SLC6A4,True,tested,DP4_no_dependency_support,0.0271164009456757,0.0271164009456757,False,0.0,63,0.0401505360816851,0.0061731375578108,-0.1141459923553391,0.1193097075709307,0.0634920634920634,0.0158730158730158,-0.0215229016484908,-0.023307528526054,-0.063458064607739,0.0146129173498466,0.0158730158730158,0.0,0.1700009049999999,0.2619047619047619,1.055476346669301,0.0,0.0,0.0146129173498466,0.0793650793650793,0.0425002262499999,0.0730838707845218,scored,0.6226487235129,DP2_moderate_dependency,ATF4,regulatory_tf,ATF4,0.7277426627894691,0.307366905683193,2,0,-0.7604077425177935,0.854435233617679,0.9682539682539684,8.7168145,0.0924916026397283,True,0.9390888346427592,0.854435233617679,1.0,1.0,0.3849832052794567,0.0,LC4_not_tested,not_tested_in_available_lincs_releases,,0,SLC6A4,ATF4,SLC6A4,SLC6A4,0.7333326297500089,0.849528600798618,0.7281597239476832,0.8306203735741209,0.99999901808395,strong,1,500.0,1.0,D1_strong_binding_or_literature,C1_strong_same_cancer_prognosis,R1_strong_RCTD_SPOTlight_concordance,0.6958983916939223,0.7931617774762313,0.27184027605231675,0.7281597239476832,0.18787155883513906,0.15367143323038512,partly_anchored_underexplored,NB4_low_non_broad_signal,COAD|Ibogain|SLC6A4|Myeloid,SLC6A4,direct_drug_target,0.0271164009456757,1,0
COAD_AXIS_022,COAD_CV022,COAD,Allopseudococain | SLC6A4/ATF4,CMPD025856,Allopseudococain,Myeloid,2,0.829032548306303,IS1_publication_core_axis,main_text_flagship_axis,direct_drug_target,SLC6A4,SLC6A4,True,tested,DP4_no_dependency_support,0.0271164009456757,0.0271164009456757,False,0.0,63,0.0401505360816851,0.0061731375578108,-0.1141459923553391,0.1193097075709307,0.0634920634920634,0.0158730158730158,-0.0215229016484908,-0.023307528526054,-0.063458064607739,0.0146129173498466,0.0158730158730158,0.0,0.1700009049999999,0.2619047619047619,1.055476346669301,0.0,0.0,0.0146129173498466,0.0793650793650793,0.0425002262499999,0.0730838707845218,scored,0.6226487235129,DP2_moderate_dependency,ATF4,regulatory_tf,ATF4,0.7277426627894691,0.307366905683193,2,0,-0.7604077425177935,0.854435233617679,0.9682539682539684,8.7168145,0.0924916026397283,True,0.9390888346427592,0.854435233617679,1.0,1.0,0.3849832052794567,0.0,LC4_not_tested,not_tested_in_available_lincs_releases,,0,SLC6A4,ATF4,SLC6A4,SLC6A4,0.7333326297500089,0.849528600798618,0.9370378851683692,0.8306203735741209,0.9999994752763256,strong,15,155.0,9.0,D1_strong_binding_or_literature,C1_strong_same_cancer_prognosis,R1_strong_RCTD_SPOTlight_concordance,0.6946818721728618,0.7931617774762313,0.06296211483163083,0.9370378851683692,0.18781073285908603,0.14381428987653616,well_anchored_existing_evidence,NB4_low_non_broad_signal,COAD|Allopseudococain|SLC6A4|Myeloid,SLC6A4,direct_drug_target,0.0271164009456757,1,0
LIHC_AXIS_091,LIHC_CV091,LIHC,Kaempferol | AR/FOXM1,CMPD024768,Kaempferol,Tumor_Lineage,45,0.695766294035061,IS2_high_priority_validation_axis,supplementary_top50_axis,regulatory_tf,FOXM1,FOXM1,True,tested,DP3_weak_or_contextual_dependency,0.4764398497268964,0.4764398497268964,False,0.0,21,-0.3687580359987757,-0.3481145499591606,-0.4973799947595302,-0.1892753708702363,0.5238095238095238,0.238095238095238,-0.2682580701867806,-0.2680257416976754,0.1007322943011003,0.3066922440851036,0.3333333333333333,0.0476190476190476,5.9621277,1.0,1.0326035937933966,0.0,0.3365508246135011,0.3066922440851036,0.8333333333333333,1.0,0.4014645886022006,scored,0.4146390704227112,DP3_weak_or_contextual_dependency,FOXM1,regulatory_tf,FOXM1,0.4764398497268964,0.2292367325101555,2,0,-0.3687580359987757,0.3066922440851036,0.5238095238095238,5.9621277,0.1007322943011003,False,0.3365508246135011,0.3066922440851036,0.8333333333333333,1.0,0.4014645886022006,0.5017170145723797,LC3_weak_or_neutral,scored,GSE92742,6,AR,FOXM1,AR,AR,0.8977793296042744,0.2178553777044699,0.6689597239476832,0.6070925559136601,0.9999931214874864,moderate,1,9700.0,1.0,D2_external_database_supported,C4_low_clinical_prognosis_support,R1_strong_RCTD_SPOTlight_concordance,0.901500674730612,0.8492549476247163,0.3310402760523168,0.6689597239476832,0.5861192071159274,0.4880966713677509,partly_anchored_underexplored,NB2_moderate_sensitivity_reprioritized,LIHC|Kaempferol|FOXM1|Tumor_Lineage,FOXM1,regulatory_tf,0.4764398497268964,2,2
LIHC_AXIS_084,LIHC_CV084,LIHC,Kaempferol | MMP1/CTNNB1,CMPD024768,Kaempferol,Plasma_cell,33,0.7228075805919515,IS2_high_priority_validation_axis,supplementary_top50_axis,regulatory_tf,CTNNB1,CTNNB1,True,tested,DP3_weak_or_contextual_dependency,0.4029539676337169,0.4029539676337169,False,0.0,21,-0.2670517072525447,-0.3825141887602218,-0.5255549094199434,-0.1153397411549552,0.4761904761904761,0.2857142857142857,-0.1400704768640617,-0.1383905229323542,0.1286611843201904,0.2550453579735501,0.3333333333333333,0.1904761904761904,7.4465375,1.0,0.9099065360998994,0.0,0.1800795496192995,0.2550453579735501,0.8095238095238095,1.0,0.4573223686403809,scored,0.3332754269650958,DP4_no_dependency_support,CTNNB1,regulatory_tf,CTNNB1,0.4029539676337169,0.1242398049592325,2,0,-0.2670517072525447,0.2550453579735501,0.4761904761904761,7.4465375,0.1286611843201904,False,0.1800795496192995,0.2550453579735501,0.8095238095238095,1.0,0.4573223686403809,0.4950485737835769,LC4_opposite_direction,scored,GSE92742,6,MMP1,CTNNB1,MMP1,MMP1,0.4571780025987867,0.7827720351406074,0.6773597239476832,0.3870220347090807,0.999996167554825,moderate,4,1350.0,1.0,D2_external_database_supported,C1_strong_same_cancer_prognosis,R2_moderate_RCTD_SPOTlight_concordance,0.879843080540907,0.8649558478742714,0.3226402760523168,0.6773597239476832,0.5828236507611649,0.484128333963724,partly_anchored_underexplored,NB2_moderate_sensitivity_reprioritized,LIHC|Kaempferol|CTNNB1|Plasma_cell,CTNNB1,regulatory_tf,0.4029539676337169,2,1
LIHC_AXIS_083,LIHC_CV083,LIHC,Luteolin | MMP1/CTNNB1,CMPD024820,Luteolin,Plasma_cell,34,0.7227737732614814,IS2_high_priority_validation_axis,supplementary_top50_axis,regulatory_tf,CTNNB1,CTNNB1,True,tested,DP3_weak_or_contextual_dependency,0.4029539676337169,0.4029539676337169,False,0.0,21,-0.2670517072525447,-0.3825141887602218,-0.5255549094199434,-0.1153397411549552,0.4761904761904761,0.2857142857142857,-0.1400704768640617,-0.1383905229323542,0.1286611843201904,0.2550453579735501,0.3333333333333333,0.1904761904761904,7.4465375,1.0,0.9099065360998994,0.0,0.1800795496192995,0.2550453579735501,0.8095238095238095,1.0,0.4573223686403809,scored,0.3332754269650958,DP4_no_dependency_support,CTNNB1,regulatory_tf,CTNNB1,0.4029539676337169,0.1242398049592325,2,0,-0.2670517072525447,0.2550453579735501,0.4761904761904761,7.4465375,0.1286611843201904,False,0.1800795496192995,0.2550453579735501,0.8095238095238095,1.0,0.4573223686403809,0.4810933071210926,LC4_opposite_direction,scored,GSE70138,42,MMP1,CTNNB1,MMP1,MMP1,0.4571780025987867,0.7827720351406074,0.6773597239476832,0.3870220347090807,0.999996167554825,moderate,2,3030.0,1.0,D2_external_database_supported,C1_strong_same_cancer_prognosis,R2_moderate_RCTD_SPOTlight_concordance,0.8795050072362071,0.8649558478742714,0.3226402760523168,0.6773597239476832,0.5821089837628056,0.4835346886255455,partly_anchored_underexplored,NB2_moderate_sensitivity_reprioritized,LIHC|Luteolin|CTNNB1|Plasma_cell,CTNNB1,regulatory_tf,0.4029539676337169,2,1
LIHC_AXIS_068,LIHC_CV068,LIHC,Quercetin | MMP1/CTNNB1,CMPD024770,Quercetin,Plasma_cell,28,0.7274079982877729,IS2_high_priority_validation_axis,supplementary_top50_axis,regulatory_tf,CTNNB1,CTNNB1,True,tested,DP3_weak_or_contextual_dependency,0.4029539676337169,0.4029539676337169,False,0.0,21,-0.2670517072525447,-0.3825141887602218,-0.5255549094199434,-0.1153397411549552,0.4761904761904761,0.2857142857142857,-0.1400704768640617,-0.1383905229323542,0.1286611843201904,0.2550453579735501,0.3333333333333333,0.1904761904761904,7.4465375,1.0,0.9099065360998994,0.0,0.1800795496192995,0.2550453579735501,0.8095238095238095,1.0,0.4573223686403809,scored,0.3332754269650958,DP4_no_dependency_support,CTNNB1,regulatory_tf,CTNNB1,0.4029539676337169,0.1242398049592325,2,0,-0.2670517072525447,0.2550453579735501,0.4761904761904761,7.4465375,0.1286611843201904,False,0.1800795496192995,0.2550453579735501,0.8095238095238095,1.0,0.4573223686403809,0.5114864310817508,LC3_weak_or_neutral,scored,GSE70138,42,MMP1,CTNNB1,MMP1,MMP1,0.4571780025987867,0.7827720351406074,0.7087235364986989,0.3891601169579095,0.9999965414146968,moderate,3,1490.0,2.0,D2_external_database_supported,C1_strong_same_cancer_prognosis,R2_moderate_RCTD_SPOTlight_concordance,0.8793719969131811,0.8649558478742714,0.2912764635013011,0.7087235364986989,0.5836219894446872,0.480215329360276,partly_anchored_underexplored,NB2_moderate_sensitivity_reprioritized,LIHC|Quercetin|CTNNB1|Plasma_cell,CTNNB1,regulatory_tf,0.4029539676337169,2,1
LIHC_AXIS_089,LIHC_CV089,LIHC,(-)-epigallocatechin-... | MMP1/CTNNB1,CMPD024806,(-)-epigallocatechin-3-gallate,Plasma_cell,36,0.7213934131242542,IS2_high_priority_validation_axis,supplementary_top50_axis,regulatory_tf,CTNNB1,CTNNB1,True,tested,DP3_weak_or_contextual_dependency,0.4029539676337169,0.4029539676337169,False,0.0,21,-0.2670517072525447,-0.3825141887602218,-0.5255549094199434,-0.1153397411549552,0.4761904761904761,0.2857142857142857,-0.1400704768640617,-0.1383905229323542,0.1286611843201904,0.2550453579735501,0.3333333333333333,0.1904761904761904,7.4465375,1.0,0.9099065360998994,0.0,0.1800795496192995,0.2550453579735501,0.8095238095238095,1.0,0.4573223686403809,scored,0.3332754269650958,DP4_no_dependency_support,CTNNB1,regulatory_tf,CTNNB1,0.4029539676337169,0.1242398049592325,2,0,-0.2670517072525447,0.2550453579735501,0.4761904761904761,7.4465375,0.1286611843201904,False,0.1800795496192995,0.2550453579735501,0.8095238095238095,1.0,0.4573223686403809,0.0,LC4_not_tested,not_tested_in_available_lincs_releases,,0,MMP1,CTNNB1,MMP1,MMP1,0.4571780025987867,0.7827720351406074,0.6689597239476832,0.3840287195607206,0.9999960224098664,moderate,1,7900.0,1.0,D2_external_database_supported,C1_strong_same_cancer_prognosis,R2_moderate_RCTD_SPOTlight_concordance,0.8810534711289418,0.8649558478742714,0.3310402760523168,0.6689597239476832,0.5581317416013878,0.4647898276543618,partly_anchored_underexplored,NB2_moderate_sensitivity_reprioritized,LIHC|(-)-epigallocatechin-3-gallate|CTNNB1|Plasma_cell,CTNNB1,regulatory_tf,0.4029539676337169,2,1
LIHC_AXIS_004,LIHC_CV004,LIHC,"4',5-Dihydroxyflavone | AR/FOXM1",CMPD025015,"4',5-Dihydroxyflavone",Tumor_Lineage,40,0.7064039017788981,IS2_high_priority_validation_axis,supplementary_top50_axis,regulatory_tf,FOXM1,FOXM1,True,tested,DP3_weak_or_contextual_dependency,0.4764398497268964,0.4764398497268964,False,0.0,21,-0.3687580359987757,-0.3481145499591606,-0.4973799947595302,-0.1892753708702363,0.5238095238095238,0.238095238095238,-0.2682580701867806,-0.2680257416976754,0.1007322943011003,0.3066922440851036,0.3333333333333333,0.0476190476190476,5.9621277,1.0,1.0326035937933966,0.0,0.3365508246135011,0.3066922440851036,0.8333333333333333,1.0,0.4014645886022006,scored,0.4146390704227112,DP3_weak_or_contextual_dependency,FOXM1,regulatory_tf,FOXM1,0.4764398497268964,0.2292367325101555,2,0,-0.3687580359987757,0.3066922440851036,0.5238095238095238,5.9621277,0.1007322943011003,False,0.3365508246135011,0.3066922440851036,0.8333333333333333,1.0,0.4014645886022006,0.0,LC4_not_tested,not_tested_in_available_lincs_releases,,0,AR,FOXM1,AR,AR,0.8977793296042744,0.2178553777044699,0.7299597239476832,0.627061578649005,0.9999986628615112,strong,2,851.0,1.0,D1_strong_binding_or_literature,C4_low_clinical_prognosis_support,R1_strong_RCTD_SPOTlight_concordance,0.8985106000621552,0.8492549476247163,0.27004027605231684,0.7299597239476832,0.5608838526538854,0.45852819709139964,partly_anchored_underexplored,NB2_moderate_sensitivity_reprioritized,"LIHC|4',5-Dihydroxyflavone|FOXM1|Tumor_Lineage",FOXM1,regulatory_tf,0.4764398497268964,2,2
LIHC_AXIS_040,LIHC_CV040,LIHC,Eckol | BACE1/CTNNB1,CMPD025671,Eckol,Plasma_cell,41,0.7042961554837668,IS2_high_priority_validation_axis,supplementary_top50_axis,regulatory_tf,CTNNB1,CTNNB1,True,tested,DP3_weak_or_contextual_dependency,0.4029539676337169,0.4029539676337169,False,0.0,21,-0.2670517072525447,-0.3825141887602218,-0.5255549094199434,-0.1153397411549552,0.4761904761904761,0.2857142857142857,-0.1400704768640617,-0.1383905229323542,0.1286611843201904,0.2550453579735501,0.3333333333333333,0.1904761904761904,7.4465375,1.0,0.9099065360998994,0.0,0.1800795496192995,0.2550453579735501,0.8095238095238095,1.0,0.4573223686403809,scored,0.3622557564818767,DP4_no_dependency_support,CTNNB1,regulatory_tf,CTNNB1,0.4029539676337169,0.2401611230263562,2,0,-0.2670517072525447,0.2550453579735501,0.4761904761904761,7.4465375,0.1286611843201904,False,0.1800795496192995,0.2550453579735501,0.8095238095238095,1.0,0.4573223686403809,0.0,LC4_not_tested,not_tested_in_available_lincs_releases,,0,BACE1,CTNNB1,BACE1,BACE1,0.4571780025987867,0.7052406837396119,0.7003235364986989,0.3861668018095492,0.9999968667993768,moderate,3,7670.0,2.0,D2_external_database_supported,C2_moderate_same_cancer_prognosis,R2_moderate_RCTD_SPOTlight_concordance,0.8778037615742856,0.8353879943982965,0.29967646350130106,0.7003235364986989,0.5511359032060077,0.4546425419998487,partly_anchored_underexplored,NB2_moderate_sensitivity_reprioritized,LIHC|Eckol|CTNNB1|Plasma_cell,CTNNB1,regulatory_tf,0.4029539676337169,2,2
LIHC_AXIS_028,LIHC_CV028,LIHC,Quercetin | CDK1/NFYA,CMPD024770,Quercetin,Plasma_cell,48,0.6858582910683467,IS2_high_priority_validation_axis,supplementary_top50_axis,regulatory_tf,NFYA,NFYA,True,tested,DP4_no_dependency_support,0.3209485385889555,0.3209485385889555,False,0.0,21,-0.267281589758321,-0.272276545317343,-0.3668364575805494,-0.1651918387215308,0.4285714285714285,0.0476190476190476,-0.2745951935886086,-0.2748518433692298,-0.0075702536109087,0.2068714989383525,0.0952380952380952,0.0,4.4705825,1.0,1.1493752775858956,0.0,0.1804332150128015,0.2068714989383525,0.5238095238095237,1.0,0.1848594927781824,scored,0.7487188350754832,DP2_broad_essential_dependency_caution,CDK1,direct_drug_target,CDK1,0.7712330612063532,0.6811761566828736,2,0,-2.6337445002226145,1.0,1.0,6.8642607,0.0061653060317659,True,1.0,1.0,1.0,1.0,0.2123306120635318,0.5114864310817508,LC3_weak_or_neutral,scored,GSE70138,42,CDK1,NFYA,CDK1,CDK1,0.4571780025987867,0.4689051918201709,0.7853194478953663,0.5647650884691191,0.9999935829843491,strong,3,450.0,3.0,D1_strong_binding_or_literature,C2_moderate_same_cancer_prognosis,R2_moderate_RCTD_SPOTlight_concordance,0.8785511154332556,0.8125053624822516,0.21468055210463366,0.7853194478953663,0.46863543254063056,0.376628302753877,well_anchored_existing_evidence,NB3_contextual_non_broad_signal,LIHC|Quercetin|NFYA|Plasma_cell,NFYA,regulatory_tf,0.3209485385889555,1,0
LIHC_AXIS_078,LIHC_CV078,LIHC,Kaempferol | MMP1/CEBPB,CMPD024768,Kaempferol,Plasma_cell,19,0.7419367492450862,IS2_high_priority_validation_axis,supplementary_top50_axis,regulatory_tf,CEBPB,CEBPB,True,tested,DP4_no_dependency_support,0.2025957238672658,0.2025957238672658,False,0.0,21,-0.1645907070445694,-0.1705109520485427,-0.2434285166712751,-0.0027003389867461,0.238095238095238,0.0952380952380952,-0.159075574999872,-0.1590614478667092,0.0055292591778602,0.0900439015555276,0.0952380952380952,0.0476190476190476,4.8288145,1.0,1.3860165805212898,0.0,0.0224472416070298,0.0900439015555276,0.3333333333333333,1.0,0.2110585183557204,scored,0.1729888319519349,DP4_no_dependency_support,CEBPB,regulatory_tf,CEBPB,0.2025957238672658,0.0841681562059423,2,0,-0.1645907070445694,0.0900439015555276,0.238095238095238,4.8288145,0.0055292591778602,False,0.0224472416070298,0.0900439015555276,0.3333333333333333,1.0,0.2110585183557204,0.4950485737835769,LC4_opposite_direction,scored,GSE92742,6,MMP1,CEBPB,MMP1,MMP1,0.4571780025987867,0.7827720351406074,0.6773597239476832,0.630795426966538,0.9999963481762016,moderate,4,1350.0,1.0,D2_external_database_supported,C1_strong_same_cancer_prognosis,R2_moderate_RCTD_SPOTlight_concordance,0.8702121245962041,0.8522780795714092,0.3226402760523168,0.6773597239476832,0.42064499704073444,0.34941300227186295,partly_anchored_underexplored,NB3_contextual_non_broad_signal,LIHC|Kaempferol|CEBPB|Plasma_cell,CEBPB,regulatory_tf,0.2025957238672658,2,0
LIHC_AXIS_079,LIHC_CV079,LIHC,Luteolin | MMP1/CEBPB,CMPD024820,Luteolin,Plasma_cell,20,0.7415711491839944,IS2_high_priority_validation_axis,supplementary_top50_axis,regulatory_tf,CEBPB,CEBPB,True,tested,DP4_no_dependency_support,0.2025957238672658,0.2025957238672658,False,0.0,21,-0.1645907070445694,-0.1705109520485427,-0.2434285166712751,-0.0027003389867461,0.238095238095238,0.0952380952380952,-0.159075574999872,-0.1590614478667092,0.0055292591778602,0.0900439015555276,0.0952380952380952,0.0476190476190476,4.8288145,1.0,1.3860165805212898,0.0,0.0224472416070298,0.0900439015555276,0.3333333333333333,1.0,0.2110585183557204,scored,0.1729888319519349,DP4_no_dependency_support,CEBPB,regulatory_tf,CEBPB,0.2025957238672658,0.0841681562059423,2,0,-0.1645907070445694,0.0900439015555276,0.238095238095238,4.8288145,0.0055292591778602,False,0.0224472416070298,0.0900439015555276,0.3333333333333333,1.0,0.2110585183557204,0.4810933071210926,LC4_opposite_direction,scored,GSE70138,42,MMP1,CEBPB,MMP1,MMP1,0.4571780025987867,0.7827720351406074,0.6773597239476832,0.630795426966538,0.9999963481762016,moderate,2,3030.0,1.0,D2_external_database_supported,C1_strong_same_cancer_prognosis,R2_moderate_RCTD_SPOTlight_concordance,0.8665561239852851,0.8522780795714092,0.3226402760523168,0.6773597239476832,0.4197644336770643,0.34868155344742635,partly_anchored_underexplored,NB4_low_non_broad_signal,LIHC|Luteolin|CEBPB|Plasma_cell,CEBPB,regulatory_tf,0.2025957238672658,2,0
LIHC_AXIS_061,LIHC_CV061,LIHC,Quercetin | MMP1/CEBPB,CMPD024770,Quercetin,Plasma_cell,13,0.7465374437418311,IS2_high_priority_validation_axis,supplementary_top50_axis,regulatory_tf,CEBPB,CEBPB,True,tested,DP4_no_dependency_support,0.2025957238672658,0.2025957238672658,False,0.0,21,-0.1645907070445694,-0.1705109520485427,-0.2434285166712751,-0.0027003389867461,0.238095238095238,0.0952380952380952,-0.159075574999872,-0.1590614478667092,0.0055292591778602,0.0900439015555276,0.0952380952380952,0.0476190476190476,4.8288145,1.0,1.3860165805212898,0.0,0.0224472416070298,0.0900439015555276,0.3333333333333333,1.0,0.2110585183557204,scored,0.1729888319519349,DP4_no_dependency_support,CEBPB,regulatory_tf,CEBPB,0.2025957238672658,0.0841681562059423,2,0,-0.1645907070445694,0.0900439015555276,0.238095238095238,4.8288145,0.0055292591778602,False,0.0224472416070298,0.0900439015555276,0.3333333333333333,1.0,0.2110585183557204,0.5114864310817508,LC3_weak_or_neutral,scored,GSE70138,42,MMP1,CEBPB,MMP1,MMP1,0.4571780025987867,0.7827720351406074,0.7087235364986989,0.63535158628096,0.9999967361384248,moderate,3,1490.0,2.0,D2_external_database_supported,C1_strong_same_cancer_prognosis,R2_moderate_RCTD_SPOTlight_concordance,0.8668421080375898,0.8522780795714092,0.2912764635013011,0.7087235364986989,0.42129838907771244,0.34665236802062216,partly_anchored_underexplored,NB3_contextual_non_broad_signal,LIHC|Quercetin|CEBPB|Plasma_cell,CEBPB,regulatory_tf,0.2025957238672658,2,0
LIHC_AXIS_073,LIHC_CV073,LIHC,Kaempferol | AR/E2F1,CMPD024768,Kaempferol,Tumor_Lineage,26,0.7295077867067272,IS2_high_priority_validation_axis,supplementary_top50_axis,regulatory_tf,E2F1,E2F1,True,tested,DP4_no_dependency_support,0.2177284362676188,0.2177284362676188,False,0.0,21,-0.1827351684514059,-0.1953364512288719,-0.3302534883322855,-0.0612036842237178,0.2857142857142857,0.0476190476190476,-0.247937459762931,-0.2496553282062388,-0.0669201597548329,0.1067281395434086,0.1428571428571428,0.0,4.732334,1.0,1.4290039150704072,0.0,0.0503617976175475,0.1067281395434086,0.4285714285714285,1.0,0.0661596804903341,scored,0.1947343689823253,DP4_no_dependency_support,E2F1,regulatory_tf,E2F1,0.2177284362676188,0.1257521671264445,2,0,-0.1827351684514059,0.1067281395434086,0.2857142857142857,4.732334,-0.0669201597548329,False,0.0503617976175475,0.1067281395434086,0.4285714285714285,1.0,0.0661596804903341,0.5017170145723797,LC3_weak_or_neutral,scored,GSE92742,6,AR,E2F1,AR,AR,0.8977793296042744,0.358114836083681,0.6689597239476832,0.6102760860814993,0.9999939923847392,moderate,1,9700.0,1.0,D2_external_database_supported,C3_weak_or_cross_cancer_prognosis,R1_strong_RCTD_SPOTlight_concordance,0.9165569671642996,0.8682644270171137,0.3310402760523168,0.6689597239476832,0.3987816891654627,0.332089466990583,partly_anchored_underexplored,NB4_low_non_broad_signal,LIHC|Kaempferol|E2F1|Tumor_Lineage,E2F1,regulatory_tf,0.2177284362676188,2,0
LIHC_AXIS_086,LIHC_CV086,LIHC,(-)-epigallocatechin-... | MMP1/CEBPB,CMPD024806,(-)-epigallocatechin-3-gallate,Plasma_cell,22,0.7399228437320526,IS2_high_priority_validation_axis,supplementary_top50_axis,regulatory_tf,CEBPB,CEBPB,True,tested,DP4_no_dependency_support,0.2025957238672658,0.2025957238672658,False,0.0,21,-0.1645907070445694,-0.1705109520485427,-0.2434285166712751,-0.0027003389867461,0.238095238095238,0.0952380952380952,-0.159075574999872,-0.1590614478667092,0.0055292591778602,0.0900439015555276,0.0952380952380952,0.0476190476190476,4.8288145,1.0,1.3860165805212898,0.0,0.0224472416070298,0.0900439015555276,0.3333333333333333,1.0,0.2110585183557204,scored,0.1729888319519349,DP4_no_dependency_support,CEBPB,regulatory_tf,CEBPB,0.2025957238672658,0.0841681562059423,2,0,-0.1645907070445694,0.0900439015555276,0.238095238095238,4.8288145,0.0055292591778602,False,0.0224472416070298,0.0900439015555276,0.3333333333333333,1.0,0.2110585183557204,0.0,LC4_not_tested,not_tested_in_available_lincs_releases,,0,MMP1,CEBPB,MMP1,MMP1,0.4571780025987867,0.7827720351406074,0.6689597239476832,0.6244168039263471,0.9999961581999656,moderate,1,7900.0,1.0,D2_external_database_supported,C1_strong_same_cancer_prognosis,R2_moderate_RCTD_SPOTlight_concordance,0.869487531099839,0.8522780795714092,0.3310402760523168,0.6689597239476832,0.39585633867673736,0.32965335191570466,partly_anchored_underexplored,NB4_low_non_broad_signal,LIHC|(-)-epigallocatechin-3-gallate|CEBPB|Plasma_cell,CEBPB,regulatory_tf,0.2025957238672658,2,0
LIHC_AXIS_027,LIHC_CV027,LIHC,Quercetin | CDK1/KLF5,CMPD024770,Quercetin,Plasma_cell,46,0.6912572137009905,IS2_high_priority_validation_axis,supplementary_top50_axis,regulatory_tf,KLF5,KLF5,True,tested,DP4_no_dependency_support,0.2207610841004624,0.2207610841004624,False,0.0,21,-0.173505093957178,-0.30810358860592,-0.375714435700449,-0.0964055330808451,0.3333333333333333,0.1428571428571428,-0.2501677584568482,-0.2535735673305664,-0.0800684733733884,0.0964858694257487,0.238095238095238,0.0952380952380952,3.6989741,0.9565217391304348,0.9103522998370496,0.0,0.036161683011043,0.0964858694257487,0.5714285714285714,0.924743525,0.0398630532532232,scored,0.7437094623510586,DP2_broad_essential_dependency_caution,CDK1,direct_drug_target,CDK1,0.7712330612063532,0.6611386657851751,2,0,-2.6337445002226145,1.0,1.0,6.8642607,0.0061653060317659,True,1.0,1.0,1.0,1.0,0.2123306120635318,0.5114864310817508,LC3_weak_or_neutral,scored,GSE70138,42,CDK1,KLF5,CDK1,CDK1,0.4571780025987867,0.4689051918201709,0.7853194478953663,0.7511797586639237,0.9999970322561532,strong,3,450.0,3.0,D1_strong_binding_or_literature,C2_moderate_same_cancer_prognosis,R2_moderate_RCTD_SPOTlight_concordance,0.8888439055040582,0.7225037437116446,0.21468055210463366,0.7853194478953663,0.3911533119535472,0.31435823620709624,well_anchored_existing_evidence,NB4_low_non_broad_signal,LIHC|Quercetin|KLF5|Plasma_cell,KLF5,regulatory_tf,0.2207610841004624,1,0
LIHC_AXIS_046,LIHC_CV046,LIHC,"4',5-Dihydroxyflavone | AR/E2F1",CMPD025015,"4',5-Dihydroxyflavone",Tumor_Lineage,21,0.7406596978349425,IS2_high_priority_validation_axis,supplementary_top50_axis,regulatory_tf,E2F1,E2F1,True,tested,DP4_no_dependency_support,0.2177284362676188,0.2177284362676188,False,0.0,21,-0.1827351684514059,-0.1953364512288719,-0.3302534883322855,-0.0612036842237178,0.2857142857142857,0.0476190476190476,-0.247937459762931,-0.2496553282062388,-0.0669201597548329,0.1067281395434086,0.1428571428571428,0.0,4.732334,1.0,1.4290039150704072,0.0,0.0503617976175475,0.1067281395434086,0.4285714285714285,1.0,0.0661596804903341,scored,0.1947343689823253,DP4_no_dependency_support,E2F1,regulatory_tf,E2F1,0.2177284362676188,0.1257521671264445,2,0,-0.1827351684514059,0.1067281395434086,0.2857142857142857,4.732334,-0.0669201597548329,False,0.0503617976175475,0.1067281395434086,0.4285714285714285,1.0,0.0661596804903341,0.0,LC4_not_tested,not_tested_in_available_lincs_releases,,0,AR,E2F1,AR,AR,0.8977793296042744,0.358114836083681,0.7299597239476832,0.629676063971115,0.9999953705904115,strong,2,851.0,1.0,D1_strong_binding_or_literature,C3_weak_or_cross_cancer_prognosis,R1_strong_RCTD_SPOTlight_concordance,0.9193952780555086,0.8682644270171137,0.27004027605231684,0.7299597239476832,0.3738377539814042,0.30561612805703225,partly_anchored_underexplored,NB4_low_non_broad_signal,"LIHC|4',5-Dihydroxyflavone|E2F1|Tumor_Lineage",E2F1,regulatory_tf,0.2177284362676188,2,0
LIHC_AXIS_096,LIHC_CV096,LIHC,Quercetin | MMP1/CEBPG,CMPD024770,Quercetin,Plasma_cell,37,0.719593937673216,IS2_high_priority_validation_axis,supplementary_top50_axis,regulatory_tf,CEBPG,CEBPG,True,tested,DP4_no_dependency_support,0.1320768762541551,0.1320768762541551,False,0.0,21,-0.0450087280453277,-0.0218581597056322,-0.111664599352301,0.1085500830638055,0.0,0.0,-0.015565479249846,-0.0150269357667494,0.0299817922785783,0.0243220711937579,0.0,0.0,4.864959,1.0,1.33638822782903,0.0,0.0,0.0243220711937579,0.0,1.0,0.2599635845571566,scored,0.1165737538614464,DP4_no_dependency_support,CEBPG,regulatory_tf,CEBPG,0.1320768762541551,0.0700643866833201,2,0,-0.0450087280453277,0.0243220711937579,0.0,4.864959,0.0299817922785783,False,0.0,0.0243220711937579,0.0,1.0,0.2599635845571566,0.5114864310817508,LC3_weak_or_neutral,scored,GSE70138,42,MMP1,CEBPG,MMP1,MMP1,0.4571780025987867,0.7827720351406074,0.7087235364986989,0.4134771967668627,0.999995642879963,moderate,3,1490.0,2.0,D2_external_database_supported,C1_strong_same_cancer_prognosis,R2_moderate_RCTD_SPOTlight_concordance,0.7269631298662532,0.8999999999999999,0.2912764635013011,0.7087235364986989,0.3696786803642506,0.30417868493526967,partly_anchored_underexplored,NB4_low_non_broad_signal,LIHC|Quercetin|CEBPG|Plasma_cell,CEBPG,regulatory_tf,0.1320768762541551,2,0
LIHC_AXIS_044,LIHC_CV044,LIHC,Kaempferol | MMP1/SMAD2,CMPD024768,Kaempferol,Plasma_cell,16,0.7460541100288853,IS2_high_priority_validation_axis,supplementary_top50_axis,regulatory_tf,SMAD2,SMAD2,True,tested,DP4_no_dependency_support,0.1253968048150341,0.1253968048150341,False,0.0,21,0.0216039715194615,0.0247509534858393,-0.0082159846482131,0.050158922314285,0.0,0.0,0.024469766027489,0.0248106964550214,0.0032067249355598,0.0190218393116885,0.0,0.0,5.4632497,1.0,0.7703909297074795,0.0,0.0,0.0190218393116885,0.0,1.0,0.2064134498711198,scored,0.1112296967101495,DP4_no_dependency_support,SMAD2,regulatory_tf,SMAD2,0.1253968048150341,0.0687283723954959,2,0,0.0216039715194615,0.0190218393116885,0.0,5.4632497,0.0032067249355598,False,0.0,0.0190218393116885,0.0,1.0,0.2064134498711198,0.4950485737835769,LC4_opposite_direction,scored,GSE92742,6,MMP1,SMAD2,MMP1,MMP1,0.4571780025987867,0.7827720351406074,0.6773597239476832,0.6492481158753471,0.9999973082815276,moderate,4,1350.0,1.0,D2_external_database_supported,C1_strong_same_cancer_prognosis,R2_moderate_RCTD_SPOTlight_concordance,0.8219467981603762,0.852800645331435,0.3226402760523168,0.6773597239476832,0.3588494938125497,0.2980819452956411,partly_anchored_underexplored,NB4_low_non_broad_signal,LIHC|Kaempferol|SMAD2|Plasma_cell,SMAD2,regulatory_tf,0.1253968048150341,2,0
LIHC_AXIS_045,LIHC_CV045,LIHC,Luteolin | MMP1/SMAD2,CMPD024820,Luteolin,Plasma_cell,14,0.746413209096492,IS2_high_priority_validation_axis,supplementary_top50_axis,regulatory_tf,SMAD2,SMAD2,True,tested,DP4_no_dependency_support,0.1253968048150341,0.1253968048150341,False,0.0,21,0.0216039715194615,0.0247509534858393,-0.0082159846482131,0.050158922314285,0.0,0.0,0.024469766027489,0.0248106964550214,0.0032067249355598,0.0190218393116885,0.0,0.0,5.4632497,1.0,0.7703909297074795,0.0,0.0,0.0190218393116885,0.0,1.0,0.2064134498711198,scored,0.1112296967101495,DP4_no_dependency_support,SMAD2,regulatory_tf,SMAD2,0.1253968048150341,0.0687283723954959,2,0,0.0216039715194615,0.0190218393116885,0.0,5.4632497,0.0032067249355598,False,0.0,0.0190218393116885,0.0,1.0,0.2064134498711198,0.4810933071210926,LC4_opposite_direction,scored,GSE70138,42,MMP1,SMAD2,MMP1,MMP1,0.4571780025987867,0.7827720351406074,0.6773597239476832,0.6492481158753471,0.9999973082815276,moderate,2,3030.0,1.0,D2_external_database_supported,C1_strong_same_cancer_prognosis,R2_moderate_RCTD_SPOTlight_concordance,0.8255377888364431,0.852800645331435,0.3226402760523168,0.6773597239476832,0.3583312800132289,0.29765148578533374,partly_anchored_underexplored,NB4_low_non_broad_signal,LIHC|Luteolin|SMAD2|Plasma_cell,SMAD2,regulatory_tf,0.1253968048150341,2,0
LIHC_AXIS_022,LIHC_CV022,LIHC,Indirubin | CDK1/E2F1,CMPD025163,Indirubin,T_NK_ILC,49,0.6795050577234238,IS3_supplementary_mechanistic_axis,supplementary_top50_axis,regulatory_tf,E2F1,E2F1,True,tested,DP4_no_dependency_support,0.2177284362676188,0.2177284362676188,False,0.0,21,-0.1827351684514059,-0.1953364512288719,-0.3302534883322855,-0.0612036842237178,0.2857142857142857,0.0476190476190476,-0.247937459762931,-0.2496553282062388,-0.0669201597548329,0.1067281395434086,0.1428571428571428,0.0,4.732334,1.0,1.4290039150704072,0.0,0.0503617976175475,0.1067281395434086,0.4285714285714285,1.0,0.0661596804903341,scored,0.7435578299594163,DP2_broad_essential_dependency_caution,CDK1,direct_drug_target,CDK1,0.7712330612063532,0.6605321362186063,2,0,-2.6337445002226145,1.0,1.0,6.8642607,0.0061653060317659,True,1.0,1.0,1.0,1.0,0.2123306120635318,0.5507867068040078,LC3_weak_or_neutral,scored,GSE92742,26,CDK1,E2F1,CDK1,CDK1,0.7773004860217321,0.4689051918201709,0.7003235364986989,0.8933937588462115,0.9999958187167326,moderate,3,10000.0,2.0,D2_external_database_supported,C2_moderate_same_cancer_prognosis,R1_strong_RCTD_SPOTlight_concordance,0.9088712637026444,0.4038126482585775,0.29967646350130106,0.7003235364986989,0.35994522851493227,0.29692569967007987,partly_anchored_underexplored,NB4_low_non_broad_signal,LIHC|Indirubin|E2F1|T_NK_ILC,E2F1,regulatory_tf,0.2177284362676188,1,0
LIHC_AXIS_034,LIHC_CV034,LIHC,Quercetin | MMP1/SMAD2,CMPD024770,Quercetin,Plasma_cell,7,0.7512244494920141,IS2_high_priority_validation_axis,main_figure_candidate_panel,regulatory_tf,SMAD2,SMAD2,True,tested,DP4_no_dependency_support,0.1253968048150341,0.1253968048150341,False,0.0,21,0.0216039715194615,0.0247509534858393,-0.0082159846482131,0.050158922314285,0.0,0.0,0.024469766027489,0.0248106964550214,0.0032067249355598,0.0190218393116885,0.0,0.0,5.4632497,1.0,0.7703909297074795,0.0,0.0,0.0190218393116885,0.0,1.0,0.2064134498711198,scored,0.1112296967101495,DP4_no_dependency_support,SMAD2,regulatory_tf,SMAD2,0.1253968048150341,0.0687283723954959,2,0,0.0216039715194615,0.0190218393116885,0.0,5.4632497,0.0032067249355598,False,0.0,0.0190218393116885,0.0,1.0,0.2064134498711198,0.5114864310817508,LC3_weak_or_neutral,scored,GSE70138,42,MMP1,SMAD2,MMP1,MMP1,0.4571780025987867,0.7827720351406074,0.7087235364986989,0.6551964903241421,0.9999976076044388,moderate,3,1490.0,2.0,D2_external_database_supported,C1_strong_same_cancer_prognosis,R2_moderate_RCTD_SPOTlight_concordance,0.8226026262879399,0.852800645331435,0.2912764635013011,0.7087235364986989,0.35970417808383665,0.295971473787603,partly_anchored_underexplored,NB4_low_non_broad_signal,LIHC|Quercetin|SMAD2|Plasma_cell,SMAD2,regulatory_tf,0.1253968048150341,2,0
LIHC_AXIS_006,LIHC_CV006,LIHC,Kaempferol | AHR/NR1H3,CMPD024768,Kaempferol,Plasma_cell,27,0.727638891709885,IS2_high_priority_validation_axis,supplementary_top50_axis,regulatory_tf,NR1H3,NR1H3,True,tested,DP4_no_dependency_support,0.1219206084483205,0.1219206084483205,False,0.0,21,0.0165483275710647,0.0356506304945024,-0.0160153170237809,0.0935832449762034,0.0,0.0,0.0453179513900576,0.0457155004777902,0.0291671729067255,0.0181543554679019,0.0,0.0,3.6619434,1.0,1.045546803393928,0.0,0.0,0.0181543554679019,0.0,0.91548585,0.258334345813451,scored,0.1361801745482655,DP4_no_dependency_support,AHR,direct_drug_target,AHR,0.1377645707815927,0.1314269858482838,2,0,0.1453195556987681,0.008201140269228,0.1428571428571428,5.2204385,-0.1081801180363362,False,0.0,0.008201140269228,0.238095238095238,1.0,0.0,0.4950485737835769,LC4_opposite_direction,scored,GSE92742,6,AHR,NR1H3,AHR,AHR,0.4571780025987867,0.6156618463158938,0.7425597239476832,0.7972056279866822,0.999998475133802,strong,1,28.0,1.0,D1_strong_binding_or_literature,C2_moderate_same_cancer_prognosis,R2_moderate_RCTD_SPOTlight_concordance,0.7931275570567289,0.8078295057904876,0.2574402760523168,0.7425597239476832,0.3428497688433726,0.27920316141640716,partly_anchored_underexplored,NB4_low_non_broad_signal,LIHC|Kaempferol|NR1H3|Plasma_cell,NR1H3,regulatory_tf,0.1219206084483205,2,0
LIHC_AXIS_049,LIHC_CV049,LIHC,(-)-epigallocatechin-... | MMP1/SMAD2,CMPD024806,(-)-epigallocatechin-3-gallate,Plasma_cell,18,0.7441341442674382,IS2_high_priority_validation_axis,supplementary_top50_axis,regulatory_tf,SMAD2,SMAD2,True,tested,DP4_no_dependency_support,0.1253968048150341,0.1253968048150341,False,0.0,21,0.0216039715194615,0.0247509534858393,-0.0082159846482131,0.050158922314285,0.0,0.0,0.024469766027489,0.0248106964550214,0.0032067249355598,0.0190218393116885,0.0,0.0,5.4632497,1.0,0.7703909297074795,0.0,0.0,0.0190218393116885,0.0,1.0,0.2064134498711198,scored,0.1112296967101495,DP4_no_dependency_support,SMAD2,regulatory_tf,SMAD2,0.1253968048150341,0.0687283723954959,2,0,0.0216039715194615,0.0190218393116885,0.0,5.4632497,0.0032067249355598,False,0.0,0.0190218393116885,0.0,1.0,0.2064134498711198,0.0,LC4_not_tested,not_tested_in_available_lincs_releases,,0,MMP1,SMAD2,MMP1,MMP1,0.4571780025987867,0.7827720351406074,0.6689597239476832,0.6409203916470341,0.999997146088351,moderate,1,7900.0,1.0,D2_external_database_supported,C1_strong_same_cancer_prognosis,R2_moderate_RCTD_SPOTlight_concordance,0.8245005069357865,0.852800645331435,0.3310402760523168,0.6689597239476832,0.3342247505621414,0.2783290263440081,partly_anchored_underexplored,NB4_low_non_broad_signal,LIHC|(-)-epigallocatechin-3-gallate|SMAD2|Plasma_cell,SMAD2,regulatory_tf,0.1253968048150341,2,0
LIHC_AXIS_002,LIHC_CV002,LIHC,Indirubin | AHR/NR1H3,CMPD025163,Indirubin,Plasma_cell,23,0.7341620556267837,IS2_high_priority_validation_axis,supplementary_top50_axis,regulatory_tf,NR1H3,NR1H3,True,tested,DP4_no_dependency_support,0.1219206084483205,0.1219206084483205,False,0.0,21,0.0165483275710647,0.0356506304945024,-0.0160153170237809,0.0935832449762034,0.0,0.0,0.0453179513900576,0.0457155004777902,0.0291671729067255,0.0181543554679019,0.0,0.0,3.6619434,1.0,1.045546803393928,0.0,0.0,0.0181543554679019,0.0,0.91548585,0.258334345813451,scored,0.1361801745482655,DP4_no_dependency_support,AHR,direct_drug_target,AHR,0.1377645707815927,0.1314269858482838,2,0,0.1453195556987681,0.008201140269228,0.1428571428571428,5.2204385,-0.1081801180363362,False,0.0,0.008201140269228,0.238095238095238,1.0,0.0,0.480917460891791,LC4_opposite_direction,scored,GSE92742,26,AHR,NR1H3,AHR,AHR,0.4571780025987867,0.6156618463158938,0.7809597239476832,0.8064089858397268,0.999999177481118,very_strong,1,0.2,1.0,D1_strong_binding_or_literature,C2_moderate_same_cancer_prognosis,R2_moderate_RCTD_SPOTlight_concordance,0.793554745393672,0.8078295057904876,0.2190402760523168,0.7809597239476832,0.34216457261563044,0.2753603850719855,well_anchored_existing_evidence,NB4_low_non_broad_signal,LIHC|Indirubin|NR1H3|Plasma_cell,NR1H3,regulatory_tf,0.1219206084483205,2,0
LIHC_AXIS_031,LIHC_CV031,LIHC,Quercetin | MMP1/CEBPG,CMPD024770,Quercetin,T_NK_ILC,15,0.7464101169661174,IS2_high_priority_validation_axis,supplementary_top50_axis,regulatory_tf,CEBPG,CEBPG,True,tested,DP4_no_dependency_support,0.1320768762541551,0.1320768762541551,False,0.0,21,-0.0450087280453277,-0.0218581597056322,-0.111664599352301,0.1085500830638055,0.0,0.0,-0.015565479249846,-0.0150269357667494,0.0299817922785783,0.0243220711937579,0.0,0.0,4.864959,1.0,1.33638822782903,0.0,0.0,0.0243220711937579,0.0,1.0,0.2599635845571566,scored,0.1165737538614464,DP4_no_dependency_support,CEBPG,regulatory_tf,CEBPG,0.1320768762541551,0.0700643866833201,2,0,-0.0450087280453277,0.0243220711937579,0.0,4.864959,0.0299817922785783,False,0.0,0.0243220711937579,0.0,1.0,0.2599635845571566,0.4850407930139937,LC4_opposite_direction,scored,GSE70138,42,MMP1,CEBPG,MMP1,MMP1,0.7773004860217321,0.7827720351406074,0.7087235364986989,0.8263000680028225,0.9999918348768884,moderate,3,1490.0,2.0,D2_external_database_supported,C1_strong_same_cancer_prognosis,R1_strong_RCTD_SPOTlight_concordance,0.7263315890978913,0.5626183481119715,0.2912764635013011,0.7087235364986989,0.33458665623364175,0.2753042966658465,partly_anchored_underexplored,NB4_low_non_broad_signal,LIHC|Quercetin|CEBPG|T_NK_ILC,CEBPG,regulatory_tf,0.1320768762541551,2,0
LIHC_AXIS_090,LIHC_CV090,LIHC,Triptolide | PTGS2/NR1H3,CMPD025693,Triptolide,Plasma_cell,50,0.679078803856503,IS3_supplementary_mechanistic_axis,supplementary_top50_axis,regulatory_tf,NR1H3,NR1H3,True,tested,DP4_no_dependency_support,0.1219206084483205,0.1219206084483205,False,0.0,21,0.0165483275710647,0.0356506304945024,-0.0160153170237809,0.0935832449762034,0.0,0.0,0.0453179513900576,0.0457155004777902,0.0291671729067255,0.0181543554679019,0.0,0.0,3.6619434,1.0,1.045546803393928,0.0,0.0,0.0181543554679019,0.0,0.91548585,0.258334345813451,scored,0.1082241479356106,DP4_no_dependency_support,NR1H3,regulatory_tf,NR1H3,0.1219206084483205,0.0671347663974806,2,0,0.0165483275710647,0.0181543554679019,0.0,3.6619434,0.0291671729067255,False,0.0,0.0181543554679019,0.0,0.91548585,0.258334345813451,0.6529894566718675,LC2_moderate_reversal,scored,GSE92742,9,PTGS2,NR1H3,PTGS2,PTGS2,0.4571780025987867,0.6156618463158938,0.7425597239476832,0.7972056279866822,0.999992927947318,strong,1,40.0,1.0,D1_strong_binding_or_literature,C2_moderate_same_cancer_prognosis,R2_moderate_RCTD_SPOTlight_concordance,0.807403809118142,0.5578926046488161,0.2574402760523168,0.7425597239476832,0.3264669354766906,0.26586163610528624,partly_anchored_underexplored,NB4_low_non_broad_signal,LIHC|Triptolide|NR1H3|Plasma_cell,NR1H3,regulatory_tf,0.1219206084483205,2,0
LIHC_AXIS_100,LIHC_CV100,LIHC,Quercetin | CYP1A1/NR1H3,CMPD024770,Quercetin,Plasma_cell,43,0.6993193413761969,IS2_high_priority_validation_axis,supplementary_top50_axis,regulatory_tf,NR1H3,NR1H3,True,tested,DP4_no_dependency_support,0.1219206084483205,0.1219206084483205,False,0.0,21,0.0165483275710647,0.0356506304945024,-0.0160153170237809,0.0935832449762034,0.0,0.0,0.0453179513900576,0.0457155004777902,0.0291671729067255,0.0181543554679019,0.0,0.0,3.6619434,1.0,1.045546803393928,0.0,0.0,0.0181543554679019,0.0,0.91548585,0.258334345813451,scored,0.1133291135656004,DP4_no_dependency_support,NR1H3,regulatory_tf,NR1H3,0.1219206084483205,0.08755462891744,2,0,0.0165483275710647,0.0181543554679019,0.0,3.6619434,0.0291671729067255,False,0.0,0.0181543554679019,0.0,0.91548585,0.258334345813451,0.5114864310817508,LC3_weak_or_neutral,scored,GSE70138,42,CYP1A1,NR1H3,CYP1A1,CYP1A1,0.4571780025987867,0.6156618463158938,0.805278161220686,0.8031220723207824,0.9999944721966414,strong,7,660.0,4.0,D1_strong_binding_or_literature,C2_moderate_same_cancer_prognosis,R2_moderate_RCTD_SPOTlight_concordance,0.6642125245251256,0.7082376985774348,0.19472183877931404,0.805278161220686,0.3272667293603958,0.2613815418483839,well_anchored_existing_evidence,NB4_low_non_broad_signal,LIHC|Quercetin|NR1H3|Plasma_cell,NR1H3,regulatory_tf,0.1219206084483205,2,0
LIHC_AXIS_051,LIHC_CV051,LIHC,Quercetin | CDK1/SP1,CMPD024770,Quercetin,T_NK_ILC,47,0.6908688516051005,IS2_high_priority_validation_axis,supplementary_top50_axis,regulatory_tf,SP1,SP1,True,tested,DP4_no_dependency_support,0.1496978640224038,0.1496978640224038,False,0.0,21,-0.0972081230022054,-0.1379461789109736,-0.209111436939524,-0.0032763533930342,0.1904761904761904,0.0476190476190476,-0.2030446466445712,-0.2049291123026179,-0.1077209893004125,0.0559343132324726,0.0476190476190476,0.0476190476190476,4.649127,1.0,1.127817563764696,0.0,0.0,0.0559343132324726,0.238095238095238,1.0,0.0,scored,0.7401563013471556,DP2_broad_essential_dependency_caution,CDK1,direct_drug_target,CDK1,0.7712330612063532,0.6469260217695633,2,0,-2.6337445002226145,1.0,1.0,6.8642607,0.0061653060317659,True,1.0,1.0,1.0,1.0,0.2123306120635318,0.4850407930139937,LC4_opposite_direction,scored,GSE70138,42,CDK1,SP1,CDK1,CDK1,0.7773004860217321,0.4689051918201709,0.7853194478953663,0.9540971960573852,0.9999935627917832,strong,3,450.0,3.0,D1_strong_binding_or_literature,C2_moderate_same_cancer_prognosis,R1_strong_RCTD_SPOTlight_concordance,0.9082519463599644,0.365022752811414,0.21468055210463366,0.7853194478953663,0.29833105485709277,0.23975976003448918,well_anchored_existing_evidence,NB4_low_non_broad_signal,LIHC|Quercetin|SP1|T_NK_ILC,SP1,regulatory_tf,0.1496978640224038,1,0
LIHC_AXIS_092,LIHC_CV092,LIHC,"4',5-Dihydroxyflavone | AR/HDAC1",CMPD025015,"4',5-Dihydroxyflavone",T_NK_ILC,1,0.7818611871908144,IS1_publication_core_axis,main_text_flagship_axis,regulatory_tf,HDAC1,HDAC1,True,tested,DP4_no_dependency_support,0.1050712570799167,0.1050712570799167,False,0.0,21,0.0001984698391398,-0.0321584757111445,-0.1019894798201906,0.0561330010846327,0.0,0.0,-0.107457757496897,-0.1100854097149949,-0.1102838795541347,0.020285028319667,0.0,0.0,7.101545,1.0,0.9703218642553686,0.0,0.0,0.020285028319667,0.0,1.0,0.0,scored,0.0989757666727784,DP4_no_dependency_support,HDAC1,regulatory_tf,HDAC1,0.1050712570799167,0.0806892954513636,2,0,0.0001984698391398,0.020285028319667,0.0,7.101545,-0.1102838795541347,False,0.0,0.020285028319667,0.0,1.0,0.0,0.0,LC4_not_tested,not_tested_in_available_lincs_releases,,0,AR,HDAC1,AR,AR,0.7773004860217321,0.8135140276512416,0.7299597239476832,0.9211680076528572,0.9999927856941055,strong,2,851.0,1.0,D1_strong_binding_or_literature,C1_strong_same_cancer_prognosis,R1_strong_RCTD_SPOTlight_concordance,0.9363664269254623,0.5604529075615624,0.27004027605231684,0.7299597239476832,0.2750606906089665,0.22486488416252143,partly_anchored_underexplored,NB4_low_non_broad_signal,"LIHC|4',5-Dihydroxyflavone|HDAC1|T_NK_ILC",HDAC1,regulatory_tf,0.1050712570799167,2,0
LIHC_AXIS_060,LIHC_CV060,LIHC,Kaempferol | MMP1/FOXO1,CMPD024768,Kaempferol,Tumor_Lineage,11,0.7478998908278996,IS2_high_priority_validation_axis,supplementary_top50_axis,regulatory_tf,FOXO1,FOXO1,True,tested,DP4_no_dependency_support,0.0915691763779164,0.0915691763779164,False,0.0,21,-0.0784559719481549,-0.0630612417156851,-0.1271143257902923,-0.0183594882032186,0.0476190476190476,0.0,-0.0931274301050856,-0.0932186712555243,-0.0147626993073693,0.0447369463861329,0.0,0.0,2.2477849,0.8695652173913043,0.7643341314058072,0.0,0.0,0.0447369463861329,0.0476190476190476,0.561946225,0.1704746013852612,scored,0.0841675939604554,DP4_no_dependency_support,FOXO1,regulatory_tf,FOXO1,0.0915691763779164,0.0619628467080724,2,0,-0.0784559719481549,0.0447369463861329,0.0476190476190476,2.2477849,-0.0147626993073693,False,0.0,0.0447369463861329,0.0476190476190476,0.561946225,0.1704746013852612,0.5017170145723797,LC3_weak_or_neutral,scored,GSE92742,6,MMP1,FOXO1,MMP1,MMP1,0.8977793296042744,0.7827720351406074,0.6773597239476832,0.7493920815344768,0.9999951300389532,moderate,4,1350.0,1.0,D2_external_database_supported,C1_strong_same_cancer_prognosis,R1_strong_RCTD_SPOTlight_concordance,0.8343134740603435,0.4873395565499758,0.3226402760523168,0.6773597239476832,0.268672552226733,0.22317556077457815,partly_anchored_underexplored,NB4_low_non_broad_signal,LIHC|Kaempferol|FOXO1|Tumor_Lineage,FOXO1,regulatory_tf,0.0915691763779164,2,0
LIHC_AXIS_059,LIHC_CV059,LIHC,Luteolin | MMP1/FOXO1,CMPD024820,Luteolin,Tumor_Lineage,12,0.7477621112839113,IS2_high_priority_validation_axis,supplementary_top50_axis,regulatory_tf,FOXO1,FOXO1,True,tested,DP4_no_dependency_support,0.0915691763779164,0.0915691763779164,False,0.0,21,-0.0784559719481549,-0.0630612417156851,-0.1271143257902923,-0.0183594882032186,0.0476190476190476,0.0,-0.0931274301050856,-0.0932186712555243,-0.0147626993073693,0.0447369463861329,0.0,0.0,2.2477849,0.8695652173913043,0.7643341314058072,0.0,0.0,0.0447369463861329,0.0476190476190476,0.561946225,0.1704746013852612,scored,0.0841675939604554,DP4_no_dependency_support,FOXO1,regulatory_tf,FOXO1,0.0915691763779164,0.0619628467080724,2,0,-0.0784559719481549,0.0447369463861329,0.0476190476190476,2.2477849,-0.0147626993073693,False,0.0,0.0447369463861329,0.0476190476190476,0.561946225,0.1704746013852612,0.4807575235215202,LC4_opposite_direction,scored,GSE92742,12,MMP1,FOXO1,MMP1,MMP1,0.8977793296042744,0.7827720351406074,0.6773597239476832,0.7493920815344768,0.9999951300389532,moderate,2,3030.0,1.0,D2_external_database_supported,C1_strong_same_cancer_prognosis,R1_strong_RCTD_SPOTlight_concordance,0.8329356786204611,0.4873395565499758,0.3226402760523168,0.6773597239476832,0.2675556879021959,0.22224782617767994,partly_anchored_underexplored,NB4_low_non_broad_signal,LIHC|Luteolin|FOXO1|Tumor_Lineage,FOXO1,regulatory_tf,0.0915691763779164,2,0
LIHC_AXIS_025,LIHC_CV025,LIHC,Kaempferol | MMP1/EWSR1,CMPD024768,Kaempferol,Plasma_cell,30,0.7254326932539468,IS2_high_priority_validation_axis,supplementary_top50_axis,direct_drug_target,MMP1,MMP1,True,tested,DP4_no_dependency_support,0.0545612642906114,0.0545612642906114,False,0.0,21,0.1193363915703482,0.1198498698337185,0.0490308229994493,0.1745960761397232,0.0,0.0,0.1272679287756124,0.1274050193057309,0.0080686277353826,0.0083706749741395,0.0,0.0,1.2341948,0.5652173913043478,1.1182426537104149,0.0,0.0,0.0083706749741395,0.0,0.3085487,0.2161372554707654,scored,0.6059898653672445,DP2_moderate_dependency,EWSR1,regulatory_tf,EWSR1,0.7438470156364029,0.1924184145597697,2,0,-0.961879269055419,0.9753880625456116,1.0,7.8030524,-0.159136685894605,True,1.0,0.9753880625456116,1.0,1.0,0.0,0.4950485737835769,LC4_opposite_direction,scored,GSE92742,6,MMP1,EWSR1,MMP1,MMP1,0.4571780025987867,0.7827720351406074,0.6773597239476832,0.5624396848605216,0.9999974844663284,moderate,4,1350.0,1.0,D2_external_database_supported,C1_strong_same_cancer_prognosis,R2_moderate_RCTD_SPOTlight_concordance,0.7598971581601797,0.8453033872102957,0.3226402760523168,0.6773597239476832,0.266060064683046,0.2210054716912433,partly_anchored_underexplored,NB4_low_non_broad_signal,LIHC|Kaempferol|MMP1|Plasma_cell,MMP1,direct_drug_target,0.0545612642906114,1,0
LIHC_AXIS_026,LIHC_CV026,LIHC,Luteolin | MMP1/EWSR1,CMPD024820,Luteolin,Plasma_cell,29,0.7257697060838135,IS2_high_priority_validation_axis,supplementary_top50_axis,direct_drug_target,MMP1,MMP1,True,tested,DP4_no_dependency_support,0.0545612642906114,0.0545612642906114,False,0.0,21,0.1193363915703482,0.1198498698337185,0.0490308229994493,0.1745960761397232,0.0,0.0,0.1272679287756124,0.1274050193057309,0.0080686277353826,0.0083706749741395,0.0,0.0,1.2341948,0.5652173913043478,1.1182426537104149,0.0,0.0,0.0083706749741395,0.0,0.3085487,0.2161372554707654,scored,0.6059898653672445,DP2_moderate_dependency,EWSR1,regulatory_tf,EWSR1,0.7438470156364029,0.1924184145597697,2,0,-0.961879269055419,0.9753880625456116,1.0,7.8030524,-0.159136685894605,True,1.0,0.9753880625456116,1.0,1.0,0.0,0.4810933071210926,LC4_opposite_direction,scored,GSE70138,42,MMP1,EWSR1,MMP1,MMP1,0.4571780025987867,0.7827720351406074,0.6773597239476832,0.5624396848605216,0.9999974844663284,moderate,2,3030.0,1.0,D2_external_database_supported,C1_strong_same_cancer_prognosis,R2_moderate_RCTD_SPOTlight_concordance,0.7632672864588479,0.8453033872102957,0.3226402760523168,0.6773597239476832,0.2655308077648552,0.2205658391030533,partly_anchored_underexplored,NB4_low_non_broad_signal,LIHC|Luteolin|MMP1|Plasma_cell,MMP1,direct_drug_target,0.0545612642906114,1,0
LIHC_AXIS_050,LIHC_CV050,LIHC,Quercetin | MMP1/FOXO1,CMPD024770,Quercetin,Tumor_Lineage,6,0.7529986097199449,IS2_high_priority_validation_axis,main_figure_candidate_panel,regulatory_tf,FOXO1,FOXO1,True,tested,DP4_no_dependency_support,0.0915691763779164,0.0915691763779164,False,0.0,21,-0.0784559719481549,-0.0630612417156851,-0.1271143257902923,-0.0183594882032186,0.0476190476190476,0.0,-0.0931274301050856,-0.0932186712555243,-0.0147626993073693,0.0447369463861329,0.0,0.0,2.2477849,0.8695652173913043,0.7643341314058072,0.0,0.0,0.0447369463861329,0.0476190476190476,0.561946225,0.1704746013852612,scored,0.0841675939604554,DP4_no_dependency_support,FOXO1,regulatory_tf,FOXO1,0.0915691763779164,0.0619628467080724,2,0,-0.0784559719481549,0.0447369463861329,0.0476190476190476,2.2477849,-0.0147626993073693,False,0.0,0.0447369463861329,0.0476190476190476,0.561946225,0.1704746013852612,0.4803305811015612,LC4_opposite_direction,scored,GSE92742,33,MMP1,FOXO1,MMP1,MMP1,0.8977793296042744,0.7827720351406074,0.7087235364986989,0.7559443064254457,0.99999568202668,moderate,3,1490.0,2.0,D2_external_database_supported,C1_strong_same_cancer_prognosis,R1_strong_RCTD_SPOTlight_concordance,0.8335283243475771,0.4873395565499758,0.2912764635013011,0.7087235364986989,0.26756397306755375,0.22015675175953392,partly_anchored_underexplored,NB4_low_non_broad_signal,LIHC|Quercetin|FOXO1|Tumor_Lineage,FOXO1,regulatory_tf,0.0915691763779164,2,0
LIHC_AXIS_020,LIHC_CV020,LIHC,Quercetin | MMP1/EWSR1,CMPD024770,Quercetin,Plasma_cell,25,0.7306068394582054,IS2_high_priority_validation_axis,supplementary_top50_axis,direct_drug_target,MMP1,MMP1,True,tested,DP4_no_dependency_support,0.0545612642906114,0.0545612642906114,False,0.0,21,0.1193363915703482,0.1198498698337185,0.0490308229994493,0.1745960761397232,0.0,0.0,0.1272679287756124,0.1274050193057309,0.0080686277353826,0.0083706749741395,0.0,0.0,1.2341948,0.5652173913043478,1.1182426537104149,0.0,0.0,0.0083706749741395,0.0,0.3085487,0.2161372554707654,scored,0.6059898653672445,DP2_moderate_dependency,EWSR1,regulatory_tf,EWSR1,0.7438470156364029,0.1924184145597697,2,0,-0.961879269055419,0.9753880625456116,1.0,7.8030524,-0.159136685894605,True,1.0,0.9753880625456116,1.0,1.0,0.0,0.5114864310817508,LC3_weak_or_neutral,scored,GSE70138,42,MMP1,EWSR1,MMP1,MMP1,0.4571780025987867,0.7827720351406074,0.7087235364986989,0.5673373198765285,0.9999977547805452,moderate,3,1490.0,2.0,D2_external_database_supported,C1_strong_same_cancer_prognosis,R2_moderate_RCTD_SPOTlight_concordance,0.761851958423606,0.8453033872102957,0.2912764635013011,0.7087235364986989,0.26697969756112605,0.21967599870390747,partly_anchored_underexplored,NB4_low_non_broad_signal,LIHC|Quercetin|MMP1|Plasma_cell,MMP1,direct_drug_target,0.0545612642906114,1,0
LIHC_AXIS_001,LIHC_CV001,LIHC,Ellipticine | CYP1A1/NR1I3,CMPD025479,Ellipticine,Tumor_Lineage,10,0.7484698260809698,IS2_high_priority_validation_axis,main_figure_candidate_panel,direct_drug_target,CYP1A1,CYP1A1,True,tested,DP4_no_dependency_support,0.064643975896853,0.064643975896853,False,0.0,21,0.0863021959981766,0.0746841171408495,0.0045954250675418,0.1341051889965916,0.0,0.0,0.0391419734238158,0.0385973866238479,-0.0477048093743286,0.0080912510868751,0.0,0.0,2.086485,0.8260869565217391,1.0302156334031105,0.0,0.0,0.0080912510868751,0.0,0.52162125,0.1045903812513426,scored,0.0659763429062022,DP4_no_dependency_support,NR1I3,regulatory_tf,NR1I3,0.0662114664960873,0.0652709721365467,2,0,-0.0289312968923882,0.0305853834575326,0.0,1.6750436,-0.016554846841479,False,0.0,0.0305853834575326,0.0,0.4187609,0.166890306317042,0.6431022911995639,LC2_moderate_reversal,scored,GSE92742,30,CYP1A1,NR1I3,CYP1A1,CYP1A1,0.8977793296042744,0.4441415916891483,0.7425597239476832,0.728930775272374,0.9999994746442008,strong,1,19.0,1.0,D1_strong_binding_or_literature,C3_weak_or_cross_cancer_prognosis,R1_strong_RCTD_SPOTlight_concordance,0.6792782344515313,0.8979727764468793,0.2574402760523168,0.7425597239476832,0.2653672584684574,0.21610449892018457,partly_anchored_underexplored,NB4_low_non_broad_signal,LIHC|Ellipticine|CYP1A1|Tumor_Lineage,CYP1A1,direct_drug_target,0.064643975896853,2,0
LIHC_AXIS_003,LIHC_CV003,LIHC,Hyperforin | NR1I2/NR1I3,CMPD025678,Hyperforin,Tumor_Lineage,42,0.7011171158252517,IS2_high_priority_validation_axis,supplementary_top50_axis,regulatory_tf,NR1I3,NR1I3,True,tested,DP4_no_dependency_support,0.0662114664960873,0.0662114664960873,False,0.0,21,-0.0289312968923882,-0.0239390847435238,-0.1182684160087243,0.0395418577367125,0.0,0.0,-0.0453846667427736,-0.0454861437338672,-0.016554846841479,0.0305853834575326,0.0,0.0,1.6750436,0.8695652173913043,1.1133099837807876,0.0,0.0,0.0305853834575326,0.0,0.4187609,0.166890306317042,scored,0.0595328233588188,DP4_no_dependency_support,NR1I3,regulatory_tf,NR1I3,0.0662114664960873,0.0394968939470134,2,0,-0.0289312968923882,0.0305853834575326,0.0,1.6750436,-0.016554846841479,False,0.0,0.0305853834575326,0.0,0.4187609,0.166890306317042,0.5364629543568143,LC3_weak_or_neutral,scored,GSE92742,18,NR1I2,NR1I3,NR1I2,NR1I2,0.8977793296042744,0.3538399376312154,0.7425597239476832,0.728930775272374,0.5278404683016275,strong,1,40.0,1.0,D1_strong_binding_or_literature,C3_weak_or_cross_cancer_prognosis,R1_strong_RCTD_SPOTlight_concordance,0.6655953967095192,0.9,0.2574402760523168,0.7425597239476832,0.25456799033126,0.20731000617468576,partly_anchored_underexplored,NB4_low_non_broad_signal,LIHC|Hyperforin|NR1I3|Tumor_Lineage,NR1I3,regulatory_tf,0.0662114664960873,2,0
LIHC_AXIS_047,LIHC_CV047,LIHC,Artemisinin | CYP2B6/NR1I3,CMPD025929,Artemisinin,Tumor_Lineage,38,0.719511303436393,IS2_high_priority_validation_axis,supplementary_top50_axis,regulatory_tf,NR1I3,NR1I3,True,tested,DP4_no_dependency_support,0.0662114664960873,0.0662114664960873,False,0.0,21,-0.0289312968923882,-0.0239390847435238,-0.1182684160087243,0.0395418577367125,0.0,0.0,-0.0453846667427736,-0.0454861437338672,-0.016554846841479,0.0305853834575326,0.0,0.0,1.6750436,0.8695652173913043,1.1133099837807876,0.0,0.0,0.0305853834575326,0.0,0.4187609,0.166890306317042,scored,0.0594801557237587,DP4_no_dependency_support,NR1I3,regulatory_tf,NR1I3,0.0662114664960873,0.0392862234067728,2,0,-0.0289312968923882,0.0305853834575326,0.0,1.6750436,-0.016554846841479,False,0.0,0.0305853834575326,0.0,0.4187609,0.166890306317042,0.5026232924724429,LC3_weak_or_neutral,scored,GSE92742,4,CYP2B6,NR1I3,CYP2B6,CYP2B6,0.8977793296042744,0.3111039756886031,0.7299597239476832,0.7151711030013391,0.9999965481775628,strong,4,600.0,1.0,D1_strong_binding_or_literature,C3_weak_or_cross_cancer_prognosis,R1_strong_RCTD_SPOTlight_concordance,0.6858671555058388,0.9,0.27004027605231684,0.7299597239476832,0.25175279707972675,0.20581044651488314,partly_anchored_underexplored,NB4_low_non_broad_signal,LIHC|Artemisinin|NR1I3|Tumor_Lineage,NR1I3,regulatory_tf,0.0662114664960873,2,0
LIHC_AXIS_017,LIHC_CV017,LIHC,Kaempferol | CYP1A1/NR1I3,CMPD024768,Kaempferol,Tumor_Lineage,31,0.7237502235257974,IS2_high_priority_validation_axis,supplementary_top50_axis,direct_drug_target,CYP1A1,CYP1A1,True,tested,DP4_no_dependency_support,0.064643975896853,0.064643975896853,False,0.0,21,0.0863021959981766,0.0746841171408495,0.0045954250675418,0.1341051889965916,0.0,0.0,0.0391419734238158,0.0385973866238479,-0.0477048093743286,0.0080912510868751,0.0,0.0,2.086485,0.8260869565217391,1.0302156334031105,0.0,0.0,0.0080912510868751,0.0,0.52162125,0.1045903812513426,scored,0.0659763429062022,DP4_no_dependency_support,NR1I3,regulatory_tf,NR1I3,0.0662114664960873,0.0652709721365467,2,0,-0.0289312968923882,0.0305853834575326,0.0,1.6750436,-0.016554846841479,False,0.0,0.0305853834575326,0.0,0.4187609,0.166890306317042,0.5017170145723797,LC3_weak_or_neutral,scored,GSE92742,6,CYP1A1,NR1I3,CYP1A1,CYP1A1,0.8977793296042744,0.3111039756886031,0.7613235364986989,0.7217233278923082,0.9999957794466934,strong,2,632.0,2.0,D1_strong_binding_or_literature,C3_weak_or_cross_cancer_prognosis,R1_strong_RCTD_SPOTlight_concordance,0.6805392573040607,0.8979727764468793,0.23867646350130112,0.7613235364986989,0.25170916497969736,0.20380113706682795,well_anchored_existing_evidence,NB4_low_non_broad_signal,LIHC|Kaempferol|CYP1A1|Tumor_Lineage,CYP1A1,direct_drug_target,0.064643975896853,2,0
LIHC_AXIS_071,LIHC_CV071,LIHC,(-)-epigallocatechin-... | MMP1/FOXO1,CMPD024806,(-)-epigallocatechin-3-gallate,Tumor_Lineage,17,0.7457385482107409,IS2_high_priority_validation_axis,supplementary_top50_axis,regulatory_tf,FOXO1,FOXO1,True,tested,DP4_no_dependency_support,0.0915691763779164,0.0915691763779164,False,0.0,21,-0.0784559719481549,-0.0630612417156851,-0.1271143257902923,-0.0183594882032186,0.0476190476190476,0.0,-0.0931274301050856,-0.0932186712555243,-0.0147626993073693,0.0447369463861329,0.0,0.0,2.2477849,0.8695652173913043,0.7643341314058072,0.0,0.0,0.0447369463861329,0.0476190476190476,0.561946225,0.1704746013852612,scored,0.0841675939604554,DP4_no_dependency_support,FOXO1,regulatory_tf,FOXO1,0.0915691763779164,0.0619628467080724,2,0,-0.0784559719481549,0.0447369463861329,0.0476190476190476,2.2477849,-0.0147626993073693,False,0.0,0.0447369463861329,0.0476190476190476,0.561946225,0.1704746013852612,0.0,LC4_not_tested,not_tested_in_available_lincs_releases,,0,MMP1,FOXO1,MMP1,MMP1,0.8977793296042744,0.7827720351406074,0.6689597239476832,0.7402189666871203,0.9999948191036236,moderate,1,7900.0,1.0,D2_external_database_supported,C1_strong_same_cancer_prognosis,R1_strong_RCTD_SPOTlight_concordance,0.8354679722667829,0.4873395565499758,0.3310402760523168,0.6689597239476832,0.24364442640843598,0.20289734935054124,partly_anchored_underexplored,NB4_low_non_broad_signal,LIHC|(-)-epigallocatechin-3-gallate|FOXO1|Tumor_Lineage,FOXO1,regulatory_tf,0.0915691763779164,2,0
LIHC_AXIS_010,LIHC_CV010,LIHC,Kaempferol | MMP1/EHF,CMPD024768,Kaempferol,Tumor_Lineage,3,0.7626603619502674,IS2_high_priority_validation_axis,main_figure_candidate_panel,regulatory_tf,EHF,EHF,True,tested,DP4_no_dependency_support,0.0611769839996484,0.0611769839996484,False,0.0,21,0.0336004739780884,0.0161133576083993,-0.0413925182912726,0.0814335874071698,0.0476190476190476,0.0,0.013758177472671,0.013693138126487,-0.0199073358516014,0.0170381161084465,0.0,0.0,1.3502426,0.5217391304347826,1.118370033239668,0.0,0.0,0.0170381161084465,0.0476190476190476,0.33756065,0.1601853282967972,scored,0.059853840057841,DP4_no_dependency_support,EHF,regulatory_tf,EHF,0.0611769839996484,0.0558844082324188,2,0,0.0336004739780884,0.0170381161084465,0.0476190476190476,1.3502426,-0.0199073358516014,False,0.0,0.0170381161084465,0.0476190476190476,0.33756065,0.1601853282967972,0.5017170145723797,LC3_weak_or_neutral,scored,GSE92742,6,MMP1,EHF,MMP1,MMP1,0.8977793296042744,0.7827720351406074,0.6773597239476832,0.7912478473715854,0.9999982282352512,moderate,4,1350.0,1.0,D2_external_database_supported,C1_strong_same_cancer_prognosis,R1_strong_RCTD_SPOTlight_concordance,0.6044890810630652,0.6759397196992994,0.3226402760523168,0.6773597239476832,0.24294174271505145,0.20180200476984236,partly_anchored_underexplored,NB4_low_non_broad_signal,LIHC|Kaempferol|EHF|Tumor_Lineage,EHF,regulatory_tf,0.0611769839996484,2,0
LIHC_AXIS_030,LIHC_CV030,LIHC,(-)-epigallocatechin-... | MMP1/EWSR1,CMPD024806,(-)-epigallocatechin-3-gallate,Plasma_cell,32,0.7237061469971,IS2_high_priority_validation_axis,supplementary_top50_axis,direct_drug_target,MMP1,MMP1,True,tested,DP4_no_dependency_support,0.0545612642906114,0.0545612642906114,False,0.0,21,0.1193363915703482,0.1198498698337185,0.0490308229994493,0.1745960761397232,0.0,0.0,0.1272679287756124,0.1274050193057309,0.0080686277353826,0.0083706749741395,0.0,0.0,1.2341948,0.5652173913043478,1.1182426537104149,0.0,0.0,0.0083706749741395,0.0,0.3085487,0.2161372554707654,scored,0.6059898653672445,DP2_moderate_dependency,EWSR1,regulatory_tf,EWSR1,0.7438470156364029,0.1924184145597697,2,0,-0.961879269055419,0.9753880625456116,1.0,7.8030524,-0.159136685894605,True,1.0,0.9753880625456116,1.0,1.0,0.0,0.0,LC4_not_tested,not_tested_in_available_lincs_releases,,0,MMP1,EWSR1,MMP1,MMP1,0.4571780025987867,0.7827720351406074,0.6689597239476832,0.5555829958381122,0.999997348536911,moderate,1,7900.0,1.0,D2_external_database_supported,C1_strong_same_cancer_prognosis,R2_moderate_RCTD_SPOTlight_concordance,0.7626198039762544,0.8453033872102957,0.3310402760523168,0.6689597239476832,0.2414437682846709,0.20106472913952045,partly_anchored_underexplored,NB4_low_non_broad_signal,LIHC|(-)-epigallocatechin-3-gallate|MMP1|Plasma_cell,MMP1,direct_drug_target,0.0545612642906114,1,0
LIHC_AXIS_011,LIHC_CV011,LIHC,Luteolin | MMP1/EHF,CMPD024820,Luteolin,Tumor_Lineage,4,0.7625300714016211,IS2_high_priority_validation_axis,main_figure_candidate_panel,regulatory_tf,EHF,EHF,True,tested,DP4_no_dependency_support,0.0611769839996484,0.0611769839996484,False,0.0,21,0.0336004739780884,0.0161133576083993,-0.0413925182912726,0.0814335874071698,0.0476190476190476,0.0,0.013758177472671,0.013693138126487,-0.0199073358516014,0.0170381161084465,0.0,0.0,1.3502426,0.5217391304347826,1.118370033239668,0.0,0.0,0.0170381161084465,0.0476190476190476,0.33756065,0.1601853282967972,scored,0.059853840057841,DP4_no_dependency_support,EHF,regulatory_tf,EHF,0.0611769839996484,0.0558844082324188,2,0,0.0336004739780884,0.0170381161084465,0.0476190476190476,1.3502426,-0.0199073358516014,False,0.0,0.0170381161084465,0.0476190476190476,0.33756065,0.1601853282967972,0.4807575235215202,LC4_opposite_direction,scored,GSE92742,12,MMP1,EHF,MMP1,MMP1,0.8977793296042744,0.7827720351406074,0.6773597239476832,0.7912478473715854,0.9999982282352512,moderate,2,3030.0,1.0,D2_external_database_supported,C1_strong_same_cancer_prognosis,R1_strong_RCTD_SPOTlight_concordance,0.6031861755766017,0.6759397196992994,0.3226402760523168,0.6773597239476832,0.24182862288818527,0.20087738057763788,partly_anchored_underexplored,NB4_low_non_broad_signal,LIHC|Luteolin|EHF|Tumor_Lineage,EHF,regulatory_tf,0.0611769839996484,2,0
LIHC_AXIS_009,LIHC_CV009,LIHC,Quercetin | CYP1A1/NR1I3,CMPD024770,Quercetin,Tumor_Lineage,24,0.7313028879123435,IS2_high_priority_validation_axis,supplementary_top50_axis,direct_drug_target,CYP1A1,CYP1A1,True,tested,DP4_no_dependency_support,0.064643975896853,0.064643975896853,False,0.0,21,0.0863021959981766,0.0746841171408495,0.0045954250675418,0.1341051889965916,0.0,0.0,0.0391419734238158,0.0385973866238479,-0.0477048093743286,0.0080912510868751,0.0,0.0,2.086485,0.8260869565217391,1.0302156334031105,0.0,0.0,0.0080912510868751,0.0,0.52162125,0.1045903812513426,scored,0.0659763429062022,DP4_no_dependency_support,NR1I3,regulatory_tf,NR1I3,0.0662114664960873,0.0652709721365467,2,0,-0.0289312968923882,0.0305853834575326,0.0,1.6750436,-0.016554846841479,False,0.0,0.0305853834575326,0.0,0.4187609,0.166890306317042,0.4803305811015612,LC4_opposite_direction,scored,GSE92742,33,CYP1A1,NR1I3,CYP1A1,CYP1A1,0.8977793296042744,0.3111039756886031,0.805278161220686,0.7348277776742461,0.9999964897569792,strong,7,660.0,4.0,D1_strong_binding_or_literature,C3_weak_or_cross_cancer_prognosis,R1_strong_RCTD_SPOTlight_concordance,0.6788036606342431,0.8979727764468793,0.19472183877931404,0.805278161220686,0.2505530634726656,0.2001118359122961,well_anchored_existing_evidence,NB4_low_non_broad_signal,LIHC|Quercetin|CYP1A1|Tumor_Lineage,CYP1A1,direct_drug_target,0.064643975896853,2,0
LIHC_AXIS_069,LIHC_CV069,LIHC,"4',5-Dihydroxyflavone | AR/FOXO1",CMPD025015,"4',5-Dihydroxyflavone",Tumor_Lineage,39,0.7066302616178465,IS2_high_priority_validation_axis,supplementary_top50_axis,regulatory_tf,FOXO1,FOXO1,True,tested,DP4_no_dependency_support,0.0915691763779164,0.0915691763779164,False,0.0,21,-0.0784559719481549,-0.0630612417156851,-0.1271143257902923,-0.0183594882032186,0.0476190476190476,0.0,-0.0931274301050856,-0.0932186712555243,-0.0147626993073693,0.0447369463861329,0.0,0.0,2.2477849,0.8695652173913043,0.7643341314058072,0.0,0.0,0.0447369463861329,0.0476190476190476,0.561946225,0.1704746013852612,scored,0.0874989980760782,DP4_no_dependency_support,FOXO1,regulatory_tf,FOXO1,0.0915691763779164,0.0752884631705635,2,0,-0.0784559719481549,0.0447369463861329,0.0476190476190476,2.2477849,-0.0147626993073693,False,0.0,0.0447369463861329,0.0476190476190476,0.561946225,0.1704746013852612,0.0,LC4_not_tested,not_tested_in_available_lincs_releases,,0,AR,FOXO1,AR,AR,0.8977793296042744,0.2572889700395168,0.7299597239476832,0.7631517538055116,0.999994234424498,strong,2,851.0,1.0,D1_strong_binding_or_literature,C3_weak_or_cross_cancer_prognosis,R1_strong_RCTD_SPOTlight_concordance,0.9048622442658242,0.7261245558197763,0.27004027605231684,0.7299597239476832,0.2447184866803136,0.20005982693479948,partly_anchored_underexplored,NB4_low_non_broad_signal,"LIHC|4',5-Dihydroxyflavone|FOXO1|Tumor_Lineage",FOXO1,regulatory_tf,0.0915691763779164,2,0
LIHC_AXIS_008,LIHC_CV008,LIHC,Quercetin | MMP1/EHF,CMPD024770,Quercetin,Tumor_Lineage,2,0.7669307042133857,IS2_high_priority_validation_axis,main_figure_candidate_panel,regulatory_tf,EHF,EHF,True,tested,DP4_no_dependency_support,0.0611769839996484,0.0611769839996484,False,0.0,21,0.0336004739780884,0.0161133576083993,-0.0413925182912726,0.0814335874071698,0.0476190476190476,0.0,0.013758177472671,0.013693138126487,-0.0199073358516014,0.0170381161084465,0.0,0.0,1.3502426,0.5217391304347826,1.118370033239668,0.0,0.0,0.0170381161084465,0.0476190476190476,0.33756065,0.1601853282967972,scored,0.059853840057841,DP4_no_dependency_support,EHF,regulatory_tf,EHF,0.0611769839996484,0.0558844082324188,2,0,0.0336004739780884,0.0170381161084465,0.0476190476190476,1.3502426,-0.0199073358516014,False,0.0,0.0170381161084465,0.0476190476190476,0.33756065,0.1601853282967972,0.4803305811015612,LC4_opposite_direction,scored,GSE92742,33,MMP1,EHF,MMP1,MMP1,0.8977793296042744,0.7827720351406074,0.7087235364986989,0.7912478473715854,0.9999983873402984,moderate,3,1490.0,2.0,D2_external_database_supported,C1_strong_same_cancer_prognosis,R1_strong_RCTD_SPOTlight_concordance,0.6032830706597978,0.6759397196992994,0.2912764635013011,0.7087235364986989,0.24181212052134715,0.19896763521531247,partly_anchored_underexplored,NB4_low_non_broad_signal,LIHC|Quercetin|EHF|Tumor_Lineage,EHF,regulatory_tf,0.0611769839996484,2,0
LIHC_AXIS_088,LIHC_CV088,LIHC,Quercetin | MMP1/MYC,CMPD024770,Quercetin,Tumor_Lineage,9,0.748651323667679,IS2_high_priority_validation_axis,main_figure_candidate_panel,direct_drug_target,MMP1,MMP1,True,tested,DP4_no_dependency_support,0.0545612642906114,0.0545612642906114,False,0.0,21,0.1193363915703482,0.1198498698337185,0.0490308229994493,0.1745960761397232,0.0,0.0,0.1272679287756124,0.1274050193057309,0.0080686277353826,0.0083706749741395,0.0,0.0,1.2341948,0.5652173913043478,1.1182426537104149,0.0,0.0,0.0083706749741395,0.0,0.3085487,0.2161372554707654,scored,0.6109122528576116,DP2_moderate_dependency,MYC,regulatory_tf,MYC,0.7499999999993617,0.1936490114323615,2,0,-1.6872388424098166,0.999999999997447,1.0,5.7891293,-0.3835000326214015,True,1.0,0.999999999997447,1.0,1.0,0.0,0.4803305811015612,LC4_opposite_direction,scored,GSE92742,33,MMP1,MYC,MMP1,MMP1,0.8977793296042744,0.7827720351406074,0.7087235364986989,0.7133644151452463,0.9999942777820224,moderate,3,1490.0,2.0,D2_external_database_supported,C1_strong_same_cancer_prognosis,R1_strong_RCTD_SPOTlight_concordance,0.8950218789684603,0.5072797050197209,0.2912764635013011,0.7087235364986989,0.23827803287030178,0.1960597203388534,partly_anchored_underexplored,NB4_low_non_broad_signal,LIHC|Quercetin|MMP1|Tumor_Lineage,MMP1,direct_drug_target,0.0545612642906114,1,0
LIHC_AXIS_043,LIHC_CV043,LIHC,Rutaecarpine | CYP1A2/NR1I3,CMPD025501,Rutaecarpine,Tumor_Lineage,8,0.7490423896172473,IS2_high_priority_validation_axis,main_figure_candidate_panel,regulatory_tf,NR1I3,NR1I3,True,tested,DP4_no_dependency_support,0.0662114664960873,0.0662114664960873,False,0.0,21,-0.0289312968923882,-0.0239390847435238,-0.1182684160087243,0.0395418577367125,0.0,0.0,-0.0453846667427736,-0.0454861437338672,-0.016554846841479,0.0305853834575326,0.0,0.0,1.6750436,0.8695652173913043,1.1133099837807876,0.0,0.0,0.0305853834575326,0.0,0.4187609,0.166890306317042,scored,0.0607384820637468,DP4_no_dependency_support,NR1I3,regulatory_tf,NR1I3,0.0662114664960873,0.0443195287667253,2,0,-0.0289312968923882,0.0305853834575326,0.0,1.6750436,-0.016554846841479,False,0.0,0.0305853834575326,0.0,0.4187609,0.166890306317042,0.0,LC4_not_tested,not_tested_in_available_lincs_releases,,0,CYP1A2,NR1I3,CYP1A2,CYP1A2,0.8977793296042744,0.4138570160967885,0.7425597239476832,0.728930775272374,0.99999385702016,strong,1,22.0,1.0,D1_strong_binding_or_literature,C3_weak_or_cross_cancer_prognosis,R1_strong_RCTD_SPOTlight_concordance,0.7381573037388508,0.8891823203641799,0.2574402760523168,0.7425597239476832,0.23329202392458245,0.1899837087034239,partly_anchored_underexplored,NB4_low_non_broad_signal,LIHC|Rutaecarpine|NR1I3|Tumor_Lineage,NR1I3,regulatory_tf,0.0662114664960873,2,0
LIHC_AXIS_018,LIHC_CV018,LIHC,Galangin | CYP1A1/NR1I3,CMPD025348,Galangin,Tumor_Lineage,35,0.721826042251698,IS2_high_priority_validation_axis,supplementary_top50_axis,direct_drug_target,CYP1A1,CYP1A1,True,tested,DP4_no_dependency_support,0.064643975896853,0.064643975896853,False,0.0,21,0.0863021959981766,0.0746841171408495,0.0045954250675418,0.1341051889965916,0.0,0.0,0.0391419734238158,0.0385973866238479,-0.0477048093743286,0.0080912510868751,0.0,0.0,2.086485,0.8260869565217391,1.0302156334031105,0.0,0.0,0.0080912510868751,0.0,0.52162125,0.1045903812513426,scored,0.0659763429062022,DP4_no_dependency_support,NR1I3,regulatory_tf,NR1I3,0.0662114664960873,0.0652709721365467,2,0,-0.0289312968923882,0.0305853834575326,0.0,1.6750436,-0.016554846841479,False,0.0,0.0305853834575326,0.0,0.4187609,0.166890306317042,0.0,LC4_not_tested,not_tested_in_available_lincs_releases,,0,CYP1A1,NR1I3,CYP1A1,CYP1A1,0.8977793296042744,0.3111039756886031,0.7425597239476832,0.728930775272374,0.9999956619377364,strong,1,77.0,1.0,D1_strong_binding_or_literature,C3_weak_or_cross_cancer_prognosis,R1_strong_RCTD_SPOTlight_concordance,0.678917915783783,0.8979727764468793,0.2574402760523168,0.7425597239476832,0.22654224717506452,0.18448696004386358,partly_anchored_underexplored,NB4_low_non_broad_signal,LIHC|Galangin|CYP1A1|Tumor_Lineage,CYP1A1,direct_drug_target,0.064643975896853,2,0
LIHC_AXIS_013,LIHC_CV013,LIHC,(-)-epigallocatechin-... | MMP1/EHF,CMPD024806,(-)-epigallocatechin-3-gallate,Tumor_Lineage,5,0.760857223760948,IS2_high_priority_validation_axis,main_figure_candidate_panel,regulatory_tf,EHF,EHF,True,tested,DP4_no_dependency_support,0.0611769839996484,0.0611769839996484,False,0.0,21,0.0336004739780884,0.0161133576083993,-0.0413925182912726,0.0814335874071698,0.0476190476190476,0.0,0.013758177472671,0.013693138126487,-0.0199073358516014,0.0170381161084465,0.0,0.0,1.3502426,0.5217391304347826,1.118370033239668,0.0,0.0,0.0170381161084465,0.0476190476190476,0.33756065,0.1601853282967972,scored,0.059853840057841,DP4_no_dependency_support,EHF,regulatory_tf,EHF,0.0611769839996484,0.0558844082324188,2,0,0.0336004739780884,0.0170381161084465,0.0476190476190476,1.3502426,-0.0199073358516014,False,0.0,0.0170381161084465,0.0476190476190476,0.33756065,0.1601853282967972,0.0,LC4_not_tested,not_tested_in_available_lincs_releases,,0,MMP1,EHF,MMP1,MMP1,0.8977793296042744,0.7827720351406074,0.6689597239476832,0.7864395518826783,0.9999981477350556,moderate,1,7900.0,1.0,D2_external_database_supported,C1_strong_same_cancer_prognosis,R1_strong_RCTD_SPOTlight_concordance,0.6039877020566771,0.6759397196992994,0.3310402760523168,0.6689597239476832,0.21783082303611304,0.18140081122472934,partly_anchored_underexplored,NB4_low_non_broad_signal,LIHC|(-)-epigallocatechin-3-gallate|EHF|Tumor_Lineage,EHF,regulatory_tf,0.0611769839996484,2,0
LIHC_AXIS_099,LIHC_CV099,LIHC,Quercetin | MMP1/HOPX,CMPD024770,Quercetin,Tumor_Lineage,44,0.6986866858345353,IS2_high_priority_validation_axis,supplementary_top50_axis,direct_drug_target,MMP1,MMP1,True,tested,DP4_no_dependency_support,0.0545612642906114,0.0545612642906114,False,0.0,21,0.1193363915703482,0.1198498698337185,0.0490308229994493,0.1745960761397232,0.0,0.0,0.1272679287756124,0.1274050193057309,0.0080686277353826,0.0083706749741395,0.0,0.0,1.2341948,0.5652173913043478,1.1182426537104149,0.0,0.0,0.0083706749741395,0.0,0.3085487,0.2161372554707654,scored,0.0532676601080653,DP4_no_dependency_support,MMP1,direct_drug_target,MMP1,0.0545612642906114,0.049386847560427,2,0,0.1193363915703482,0.0083706749741395,0.0,1.2341948,0.0080686277353826,False,0.0,0.0083706749741395,0.0,0.3085487,0.2161372554707654,0.4803305811015612,LC4_opposite_direction,scored,GSE92742,33,MMP1,HOPX,MMP1,MMP1,0.8977793296042744,0.7827720351406074,0.7087235364986989,0.6822021399883228,0.9999977400830692,moderate,3,1490.0,2.0,D2_external_database_supported,C1_strong_same_cancer_prognosis,R1_strong_RCTD_SPOTlight_concordance,0.6093170792111035,0.3971302421365207,0.2912764635013011,0.7087235364986989,0.21297784659411392,0.1752422434355995,partly_anchored_underexplored,NB4_low_non_broad_signal,LIHC|Quercetin|MMP1|Tumor_Lineage,MMP1,direct_drug_target,0.0545612642906114,2,0
STAD_AXIS_015,STAD_CV015,STAD,Eckol | BACE1/HSF1,CMPD025671,Eckol,Fibroblast_CAF,48,0.7385558422147566,IS2_high_priority_validation_axis,supplementary_top50_axis,regulatory_tf,HSF1,HSF1,True,tested,DP2_moderate_dependency,0.6016944086492835,0.6016944086492835,False,0.0,35,-0.4929094964829019,-0.5106857679233858,-0.6906605321815316,-0.3050614362397741,0.7714285714285715,0.4571428571428571,-0.4676696623151245,-0.4667545875590235,0.0261549089238783,0.4703402216100089,0.4857142857142857,0.1714285714285714,5.8280478,1.0,1.4010427719706406,0.0,0.5275530715121568,0.4703402216100089,0.9857142857142858,1.0,0.2523098178477568,scored,0.5267333769334371,DP3_weak_or_contextual_dependency,HSF1,regulatory_tf,HSF1,0.6016944086492835,0.3018502817858979,2,2,-0.4929094964829019,0.4703402216100089,0.7714285714285715,5.8280478,0.0261549089238783,False,0.5275530715121568,0.4703402216100089,0.9857142857142858,1.0,0.2523098178477568,0.0,LC4_not_tested,not_tested_in_available_lincs_releases,,0,BACE1,HSF1,BACE1,BACE1,0.8815972798421099,0.4916431586456512,0.7003235364986989,0.7702710156478068,0.912418477467108,moderate,3,7670.0,2.0,D2_external_database_supported,C2_moderate_same_cancer_prognosis,R1_strong_RCTD_SPOTlight_concordance,0.7916475640713688,0.7620795463250641,0.29967646350130106,0.7003235364986989,0.6100540217629502,0.5032452242688793,partly_anchored_underexplored,NB2_moderate_sensitivity_reprioritized,STAD|Eckol|HSF1|Fibroblast_CAF,HSF1,regulatory_tf,0.6016944086492835,2,2
STAD_AXIS_076,STAD_CV076,STAD,Triptolide | PLAU/RELA,CMPD025693,Triptolide,Fibroblast_CAF,40,0.7525800159457713,IS2_high_priority_validation_axis,supplementary_top50_axis,regulatory_tf,RELA,RELA,True,tested,DP4_no_dependency_support,0.374740663452311,0.374740663452311,False,0.0,35,-0.3060635110707648,-0.3418175245758982,-0.4078700849439334,-0.2089683221216871,0.5428571428571428,0.1714285714285714,-0.3661673094254383,-0.367181138596703,-0.0611176275259381,0.2465575637437169,0.2285714285714285,0.0857142857142857,5.5179625,1.0,1.1692739666245664,0.0,0.2400977093396381,0.2465575637437169,0.7285714285714285,1.0,0.0777647449481236,scored,0.3166991616250095,DP4_no_dependency_support,RELA,regulatory_tf,RELA,0.374740663452311,0.142574656143105,2,0,-0.3060635110707648,0.2465575637437169,0.5428571428571428,5.5179625,-0.0611176275259381,False,0.2400977093396381,0.2465575637437169,0.7285714285714285,1.0,0.0777647449481236,0.5952671100469956,LC3_weak_or_neutral,scored,GSE92742,9,PLAU,RELA,PLAU,PLAU,0.8815972798421099,0.8158751301563165,0.33,0.6179709095593142,0.9999989556661312,,0,,0.0,D3_curated_tcm_source_supported,C1_strong_same_cancer_prognosis,R1_strong_RCTD_SPOTlight_concordance,0.8969722828080299,0.8027634798436195,0.6699999999999999,0.33,0.5166358987039475,0.47401343706087185,low_direct_drug_target_evidence,NB2_moderate_sensitivity_reprioritized,STAD|Triptolide|RELA|Fibroblast_CAF,RELA,regulatory_tf,0.374740663452311,2,1
STAD_AXIS_082,STAD_CV082,STAD,Triptolide | PLAU/E2F1,CMPD025693,Triptolide,Fibroblast_CAF,39,0.7551196371346708,IS2_high_priority_validation_axis,supplementary_top50_axis,regulatory_tf,E2F1,E2F1,True,tested,DP4_no_dependency_support,0.3220888796642455,0.3220888796642455,False,0.0,35,-0.2625802877968594,-0.2635065181195284,-0.3584268009146315,-0.183398365930192,0.4,0.0571428571428571,-0.247937459762931,-0.2462853028629402,0.0162949849339191,0.1924845365725224,0.1428571428571428,0.0,4.4948125,1.0,1.4727994571024738,0.0208333333333333,0.173200442764399,0.1924845365725224,0.5428571428571429,1.0,0.2325899698678383,scored,0.2745777345945571,DP4_no_dependency_support,E2F1,regulatory_tf,E2F1,0.3220888796642455,0.1320442993854919,2,0,-0.2625802877968594,0.1924845365725224,0.4,4.4948125,0.0162949849339191,False,0.173200442764399,0.1924845365725224,0.5428571428571429,1.0,0.2325899698678383,0.5952671100469956,LC3_weak_or_neutral,scored,GSE92742,9,PLAU,E2F1,PLAU,PLAU,0.8815972798421099,0.8158751301563165,0.33,0.7019918539540889,0.9999981100409177,,0,,0.0,D3_curated_tcm_source_supported,C1_strong_same_cancer_prognosis,R1_strong_RCTD_SPOTlight_concordance,0.8439625328232331,0.7684291478312152,0.6699999999999999,0.33,0.4927190713760523,0.45206974798752797,low_direct_drug_target_evidence,NB3_contextual_non_broad_signal,STAD|Triptolide|E2F1|Fibroblast_CAF,E2F1,regulatory_tf,0.3220888796642455,2,0
STAD_AXIS_077,STAD_CV077,STAD,(-)-epigallocatechin-... | PLAU/RELA,CMPD024806,(-)-epigallocatechin-3-gallate,Fibroblast_CAF,41,0.7522367122416209,IS2_high_priority_validation_axis,supplementary_top50_axis,regulatory_tf,RELA,RELA,True,tested,DP4_no_dependency_support,0.374740663452311,0.374740663452311,False,0.0,35,-0.3060635110707648,-0.3418175245758982,-0.4078700849439334,-0.2089683221216871,0.5428571428571428,0.1714285714285714,-0.3661673094254383,-0.367181138596703,-0.0611176275259381,0.2465575637437169,0.2285714285714285,0.0857142857142857,5.5179625,1.0,1.1692739666245664,0.0,0.2400977093396381,0.2465575637437169,0.7285714285714285,1.0,0.0777647449481236,scored,0.3166991616250095,DP4_no_dependency_support,RELA,regulatory_tf,RELA,0.374740663452311,0.142574656143105,2,0,-0.3060635110707648,0.2465575637437169,0.5428571428571428,5.5179625,-0.0611176275259381,False,0.2400977093396381,0.2465575637437169,0.7285714285714285,1.0,0.0777647449481236,0.0,LC4_not_tested,not_tested_in_available_lincs_releases,,0,PLAU,RELA,PLAU,PLAU,0.8815972798421099,0.8158751301563165,0.33,0.6179709095593142,0.9999989556661312,,0,,0.0,D3_curated_tcm_source_supported,C1_strong_same_cancer_prognosis,R1_strong_RCTD_SPOTlight_concordance,0.8935392457665252,0.8027634798436195,0.6699999999999999,0.33,0.48670089134952255,0.44654806781318696,low_direct_drug_target_evidence,NB3_contextual_non_broad_signal,STAD|(-)-epigallocatechin-3-gallate|RELA|Fibroblast_CAF,RELA,regulatory_tf,0.374740663452311,2,0
STAD_AXIS_007,STAD_CV007,STAD,Quercetin | PLAU/RELA,CMPD024770,Quercetin,Fibroblast_CAF,10,0.8127682175218977,IS1_publication_core_axis,main_figure_candidate_panel,regulatory_tf,RELA,RELA,True,tested,DP4_no_dependency_support,0.374740663452311,0.374740663452311,False,0.0,35,-0.3060635110707648,-0.3418175245758982,-0.4078700849439334,-0.2089683221216871,0.5428571428571428,0.1714285714285714,-0.3661673094254383,-0.367181138596703,-0.0611176275259381,0.2465575637437169,0.2285714285714285,0.0857142857142857,5.5179625,1.0,1.1692739666245664,0.0,0.2400977093396381,0.2465575637437169,0.7285714285714285,1.0,0.0777647449481236,scored,0.3166991616250095,DP4_no_dependency_support,RELA,regulatory_tf,RELA,0.374740663452311,0.142574656143105,2,0,-0.3060635110707648,0.2465575637437169,0.5428571428571428,5.5179625,-0.0611176275259381,False,0.2400977093396381,0.2465575637437169,0.7285714285714285,1.0,0.0777647449481236,0.5340510359917766,LC3_weak_or_neutral,scored,GSE70138,42,PLAU,RELA,PLAU,PLAU,0.8815972798421099,0.8158751301563165,0.6877235364986989,0.7059323042880372,0.9999997488327328,moderate,3,12100.0,2.0,D2_external_database_supported,C1_strong_same_cancer_prognosis,R1_strong_RCTD_SPOTlight_concordance,0.892487197896687,0.8027634798436195,0.3122764635013011,0.6877235364986989,0.5133508407556194,0.4250899768383607,partly_anchored_underexplored,NB2_moderate_sensitivity_reprioritized,STAD|Quercetin|RELA|Fibroblast_CAF,RELA,regulatory_tf,0.374740663452311,2,1
STAD_AXIS_083,STAD_CV083,STAD,(-)-epigallocatechin-... | PLAU/E2F1,CMPD024806,(-)-epigallocatechin-3-gallate,Fibroblast_CAF,38,0.7554036462629652,IS2_high_priority_validation_axis,supplementary_top50_axis,regulatory_tf,E2F1,E2F1,True,tested,DP4_no_dependency_support,0.3220888796642455,0.3220888796642455,False,0.0,35,-0.2625802877968594,-0.2635065181195284,-0.3584268009146315,-0.183398365930192,0.4,0.0571428571428571,-0.247937459762931,-0.2462853028629402,0.0162949849339191,0.1924845365725224,0.1428571428571428,0.0,4.4948125,1.0,1.4727994571024738,0.0208333333333333,0.173200442764399,0.1924845365725224,0.5428571428571429,1.0,0.2325899698678383,scored,0.2745777345945571,DP4_no_dependency_support,E2F1,regulatory_tf,E2F1,0.3220888796642455,0.1320442993854919,2,0,-0.2625802877968594,0.1924845365725224,0.4,4.4948125,0.0162949849339191,False,0.173200442764399,0.1924845365725224,0.5428571428571429,1.0,0.2325899698678383,0.0,LC4_not_tested,not_tested_in_available_lincs_releases,,0,PLAU,E2F1,PLAU,PLAU,0.8815972798421099,0.8158751301563165,0.33,0.7019918539540889,0.9999981100409177,,0,,0.0,D3_curated_tcm_source_supported,C1_strong_same_cancer_prognosis,R1_strong_RCTD_SPOTlight_concordance,0.8468026241061767,0.7684291478312152,0.6699999999999999,0.33,0.4630977204378498,0.4248921585017272,low_direct_drug_target_evidence,NB3_contextual_non_broad_signal,STAD|(-)-epigallocatechin-3-gallate|E2F1|Fibroblast_CAF,E2F1,regulatory_tf,0.3220888796642455,2,0
STAD_AXIS_008,STAD_CV008,STAD,Quercetin | PLAU/E2F1,CMPD024770,Quercetin,Fibroblast_CAF,7,0.8162413546880012,IS1_publication_core_axis,main_figure_candidate_panel,regulatory_tf,E2F1,E2F1,True,tested,DP4_no_dependency_support,0.3220888796642455,0.3220888796642455,False,0.0,35,-0.2625802877968594,-0.2635065181195284,-0.3584268009146315,-0.183398365930192,0.4,0.0571428571428571,-0.247937459762931,-0.2462853028629402,0.0162949849339191,0.1924845365725224,0.1428571428571428,0.0,4.4948125,1.0,1.4727994571024738,0.0208333333333333,0.173200442764399,0.1924845365725224,0.5428571428571429,1.0,0.2325899698678383,scored,0.2745777345945571,DP4_no_dependency_support,E2F1,regulatory_tf,E2F1,0.3220888796642455,0.1320442993854919,2,0,-0.2625802877968594,0.1924845365725224,0.4,4.4948125,0.0162949849339191,False,0.173200442764399,0.1924845365725224,0.5428571428571429,1.0,0.2325899698678383,0.5340510359917766,LC3_weak_or_neutral,scored,GSE70138,42,PLAU,E2F1,PLAU,PLAU,0.8815972798421099,0.8158751301563165,0.6877235364986989,0.8287947316298274,0.9313382923589492,moderate,3,12100.0,2.0,D2_external_database_supported,C1_strong_same_cancer_prognosis,R1_strong_RCTD_SPOTlight_concordance,0.8433991946566526,0.7684291478312152,0.3122764635013011,0.6877235364986989,0.4896301007649624,0.4054475646463888,partly_anchored_underexplored,NB3_contextual_non_broad_signal,STAD|Quercetin|E2F1|Fibroblast_CAF,E2F1,regulatory_tf,0.3220888796642455,2,0
STAD_AXIS_003,STAD_CV003,STAD,Kaempferol | CYP1B1/EP300,CMPD024768,Kaempferol,Fibroblast_CAF,27,0.7676943087178263,IS2_high_priority_validation_axis,supplementary_top50_axis,regulatory_tf,EP300,EP300,True,tested,DP4_no_dependency_support,0.3554804974831314,0.3554804974831314,False,0.0,35,-0.2817578413222687,-0.2625057815741765,-0.4559210734200463,-0.0485636886604674,0.4571428571428571,0.2,-0.3172202418582113,-0.3208079079103382,-0.0390500665880694,0.2031207634646492,0.2857142857142857,0.0857142857142857,4.7251306,1.0,0.9693427609886496,0.125,0.2027043712650288,0.2031207634646492,0.7428571428571429,1.0,0.121899866823861,scored,0.2978745720229123,DP4_no_dependency_support,EP300,regulatory_tf,EP300,0.3554804974831314,0.1250567956422552,2,0,-0.2817578413222687,0.2031207634646492,0.4571428571428571,4.7251306,-0.0390500665880694,False,0.2027043712650288,0.2031207634646492,0.7428571428571429,1.0,0.121899866823861,0.5002359255463202,LC3_weak_or_neutral,scored,GSE92742,6,CYP1B1,EP300,CYP1B1,CYP1B1,0.8815972798421099,0.4685072778903261,0.7739235364986989,0.8263567723667847,0.9999998127647188,strong,2,43.0,2.0,D1_strong_binding_or_literature,C2_moderate_same_cancer_prognosis,R1_strong_RCTD_SPOTlight_concordance,0.9471723374943284,0.7798245182635885,0.22607646350130106,0.7739235364986989,0.49326350955364345,0.3978264496187646,well_anchored_existing_evidence,NB3_contextual_non_broad_signal,STAD|Kaempferol|EP300|Fibroblast_CAF,EP300,regulatory_tf,0.3554804974831314,2,0
STAD_AXIS_011,STAD_CV011,STAD,Eckol | BACE1/RELA,CMPD025671,Eckol,Fibroblast_CAF,25,0.7700667820785164,IS2_high_priority_validation_axis,supplementary_top50_axis,regulatory_tf,RELA,RELA,True,tested,DP4_no_dependency_support,0.374740663452311,0.374740663452311,False,0.0,35,-0.3060635110707648,-0.3418175245758982,-0.4078700849439334,-0.2089683221216871,0.5428571428571428,0.1714285714285714,-0.3661673094254383,-0.367181138596703,-0.0611176275259381,0.2465575637437169,0.2285714285714285,0.0857142857142857,5.5179625,1.0,1.1692739666245664,0.0,0.2400977093396381,0.2465575637437169,0.7285714285714285,1.0,0.0777647449481236,scored,0.3338226935160105,DP4_no_dependency_support,RELA,regulatory_tf,RELA,0.374740663452311,0.211068783707109,2,0,-0.3060635110707648,0.2465575637437169,0.5428571428571428,5.5179625,-0.0611176275259381,False,0.2400977093396381,0.2465575637437169,0.7285714285714285,1.0,0.0777647449481236,0.0,LC4_not_tested,not_tested_in_available_lincs_releases,,0,BACE1,RELA,BACE1,BACE1,0.8815972798421099,0.5876069621317833,0.7003235364986989,0.7183852657889576,0.9999995284280624,moderate,3,7670.0,2.0,D2_external_database_supported,C2_moderate_same_cancer_prognosis,R1_strong_RCTD_SPOTlight_concordance,0.8971443864521951,0.7757791655943417,0.29967646350130106,0.7003235364986989,0.47276930855765165,0.38999644002836686,partly_anchored_underexplored,NB3_contextual_non_broad_signal,STAD|Eckol|RELA|Fibroblast_CAF,RELA,regulatory_tf,0.374740663452311,2,0
STAD_AXIS_002,STAD_CV002,STAD,Quercetin | CYP1B1/EP300,CMPD024770,Quercetin,Fibroblast_CAF,22,0.7822277309126494,IS1_publication_core_axis,supplementary_top50_axis,regulatory_tf,EP300,EP300,True,tested,DP4_no_dependency_support,0.3554804974831314,0.3554804974831314,False,0.0,35,-0.2817578413222687,-0.2625057815741765,-0.4559210734200463,-0.0485636886604674,0.4571428571428571,0.2,-0.3172202418582113,-0.3208079079103382,-0.0390500665880694,0.2031207634646492,0.2857142857142857,0.0857142857142857,4.7251306,1.0,0.9693427609886496,0.125,0.2027043712650288,0.2031207634646492,0.7428571428571429,1.0,0.121899866823861,scored,0.2978745720229123,DP4_no_dependency_support,EP300,regulatory_tf,EP300,0.3554804974831314,0.1250567956422552,2,0,-0.2817578413222687,0.2031207634646492,0.4571428571428571,4.7251306,-0.0390500665880694,False,0.2027043712650288,0.2031207634646492,0.7428571428571429,1.0,0.121899866823861,0.5340510359917766,LC3_weak_or_neutral,scored,GSE70138,42,CYP1B1,EP300,CYP1B1,CYP1B1,0.8815972798421099,0.4685072778903261,0.8852832604463821,0.8263567723667847,0.982109513933766,strong,8,23.0,5.0,D1_strong_binding_or_literature,C2_moderate_same_cancer_prognosis,R1_strong_RCTD_SPOTlight_concordance,0.9473371252143749,0.7798245182635885,0.11471673955361794,0.8852832604463821,0.4949625044619186,0.38541699952473,well_anchored_existing_evidence,NB3_contextual_non_broad_signal,STAD|Quercetin|EP300|Fibroblast_CAF,EP300,regulatory_tf,0.3554804974831314,2,0
STAD_AXIS_019,STAD_CV019,STAD,Quercetin | AKR1B1/RELA,CMPD024770,Quercetin,Fibroblast_CAF,19,0.7948038136923004,IS1_publication_core_axis,supplementary_top50_axis,regulatory_tf,RELA,RELA,True,tested,DP4_no_dependency_support,0.374740663452311,0.374740663452311,False,0.0,35,-0.3060635110707648,-0.3418175245758982,-0.4078700849439334,-0.2089683221216871,0.5428571428571428,0.1714285714285714,-0.3661673094254383,-0.367181138596703,-0.0611176275259381,0.2465575637437169,0.2285714285714285,0.0857142857142857,5.5179625,1.0,1.1692739666245664,0.0,0.2400977093396381,0.2465575637437169,0.7285714285714285,1.0,0.0777647449481236,scored,0.3250396296227631,DP4_no_dependency_support,RELA,regulatory_tf,RELA,0.374740663452311,0.1759365281341194,2,0,-0.3060635110707648,0.2465575637437169,0.5428571428571428,5.5179625,-0.0611176275259381,False,0.2400977093396381,0.2465575637437169,0.7285714285714285,1.0,0.0777647449481236,0.5340510359917766,LC3_weak_or_neutral,scored,GSE70138,42,AKR1B1,RELA,AKR1B1,AKR1B1,0.8815972798421099,0.5807625322928605,0.9152791718430496,0.7812430714602696,0.9999992043047644,strong,8,14.8,7.0,D1_strong_binding_or_literature,C2_moderate_same_cancer_prognosis,R1_strong_RCTD_SPOTlight_concordance,0.8793347395985409,0.7582800460221685,0.08472082815695037,0.9152791718430496,0.4964892445653942,0.3828826784166954,well_anchored_existing_evidence,NB3_contextual_non_broad_signal,STAD|Quercetin|RELA|Fibroblast_CAF,RELA,regulatory_tf,0.374740663452311,2,0
STAD_AXIS_016,STAD_CV016,STAD,Quercetin | ALOX5/RELA,CMPD024770,Quercetin,Fibroblast_CAF,49,0.7383217993334894,IS2_high_priority_validation_axis,supplementary_top50_axis,regulatory_tf,RELA,RELA,True,tested,DP4_no_dependency_support,0.374740663452311,0.374740663452311,False,0.0,35,-0.3060635110707648,-0.3418175245758982,-0.4078700849439334,-0.2089683221216871,0.5428571428571428,0.1714285714285714,-0.3661673094254383,-0.367181138596703,-0.0611176275259381,0.2465575637437169,0.2285714285714285,0.0857142857142857,5.5179625,1.0,1.1692739666245664,0.0,0.2400977093396381,0.2465575637437169,0.7285714285714285,1.0,0.0777647449481236,scored,0.3143144606150029,DP4_no_dependency_support,RELA,regulatory_tf,RELA,0.374740663452311,0.1330358521030784,2,0,-0.3060635110707648,0.2465575637437169,0.5428571428571428,5.5179625,-0.0611176275259381,False,0.2400977093396381,0.2465575637437169,0.7285714285714285,1.0,0.0777647449481236,0.5340510359917766,LC3_weak_or_neutral,scored,GSE70138,42,ALOX5,RELA,ALOX5,ALOX5,0.8815972798421099,0.3655427071283723,0.8526791718430495,0.7687901099593493,0.9999991860263366,strong,7,790.0,7.0,D1_strong_binding_or_literature,C3_weak_or_cross_cancer_prognosis,R1_strong_RCTD_SPOTlight_concordance,0.8923808395959645,0.7339835317779703,0.14732082815695047,0.8526791718430495,0.4839509068826212,0.3807871922592797,well_anchored_existing_evidence,NB3_contextual_non_broad_signal,STAD|Quercetin|RELA|Fibroblast_CAF,RELA,regulatory_tf,0.374740663452311,2,0
STAD_AXIS_021,STAD_CV021,STAD,Eriodyctiol | HSP90AB1/HOPX,CMPD025188,Eriodyctiol (flavanone),Fibroblast_CAF,4,0.8192460420844396,IS1_publication_core_axis,main_text_flagship_axis,direct_drug_target,HSP90AB1,HSP90AB1,True,tested,DP4_no_dependency_support,0.2879974008403924,0.2879974008403924,False,0.0,35,-0.2338073966597535,-0.2390232551762407,-0.3780842844168132,-0.0657681060384908,0.3714285714285714,0.0857142857142857,-0.2100040269133101,-0.2097652954387078,0.0240421012210456,0.1378893635739113,0.1428571428571428,0.0285714285714285,9.882703,1.0,1.114230721845033,0.0,0.1289344563996207,0.1378893635739113,0.5142857142857142,1.0,0.2480842024420914,scored,0.2617591997480201,DP4_no_dependency_support,HSP90AB1,direct_drug_target,HSP90AB1,0.2879974008403924,0.183044596470903,2,0,-0.2338073966597535,0.1378893635739113,0.3714285714285714,9.882703,0.0240421012210456,False,0.1289344563996207,0.1378893635739113,0.5142857142857142,1.0,0.2480842024420914,0.0,LC4_not_tested,not_tested_in_available_lincs_releases,,0,HSP90AB1,HOPX,HSP90AB1,HSP90AB1,0.8815972798421099,0.9645813597317514,0.6806,0.8356743547390865,0.5680923896207927,strong,1,200.0,0.0,D1_strong_binding_or_literature,C1_strong_same_cancer_prognosis,R1_strong_RCTD_SPOTlight_concordance,0.8444811439794759,0.7440378530815416,0.3194,0.6806,0.4527907781806805,0.3757484272732377,partly_anchored_underexplored,NB3_contextual_non_broad_signal,STAD|Eriodyctiol (flavanone)|HSP90AB1|Fibroblast_CAF,HSP90AB1,direct_drug_target,0.2879974008403924,2,0
STAD_AXIS_020,STAD_CV020,STAD,Coryincine | ADRA1D/RELA,CMPD025402,Coryincine,Fibroblast_CAF,18,0.7959308804985041,IS1_publication_core_axis,supplementary_top50_axis,regulatory_tf,RELA,RELA,True,tested,DP4_no_dependency_support,0.374740663452311,0.374740663452311,False,0.0,35,-0.3060635110707648,-0.3418175245758982,-0.4078700849439334,-0.2089683221216871,0.5428571428571428,0.1714285714285714,-0.3661673094254383,-0.367181138596703,-0.0611176275259381,0.2465575637437169,0.2285714285714285,0.0857142857142857,5.5179625,1.0,1.1692739666245664,0.0,0.2400977093396381,0.2465575637437169,0.7285714285714285,1.0,0.0777647449481236,scored,0.3027195635857316,DP4_no_dependency_support,RELA,regulatory_tf,RELA,0.374740663452311,0.0866562639859931,2,0,-0.3060635110707648,0.2465575637437169,0.5428571428571428,5.5179625,-0.0611176275259381,False,0.2400977093396381,0.2465575637437169,0.7285714285714285,1.0,0.0777647449481236,0.0,LC4_not_tested,not_tested_in_available_lincs_releases,,0,ADRA1D,RELA,ADRA1D,ADRA1D,0.8815972798421099,0.6073973279369225,0.902678161220686,0.7681971117926388,0.9999970962986104,very_strong,5,1.6,4.0,D1_strong_binding_or_literature,C2_moderate_same_cancer_prognosis,R1_strong_RCTD_SPOTlight_concordance,0.8851699431786603,0.719761898257144,0.097321838779314,0.902678161220686,0.467558377950512,0.36204469373258835,well_anchored_existing_evidence,NB3_contextual_non_broad_signal,STAD|Coryincine|RELA|Fibroblast_CAF,RELA,regulatory_tf,0.374740663452311,2,0
STAD_AXIS_014,STAD_CV014,STAD,Naringenin | CYP19A1/RELA,CMPD025012,Naringenin,Fibroblast_CAF,26,0.7681238864924904,IS2_high_priority_validation_axis,supplementary_top50_axis,regulatory_tf,RELA,RELA,True,tested,DP4_no_dependency_support,0.374740663452311,0.374740663452311,False,0.0,35,-0.3060635110707648,-0.3418175245758982,-0.4078700849439334,-0.2089683221216871,0.5428571428571428,0.1714285714285714,-0.3661673094254383,-0.367181138596703,-0.0611176275259381,0.2465575637437169,0.2285714285714285,0.0857142857142857,5.5179625,1.0,1.1692739666245664,0.0,0.2400977093396381,0.2465575637437169,0.7285714285714285,1.0,0.0777647449481236,scored,0.3220636453899037,DP4_no_dependency_support,RELA,regulatory_tf,RELA,0.374740663452311,0.1640325912026817,2,0,-0.3060635110707648,0.2465575637437169,0.5428571428571428,5.5179625,-0.0611176275259381,False,0.2400977093396381,0.2465575637437169,0.7285714285714285,1.0,0.0777647449481236,0.4908888589214817,LC4_opposite_direction,scored,GSE92742,23,CYP19A1,RELA,CYP19A1,CYP19A1,0.8815972798421099,0.3941270728033731,1.0,0.8156369651294781,0.999996925658946,very_strong,12,0.00109662,10.0,D1_strong_binding_or_literature,C3_weak_or_cross_cancer_prognosis,R1_strong_RCTD_SPOTlight_concordance,0.9074752919409173,0.7137553610237729,0.0,1.0,0.48195392185468444,0.36146544139101333,well_anchored_existing_evidence,NB3_contextual_non_broad_signal,STAD|Naringenin|RELA|Fibroblast_CAF,RELA,regulatory_tf,0.374740663452311,2,0
STAD_AXIS_067,STAD_CV067,STAD,Quercetin | AKR1B1/NFKB2,CMPD024770,Quercetin,Fibroblast_CAF,36,0.7588029925796724,IS2_high_priority_validation_axis,supplementary_top50_axis,regulatory_tf,NFKB2,NFKB2,True,tested,DP4_no_dependency_support,0.2143472107959013,0.2143472107959013,False,0.0,35,-0.1869536387208542,-0.2017526231770002,-0.2923734615864052,-0.0931491467066055,0.2285714285714285,0.0285714285714285,-0.1442495500749255,-0.1418326480452429,0.0451209906756112,0.1085323733522223,0.0285714285714285,0.0,3.8751116,1.0,1.0015355144328044,0.0,0.0568517518782372,0.1085323733522223,0.2571428571428571,0.9687779,0.2902419813512226,scored,0.1967248674976353,DP4_no_dependency_support,NFKB2,regulatory_tf,NFKB2,0.2143472107959013,0.1438578376028374,2,0,-0.1869536387208542,0.1085323733522223,0.2285714285714285,3.8751116,0.0451209906756112,False,0.0568517518782372,0.1085323733522223,0.2571428571428571,0.9687779,0.2902419813512226,0.5340510359917766,LC3_weak_or_neutral,scored,GSE70138,42,AKR1B1,NFKB2,AKR1B1,AKR1B1,0.8815972798421099,0.5807625322928605,0.9152791718430496,0.5889905862485889,0.9999981044366724,strong,8,14.8,7.0,D1_strong_binding_or_literature,C2_moderate_same_cancer_prognosis,R1_strong_RCTD_SPOTlight_concordance,0.7430372257558593,0.7430265184678052,0.08472082815695037,0.9152791718430496,0.40331290289236854,0.3110269279541327,well_anchored_existing_evidence,NB4_low_non_broad_signal,STAD|Quercetin|NFKB2|Fibroblast_CAF,NFKB2,regulatory_tf,0.2143472107959013,2,0
STAD_AXIS_027,STAD_CV027,STAD,Quercetin | PLAU/FOS,CMPD024770,Quercetin,Fibroblast_CAF,3,0.8194719619094621,IS1_publication_core_axis,main_text_flagship_axis,regulatory_tf,FOS,FOS,True,tested,DP4_no_dependency_support,0.1398255716296403,0.1398255716296403,False,0.0,35,-0.1007358578864776,-0.0859280332372969,-0.1579310777901227,-0.0165453708225128,0.0,0.0,-0.0609656013866166,-0.0608461657257806,0.0398896921606969,0.0473905327900037,0.0,0.0,7.407514,1.0,1.2467325410658885,0.0,0.0,0.0473905327900037,0.0,1.0,0.279779384321394,scored,0.1287670881668729,DP4_no_dependency_support,FOS,regulatory_tf,FOS,0.1398255716296403,0.0955916377785709,2,0,-0.1007358578864776,0.0473905327900037,0.0,7.407514,0.0398896921606969,False,0.0,0.0473905327900037,0.0,1.0,0.279779384321394,0.5340510359917766,LC3_weak_or_neutral,scored,GSE70138,42,PLAU,FOS,PLAU,PLAU,0.8815972798421099,0.8158751301563165,0.6877235364986989,0.7380565325549403,0.9999994493795918,moderate,3,12100.0,2.0,D2_external_database_supported,C1_strong_same_cancer_prognosis,R1_strong_RCTD_SPOTlight_concordance,0.8927043300967068,0.7937741885572319,0.3122764635013011,0.6877235364986989,0.3754235228050643,0.3108766246079896,partly_anchored_underexplored,NB4_low_non_broad_signal,STAD|Quercetin|FOS|Fibroblast_CAF,FOS,regulatory_tf,0.1398255716296403,2,0
STAD_AXIS_024,STAD_CV024,STAD,Quercetin | PLAU/JUN,CMPD024770,Quercetin,Fibroblast_CAF,8,0.8162367726106996,IS1_publication_core_axis,main_figure_candidate_panel,regulatory_tf,JUN,JUN,True,tested,DP4_no_dependency_support,0.1637558597597878,0.1637558597597878,False,0.0,35,-0.1348776461463029,-0.133304664543146,-0.2397350635758215,0.0213663065210363,0.2,0.0857142857142857,-0.218525241366036,-0.2230743045413862,-0.0881966583950832,0.0741521943266464,0.0857142857142857,0.0285714285714285,5.7438245,1.0,1.036560339492142,0.0,0.0,0.0741521943266464,0.2857142857142857,1.0,0.0236066832098334,scored,0.1479113186709909,DP4_no_dependency_support,JUN,regulatory_tf,JUN,0.1637558597597878,0.1003776954046003,2,0,-0.1348776461463029,0.0741521943266464,0.2,5.7438245,-0.0881966583950832,False,0.0,0.0741521943266464,0.2857142857142857,1.0,0.0236066832098334,0.5340510359917766,LC3_weak_or_neutral,scored,GSE70138,42,PLAU,JUN,PLAU,PLAU,0.8815972798421099,0.8158751301563165,0.6877235364986989,0.7362577392041131,0.9999991642352488,moderate,3,12100.0,2.0,D2_external_database_supported,C1_strong_same_cancer_prognosis,R1_strong_RCTD_SPOTlight_concordance,0.9169697795720174,0.7665448788795638,0.3122764635013011,0.6877235364986989,0.3712384741548018,0.30741111507227153,partly_anchored_underexplored,NB4_low_non_broad_signal,STAD|Quercetin|JUN|Fibroblast_CAF,JUN,regulatory_tf,0.1637558597597878,2,0
STAD_AXIS_078,STAD_CV078,STAD,Quercetin | PLAU/RBPJ,CMPD024770,Quercetin,Fibroblast_CAF,11,0.8119326960824196,IS1_publication_core_axis,supplementary_top50_axis,regulatory_tf,RBPJ,RBPJ,True,tested,DP4_no_dependency_support,0.1454584175606877,0.1454584175606877,False,0.0,35,-0.0692306447604362,-0.0931458631508142,-0.1630021330951165,0.0055150893946383,0.1428571428571428,0.0,-0.0943557517883879,-0.0963729066532242,-0.027142261892788,0.0378331940426956,0.0,0.0,4.8603272,1.0,0.8928575960535197,0.0,0.0,0.0378331940426956,0.1428571428571428,1.0,0.145715476214424,scored,0.1332733649117108,DP4_no_dependency_support,RBPJ,regulatory_tf,RBPJ,0.1454584175606877,0.0967182069647803,2,0,-0.0692306447604362,0.0378331940426956,0.1428571428571428,4.8603272,-0.027142261892788,False,0.0,0.0378331940426956,0.1428571428571428,1.0,0.145715476214424,0.5340510359917766,LC3_weak_or_neutral,scored,GSE70138,42,PLAU,RBPJ,PLAU,PLAU,0.8815972798421099,0.8158751301563165,0.6877235364986989,0.7175933869423695,0.999998852998128,moderate,3,12100.0,2.0,D2_external_database_supported,C1_strong_same_cancer_prognosis,R1_strong_RCTD_SPOTlight_concordance,0.7697427325372688,0.8423367244837209,0.3122764635013011,0.6877235364986989,0.3699976783687243,0.30638365040271254,partly_anchored_underexplored,NB4_low_non_broad_signal,STAD|Quercetin|RBPJ|Fibroblast_CAF,RBPJ,regulatory_tf,0.1454584175606877,2,0
STAD_AXIS_084,STAD_CV084,STAD,Kaempferol | AHR/EPAS1,CMPD024768,Kaempferol,Fibroblast_CAF,46,0.741730161874226,IS2_high_priority_validation_axis,supplementary_top50_axis,direct_drug_target,AHR,AHR,True,tested,DP4_no_dependency_support,0.1553666400350486,0.1553666400350486,False,0.0,35,0.0329865680794839,0.0403312021307677,-0.1021972871825389,0.2323693747485363,0.1142857142857142,0.0571428571428571,0.0375162188469869,0.0379942351972958,0.0050076671178118,0.0174604264459449,0.0857142857142857,0.0,4.912372,0.951219512195122,1.5057069384173012,0.0208333333333333,0.0,0.0174604264459449,0.2,1.0,0.2100153342356238,scored,0.1528539585389079,DP4_no_dependency_support,AHR,direct_drug_target,AHR,0.1553666400350486,0.1453159140504859,2,0,0.0329865680794839,0.0174604264459449,0.1142857142857142,4.912372,0.0050076671178118,False,0.0,0.0174604264459449,0.2,1.0,0.2100153342356238,0.5002359255463202,LC3_weak_or_neutral,scored,GSE92742,6,AHR,EPAS1,AHR,AHR,0.8815972798421099,0.4863131860251095,0.7425597239476832,0.6711400545572368,0.9999977661031894,strong,1,28.0,1.0,D1_strong_binding_or_literature,C2_moderate_same_cancer_prognosis,R1_strong_RCTD_SPOTlight_concordance,0.8798686133539011,0.7428100514509154,0.2574402760523168,0.7425597239476832,0.36571418353721624,0.2978230277444293,partly_anchored_underexplored,NB4_low_non_broad_signal,STAD|Kaempferol|AHR|Fibroblast_CAF,AHR,direct_drug_target,0.1553666400350486,2,0
STAD_AXIS_029,STAD_CV029,STAD,Quercetin | PLAU/HIF1A,CMPD024770,Quercetin,Fibroblast_CAF,5,0.8191509548381224,IS1_publication_core_axis,main_text_flagship_axis,regulatory_tf,HIF1A,HIF1A,True,tested,DP4_no_dependency_support,0.1197193578013292,0.1197193578013292,False,0.0,35,0.1477665350196387,0.1497024151228896,0.0677743834370998,0.2037317774983481,0.0,0.0,0.1389609157026914,0.1388814710161051,-0.0088850640035336,0.0059854824081436,0.0,0.0,6.2632785,1.0,1.187084801392854,0.0,0.0,0.0059854824081436,0.0,1.0,0.1822298719929327,scored,0.112682117104224,DP4_no_dependency_support,HIF1A,regulatory_tf,HIF1A,0.1197193578013292,0.0915703950129086,2,0,0.1477665350196387,0.0059854824081436,0.0,6.2632785,-0.0088850640035336,False,0.0,0.0059854824081436,0.0,1.0,0.1822298719929327,0.5340510359917766,LC3_weak_or_neutral,scored,GSE70138,42,PLAU,HIF1A,PLAU,PLAU,0.8815972798421099,0.8158751301563165,0.6877235364986989,0.6639337225075225,0.9999993384497124,moderate,3,12100.0,2.0,D2_external_database_supported,C1_strong_same_cancer_prognosis,R1_strong_RCTD_SPOTlight_concordance,0.8952392398202462,0.8353754176461786,0.3122764635013011,0.6877235364986989,0.3590461002023735,0.29731498675306284,partly_anchored_underexplored,NB4_low_non_broad_signal,STAD|Quercetin|HIF1A|Fibroblast_CAF,HIF1A,regulatory_tf,0.1197193578013292,2,0
STAD_AXIS_039,STAD_CV039,STAD,Quercetin | PLAU/ETV4,CMPD024770,Quercetin,Fibroblast_CAF,21,0.7857710830761634,IS1_publication_core_axis,supplementary_top50_axis,regulatory_tf,ETV4,ETV4,True,tested,DP4_no_dependency_support,0.134536830430191,0.134536830430191,False,0.0,35,-0.053201420695731,-0.040298605042744,-0.1336164022090584,0.0365031997511123,0.0285714285714285,0.0,-0.039028672014328,-0.0379743199055264,0.0152271007902045,0.0288227839457435,0.0,0.0,4.8026223,0.975609756097561,1.076934121755848,0.0208333333333333,0.0,0.0288227839457435,0.0285714285714285,1.0,0.2304542015804092,scored,0.1245360952073135,DP4_no_dependency_support,ETV4,regulatory_tf,ETV4,0.134536830430191,0.094533889538681,2,0,-0.053201420695731,0.0288227839457435,0.0285714285714285,4.8026223,0.0152271007902045,False,0.0,0.0288227839457435,0.0285714285714285,1.0,0.2304542015804092,0.5340510359917766,LC3_weak_or_neutral,scored,GSE70138,42,PLAU,ETV4,PLAU,PLAU,0.8815972798421099,0.8158751301563165,0.6877235364986989,0.6496265375780288,0.9999991051876518,moderate,3,12100.0,2.0,D2_external_database_supported,C1_strong_same_cancer_prognosis,R1_strong_RCTD_SPOTlight_concordance,0.747678283926442,0.7633409177196001,0.3122764635013011,0.6877235364986989,0.3590006364989483,0.29727733966436315,partly_anchored_underexplored,NB4_low_non_broad_signal,STAD|Quercetin|ETV4|Fibroblast_CAF,ETV4,regulatory_tf,0.134536830430191,2,0
STAD_AXIS_057,STAD_CV057,STAD,Indirubin | AHR/EPAS1,CMPD025163,Indirubin,Fibroblast_CAF,43,0.7484634629199624,IS2_high_priority_validation_axis,supplementary_top50_axis,direct_drug_target,AHR,AHR,True,tested,DP4_no_dependency_support,0.1553666400350486,0.1553666400350486,False,0.0,35,0.0329865680794839,0.0403312021307677,-0.1021972871825389,0.2323693747485363,0.1142857142857142,0.0571428571428571,0.0375162188469869,0.0379942351972958,0.0050076671178118,0.0174604264459449,0.0857142857142857,0.0,4.912372,0.951219512195122,1.5057069384173012,0.0208333333333333,0.0,0.0174604264459449,0.2,1.0,0.2100153342356238,scored,0.1528539585389079,DP4_no_dependency_support,AHR,direct_drug_target,AHR,0.1553666400350486,0.1453159140504859,2,0,0.0329865680794839,0.0174604264459449,0.1142857142857142,4.912372,0.0050076671178118,False,0.0,0.0174604264459449,0.2,1.0,0.2100153342356238,0.558339962940892,LC3_weak_or_neutral,scored,GSE70138,42,AHR,EPAS1,AHR,AHR,0.8815972798421099,0.4863131860251095,0.7809597239476832,0.6804879576104681,0.9999980822431168,very_strong,1,0.2,1.0,D1_strong_binding_or_literature,C2_moderate_same_cancer_prognosis,R1_strong_RCTD_SPOTlight_concordance,0.8822239504634314,0.7428100514509154,0.2190402760523168,0.7809597239476832,0.3687371522624213,0.29674493610239244,well_anchored_existing_evidence,NB4_low_non_broad_signal,STAD|Indirubin|AHR|Fibroblast_CAF,AHR,direct_drug_target,0.1553666400350486,2,0
STAD_AXIS_050,STAD_CV050,STAD,Quercetin | PLAU/NFKB1,CMPD024770,Quercetin,Fibroblast_CAF,14,0.8082891741944616,IS1_publication_core_axis,supplementary_top50_axis,regulatory_tf,NFKB1,NFKB1,True,tested,DP4_no_dependency_support,0.1229068353567378,0.1229068353567378,False,0.0,35,0.0425802197902912,0.0430795251734951,-0.0217638305708146,0.1158458782172293,0.0,0.0,0.0396345525134781,0.0393679709931132,-0.003212248797178,0.0141971404646936,0.0,0.0,4.226655,1.0,0.9463577032139056,0.0,0.0,0.0141971404646936,0.0,1.0,0.193575502405644,scored,0.1152320991485509,DP4_no_dependency_support,NFKB1,regulatory_tf,NFKB1,0.1229068353567378,0.0922078905239904,2,0,0.0425802197902912,0.0141971404646936,0.0,4.226655,-0.003212248797178,False,0.0,0.0141971404646936,0.0,1.0,0.193575502405644,0.5340510359917766,LC3_weak_or_neutral,scored,GSE70138,42,PLAU,NFKB1,PLAU,PLAU,0.8815972798421099,0.8158751301563165,0.6877235364986989,0.6486733705721619,0.9999990969119392,moderate,3,12100.0,2.0,D2_external_database_supported,C1_strong_same_cancer_prognosis,R1_strong_RCTD_SPOTlight_concordance,0.8854516288099397,0.7951166035555758,0.3122764635013011,0.6877235364986989,0.35718892607132713,0.29577711821234076,partly_anchored_underexplored,NB4_low_non_broad_signal,STAD|Quercetin|NFKB1|Fibroblast_CAF,NFKB1,regulatory_tf,0.1229068353567378,2,0
STAD_AXIS_100,STAD_CV100,STAD,Quercetin | PLAU/CREB1,CMPD024770,Quercetin,Fibroblast_CAF,17,0.8019077494430396,IS1_publication_core_axis,supplementary_top50_axis,regulatory_tf,CREB1,CREB1,True,tested,DP4_no_dependency_support,0.1297528654308511,0.1297528654308511,False,0.0,35,-0.0623810645379588,-0.0806949643515229,-0.1520654849083906,0.0077168424956512,0.0571428571428571,0.0285714285714285,-0.0979112623756517,-0.0988282620883633,-0.0364471975504045,0.033883505478014,0.0,0.0,4.849239,1.0,1.0382093603232383,0.0208333333333333,0.0,0.033883505478014,0.0571428571428571,1.0,0.127105604899191,scored,0.1207089232078416,DP4_no_dependency_support,CREB1,regulatory_tf,CREB1,0.1297528654308511,0.093577096538813,2,0,-0.0623810645379588,0.033883505478014,0.0571428571428571,4.849239,-0.0364471975504045,False,0.0,0.033883505478014,0.0571428571428571,1.0,0.127105604899191,0.5340510359917766,LC3_weak_or_neutral,scored,GSE70138,42,PLAU,CREB1,PLAU,PLAU,0.8815972798421099,0.8158751301563165,0.6877235364986989,0.5621576597775237,0.999998793629421,moderate,3,12100.0,2.0,D2_external_database_supported,C1_strong_same_cancer_prognosis,R1_strong_RCTD_SPOTlight_concordance,0.8959813726765296,0.8098541253267094,0.3122764635013011,0.6877235364986989,0.3569867755523217,0.29560972361079424,partly_anchored_underexplored,NB4_low_non_broad_signal,STAD|Quercetin|CREB1|Fibroblast_CAF,CREB1,regulatory_tf,0.1297528654308511,2,0
STAD_AXIS_004,STAD_CV004,STAD,Kaempferol | CYP1B1/AHR,CMPD024768,Kaempferol,Fibroblast_CAF,42,0.750446947801712,IS2_high_priority_validation_axis,supplementary_top50_axis,regulatory_tf,AHR,AHR,True,tested,DP4_no_dependency_support,0.1553666400350486,0.1553666400350486,False,0.0,35,0.0329865680794839,0.0403312021307677,-0.1021972871825389,0.2323693747485363,0.1142857142857142,0.0571428571428571,0.0375162188469869,0.0379942351972958,0.0050076671178118,0.0174604264459449,0.0857142857142857,0.0,4.912372,0.951219512195122,1.5057069384173012,0.0208333333333333,0.0,0.0174604264459449,0.2,1.0,0.2100153342356238,scored,0.1377834860644461,DP4_no_dependency_support,AHR,regulatory_tf,AHR,0.1553666400350486,0.0850340241526387,2,0,0.0329865680794839,0.0174604264459449,0.1142857142857142,4.912372,0.0050076671178118,False,0.0,0.0174604264459449,0.2,1.0,0.2100153342356238,0.5002359255463202,LC3_weak_or_neutral,scored,GSE92742,6,CYP1B1,AHR,CYP1B1,CYP1B1,0.8815972798421099,0.462386342460207,0.7739235364986989,0.751946040474401,0.999999810538816,strong,2,43.0,2.0,D1_strong_binding_or_literature,C2_moderate_same_cancer_prognosis,R1_strong_RCTD_SPOTlight_concordance,0.788031813017308,0.7983003511548469,0.22607646350130106,0.7739235364986989,0.3654750313125346,0.29476259912869224,well_anchored_existing_evidence,NB4_low_non_broad_signal,STAD|Kaempferol|AHR|Fibroblast_CAF,AHR,regulatory_tf,0.1553666400350486,2,0
STAD_AXIS_017,STAD_CV017,STAD,Quercetin | PLAU/ETS1,CMPD024770,Quercetin,Fibroblast_CAF,1,0.831244882031456,IS1_publication_core_axis,main_text_flagship_axis,regulatory_tf,ETS1,ETS1,True,tested,DP4_no_dependency_support,0.1135874961685702,0.1135874961685702,False,0.0,35,0.0539863789511383,0.0735701246251571,-0.0049165953112672,0.1329698261290925,0.0,0.0,0.076670371986653,0.0778581794408014,0.023871800489663,0.0105487242825503,0.0,0.0,3.4470382,0.975609756097561,1.083913778516556,0.0,0.0,0.0105487242825503,0.0,0.86175955,0.2477436009793261,scored,0.1077766277980168,DP4_no_dependency_support,ETS1,regulatory_tf,ETS1,0.1135874961685702,0.0903440226863568,2,0,0.0539863789511383,0.0105487242825503,0.0,3.4470382,0.023871800489663,False,0.0,0.0105487242825503,0.0,0.86175955,0.2477436009793261,0.5340510359917766,LC3_weak_or_neutral,scored,GSE70138,42,PLAU,ETS1,PLAU,PLAU,0.8815972798421099,0.8158751301563165,0.6877235364986989,0.7867624467797294,0.9999995523440104,moderate,3,12100.0,2.0,D2_external_database_supported,C1_strong_same_cancer_prognosis,R1_strong_RCTD_SPOTlight_concordance,0.8452976521247821,0.8471185487289651,0.3122764635013011,0.6877235364986989,0.3518867897840102,0.2913865829046518,partly_anchored_underexplored,NB4_low_non_broad_signal,STAD|Quercetin|ETS1|Fibroblast_CAF,ETS1,regulatory_tf,0.1135874961685702,2,0
STAD_AXIS_051,STAD_CV051,STAD,Guggulsterone | PGR/FOS,CMPD025841,Guggulsterone,Fibroblast_CAF,37,0.755440714135613,IS2_high_priority_validation_axis,supplementary_top50_axis,regulatory_tf,FOS,FOS,True,tested,DP4_no_dependency_support,0.1398255716296403,0.1398255716296403,False,0.0,35,-0.1007358578864776,-0.0859280332372969,-0.1579310777901227,-0.0165453708225128,0.0,0.0,-0.0609656013866166,-0.0608461657257806,0.0398896921606969,0.0473905327900037,0.0,0.0,7.407514,1.0,1.2467325410658885,0.0,0.0,0.0473905327900037,0.0,1.0,0.279779384321394,scored,0.117870544263883,DP4_no_dependency_support,FOS,regulatory_tf,FOS,0.1398255716296403,0.052005462166611,2,0,-0.1007358578864776,0.0473905327900037,0.0,7.407514,0.0398896921606969,False,0.0,0.0473905327900037,0.0,1.0,0.279779384321394,0.4843441145609286,LC4_opposite_direction,scored,GSE92742,18,PGR,FOS,PGR,PGR,0.8815972798421099,0.4913546697241152,0.7299597239476832,0.770037127925562,0.9999984296269476,strong,2,224.0,1.0,D1_strong_binding_or_literature,C2_moderate_same_cancer_prognosis,R1_strong_RCTD_SPOTlight_concordance,0.9287479941945714,0.7313631955603866,0.27004027605231684,0.7299597239476832,0.3522732376171206,0.2879869187958331,partly_anchored_underexplored,NB4_low_non_broad_signal,STAD|Guggulsterone|FOS|Fibroblast_CAF,FOS,regulatory_tf,0.1398255716296403,2,0
STAD_AXIS_001,STAD_CV001,STAD,Quercetin | CYP1B1/AHR,CMPD024770,Quercetin,Fibroblast_CAF,28,0.7675518441280316,IS2_high_priority_validation_axis,supplementary_top50_axis,regulatory_tf,AHR,AHR,True,tested,DP4_no_dependency_support,0.1553666400350486,0.1553666400350486,False,0.0,35,0.0329865680794839,0.0403312021307677,-0.1021972871825389,0.2323693747485363,0.1142857142857142,0.0571428571428571,0.0375162188469869,0.0379942351972958,0.0050076671178118,0.0174604264459449,0.0857142857142857,0.0,4.912372,0.951219512195122,1.5057069384173012,0.0208333333333333,0.0,0.0174604264459449,0.2,1.0,0.2100153342356238,scored,0.1377834860644461,DP4_no_dependency_support,AHR,regulatory_tf,AHR,0.1553666400350486,0.0850340241526387,2,0,0.0329865680794839,0.0174604264459449,0.1142857142857142,4.912372,0.0050076671178118,False,0.0,0.0174604264459449,0.2,1.0,0.2100153342356238,0.5340510359917766,LC3_weak_or_neutral,scored,GSE70138,42,CYP1B1,AHR,CYP1B1,CYP1B1,0.8815972798421099,0.462386342460207,0.8852832604463821,0.7722928743332498,0.9822549672734424,strong,8,23.0,5.0,D1_strong_binding_or_literature,C2_moderate_same_cancer_prognosis,R1_strong_RCTD_SPOTlight_concordance,0.7894078680823533,0.7983003511548469,0.11471673955361794,0.8852832604463821,0.36723458958805966,0.28595793088325805,well_anchored_existing_evidence,NB4_low_non_broad_signal,STAD|Quercetin|AHR|Fibroblast_CAF,AHR,regulatory_tf,0.1553666400350486,2,0
STAD_AXIS_049,STAD_CV049,STAD,Quercetin | PLAU/NR3C1,CMPD024770,Quercetin,Fibroblast_CAF,12,0.8114054178277956,IS1_publication_core_axis,supplementary_top50_axis,regulatory_tf,NR3C1,NR3C1,True,tested,DP4_no_dependency_support,0.1115798471546069,0.1115798471546069,False,0.0,35,-0.0186308583509662,-0.0201412875324285,-0.1132689806183163,0.0587203865715465,0.0857142857142857,0.0,-0.0078242054707025,-0.007767448887602,0.0108634094633642,0.026066219619165,0.0,0.0,2.8013387,0.6829268292682927,1.0275084796583709,0.0208333333333333,0.0,0.026066219619165,0.0857142857142857,0.700334675,0.2217268189267284,scored,0.1061705085868462,DP4_no_dependency_support,NR3C1,regulatory_tf,NR3C1,0.1115798471546069,0.0899424928835642,2,0,-0.0186308583509662,0.026066219619165,0.0857142857142857,2.8013387,0.0108634094633642,False,0.0,0.026066219619165,0.0857142857142857,0.700334675,0.2217268189267284,0.5340510359917766,LC3_weak_or_neutral,scored,GSE70138,42,PLAU,NR3C1,PLAU,PLAU,0.8815972798421099,0.8158751301563165,0.6877235364986989,0.6098973398851286,0.9999990700786467,moderate,3,12100.0,2.0,D2_external_database_supported,C1_strong_same_cancer_prognosis,R1_strong_RCTD_SPOTlight_concordance,0.8844515260741609,0.8344634995523436,0.3122764635013011,0.6877235364986989,0.34050310762316693,0.2819601072823166,partly_anchored_underexplored,NB4_low_non_broad_signal,STAD|Quercetin|NR3C1|Fibroblast_CAF,NR3C1,regulatory_tf,0.1115798471546069,2,0
STAD_AXIS_041,STAD_CV041,STAD,Quercetin | PLAU/RUNX2,CMPD024770,Quercetin,Fibroblast_CAF,15,0.8067579978038836,IS1_publication_core_axis,supplementary_top50_axis,regulatory_tf,RUNX2,RUNX2,True,tested,DP4_no_dependency_support,0.1536655690188572,0.1536655690188572,False,0.0,35,-0.2104679988963021,-0.1934198332967457,-0.2593904675276068,-0.1330197267048229,0.1714285714285714,0.0285714285714285,-0.1984901313056804,-0.1980582753353608,0.0124097235609413,0.1082115922511629,0.0285714285714285,0.0,1.476786,0.5121951219512195,1.0183543826213368,0.0,0.0930276906096955,0.1082115922511629,0.2,0.3691965,0.2248194471218826,scored,0.1398390860782465,DP4_no_dependency_support,RUNX2,regulatory_tf,RUNX2,0.1536655690188572,0.0983596372564142,2,0,-0.2104679988963021,0.1082115922511629,0.1714285714285714,1.476786,0.0124097235609413,False,0.0930276906096955,0.1082115922511629,0.2,0.3691965,0.2248194471218826,0.5340510359917766,LC3_weak_or_neutral,scored,GSE70138,42,PLAU,RUNX2,PLAU,PLAU,0.8815972798421099,0.8158751301563165,0.6877235364986989,0.6230068894028404,0.9999991281317444,moderate,3,12100.0,2.0,D2_external_database_supported,C1_strong_same_cancer_prognosis,R1_strong_RCTD_SPOTlight_concordance,0.8400547778720087,0.8255590264073033,0.3122764635013011,0.6877235364986989,0.3380999566766445,0.27997013220271477,partly_anchored_underexplored,NB4_low_non_broad_signal,STAD|Quercetin|RUNX2|Fibroblast_CAF,RUNX2,regulatory_tf,0.1536655690188572,2,0
STAD_AXIS_032,STAD_CV032,STAD,Triptolide | PLAU/GTF3A,CMPD025693,Triptolide,Fibroblast_CAF,34,0.7626656743931722,IS2_high_priority_validation_axis,supplementary_top50_axis,direct_drug_target,PLAU,PLAU,True,tested,DP4_no_dependency_support,0.0845331543158035,0.0845331543158035,False,0.0,35,-0.0372062083979597,-0.036751945355692,-0.105231639521976,0.0071911046741682,0.0,0.0,-0.0138192875670517,-0.0123071244948429,0.0248990839031168,0.0271857001407206,0.0,0.0,2.1102765,0.6341463414634146,1.0714036380628067,0.0208333333333333,0.0,0.0271857001407206,0.0,0.527569125,0.2497981678062336,scored,0.6289512084541244,DP2_moderate_dependency,GTF3A,regulatory_tf,GTF3A,0.7650557219887046,0.2206376678503837,2,0,-1.096653385148971,0.9873773250204362,0.9714285714285714,6.3197083,-0.0089430463320221,True,1.0,0.9873773250204362,1.0,1.0,0.1821139073359557,0.5952671100469956,LC3_weak_or_neutral,scored,GSE92742,9,PLAU,GTF3A,PLAU,PLAU,0.8815972798421099,0.8158751301563165,0.33,0.7933204346250341,0.9999993513099884,,0,,0.0,D3_curated_tcm_source_supported,C1_strong_same_cancer_prognosis,R1_strong_RCTD_SPOTlight_concordance,0.7483388405547353,0.7991736594746827,0.6699999999999999,0.33,0.30347800395104674,0.2784410686250854,low_direct_drug_target_evidence,NB4_low_non_broad_signal,STAD|Triptolide|PLAU|Fibroblast_CAF,PLAU,direct_drug_target,0.0845331543158035,1,0
STAD_AXIS_045,STAD_CV045,STAD,Kaempferol | CYP1B1/CREB1,CMPD024768,Kaempferol,Fibroblast_CAF,44,0.7474551390518688,IS2_high_priority_validation_axis,supplementary_top50_axis,regulatory_tf,CREB1,CREB1,True,tested,DP4_no_dependency_support,0.1297528654308511,0.1297528654308511,False,0.0,35,-0.0623810645379588,-0.0806949643515229,-0.1520654849083906,0.0077168424956512,0.0571428571428571,0.0285714285714285,-0.0979112623756517,-0.0988282620883633,-0.0364471975504045,0.033883505478014,0.0,0.0,4.849239,1.0,1.0382093603232383,0.0208333333333333,0.0,0.033883505478014,0.0571428571428571,1.0,0.127105604899191,scored,0.1172924663810881,DP4_no_dependency_support,CREB1,regulatory_tf,CREB1,0.1297528654308511,0.0799112692317992,2,0,-0.0623810645379588,0.033883505478014,0.0571428571428571,4.849239,-0.0364471975504045,False,0.0,0.033883505478014,0.0571428571428571,1.0,0.127105604899191,0.5002359255463202,LC3_weak_or_neutral,scored,GSE92742,6,CYP1B1,CREB1,CYP1B1,CYP1B1,0.8815972798421099,0.462386342460207,0.7739235364986989,0.5958650025396562,0.999999144726637,strong,2,43.0,2.0,D1_strong_binding_or_literature,C2_moderate_same_cancer_prognosis,R1_strong_RCTD_SPOTlight_concordance,0.9056382813968048,0.8056868957203825,0.22607646350130106,0.7739235364986989,0.33768770312062457,0.2723515877628155,well_anchored_existing_evidence,NB4_low_non_broad_signal,STAD|Kaempferol|CREB1|Fibroblast_CAF,CREB1,regulatory_tf,0.1297528654308511,2,0
STAD_AXIS_026,STAD_CV026,STAD,Quercetin | CYP1B1/CREB1,CMPD024770,Quercetin,Fibroblast_CAF,33,0.7644971461414323,IS2_high_priority_validation_axis,supplementary_top50_axis,regulatory_tf,CREB1,CREB1,True,tested,DP4_no_dependency_support,0.1297528654308511,0.1297528654308511,False,0.0,35,-0.0623810645379588,-0.0806949643515229,-0.1520654849083906,0.0077168424956512,0.0571428571428571,0.0285714285714285,-0.0979112623756517,-0.0988282620883633,-0.0364471975504045,0.033883505478014,0.0,0.0,4.849239,1.0,1.0382093603232383,0.0208333333333333,0.0,0.033883505478014,0.0571428571428571,1.0,0.127105604899191,scored,0.1172924663810881,DP4_no_dependency_support,CREB1,regulatory_tf,CREB1,0.1297528654308511,0.0799112692317992,2,0,-0.0623810645379588,0.033883505478014,0.0571428571428571,4.849239,-0.0364471975504045,False,0.0,0.033883505478014,0.0571428571428571,1.0,0.127105604899191,0.5340510359917766,LC3_weak_or_neutral,scored,GSE70138,42,CYP1B1,CREB1,CYP1B1,CYP1B1,0.8815972798421099,0.462386342460207,0.8852832604463821,0.6089977334859417,0.999999418964812,strong,8,23.0,5.0,D1_strong_binding_or_literature,C2_moderate_same_cancer_prognosis,R1_strong_RCTD_SPOTlight_concordance,0.9043952970872372,0.8056868957203825,0.11471673955361794,0.8852832604463821,0.33931630942741897,0.26421854724428423,well_anchored_existing_evidence,NB4_low_non_broad_signal,STAD|Quercetin|CREB1|Fibroblast_CAF,CREB1,regulatory_tf,0.1297528654308511,2,0
STAD_AXIS_085,STAD_CV085,STAD,(-)-epigallocatechin-... | APP/MYC,CMPD024806,(-)-epigallocatechin-3-gallate,Fibroblast_CAF,6,0.8168519714642093,IS1_publication_core_axis,main_figure_candidate_panel,direct_drug_target,APP,APP,True,tested,DP4_no_dependency_support,0.1251716594835414,0.1251716594835414,False,0.0,35,0.0680693827886882,0.055282669397781,-0.0441051270475475,0.1502386717529599,0.0,0.0,0.0805466770718812,0.0813812897753401,0.0133119069866518,0.0100371123448441,0.0,0.0,8.4318905,1.0,0.8981404659133834,0.0,0.0,0.0100371123448441,0.0,1.0,0.2266238139733038,scored,0.6434422019014386,DP2_moderate_dependency,MYC,regulatory_tf,MYC,0.7730098375059129,0.2547392950880157,2,0,-2.0828099396997293,1.0,1.0,6.4878545,0.0150491875295646,True,1.0,1.0,1.0,1.0,0.2300983750591292,0.0,LC4_not_tested,not_tested_in_available_lincs_releases,,0,APP,MYC,APP,APP,0.8815972798421099,0.6840762923679519,0.805278161220686,0.8825879356116386,0.9999979122647168,strong,4,140.0,4.0,D1_strong_binding_or_literature,C2_moderate_same_cancer_prognosis,R1_strong_RCTD_SPOTlight_concordance,0.9636582208991404,0.757989510713169,0.19472183877931404,0.805278161220686,0.32973074667572955,0.2633495043304907,well_anchored_existing_evidence,NB4_low_non_broad_signal,STAD|(-)-epigallocatechin-3-gallate|APP|Fibroblast_CAF,APP,direct_drug_target,0.1251716594835414,1,0
STAD_AXIS_010,STAD_CV010,STAD,Quercetin | PLAU/MYC,CMPD024770,Quercetin,Fibroblast_CAF,2,0.8267994771279995,IS1_publication_core_axis,main_text_flagship_axis,direct_drug_target,PLAU,PLAU,True,tested,DP4_no_dependency_support,0.0845331543158035,0.0845331543158035,False,0.0,35,-0.0372062083979597,-0.036751945355692,-0.105231639521976,0.0071911046741682,0.0,0.0,-0.0138192875670517,-0.0123071244948429,0.0248990839031168,0.0271857001407206,0.0,0.0,2.1102765,0.6341463414634146,1.0714036380628067,0.0208333333333333,0.0,0.0271857001407206,0.0,0.527569125,0.2497981678062336,scored,0.6353145008678911,DP2_moderate_dependency,MYC,regulatory_tf,MYC,0.7730098375059129,0.2222284909538253,2,0,-2.0828099396997293,1.0,1.0,6.4878545,0.0150491875295646,True,1.0,1.0,1.0,1.0,0.2300983750591292,0.5340510359917766,LC3_weak_or_neutral,scored,GSE70138,42,PLAU,MYC,PLAU,PLAU,0.8815972798421099,0.8158751301563165,0.6877235364986989,0.8257085299724876,0.9999997346377114,moderate,3,12100.0,2.0,D2_external_database_supported,C1_strong_same_cancer_prognosis,R1_strong_RCTD_SPOTlight_concordance,0.9156480865802864,0.8125986023801656,0.3122764635013011,0.6877235364986989,0.31012515684011166,0.25680506443528783,partly_anchored_underexplored,NB4_low_non_broad_signal,STAD|Quercetin|PLAU|Fibroblast_CAF,PLAU,direct_drug_target,0.0845331543158035,1,0
STAD_AXIS_040,STAD_CV040,STAD,Quercetin | PLAU/REL,CMPD024770,Quercetin,Fibroblast_CAF,16,0.8044152302204229,IS1_publication_core_axis,supplementary_top50_axis,regulatory_tf,REL,REL,True,tested,DP4_no_dependency_support,0.093519997348116,0.093519997348116,False,0.0,35,-0.032837406014613,-0.0541815859429588,-0.1045302576677273,0.0490627988211019,0.0571428571428571,0.0,-0.0229167381430972,-0.0225151392645458,0.0103222667500672,0.0265746317066962,0.0,0.0,2.2496183,0.902439024390244,1.1102287822457029,0.0208333333333333,0.0,0.0265746317066962,0.0571428571428571,0.562404575,0.2206445335001344,scored,0.0917226287416535,DP4_no_dependency_support,REL,regulatory_tf,REL,0.093519997348116,0.086330522922266,2,0,-0.032837406014613,0.0265746317066962,0.0571428571428571,2.2496183,0.0103222667500672,False,0.0,0.0265746317066962,0.0571428571428571,0.562404575,0.2206445335001344,0.5340510359917766,LC3_weak_or_neutral,scored,GSE70138,42,PLAU,REL,PLAU,PLAU,0.8815972798421099,0.8158751301563165,0.6877235364986989,0.7244840908446862,0.9999992464672718,moderate,3,12100.0,2.0,D2_external_database_supported,C1_strong_same_cancer_prognosis,R1_strong_RCTD_SPOTlight_concordance,0.7968865819055004,0.7870429301074885,0.3122764635013011,0.6877235364986989,0.30915235285716924,0.25599951550121275,partly_anchored_underexplored,NB4_low_non_broad_signal,STAD|Quercetin|REL|Fibroblast_CAF,REL,regulatory_tf,0.093519997348116,2,0
STAD_AXIS_086,STAD_CV086,STAD,Stigmasterol | PLAU/GTF3A,CMPD024773,Stigmasterol,Fibroblast_CAF,45,0.7445435619563407,IS2_high_priority_validation_axis,supplementary_top50_axis,direct_drug_target,PLAU,PLAU,True,tested,DP4_no_dependency_support,0.0845331543158035,0.0845331543158035,False,0.0,35,-0.0372062083979597,-0.036751945355692,-0.105231639521976,0.0071911046741682,0.0,0.0,-0.0138192875670517,-0.0123071244948429,0.0248990839031168,0.0271857001407206,0.0,0.0,2.1102765,0.6341463414634146,1.0714036380628067,0.0208333333333333,0.0,0.0271857001407206,0.0,0.527569125,0.2497981678062336,scored,0.6289512084541244,DP2_moderate_dependency,GTF3A,regulatory_tf,GTF3A,0.7650557219887046,0.2206376678503837,2,0,-1.096653385148971,0.9873773250204362,0.9714285714285714,6.3197083,-0.0089430463320221,True,1.0,0.9873773250204362,1.0,1.0,0.1821139073359557,0.0,LC4_not_tested,not_tested_in_available_lincs_releases,,0,PLAU,GTF3A,PLAU,PLAU,0.8815972798421099,0.8158751301563165,0.285,0.6960151756929787,0.9999989042705868,,0,,0.0,D3_curated_tcm_source_supported,C1_strong_same_cancer_prognosis,R1_strong_RCTD_SPOTlight_concordance,0.7468842951285282,0.7991736594746827,0.7150000000000001,0.285,0.2736419211773866,0.2541449342934978,low_direct_drug_target_evidence,NB4_low_non_broad_signal,STAD|Stigmasterol|PLAU|Fibroblast_CAF,PLAU,direct_drug_target,0.0845331543158035,1,0
STAD_AXIS_022,STAD_CV022,STAD,Quercetin | PLAU/HOXD3,CMPD024770,Quercetin,Fibroblast_CAF,9,0.8149238429555395,IS1_publication_core_axis,main_figure_candidate_panel,direct_drug_target,PLAU,PLAU,True,tested,DP4_no_dependency_support,0.0845331543158035,0.0845331543158035,False,0.0,35,-0.0372062083979597,-0.036751945355692,-0.105231639521976,0.0071911046741682,0.0,0.0,-0.0138192875670517,-0.0123071244948429,0.0248990839031168,0.0271857001407206,0.0,0.0,2.1102765,0.6341463414634146,1.0714036380628067,0.0208333333333333,0.0,0.0271857001407206,0.0,0.527569125,0.2497981678062336,scored,0.0815010702092913,DP4_no_dependency_support,PLAU,direct_drug_target,PLAU,0.0845331543158035,0.0724048178897546,2,0,-0.0372062083979597,0.0271857001407206,0.0,2.1102765,0.0248990839031168,False,0.0,0.0271857001407206,0.0,0.527569125,0.2497981678062336,0.5340510359917766,LC3_weak_or_neutral,scored,GSE70138,42,PLAU,HOXD3,PLAU,PLAU,0.8815972798421099,0.8158751301563165,0.6877235364986989,0.7858327152626696,0.9999992032547018,moderate,3,12100.0,2.0,D2_external_database_supported,C1_strong_same_cancer_prognosis,R1_strong_RCTD_SPOTlight_concordance,0.6776798751382346,0.8623801854796856,0.3122764635013011,0.6877235364986989,0.303204904577961,0.25107461726293456,partly_anchored_underexplored,NB4_low_non_broad_signal,STAD|Quercetin|PLAU|Fibroblast_CAF,PLAU,direct_drug_target,0.0845331543158035,2,0
STAD_AXIS_033,STAD_CV033,STAD,(-)-epigallocatechin-... | PLAU/GTF3A,CMPD024806,(-)-epigallocatechin-3-gallate,Fibroblast_CAF,35,0.7623598978737824,IS2_high_priority_validation_axis,supplementary_top50_axis,direct_drug_target,PLAU,PLAU,True,tested,DP4_no_dependency_support,0.0845331543158035,0.0845331543158035,False,0.0,35,-0.0372062083979597,-0.036751945355692,-0.105231639521976,0.0071911046741682,0.0,0.0,-0.0138192875670517,-0.0123071244948429,0.0248990839031168,0.0271857001407206,0.0,0.0,2.1102765,0.6341463414634146,1.0714036380628067,0.0208333333333333,0.0,0.0271857001407206,0.0,0.527569125,0.2497981678062336,scored,0.6289512084541244,DP2_moderate_dependency,GTF3A,regulatory_tf,GTF3A,0.7650557219887046,0.2206376678503837,2,0,-1.096653385148971,0.9873773250204362,0.9714285714285714,6.3197083,-0.0089430463320221,True,1.0,0.9873773250204362,1.0,1.0,0.1821139073359557,0.0,LC4_not_tested,not_tested_in_available_lincs_releases,,0,PLAU,GTF3A,PLAU,PLAU,0.8815972798421099,0.8158751301563165,0.33,0.7933204346250341,0.9999993513099884,,0,,0.0,D3_curated_tcm_source_supported,C1_strong_same_cancer_prognosis,R1_strong_RCTD_SPOTlight_concordance,0.7452810753608372,0.7991736594746827,0.6699999999999999,0.33,0.273561760189002,0.25099291497340936,low_direct_drug_target_evidence,NB4_low_non_broad_signal,STAD|(-)-epigallocatechin-3-gallate|PLAU|Fibroblast_CAF,PLAU,direct_drug_target,0.0845331543158035,1,0
STAD_AXIS_005,STAD_CV005,STAD,Quercetin | PLAU/GTF3A,CMPD024770,Quercetin,Fibroblast_CAF,13,0.8091136413838345,IS1_publication_core_axis,supplementary_top50_axis,direct_drug_target,PLAU,PLAU,True,tested,DP4_no_dependency_support,0.0845331543158035,0.0845331543158035,False,0.0,35,-0.0372062083979597,-0.036751945355692,-0.105231639521976,0.0071911046741682,0.0,0.0,-0.0138192875670517,-0.0123071244948429,0.0248990839031168,0.0271857001407206,0.0,0.0,2.1102765,0.6341463414634146,1.0714036380628067,0.0208333333333333,0.0,0.0271857001407206,0.0,0.527569125,0.2497981678062336,scored,0.6289512084541244,DP2_moderate_dependency,GTF3A,regulatory_tf,GTF3A,0.7650557219887046,0.2206376678503837,2,0,-1.096653385148971,0.9873773250204362,0.9714285714285714,6.3197083,-0.0089430463320221,True,1.0,0.9873773250204362,1.0,1.0,0.1821139073359557,0.5340510359917766,LC3_weak_or_neutral,scored,GSE70138,42,PLAU,GTF3A,PLAU,PLAU,0.8815972798421099,0.8158751301563165,0.6877235364986989,0.8108526171492321,0.908577376854903,moderate,3,12100.0,2.0,D2_external_database_supported,C1_strong_same_cancer_prognosis,R1_strong_RCTD_SPOTlight_concordance,0.7458201250071924,0.7991736594746827,0.3122764635013011,0.6877235364986989,0.3002912644709086,0.24866192187550876,partly_anchored_underexplored,NB4_low_non_broad_signal,STAD|Quercetin|PLAU|Fibroblast_CAF,PLAU,direct_drug_target,0.0845331543158035,1,0
STAD_AXIS_042,STAD_CV042,STAD,Quercetin | PLAU/ATF4,CMPD024770,Quercetin,Fibroblast_CAF,32,0.7657956955663129,IS2_high_priority_validation_axis,supplementary_top50_axis,direct_drug_target,PLAU,PLAU,True,tested,DP4_no_dependency_support,0.0845331543158035,0.0845331543158035,False,0.0,35,-0.0372062083979597,-0.036751945355692,-0.105231639521976,0.0071911046741682,0.0,0.0,-0.0138192875670517,-0.0123071244948429,0.0248990839031168,0.0271857001407206,0.0,0.0,2.1102765,0.6341463414634146,1.0714036380628067,0.0208333333333333,0.0,0.0271857001407206,0.0,0.527569125,0.2497981678062336,scored,0.4818043928022081,DP3_weak_or_contextual_dependency,ATF4,regulatory_tf,ATF4,0.5811222024238093,0.1838509639374047,2,1,-0.6318224331226922,0.6946374312132423,0.8857142857142857,8.8477745,-0.0452163403519432,True,0.7412652817272186,0.6946374312132423,1.0,1.0,0.1095673192961135,0.5340510359917766,LC3_weak_or_neutral,scored,GSE70138,42,PLAU,ATF4,PLAU,PLAU,0.8815972798421099,0.8158751301563165,0.6877235364986989,0.4514726773686628,0.9999992549857472,moderate,3,12100.0,2.0,D2_external_database_supported,C1_strong_same_cancer_prognosis,R1_strong_RCTD_SPOTlight_concordance,0.7547800091180763,0.7788053887607217,0.3122764635013011,0.6877235364986989,0.2987024316050567,0.24734625844900912,partly_anchored_underexplored,NB4_low_non_broad_signal,STAD|Quercetin|PLAU|Fibroblast_CAF,PLAU,direct_drug_target,0.0845331543158035,1,0
STAD_AXIS_018,STAD_CV018,STAD,Kaempferol | CYP1B1/ESR1,CMPD024768,Kaempferol,Fibroblast_CAF,24,0.7704307133465835,IS2_high_priority_validation_axis,supplementary_top50_axis,direct_drug_target,CYP1B1,CYP1B1,True,tested,DP4_no_dependency_support,0.0674508701820362,0.0674508701820362,False,0.0,35,0.067240414058425,0.048048021460142,-0.0106739016522655,0.108254034549738,0.0285714285714285,0.0,0.0774329319101126,0.0776103712208991,0.0103699571624741,0.0118103878553084,0.0,0.0,1.5255427,0.5853658536585366,1.123591799382995,0.0,0.0,0.0118103878553084,0.0285714285714285,0.381385675,0.2207399143249482,scored,0.0657591806780031,DP4_no_dependency_support,CYP1B1,direct_drug_target,CYP1B1,0.0674508701820362,0.0606841121659038,2,0,0.067240414058425,0.0118103878553084,0.0285714285714285,1.5255427,0.0103699571624741,False,0.0,0.0118103878553084,0.0285714285714285,0.381385675,0.2207399143249482,0.5002359255463202,LC3_weak_or_neutral,scored,GSE92742,6,CYP1B1,ESR1,CYP1B1,CYP1B1,0.8815972798421099,0.462386342460207,0.7739235364986989,0.6451195012589919,0.9999985211328496,strong,2,43.0,2.0,D1_strong_binding_or_literature,C2_moderate_same_cancer_prognosis,R1_strong_RCTD_SPOTlight_concordance,0.9190572337109268,0.92617777888343,0.22607646350130106,0.7739235364986989,0.2810437115347117,0.22666712574929565,well_anchored_existing_evidence,NB4_low_non_broad_signal,STAD|Kaempferol|CYP1B1|Fibroblast_CAF,CYP1B1,direct_drug_target,0.0674508701820362,2,0
STAD_AXIS_013,STAD_CV013,STAD,Quercetin | CYP1B1/ESR1,CMPD024770,Quercetin,Fibroblast_CAF,20,0.7883330953808916,IS1_publication_core_axis,supplementary_top50_axis,direct_drug_target,CYP1B1,CYP1B1,True,tested,DP4_no_dependency_support,0.0674508701820362,0.0674508701820362,False,0.0,35,0.067240414058425,0.048048021460142,-0.0106739016522655,0.108254034549738,0.0285714285714285,0.0,0.0774329319101126,0.0776103712208991,0.0103699571624741,0.0118103878553084,0.0,0.0,1.5255427,0.5853658536585366,1.123591799382995,0.0,0.0,0.0118103878553084,0.0285714285714285,0.381385675,0.2207399143249482,scored,0.0657591806780031,DP4_no_dependency_support,CYP1B1,direct_drug_target,CYP1B1,0.0674508701820362,0.0606841121659038,2,0,0.067240414058425,0.0118103878553084,0.0285714285714285,1.5255427,0.0103699571624741,False,0.0,0.0118103878553084,0.0285714285714285,0.381385675,0.2207399143249482,0.5340510359917766,LC3_weak_or_neutral,scored,GSE70138,42,CYP1B1,ESR1,CYP1B1,CYP1B1,0.8815972798421099,0.462386342460207,0.8852832604463821,0.6595338789553375,0.999999000459742,strong,8,23.0,5.0,D1_strong_binding_or_literature,C2_moderate_same_cancer_prognosis,R1_strong_RCTD_SPOTlight_concordance,0.9248798996955024,0.92617777888343,0.11471673955361794,0.8852832604463821,0.28302560035621327,0.22038614378792748,well_anchored_existing_evidence,NB4_low_non_broad_signal,STAD|Quercetin|CYP1B1|Fibroblast_CAF,CYP1B1,direct_drug_target,0.0674508701820362,2,0
STAD_AXIS_034,STAD_CV034,STAD,Kaempferol | MMP1/HOPX,CMPD024768,Kaempferol,Fibroblast_CAF,29,0.7674709101076617,IS2_high_priority_validation_axis,supplementary_top50_axis,direct_drug_target,MMP1,MMP1,True,tested,DP4_no_dependency_support,0.0590525431179621,0.0590525431179621,False,0.0,35,0.1336249859826603,0.1356304184952632,0.0927973937415964,0.1839895333908473,0.0,0.0,0.1272679287756124,0.1272215517125182,-0.006403434270142,0.0051436098879621,0.0,0.0,1.5618931,0.6341463414634146,1.1260633556614033,0.0,0.0,0.0051436098879621,0.0,0.390473275,0.1871931314597158,scored,0.0557088277978327,DP4_no_dependency_support,MMP1,direct_drug_target,MMP1,0.0590525431179621,0.0456776818374447,2,0,0.1336249859826603,0.0051436098879621,0.0,1.5618931,-0.006403434270142,False,0.0,0.0051436098879621,0.0,0.390473275,0.1871931314597158,0.5002359255463202,LC3_weak_or_neutral,scored,GSE92742,6,MMP1,HOPX,MMP1,MMP1,0.8815972798421099,0.8182438385359458,0.6773597239476832,0.8356743547390865,0.6714952312459759,moderate,4,1350.0,1.0,D2_external_database_supported,C1_strong_same_cancer_prognosis,R1_strong_RCTD_SPOTlight_concordance,0.6494323808980752,0.7252714366832248,0.3226402760523168,0.6773597239476832,0.2557648110716856,0.21245361561592352,partly_anchored_underexplored,NB4_low_non_broad_signal,STAD|Kaempferol|MMP1|Fibroblast_CAF,MMP1,direct_drug_target,0.0590525431179621,2,0
STAD_AXIS_028,STAD_CV028,STAD,Quercetin | MMP1/HOPX,CMPD024770,Quercetin,Fibroblast_CAF,23,0.771803090168974,IS2_high_priority_validation_axis,supplementary_top50_axis,direct_drug_target,MMP1,MMP1,True,tested,DP4_no_dependency_support,0.0590525431179621,0.0590525431179621,False,0.0,35,0.1336249859826603,0.1356304184952632,0.0927973937415964,0.1839895333908473,0.0,0.0,0.1272679287756124,0.1272215517125182,-0.006403434270142,0.0051436098879621,0.0,0.0,1.5618931,0.6341463414634146,1.1260633556614033,0.0,0.0,0.0051436098879621,0.0,0.390473275,0.1871931314597158,scored,0.0557088277978327,DP4_no_dependency_support,MMP1,direct_drug_target,MMP1,0.0590525431179621,0.0456776818374447,2,0,0.1336249859826603,0.0051436098879621,0.0,1.5618931,-0.006403434270142,False,0.0,0.0051436098879621,0.0,0.390473275,0.1871931314597158,0.5340510359917766,LC3_weak_or_neutral,scored,GSE70138,42,MMP1,HOPX,MMP1,MMP1,0.8815972798421099,0.8182438385359458,0.7087235364986989,0.8356743547390865,0.6714952312459759,moderate,3,1490.0,2.0,D2_external_database_supported,C1_strong_same_cancer_prognosis,R1_strong_RCTD_SPOTlight_concordance,0.6488448439397768,0.7252714366832248,0.2912764635013011,0.7087235364986989,0.2574261897460435,0.21181518984999323,partly_anchored_underexplored,NB4_low_non_broad_signal,STAD|Quercetin|MMP1|Fibroblast_CAF,MMP1,direct_drug_target,0.0590525431179621,2,0
STAD_AXIS_035,STAD_CV035,STAD,Luteolin | MMP1/HOPX,CMPD024820,Luteolin,Fibroblast_CAF,30,0.7673778471681771,IS2_high_priority_validation_axis,supplementary_top50_axis,direct_drug_target,MMP1,MMP1,True,tested,DP4_no_dependency_support,0.0590525431179621,0.0590525431179621,False,0.0,35,0.1336249859826603,0.1356304184952632,0.0927973937415964,0.1839895333908473,0.0,0.0,0.1272679287756124,0.1272215517125182,-0.006403434270142,0.0051436098879621,0.0,0.0,1.5618931,0.6341463414634146,1.1260633556614033,0.0,0.0,0.0051436098879621,0.0,0.390473275,0.1871931314597158,scored,0.0557088277978327,DP4_no_dependency_support,MMP1,direct_drug_target,MMP1,0.0590525431179621,0.0456776818374447,2,0,0.1336249859826603,0.0051436098879621,0.0,1.5618931,-0.006403434270142,False,0.0,0.0051436098879621,0.0,0.390473275,0.1871931314597158,0.4702875167834552,LC4_opposite_direction,scored,GSE92742,12,MMP1,HOPX,MMP1,MMP1,0.8815972798421099,0.8182438385359458,0.6773597239476832,0.8356743547390865,0.6714952312459759,moderate,2,3030.0,1.0,D2_external_database_supported,C1_strong_same_cancer_prognosis,R1_strong_RCTD_SPOTlight_concordance,0.6485017515032303,0.7252714366832248,0.3226402760523168,0.6773597239476832,0.2542208591638001,0.21117111641756647,partly_anchored_underexplored,NB4_low_non_broad_signal,STAD|Luteolin|MMP1|Fibroblast_CAF,MMP1,direct_drug_target,0.0590525431179621,2,0
STAD_AXIS_079,STAD_CV079,STAD,Quercetin | CYP1B1/AR,CMPD024770,Quercetin,Fibroblast_CAF,47,0.7408042782897484,IS2_high_priority_validation_axis,supplementary_top50_axis,direct_drug_target,CYP1B1,CYP1B1,True,tested,DP4_no_dependency_support,0.0674508701820362,0.0674508701820362,False,0.0,35,0.067240414058425,0.048048021460142,-0.0106739016522655,0.108254034549738,0.0285714285714285,0.0,0.0774329319101126,0.0776103712208991,0.0103699571624741,0.0118103878553084,0.0,0.0,1.5255427,0.5853658536585366,1.123591799382995,0.0,0.0,0.0118103878553084,0.0285714285714285,0.381385675,0.2207399143249482,scored,0.0652700654915627,DP4_no_dependency_support,CYP1B1,direct_drug_target,CYP1B1,0.0674508701820362,0.0587276514201421,2,0,0.067240414058425,0.0118103878553084,0.0285714285714285,1.5255427,0.0103699571624741,False,0.0,0.0118103878553084,0.0285714285714285,0.381385675,0.2207399143249482,0.5340510359917766,LC3_weak_or_neutral,scored,GSE70138,42,CYP1B1,AR,CYP1B1,CYP1B1,0.8815972798421099,0.462386342460207,0.8852832604463821,0.4092712216238151,0.9999978781856956,strong,8,23.0,5.0,D1_strong_binding_or_literature,C2_moderate_same_cancer_prognosis,R1_strong_RCTD_SPOTlight_concordance,0.8974366947458187,0.8105382269836826,0.11471673955361794,0.8852832604463821,0.2700894849187543,0.2103130599634646,well_anchored_existing_evidence,NB4_low_non_broad_signal,STAD|Quercetin|CYP1B1|Fibroblast_CAF,CYP1B1,direct_drug_target,0.0674508701820362,2,0
STAD_AXIS_036,STAD_CV036,STAD,(-)-epigallocatechin-... | MMP1/HOPX,CMPD024806,(-)-epigallocatechin-3-gallate,Fibroblast_CAF,31,0.7662527349149594,IS2_high_priority_validation_axis,supplementary_top50_axis,direct_drug_target,MMP1,MMP1,True,tested,DP4_no_dependency_support,0.0590525431179621,0.0590525431179621,False,0.0,35,0.1336249859826603,0.1356304184952632,0.0927973937415964,0.1839895333908473,0.0,0.0,0.1272679287756124,0.1272215517125182,-0.006403434270142,0.0051436098879621,0.0,0.0,1.5618931,0.6341463414634146,1.1260633556614033,0.0,0.0,0.0051436098879621,0.0,0.390473275,0.1871931314597158,scored,0.0557088277978327,DP4_no_dependency_support,MMP1,direct_drug_target,MMP1,0.0590525431179621,0.0456776818374447,2,0,0.1336249859826603,0.0051436098879621,0.0,1.5618931,-0.006403434270142,False,0.0,0.0051436098879621,0.0,0.390473275,0.1871931314597158,0.0,LC4_not_tested,not_tested_in_available_lincs_releases,,0,MMP1,HOPX,MMP1,MMP1,0.8815972798421099,0.8182438385359458,0.6689597239476832,0.8356743547390865,0.6714952312459759,moderate,1,7900.0,1.0,D2_external_database_supported,C1_strong_same_cancer_prognosis,R1_strong_RCTD_SPOTlight_concordance,0.6490106289710524,0.7252714366832248,0.3310402760523168,0.6689597239476832,0.2307319271980184,0.19214433561694258,partly_anchored_underexplored,NB4_low_non_broad_signal,STAD|(-)-epigallocatechin-3-gallate|MMP1|Fibroblast_CAF,MMP1,direct_drug_target,0.0590525431179621,2,0
STAD_AXIS_038,STAD_CV038,STAD,Quercetin | ALOX5/RORA,CMPD024770,Quercetin,Fibroblast_CAF,50,0.7372148171989216,IS2_high_priority_validation_axis,supplementary_top50_axis,direct_drug_target,ALOX5,ALOX5,True,tested,DP4_no_dependency_support,0.0726096492657702,0.0726096492657702,False,0.0,35,-0.1150713581022488,-0.1445253629814452,-0.192091442193162,-0.0458105429537113,0.1142857142857142,0.0571428571428571,-0.0938193888324016,-0.0935551570773094,0.0215162010249394,0.0495600273859866,0.0571428571428571,0.0,0.40808466,0.3414634146341463,0.9747109790703846,0.0,0.0,0.0495600273859866,0.1714285714285714,0.102021165,0.2430324020498788,scored,0.0706990239421348,DP4_no_dependency_support,ALOX5,direct_drug_target,ALOX5,0.0726096492657702,0.0649671479712285,2,0,-0.1150713581022488,0.0495600273859866,0.1142857142857142,0.40808466,0.0215162010249394,False,0.0,0.0495600273859866,0.1714285714285714,0.102021165,0.2430324020498788,0.5340510359917766,LC3_weak_or_neutral,scored,GSE70138,42,ALOX5,RORA,ALOX5,ALOX5,0.8815972798421099,0.3655427071283723,0.8526791718430495,0.8060104282604115,0.9999983752039152,strong,7,790.0,7.0,D1_strong_binding_or_literature,C3_weak_or_cross_cancer_prognosis,R1_strong_RCTD_SPOTlight_concordance,0.744230589421189,0.7633167984586083,0.14732082815695047,0.8526791718430495,0.24410562520299778,0.1920696796179173,well_anchored_existing_evidence,NB4_low_non_broad_signal,STAD|Quercetin|ALOX5|Fibroblast_CAF,ALOX5,direct_drug_target,0.0726096492657702,2,0
